matrix_index,pt_root_id,brain_area,layer,cell_type,valid_function,x_um,y_um,z_um,mean_dist_um,out_degree,in_degree,out_strength,in_strength,mean_fcorr_signed,mean_fcorr_pos_clipped,mean_fcorr_abs,mean_fcorr_pairdist_resid,mean_fcorr_same_area,mean_dist_same_area,total_degree,total_strength
0,864691135763941174,V1,L2/3,23P,True,613.3947827500391,104.2640549208051,927.8800000000002,333.2837532439971,9.0,15.0,124132.0,70316.0,0.059659869837672866,0.08674664646233883,0.11383342308700482,0.03754335232812823,0.07801575971963937,254.65042291961709,24.0,194448.0
1,864691136488446226,V1,L2/3,23P,True,547.7387496039802,131.41306476506318,711.8800000000001,379.40388759947973,1.0,4.0,5820.0,58724.0,0.04879488269823607,0.07951236812796843,0.11022985355770079,0.030892200279160342,0.05966856555299333,296.86417016061586,5.0,64544.0
2,864691135694415551,V1,L4,4P,True,620.0538654218548,292.5047448737744,810.6400000000002,261.0834309452593,32.0,12.0,220852.0,118588.0,0.040606059618205625,0.07370018384136573,0.10679430806452583,0.010216185174705718,0.059468383420146397,172.71195559037045,44.0,339440.0
3,864691135398817569,V1,L2/3,23P,True,705.8391362714156,101.36608355883405,901.6800000000003,300.7799234265052,6.0,12.0,51736.0,54672.0,0.04440436974816444,0.08510701963932099,0.12580966953047754,0.02004759339979015,0.07514110346453372,235.7317374123143,18.0,106408.0
4,864691134942472035,V1,L2/3,23P,True,669.2078129037207,164.65428407307976,834.5600000000003,266.67856666815436,25.0,34.0,208056.0,411868.0,0.009541042731149847,0.05360142576153823,0.09766180879192664,-0.019477847375981714,-0.005869196482976468,189.31801921437784,59.0,619924.0
5,864691136228491601,V1,L2/3,23P,True,713.183066043155,242.1257823632423,859.2400000000002,232.23348316860591,20.0,12.0,179636.0,100204.0,0.020186178872300797,0.053445996950447425,0.08670581502859406,-0.012259782032703214,0.022888785488691672,158.92438710691252,32.0,279840.0
6,864691135468161164,RL,L2/3,23P,True,1224.6317864591958,213.50456308811746,865.9200000000003,469.17846402766526,1.0,5.0,1160.0,60904.0,0.014935470236122466,0.06271404708379898,0.11049262393147548,0.0041462356755594225,0.062337820060708676,150.62581957874067,6.0,62064.0
7,864691135849088094,V1,L5,5P-IT,True,840.5662496521345,409.7056503356246,868.2000000000003,278.40098884208646,6.0,17.0,61652.0,94544.0,0.03719948929479871,0.07712824580803021,0.11705700232126176,0.012551812497043797,0.05764697844249573,240.60577304390225,23.0,156196.0
8,864691135616363211,AL,L2/3,23P,True,1309.026207676307,220.37416245262423,711.2800000000001,555.4836024955191,7.0,8.0,89832.0,78868.0,0.04227258220727847,0.07371607682044257,0.10515957143360666,0.03487923194410363,0.14984125631156195,108.25811881712886,15.0,168700.0
9,864691135518989962,V1,L2/3,23P,True,810.2375951457562,149.81738059681405,935.2800000000002,287.5848843051614,15.0,15.0,98804.0,143540.0,0.016642736629403618,0.05324577353121768,0.08984881043303174,-0.007446254204414264,0.00938760497981495,244.5667372746823,30.0,242344.0
10,864691135877951571,V1,L4,4P,True,754.7184641953937,357.0310801886039,803.7200000000003,248.03014881177336,13.0,5.0,90732.0,76012.0,-0.0008960698054767783,0.05628678853633014,0.11346964687813704,-0.030291196573063908,0.020444337423563885,186.37170577954254,18.0,166744.0
11,864691136239108156,V1,L2/3,23P,True,627.7108541846394,207.9222334243821,719.4800000000001,306.5047989356453,3.0,4.0,9984.0,43460.0,-0.0006428452322969621,0.048590562907735224,0.09782397104776741,-0.024997749436747603,0.0026356956776392,227.72990364607008,7.0,53444.0
12,864691136210344892,RL,L5,5P-IT,True,1256.5432543693262,478.7993575636608,771.5600000000002,540.4647984812104,6.0,5.0,116148.0,23596.0,0.03241875057091464,0.08777967630604831,0.14314060204118195,0.026261362420600832,0.11172072369204109,271.4191156846012,11.0,139744.0
13,864691136006519498,V1,L4,4P,True,654.261634304255,298.77400480524085,887.8800000000002,244.36656823564198,20.0,10.0,214972.0,65400.0,0.004252737355124687,0.046710829907634185,0.0891689224601437,-0.027749001405964993,0.015822021954969855,159.72558397911007,30.0,280372.0
14,864691135954393891,V1,L5,4P,True,650.790809120527,361.9438829161253,897.8800000000002,260.35257272490406,22.0,32.0,218628.0,274816.0,0.04427477981684482,0.07784339200210794,0.11141200418737104,0.014277927493714999,0.06332024593991695,177.05400728502934,54.0,493444.0
15,864691136120663064,V1,L2/3,23P,True,883.3849835105266,120.75400062452816,711.8400000000001,340.4861442796458,1.0,3.0,1676.0,54360.0,0.005415148964808685,0.05393824077453146,0.10246133258425423,-0.012320612027388314,0.013785220036091719,321.5045848486969,4.0,56036.0
16,864691135294520844,V1,L4,4P,True,670.1099413292117,304.14370912137485,822.5200000000002,239.4449269833154,15.0,19.0,124000.0,133272.0,-0.020533535186203964,0.0411011178059867,0.10273577079817738,-0.05280049596395282,-0.0107842762526208,157.6346376902513,34.0,257272.0
17,864691135398805281,V1,L2/3,23P,True,642.8053260859771,149.94518315429912,865.1200000000002,282.4160210071656,20.0,27.0,262364.0,287608.0,0.055168940968692105,0.08830563516547403,0.12144232936225596,0.027567714637399536,0.05235147022741423,201.97107083866214,47.0,549972.0
18,864691136275364365,AL,L4,4P,True,1326.7008516081369,342.18614052491,773.4800000000001,559.1909775814847,1.0,1.0,2792.0,1628.0,0.019940293244443148,0.06678946620907963,0.11363863917371611,0.012765307032342818,0.13483496075385734,137.29325856241246,2.0,4420.0
19,864691135518173395,V1,L4,4P,True,658.6851073782489,331.9256880500424,836.9600000000003,245.11000542255553,34.0,12.0,354344.0,48100.0,-0.025136950217712815,0.04541350946464189,0.11596396914699662,-0.05692285317640668,-0.004669536756021142,161.50529060496223,46.0,402444.0
20,864691136905758130,V1,L4,4P,True,708.944706691632,299.3822632017234,904.3200000000003,236.91483300223126,18.0,24.0,173536.0,192908.0,0.018784416996624934,0.05855864561417194,0.09833287423171894,-0.013031635308632016,0.03537338590134504,162.94689670287482,42.0,366444.0
21,864691135462420637,RL,L4,4P,True,1240.8617946211175,356.9690271029529,753.1600000000001,495.2025649837841,3.0,2.0,54496.0,6620.0,0.01627345726373387,0.05878076467946649,0.10128807209519912,0.007317889014745711,0.04982012657144351,204.80695711998638,5.0,61116.0
22,864691135566945559,V1,L2/3,23P,True,495.3257078904964,157.72910767315636,684.4800000000001,414.9791769341245,1.0,3.0,1868.0,5444.0,0.02613759669355182,0.06414183930178738,0.10214608191002295,0.010853828762856862,0.03363319360293472,328.7937571810864,4.0,7312.0
23,864691135274816017,V1,L4,4P,True,655.3203208728353,257.30045604522394,903.8800000000002,249.03264915921508,17.0,14.0,102700.0,60484.0,0.02748627843798746,0.060728836310398444,0.09397139418280942,-0.003875443346214646,0.034015362594672825,165.56067531614235,31.0,163184.0
24,864691135496333968,RL,L2/3,23P,True,1258.2489554710105,214.77532806681418,885.0800000000003,496.9815383189347,9.0,2.0,38920.0,25336.0,0.009564102040838662,0.0538169525399883,0.09806980303913793,-1.8734549814694746e-05,0.11046511596353892,162.5465081677232,11.0,64256.0
25,864691135867644805,V1,L5,5P-IT,True,695.1709415417387,370.90195448737984,864.8000000000003,247.74661271510863,6.0,15.0,83512.0,139252.0,0.037115952851388426,0.06655947645266581,0.09600300005394317,0.0063816150366601265,0.044620522493994404,171.8995739200392,21.0,222764.0
26,864691136904488114,V1,L5,5P-IT,True,851.5002802818195,392.6738025735906,869.1200000000002,274.5392033294603,16.0,26.0,142852.0,209680.0,0.00661168555005239,0.06356753155727905,0.12052337756450572,-0.018364895213330085,0.03089897289939593,239.4288901089164,42.0,352532.0
27,864691134966710559,V1,L4,4P,True,678.0088929311798,333.55205575272714,868.6000000000003,239.8495097558825,30.0,13.0,299784.0,152568.0,0.043355789162021895,0.08189562638183805,0.12043546360165419,0.01124106279056705,0.07100248497705348,159.33136037095514,43.0,452352.0
28,864691135209194617,V1,L2/3,23P,True,936.6887950744881,145.2047764967513,958.8800000000002,335.2779267284934,8.0,8.0,73756.0,101280.0,0.008901875592388944,0.053246026704477575,0.0975901778165662,-0.00932445553983738,0.007423109909941565,328.53631769993393,16.0,175036.0
29,864691135431089968,V1,L6,6P-IT,True,665.1715621658385,547.8406414189292,935.0800000000003,369.48103725239133,2.0,9.0,17316.0,32564.0,0.05586806197874259,0.09016731200913188,0.12446656203952118,0.037930430121841344,0.08356630557241282,301.6100302259949,11.0,49880.0
30,864691136389688695,V1,L1,23P,True,716.6844684649875,63.31853412906028,904.1200000000002,326.75803375825257,28.0,16.0,458780.0,177948.0,0.017829668752972913,0.05937311918570806,0.1009165696184432,-0.0034691805227545923,0.01922181063594299,267.35992493724,44.0,636728.0
31,864691135594817067,V1,L6,6P-CT,True,518.3268206499677,529.2756334432489,773.6000000000001,423.07857844889725,1.0,2.0,8088.0,7968.0,0.043100213957930046,0.0722396037519488,0.10137899354596755,0.02833915848160346,0.05346893689866447,338.54843629069836,3.0,16056.0
32,864691135585415544,RL,L5,5P-IT,True,1301.661325638651,413.23416120967977,933.2800000000002,556.303220168653,0.0,6.0,0.0,77316.0,0.02068966157287039,0.07919838598314279,0.13770711039341518,0.014513696049088956,0.08368452107839373,237.44475917269406,6.0,77316.0
33,864691135725842603,V1,L4,4P,True,679.6022840512328,287.43544129829706,834.2400000000002,234.19970879875424,38.0,17.0,391428.0,126328.0,0.03133965647192512,0.07071179669241844,0.11008393691291175,-0.0014732606109572946,0.0499369280708319,153.60315391649266,55.0,517756.0
34,864691136380264405,V1,L6,6P-CT,True,774.2328549688875,512.1541615683244,933.4400000000003,335.7021259652662,2.0,6.0,39572.0,74652.0,0.04684055260861859,0.07406509331648031,0.10128963402434202,0.02736937175261806,0.04243416508952088,286.30689524066315,8.0,114224.0
35,864691134949081852,V1,L4,4P,True,663.2192724748032,286.7088026765761,901.4800000000002,244.19407632722474,31.0,9.0,206092.0,19504.0,0.03649532497807183,0.06529641776241682,0.09409751054676184,0.004670808140553035,0.0442905519439287,161.44473465816753,40.0,225596.0
36,864691135122469671,AL,L2/3,23P,True,1324.0177617004615,152.55870418578917,733.3200000000002,575.111919602481,1.0,1.0,2608.0,18168.0,0.002678962125959534,0.05241558714375092,0.1021522121615423,-0.004115086385251456,0.09524401073874697,128.02361622049324,2.0,20776.0
37,864691135610877191,V1,L2/3,23P,True,1004.1720897507097,175.0077424505321,803.2000000000003,341.45122761548106,1.0,3.0,3952.0,17632.0,0.03196370133341079,0.05985929359576656,0.08775488585812233,0.014176679353593586,0.028996462332475752,356.03168239107225,4.0,21584.0
38,864691136927761226,V1,L5,5P-IT,True,675.7937751312326,370.6200504264663,905.1600000000002,257.85964610310856,17.0,17.0,137876.0,129808.0,0.010771444402119102,0.0671143594497026,0.1234572744972861,-0.019039128773715015,0.0402740878486053,179.2647639973821,34.0,267684.0
39,864691135562410721,V1,L6,6P-IT,True,699.8695275031789,560.2560125953669,896.4000000000002,364.88510298365026,9.0,12.0,70248.0,87684.0,-0.019652816122486046,0.039805077906573054,0.09926297193563215,-0.03754276300553366,-0.011940588044795095,302.9335384613032,21.0,157932.0
40,864691135101595680,V1,L4,4P,True,715.394224888125,349.0292977056404,760.3200000000002,260.5202043821703,39.0,8.0,352508.0,40968.0,-0.04317969686793521,0.03902574049136777,0.12123117785067075,-0.07160004391797069,-0.051139854881700954,191.95857557972693,47.0,393476.0
41,864691135772053835,RL,L2/3,23P,True,1176.1375701094435,115.72192116930144,874.1200000000002,462.5467456873886,1.0,2.0,16148.0,9908.0,-0.0012663337992323085,0.05325442803613142,0.10777518987149513,-0.011383544616713473,0.06228353946625577,202.84981630278367,3.0,26056.0
42,864691136373008520,V1,L2/3,23P,True,663.1217877470914,193.09608165679225,914.4800000000002,265.2885529148708,16.0,28.0,117100.0,241372.0,0.054692405146152624,0.07531917207350282,0.09594593900085302,0.02548682905125784,0.06605634850740806,186.1409915792171,44.0,358472.0
43,864691135731889337,V1,L4,4P,True,840.9989895972805,267.4420100049348,781.2800000000001,259.8716238373104,22.0,13.0,181280.0,125716.0,0.02043902442115691,0.06057795502230783,0.10071688562345876,-0.006295919425851567,0.027780863733218097,222.17136190083193,35.0,306996.0
44,864691134886569210,V1,L4,4P,True,852.2879874370495,349.89165679480095,804.5600000000003,265.35452301162496,4.0,8.0,18204.0,68048.0,0.0066521165238068326,0.08043052709908126,0.15420893767435567,-0.019322749973553304,0.041885087029381596,230.35967799896838,12.0,86252.0
45,864691135294480310,V1,L5,5P-IT,True,651.58932580631,429.9201484439,904.0000000000002,290.6677763705114,14.0,4.0,74800.0,29248.0,0.04047507589237469,0.08156531262870499,0.12265554936503532,0.014137286504234894,0.02553076645348484,211.41253138098418,18.0,104048.0
46,864691137021162094,V1,L6,6P-CT,True,699.525312001771,566.3933667230501,873.8400000000003,367.7710311396562,0.0,9.0,0.0,66588.0,0.006499512248501982,0.049042913755985476,0.09158631526346897,-0.011102779144786901,0.01097058727368098,306.1249252064931,9.0,66588.0
47,864691135724393131,AL,L5,5P-IT,True,1342.4591021729846,418.3453714239645,772.4000000000001,589.1393534784788,2.0,10.0,22164.0,169952.0,0.04697625194117366,0.07951821906129682,0.11206018618142,0.0412658239119611,0.08858771816845719,195.47523254495917,12.0,192116.0
48,864691135569902316,V1,L4,4P,True,949.8394182253581,293.0254310438876,965.7600000000002,314.1230774817821,11.0,4.0,52980.0,19744.0,0.030155081161471815,0.06348061611567188,0.09680615106987193,0.009887219030880122,0.03693606046443872,309.6561471270901,15.0,72724.0
49,864691135938629892,V1,L2/3,23P,True,1046.769671378233,205.07478047369798,774.7200000000001,361.4671796236249,8.0,4.0,55908.0,7896.0,0.02555496217231204,0.054046528792695774,0.08253809541307949,0.009321522717102283,0.029245891112694156,389.4996717492113,12.0,63804.0
50,864691135774368763,V1,L2/3,23P,True,699.0172241531936,174.20067234089046,809.9200000000003,260.6254364317681,20.0,32.0,141600.0,217992.0,0.043534273098472326,0.06817078095463279,0.09280728881079324,0.014443185496107454,0.03471588032512349,188.9284773018347,52.0,359592.0
51,864691135774053371,V1,L2/3,23P,True,654.0418676914608,174.24899562782335,896.0000000000002,270.7026405537971,12.0,22.0,47108.0,174952.0,0.03270478766795013,0.061362253175544564,0.09001971868313902,0.0039211988857756975,0.03809289280323683,190.57508577212215,34.0,222060.0
52,864691136524172689,V1,L2/3,23P,True,637.7503867696342,162.9300274162874,871.2000000000003,278.41237619048496,17.0,25.0,157068.0,218144.0,0.06549722200788935,0.09412121099527614,0.12274519998266295,0.037341003643292243,0.06331465903400241,196.32444070194433,42.0,375212.0
53,864691135342541509,V1,L4,4P,True,658.3886077706924,258.2113410612592,818.2000000000003,244.1955267029893,20.0,3.0,124228.0,28080.0,-0.0009611594484636572,0.06009476813902623,0.12115069572651613,-0.032864193124914,0.025256417666906544,160.9501385194342,23.0,152308.0
54,864691135988742147,V1,L4,4P,True,895.7646912306514,316.305094195401,871.4000000000002,270.9559781564523,17.0,8.0,160256.0,26084.0,0.03275459782088841,0.07126801141721978,0.10978142501355115,0.0076710230865012375,0.05670255509622784,248.5872317655758,25.0,186340.0
55,864691136274655166,V1,L4,23P,True,636.4786393457708,250.8979317592347,896.8000000000003,255.48114994285365,53.0,15.0,404044.0,56180.0,0.018174407500287062,0.05157600116675033,0.08497759483321358,-0.012730134358401365,0.010870463646266091,169.25407211960845,68.0,460224.0
56,864691136025184569,V1,L2/3,23P,True,1008.6440012286469,121.69060742122377,904.0800000000003,364.7641544296775,0.0,5.0,0.0,18152.0,-0.014319286679390178,0.04844014729097772,0.1111995812613456,-0.030001817918042267,-0.039555087707620534,379.82931915327634,5.0,18152.0
57,864691135878061395,V1,L5,5P-IT,True,683.3483091185949,459.0389319859714,904.3200000000003,298.8438512029044,4.0,18.0,65776.0,205168.0,0.04977462381026891,0.07730700536269505,0.10483938691512118,0.024898085313301017,0.05985497634314398,226.72665702124954,22.0,270944.0
58,864691135977045871,V1,L5,5P-IT,True,618.2719506688144,370.1489002224735,834.5600000000003,273.14377687103865,38.0,23.0,409800.0,182556.0,0.06267576196758474,0.09541827957690714,0.12816079718622955,0.03370357875506997,0.07453562628212135,185.63326350158798,61.0,592356.0
59,864691135939477508,V1,L2/3,23P,True,666.0176488739207,168.80804928827547,884.0800000000003,266.9174561811011,24.0,11.0,262920.0,144200.0,0.026390240605992987,0.059682169530476226,0.09297409845495948,-0.002684873205314734,0.02008701474604902,188.67739894776645,35.0,407120.0
60,864691136108938168,RL,L2/3,23P,True,1254.241171209347,223.86862940966878,781.0400000000001,494.736444726913,12.0,8.0,158116.0,91232.0,0.02967103027329524,0.07325346546793528,0.11683590066257533,0.01982694997864551,0.04806630660885575,176.30245023016752,20.0,249348.0
61,864691135375888840,V1,L4,4P,True,642.8078410742587,302.654507433057,856.6400000000002,245.61825057590934,44.0,6.0,317036.0,29396.0,0.040307095959594676,0.07355538070049315,0.10680366544139161,0.008231049982535632,0.061467163993226805,158.90510115075463,50.0,346432.0
62,864691135384344043,V1,L4,4P,True,663.6487759750638,281.79955520438,751.4000000000001,265.7652879052417,4.0,14.0,18212.0,101452.0,0.004936844670845016,0.05709689050074261,0.10925693633064021,-0.023776225559348732,0.0010653557988131851,187.46256643220923,18.0,119664.0
63,864691135955909640,V1,L5,5P-IT,True,641.7310912266416,367.83268514435593,903.9600000000003,267.227647305739,6.0,14.0,49668.0,139968.0,0.05503598329203552,0.08314760593472566,0.11125922857741584,0.02574497939496968,0.0734311581174527,183.12458409858897,20.0,189636.0
64,864691135940996774,V1,L4,4P,True,981.5720723639014,319.5078878280229,832.3200000000003,311.3418932076258,1.0,1.0,23116.0,20100.0,-0.030571936471900693,0.035342197199273395,0.10125633087044748,-0.05114518937421392,-0.025708071625908588,317.21171034628736,2.0,43216.0
65,864691136136778621,RL,L2/3,23P,True,1193.6328517519696,162.48066657856882,742.7200000000001,470.65353344614715,10.0,3.0,54432.0,5428.0,0.030276793750454112,0.07300994145157613,0.11574308915269815,0.02026450798883559,0.09632141083240892,207.41429718210424,13.0,59860.0
66,864691134966714655,V1,L4,4P,True,628.7909571743838,299.1153880881591,805.7600000000002,258.34329083250464,15.0,23.0,163340.0,172104.0,0.03887043190591867,0.07411707456249246,0.10936371721906622,0.008311623181536,0.05044777489947407,171.24509374303003,38.0,335444.0
67,864691136445557123,V1,L4,4P,True,562.3372168488213,330.242009182372,866.4800000000002,296.89348263751293,25.0,10.0,243776.0,76964.0,0.008456624965435802,0.042718142040622846,0.0769796591158099,-0.01855504669585626,0.014425361701624655,203.02262459482685,35.0,320740.0
68,864691135578360837,V1,L4,4P,True,782.559979641199,276.72002031712043,903.7600000000002,240.2246556129863,4.0,14.0,18124.0,99268.0,0.05556602418456667,0.09197098189810084,0.128375939611635,0.02554428935988536,0.07538713210866028,184.41897056207304,18.0,117392.0
69,864691135656674242,V1,L5,5P-IT,True,591.2860317862691,420.8538701373122,907.9600000000003,314.0351664453278,5.0,19.0,31320.0,151416.0,0.022825480366975265,0.05870320724568733,0.09458093412439941,-0.0017781068918456188,0.0253337907310584,227.03949315428383,24.0,182736.0
70,864691135809509917,V1,L6,6P-IT,True,645.268506143025,556.5069537230611,903.8800000000002,374.5309295433503,1.0,7.0,11020.0,70308.0,0.07628219867134099,0.10137955947451176,0.1264769202776825,0.0584617734256942,0.08810629939517257,303.6401546774309,8.0,81328.0
71,864691136309871706,RL,L2/3,23P,True,1198.686230404375,152.45093137790596,763.2400000000001,472.3510371828848,8.0,7.0,109256.0,69452.0,0.011415735548608407,0.05336034872761836,0.09530496190662832,0.0013846010762569132,0.08345541663423116,201.4453431236404,15.0,178708.0
72,864691135591726603,V1,L5,4P,True,684.6343916272823,370.17285922599814,898.2400000000002,254.07869080128265,1.0,6.0,5720.0,51080.0,0.00666539920433209,0.0531728699475914,0.0996803406908507,-0.02345937208457962,0.03211869708301129,176.8049174678884,7.0,56800.0
73,864691136579129876,V1,L2/3,4P,True,712.5207907484494,241.61812949560297,846.2800000000002,232.47387947294843,29.0,6.0,226216.0,32624.0,0.04484856596676155,0.08206128059847806,0.11927399523019455,0.012433631224884745,0.03756682522070194,159.12286398982278,35.0,258840.0
74,864691135757083346,V1,L4,4P,True,697.5479938658567,347.40371033492437,834.6800000000003,240.5450615609787,22.0,23.0,176620.0,114804.0,0.04007317462425244,0.07875559174781392,0.11743800887137543,0.008505587444839403,0.06213964311718115,164.4944668299575,45.0,291424.0
75,864691135358995288,AL,L2/3,23P,True,1328.069967589214,195.82853195798123,717.2800000000001,573.2022907783515,0.0,4.0,0.0,99912.0,0.002813992960836936,0.05772961970852701,0.11264524645621708,-0.004150072177377735,0.10870694841674461,111.79254699187162,4.0,99912.0
76,864691135728030015,V1,L4,4P,True,709.8583374567135,327.8582511007429,812.2400000000002,238.47997012249147,17.0,8.0,128868.0,32432.0,-0.006801260408488592,0.055667850677495925,0.11813696176348046,-0.03831877500802634,0.009542138056814232,165.19903060137474,25.0,161300.0
77,864691136137794941,V1,L5,5P-ET,True,699.212136313484,498.00985174328133,871.7200000000003,316.9059061587408,5.0,51.0,10356.0,702188.0,0.04602545765835509,0.07603585412381753,0.10604625058927997,0.02334963695570693,0.056716446776283416,249.9878069476985,56.0,712544.0
78,864691135755197133,RL,L5,5P-IT,True,1179.233458789082,374.06281072665223,934.8400000000003,451.9243947633998,2.0,10.0,2568.0,91728.0,0.04690604457960094,0.09585529575555002,0.14480454693149908,0.03643077415887114,0.05676140884329722,182.9037106650686,12.0,94296.0
79,864691135465932357,V1,L2/3,23P,True,666.0744979906334,192.39074328573753,810.5200000000002,259.9594102501095,22.0,17.0,246908.0,269952.0,0.0423641711101082,0.07884893103302919,0.11533369095595015,0.012581717266111752,0.0700267353699521,181.08477280941148,39.0,516860.0
80,864691134941412707,V1,L2/3,23P,True,703.8053170035387,173.07770891473857,872.1200000000002,255.79484023562452,15.0,7.0,113324.0,71184.0,-0.023552582708590293,0.037863788160931194,0.09928015903045266,-0.05329809081996286,-0.027191404313811278,183.9924561586376,22.0,184508.0
81,864691135739689073,V1,L2/3,23P,True,678.369812634141,112.06870094481373,894.4800000000002,297.1884741680517,13.0,16.0,124956.0,98400.0,0.0717982453693091,0.09245481510676556,0.11311138484422205,0.04654623542261089,0.08795324741103638,225.96146219773397,29.0,223356.0
82,864691136314473021,V1,L5,5P-IT,True,743.694030174337,414.01507877167427,780.8000000000002,276.2703142995744,16.0,10.0,194452.0,48272.0,0.039335052425802076,0.08788670713494066,0.13643836184407926,0.013221290493368527,0.0059085313168235785,215.3731231908457,26.0,242724.0
83,864691135774177531,V1,L2/3,23P,True,887.5171593656706,117.58207333939622,690.4400000000002,352.7023804857002,0.0,4.0,0.0,46768.0,0.008062661108183017,0.07541170205055155,0.14276074299292008,-0.008457454771724231,0.037464491652162556,335.5747957847328,4.0,46768.0
84,864691135519105162,V1,L4,4P,True,533.0882611057918,267.29325570827774,735.1600000000001,341.84928483134087,0.0,5.0,0.0,20228.0,-0.022787733225781273,0.03540538573407408,0.09359850469392945,-0.04486440377876576,-0.007461200460533767,250.8302154624642,5.0,20228.0
85,864691135495698832,V1,L2/3,23P,True,825.7563108635146,186.12408375850862,774.2800000000001,275.22880197905965,4.0,7.0,111592.0,143588.0,0.048008396894572994,0.07096443937029895,0.09392048184602488,0.022864302795622796,0.05016464888020004,235.67639550337344,11.0,255180.0
86,864691135134695328,RL,L2/3,23P,True,1255.6769920400898,197.91099279648688,865.0400000000003,495.8813215767176,15.0,12.0,204560.0,128052.0,0.041119335883019754,0.09110741855121582,0.1410955012194119,0.0314137501117259,0.1563968964616464,164.01009142013967,27.0,332612.0
87,864691135868916246,V1,L4,4P,True,586.5662325703502,329.4065277846696,973.0400000000003,312.32628819301095,4.0,9.0,26092.0,48848.0,0.022183093695041248,0.06863461900950932,0.11508614432397739,-0.0023981971439537625,0.0490348472121063,224.9572624298724,13.0,74940.0
88,864691135480916422,V1,L4,4P,True,682.073786244631,300.30783023384544,903.3200000000003,240.50545053845065,18.0,14.0,156968.0,117516.0,0.03757069868528247,0.07177871374506298,0.10598672880484347,0.005661106521250702,0.047301290664617066,161.11965241536606,32.0,274484.0
89,864691136372039560,V1,L5,5P-IT,True,681.0279324455582,490.70118225494673,865.5600000000003,314.50491925314446,12.0,5.0,180104.0,12688.0,0.015053834889633026,0.07250923789297781,0.1299646408963226,-0.008191404010885495,0.04781845827609882,243.73792471785262,17.0,192792.0
90,864691135324705692,V1,L5,5P-IT,True,681.2449814301293,373.66674796427174,835.1600000000002,251.89938496714484,25.0,2.0,217764.0,9028.0,0.029051038245638927,0.07133651330160079,0.11362198835756265,-0.00140081140301124,0.058987538931876915,173.79842600895935,27.0,226792.0
91,864691135927381774,V1,L4,4P,True,481.44604835360946,309.0311656470652,803.8000000000003,361.94324896155604,6.0,4.0,43568.0,23628.0,0.0013381150682504467,0.0453952870918343,0.08945245911541816,-0.01959227391475633,0.018700284545946348,264.88332067151083,10.0,67196.0
92,864691135751110185,V1,L4,4P,True,662.4813622742564,292.9402019204,847.0800000000003,237.87448712313767,26.0,23.0,227324.0,110420.0,0.014766744280756364,0.05047691428593106,0.08618708429110576,-0.017936104329795487,0.012895433462055631,154.08314857215248,49.0,337744.0
93,864691136675875719,V1,L4,4P,True,526.9786811720337,256.35113264951895,749.8000000000002,341.17434113377936,25.0,6.0,169204.0,102024.0,-0.006299540412185891,0.04880031459532938,0.10390016960284465,-0.028598678374000257,-0.021954906732481634,248.999304076818,31.0,271228.0
94,864691136066631832,RL,L4,4P,True,1250.53896142948,263.24781023845014,775.2400000000001,490.1783268722911,11.0,0.0,99660.0,0.0,-0.017190644116631723,0.042703993604185406,0.10259863132500256,-0.02711710698888314,0.033804992546595025,175.49681626096898,11.0,99660.0
95,864691135271081125,V1,L2/3,23P,True,921.8207653156575,141.8481694165988,965.1600000000003,333.0370926323545,7.0,7.0,75172.0,40832.0,0.008424619248511294,0.04713544168943639,0.0858462641303615,-0.010041969371792052,0.00626750024072838,322.0667718718573,14.0,116004.0
96,864691136010651052,V1,L2/3,23P,True,696.7658058027978,101.53593704644724,870.2000000000003,297.45650313241686,14.0,12.0,148552.0,95244.0,0.04490176929319936,0.07671392949945982,0.10852608970572031,0.019976391476510955,0.043164836149341426,230.16966435551132,26.0,243796.0
97,864691136437631902,V1,L5,5P-ET,True,643.0300065048364,427.88641564546697,884.3600000000002,288.9203046435292,2.0,59.0,30736.0,1085860.0,0.06397428655749915,0.0938974133631537,0.12382054016880822,0.03725570897228968,0.06197954295652366,207.80352164195892,61.0,1116596.0
98,864691136312150874,V1,L2/3,23P,True,652.8994824355323,143.24745998961612,897.0800000000003,286.5974578122934,47.0,4.0,485460.0,35224.0,-0.005797678213196002,0.046931213366402096,0.0996601049460002,-0.03270059456649088,-0.0021659376007727733,208.6787487055436,51.0,520684.0
99,864691136725343485,V1,L4,4P,True,914.5357089530728,346.27915654378063,777.6800000000002,292.8517087570503,3.0,4.0,11336.0,27116.0,0.04897403369872619,0.08826613435405557,0.12755823500938493,0.026493983859421005,0.07741863684057036,277.384955499342,7.0,38452.0
100,864691135698922005,V1,L2/3,4P,True,896.3098578546708,249.85976405586413,877.2400000000002,271.8662292775459,4.0,1.0,11536.0,34252.0,0.025614496456150812,0.06550530284390685,0.10539610923166287,0.0006024624171519774,0.0391652112081937,250.26133902834064,5.0,45788.0
101,864691136390183696,V1,L4,4P,True,747.7537210990815,343.38011679394293,712.6000000000001,281.7681063642003,1.0,3.0,49652.0,8420.0,0.031019884192255442,0.06963847105223364,0.10825705791221185,0.0058656316426431935,0.02786312231175069,223.65831582109956,4.0,58072.0
102,864691135809608652,RL,L5,5P-IT,True,1188.4330884463805,407.6965979973203,1047.8400000000001,503.58674065751313,3.0,8.0,17616.0,102384.0,0.012030429606577934,0.07566503940399516,0.13929964920141236,0.0051552035570323175,0.11604745281631702,257.95818932358304,11.0,120000.0
103,864691136484732972,V1,L4,4P,True,680.1125092022871,302.89875291952603,929.4000000000002,250.2981309288329,48.0,15.0,279288.0,98376.0,-0.003697492866457557,0.04193183794631473,0.08756116875908701,-0.03429784992942504,0.003780282239140283,171.98837327916232,63.0,377664.0
104,864691136363303138,V1,L4,4P,True,632.0182015598575,261.4934983206789,872.7200000000003,251.8617484817091,20.0,4.0,103428.0,44032.0,0.04638100088955524,0.08595910890161425,0.12553721691367326,0.014897002020140819,0.0730686406230937,164.16274571771984,24.0,147460.0
105,864691136111559352,V1,L2/3,23P,True,643.4627459232386,143.89947532497305,812.3600000000002,289.68709973405856,13.0,20.0,146792.0,256684.0,0.039365003116566724,0.06608092981159279,0.09279685650661887,0.012771172739168005,0.04462767649377587,210.8367505710054,33.0,403476.0
106,864691136578820884,RL,L5,5P-ET,True,1078.8851830912834,472.44324949614827,781.9600000000002,418.02122225757967,2.0,13.0,18396.0,170680.0,0.015957769166683466,0.04959894852193434,0.08324012787718521,0.00451657224931975,0.01639729099394363,275.4105099247425,15.0,189076.0
107,864691136043283030,V1,L4,4P,True,642.9863360354059,300.6143006913651,866.3200000000003,245.82014477267336,22.0,10.0,143080.0,119740.0,-0.008271712515025512,0.04833256255248279,0.10493683761999109,-0.04032190824559099,0.0002816436754532688,159.1483669752531,32.0,262820.0
108,864691136275894285,V1,L4,4P,True,628.5295730321677,300.63438720935625,843.5200000000002,252.2823971006889,20.0,10.0,155288.0,103792.0,0.012808223398340297,0.057076266067084484,0.10134430873582866,-0.018648946657489267,0.03395895206620152,163.87586704783277,30.0,259080.0
109,864691136489147922,V1,L5,5P-IT,True,658.4950230813238,366.4083380056369,871.2800000000002,254.7779522052043,10.0,5.0,52344.0,32192.0,0.025321005074496295,0.06360739374615244,0.10189378241780858,-0.005268605889879515,0.0319600088709827,172.20680088459375,15.0,84536.0
110,864691135952121379,AL,L2/3,23P,True,1324.7161062581076,242.24083651368838,741.9200000000002,558.6729083735743,1.0,5.0,716.0,80084.0,0.04658313978248905,0.08663622249990971,0.12668930521733035,0.038974759645641066,0.2405174983114943,96.223348590185,6.0,80800.0
111,864691136421279639,V1,L2/3,23P,True,706.23976748883,151.12635372115957,873.3600000000002,266.4372606956509,21.0,20.0,209616.0,198996.0,-0.0019395916499663677,0.045447996229310686,0.09283558410858773,-0.030349942467217332,-0.002013116579788774,196.7437327898864,41.0,408612.0
112,864691135272206865,RL,L2/3,23P,True,1100.0022409187804,201.70146813850448,955.3200000000003,401.07871752273735,1.0,3.0,28400.0,40888.0,0.006726115226553547,0.06164205168408602,0.11655798814161851,-0.006650989099134544,0.007144481876060576,196.76215765507948,4.0,69288.0
113,864691136118618136,RL,L2/3,23P,True,1180.8525716897955,205.7554654519591,842.6400000000002,437.96205843947024,9.0,2.0,140672.0,22212.0,0.03360858521383431,0.07504555628269988,0.11648252735156546,0.02146643847107803,0.11476426331812277,152.6908406761112,11.0,162884.0
114,864691135572530981,AL,L5,5P-ET,True,1293.3857315238479,482.85783475573044,812.6000000000003,566.1162916690256,4.0,6.0,30044.0,20676.0,0.020683570623436242,0.06383712109608358,0.10699067156873092,0.01515365040639253,0.15622944634329763,254.89280935440226,10.0,50720.0
115,864691135875460494,V1,L6,6P-CT,True,695.964372009313,553.4899088000705,927.8000000000003,366.09551195914236,3.0,11.0,18816.0,141804.0,0.04165449876717219,0.0785501437477826,0.11544578872839302,0.02385448131920354,0.03553831890785866,303.526085475189,14.0,160620.0
116,864691135583277677,V1,L5,4P,True,648.8717570006861,363.31785488139053,857.1200000000002,256.27906477585293,19.0,23.0,171456.0,162760.0,0.033593716541615755,0.07363096863601107,0.11366822073040637,0.003016857988744987,0.05802114575178369,172.06335945800822,42.0,334216.0
117,864691136136766845,AL,L2/3,23P,True,1317.6478384182747,235.6477075338801,736.6400000000001,554.3279982391194,0.0,5.0,0.0,36364.0,0.03139496613332743,0.06912635798337706,0.1068577498334267,0.02370480987081514,0.1464638610500926,96.74258075044487,5.0,36364.0
118,864691136195798504,V1,L5,5P-ET,True,694.563261364027,476.98065314456375,904.8800000000002,308.03160411750287,3.0,57.0,17160.0,714916.0,0.021443453698936098,0.06171824526234016,0.10199303682574422,-0.002238931954567392,0.021475894538972116,239.1820396892214,60.0,732076.0
119,864691135468854156,RL,L2/3,23P,True,1286.627400820441,115.10941365496832,903.7200000000003,547.7125382460187,10.0,3.0,34424.0,36188.0,0.0015354023528036912,0.06904068000803776,0.13654595766327182,-0.005480840756593581,0.09525007319632126,228.70902519638784,13.0,70612.0
120,864691135455507818,V1,L4,4P,True,621.6858689139524,278.25676548714625,866.0800000000003,255.396432159753,28.0,15.0,285408.0,74648.0,0.020997640142103657,0.053564268461516885,0.08613089678093012,-0.010205311275518778,0.01736881931963679,166.17808239141098,43.0,360056.0
121,864691135466283333,V1,L4,4P,True,903.6190190923326,346.2234925121762,964.7600000000002,300.65796354463185,2.0,6.0,3992.0,25628.0,0.04711425502945391,0.08975153170419745,0.132388808378941,0.025373966262007976,0.06888380278700255,281.73915682928305,8.0,29620.0
122,864691135855860782,AL,L2/3,23P,True,1333.3757419790388,164.5559590845466,777.9200000000002,571.5793756765335,1.0,2.0,3676.0,5248.0,0.012060474767464765,0.06088249151034372,0.10970450825322269,0.004828481714836044,0.16767146621563697,116.24676310855408,3.0,8924.0
123,864691135760106830,V1,L4,4P,True,670.9162321603724,283.91299803412966,903.1600000000002,242.43976538492487,19.0,16.0,108416.0,69456.0,0.04744138787146336,0.07167665955310581,0.09591193123474825,0.015544912100989556,0.05511234681218115,161.05322154487257,35.0,177872.0
124,864691135447540882,V1,L6,6P-CT,True,682.7169585200002,515.4545847467226,873.3600000000002,331.6394690776315,3.0,7.0,3140.0,49832.0,0.035852799197883374,0.06975022514860985,0.10364765109933634,0.014413104142406296,0.02512314730094322,263.0420782013278,10.0,52972.0
125,864691136664950750,V1,L2/3,23P,True,717.7695712034968,103.0523060623525,875.2800000000002,294.50609043497155,17.0,12.0,89320.0,160532.0,0.012029684889476562,0.05216427273239194,0.09229886057530734,-0.012863028719967286,0.01628294506032998,231.26686630880064,29.0,249852.0
126,864691136372759688,V1,L6,5P-NP,True,640.9582687274401,529.404157457338,934.4400000000003,362.7305938282562,8.0,5.0,48732.0,25764.0,0.049260031644623725,0.07778934531491168,0.10631865898519965,0.03033279714831082,0.06181200263341185,289.8777142953028,13.0,74496.0
127,864691135732578745,V1,L2/3,23P,True,743.1462037439713,244.04052807009947,885.3200000000003,234.9767237112224,23.0,22.0,98328.0,123916.0,0.03573193507269757,0.07023085957949318,0.1047297840862888,0.004281186084164307,0.03656032040557761,169.02763657779218,45.0,222244.0
128,864691136814442867,V1,L2/3,23P,True,725.1022288696668,91.93709254435119,897.0800000000003,304.53619004662306,2.0,10.0,4700.0,47128.0,0.03997046356131308,0.07151596067431466,0.10306145778731624,0.01636118199666312,0.05224294718367193,244.1151534435014,12.0,51828.0
129,864691136445215875,V1,L2/3,23P,True,692.7307963916696,99.19134090806708,842.2800000000002,299.6183253169903,28.0,19.0,424676.0,304976.0,0.05418056477678607,0.08408030495948178,0.11398004514217748,0.029470990873465025,0.04064071347236238,231.9644703187036,47.0,729652.0
130,864691134948788476,V1,L2/3,23P,True,580.1527252881766,222.07111012422766,865.9200000000003,288.5356049092951,16.0,32.0,181208.0,294920.0,0.06597080119739042,0.09573557310371009,0.1255003450100297,0.03821631201831633,0.06223717439894715,197.1136711433417,48.0,476128.0
131,864691135977654851,V1,L5,5P-IT,True,691.3272593345213,373.713654878588,841.9600000000003,249.52845257322053,18.0,15.0,78388.0,96444.0,0.017813178022631354,0.06107063328320549,0.10432808854377966,-0.012746863968925356,0.04066612813659528,173.20420818832542,33.0,174832.0
132,864691135270320293,RL,L2/3,23P,True,1195.6791568580913,208.85146872186422,859.1600000000002,448.21080235401655,1.0,12.0,2356.0,123636.0,0.03584236298439908,0.08883197607159207,0.141821589158785,0.024172519958795293,0.16283944673885806,149.63518221131207,13.0,125992.0
133,864691136011686318,V1,L2/3,23P,True,664.804108590766,188.5534193780247,882.5200000000002,258.4941279846291,8.0,27.0,40468.0,229388.0,0.02827649560009879,0.05695149314183481,0.08562649068357081,-0.0018505244419059629,0.031816167846325634,178.6826564281521,35.0,269856.0
134,864691136488999186,V1,L4,4P,True,648.4498833544826,338.032869166017,841.9200000000003,249.6463137202422,14.0,13.0,163140.0,118412.0,0.041862921084585586,0.07755161723136196,0.11324031337813832,0.01045365451552451,0.06448238414419545,164.57814653266806,27.0,281552.0
135,864691135339088102,V1,L5,5P-IT,True,807.9952240755218,385.46264646053436,989.1200000000002,295.8955503492778,17.0,12.0,110228.0,54680.0,0.006678303625053419,0.053568257015651564,0.10045821040624972,-0.016303063318256775,0.0055566172042386145,251.54813886031823,29.0,164908.0
136,864691136336107187,V1,L5,5P-IT,True,689.1058988788235,422.6020857976292,865.4800000000002,272.2018948571625,30.0,16.0,316212.0,97304.0,-0.01477691775001914,0.048252827030938084,0.11128257181189531,-0.04262267771911377,-0.032894561660539244,198.13456608269263,46.0,413516.0
137,864691136196517452,V1,L4,4P,True,664.612088051074,263.4456713144723,973.9200000000003,276.2231945941432,29.0,16.0,217396.0,143260.0,-0.007162408197760616,0.04974174823085273,0.10664590465946608,-0.03465950031216256,0.0114034504585182,198.81134837205377,45.0,360656.0
138,864691135697613077,RL,L5,5P-ET,True,1236.205839388808,485.8215566430232,871.3600000000002,522.8705112046503,2.0,12.0,7584.0,235792.0,-0.028194648056685243,0.0463366912616399,0.12086803057996505,-0.0348587164538414,0.021348602497233894,253.9267896855024,14.0,243376.0
139,864691136136383883,V1,L4,4P,True,944.1951219454153,340.6507268382889,989.6000000000003,326.09248857839583,3.0,8.0,13848.0,82156.0,0.013954595226630163,0.06084632363331826,0.10773805204000636,-0.0050485497963631155,0.01755373351019601,319.7423544629376,11.0,96004.0
140,864691135763495478,RL,L2/3,23P,True,1095.9202375971486,130.8681559691432,964.8800000000002,422.1767154424513,5.0,9.0,119956.0,110860.0,0.028945086585651026,0.06669073096396784,0.10443637534228466,0.01731846350403721,0.049933471715996235,235.50633078447123,14.0,230816.0
141,864691135382556378,RL,L5,5P-ET,True,1239.0333198850237,475.53283611792773,834.8000000000003,520.218462328456,0.0,13.0,0.0,181796.0,0.008746480989355229,0.06354225378467958,0.11833802658000392,0.0018166128426624225,0.11125768651939319,248.9682830219454,13.0,181796.0
142,864691135502885954,V1,L2/3,23P,True,709.4549599635089,104.83040615173657,872.2800000000002,293.7701399730581,9.0,20.0,50496.0,178216.0,0.02785614715310496,0.05387998350399335,0.07990381985488174,0.0027286866667428217,0.02992401964865209,228.65162440735563,29.0,228712.0
143,864691135214986368,V1,L2/3,23P,True,717.9042232830699,241.76789646522496,849.7200000000003,232.1151524091798,4.0,31.0,25916.0,268444.0,0.008021365758263581,0.0421391905589214,0.07625701535957921,-0.024329061214217237,0.011132219661696769,159.93598707155982,35.0,294360.0
144,864691135741458324,V1,L2/3,23P,True,640.469689178083,100.27259980860947,841.3600000000002,313.53288732673184,29.0,24.0,305344.0,397896.0,0.039463922181547435,0.0777931879645114,0.11612245374747536,0.015504407047131494,0.028266554393940387,237.4627969605146,53.0,703240.0
145,864691135479833030,V1,L4,4P,True,790.4344804903153,257.94287558270287,756.6400000000001,257.9950694753205,18.0,5.0,194040.0,34580.0,0.009271490754115657,0.05091404019377464,0.09255658963343362,-0.0182571342874648,0.010487203077961372,207.33708714154287,23.0,228620.0
146,864691135975633475,RL,L5,5P-IT,True,1222.6528514176982,417.5003531037489,911.6800000000003,491.47397972790355,8.0,9.0,23308.0,70516.0,0.03789602712221263,0.08213984244159797,0.12638365776098331,0.029442659409627925,0.016862756110363326,206.28136462138613,17.0,93824.0
147,864691136336179123,V1,L2/3,23P,True,554.9560619033433,139.23987836789428,959.1200000000002,356.8790756826239,5.0,6.0,41480.0,63044.0,0.06640095485298513,0.09122460618102846,0.11604825750907176,0.046048707805320076,0.08048994450503334,271.24834329441745,11.0,104524.0
148,864691136664127454,V1,L4,4P,True,591.7348987676851,295.2952028361934,922.8000000000003,284.92770355708143,17.0,10.0,133440.0,58496.0,0.052371127416945405,0.08205849853713079,0.11174586965731617,0.02447747283348779,0.06262858408155259,194.56765883795666,27.0,191936.0
149,864691135339600102,V1,L5,5P-IT,True,656.6906516400751,360.5969626346937,827.3600000000002,254.81161471244397,12.0,13.0,120884.0,81400.0,0.05957600996032112,0.09172629448261309,0.12387657900490505,0.029028975059323645,0.0813962611736192,172.17394970365814,25.0,202284.0
150,864691136033227451,V1,L2/3,23P,True,667.6586699451253,247.7153397616144,842.2800000000002,239.15047211868776,10.0,28.0,37292.0,227952.0,0.016856432955870623,0.05611955254700327,0.09538267213813591,-0.01560879041644087,0.02363792349502956,156.90921276452676,38.0,265244.0
151,864691135853088967,V1,L4,4P,True,623.4518884449751,346.18918760660296,841.7200000000003,262.64304836183226,11.0,10.0,82016.0,45148.0,-0.0074092996781078,0.049642532597959185,0.10669436487402617,-0.0376183620956515,0.009149239974010539,174.61360757956157,21.0,127164.0
152,864691135465343045,V1,L4,4P,True,705.8868532187548,304.96098242197576,868.3600000000002,230.89450886970522,20.0,24.0,164116.0,156860.0,0.041735065496595905,0.07220635552953027,0.10267764556246464,0.009026706128376517,0.04561330934526858,155.36044164851089,44.0,320976.0
153,864691136033116347,V1,L6,6P-CT,True,971.5071649295089,517.5282004182648,786.0400000000001,387.3720275672185,0.0,4.0,0.0,44424.0,0.009175176897456136,0.04608196384416651,0.08298875079087689,-0.004146788440881774,0.012566760663900197,388.08889760819534,4.0,44424.0
154,864691135640398651,V1,L4,4P,True,859.8246597318289,267.4186865153142,871.4000000000002,256.0021264614842,2.0,14.0,7540.0,92144.0,-0.01555089534584135,0.049044207656346935,0.1136393106585352,-0.04266552679091151,-0.0041059558884064895,222.56250960417773,16.0,99684.0
155,864691135339729126,V1,L2/3,23P,True,770.4770319904495,248.87295555134577,774.7200000000001,249.43796541509693,11.0,3.0,123960.0,21416.0,0.0482337222826417,0.09564243689757468,0.14305115151250766,0.019298182287696072,0.030023177142738115,192.7435527428725,14.0,145376.0
156,864691135778419901,V1,L2/3,23P,True,608.1880537518638,226.19423975269805,900.8000000000003,275.5569518302024,27.0,19.0,172592.0,114928.0,0.043496312421832786,0.07370031097117723,0.10390430952052171,0.014633009720331519,0.048449936360362184,187.14241214980802,46.0,287520.0
157,864691135619756943,V1,L2/3,23P,True,670.2641298288278,195.90526758646274,853.6800000000003,251.7510931566202,11.0,27.0,293004.0,178424.0,0.04627352785069186,0.06740490643810722,0.08853628502552256,0.015395996161216214,0.052608182868161095,172.13014638099625,38.0,471428.0
158,864691135577816862,V1,L4,4P,True,679.2120576112317,312.45664405367086,872.2400000000002,236.0955295206675,42.0,4.0,531692.0,11852.0,0.03454338699786051,0.0749080001558846,0.11527261331390867,0.001952198689916859,0.021265833280612094,155.37353419650816,46.0,543544.0
159,864691135686283703,V1,L4,4P,True,682.8518694811604,322.9899569964979,866.0800000000003,236.46338775023145,29.0,19.0,208080.0,83052.0,0.02304952530378277,0.06220272177334336,0.10135591824290392,-0.009411544085314702,0.017517795611872937,156.54602214283912,48.0,291132.0
160,864691136425073455,V1,L5,5P-IT,True,613.6264288614846,505.4910339988316,872.8400000000003,345.8984737640765,4.0,8.0,13876.0,101884.0,-0.006124181974565862,0.05248198825718424,0.11108815848893434,-0.0271584329610738,-0.013144292540746097,266.4676322864578,12.0,115760.0
161,864691136814508659,V1,L4,4P,True,641.7253976153517,357.6173163510725,866.2000000000003,257.55834861846085,20.0,9.0,262676.0,55424.0,0.03895652460096218,0.08490882140029966,0.1308611181996371,0.008403614684059342,0.06905154140002763,172.1113521083592,29.0,318100.0
162,864691135877825107,V1,L5,5P-IT,True,646.2094480002709,391.54523305908003,831.2800000000002,269.6927456878728,3.0,11.0,11928.0,69996.0,0.01673931098605498,0.06198478817105894,0.10723026535606286,-0.01215737242766916,0.02494770229641087,186.94053558314374,14.0,81924.0
163,864691136108378073,V1,L4,4P,True,678.7207917149373,282.09027420445875,810.8400000000003,238.85317531362747,29.0,7.0,249160.0,32540.0,0.029691947886068947,0.07128131169531929,0.11287067550456963,-0.002450550194270666,0.025188441644987503,159.02420758461054,36.0,281700.0
164,864691136674749575,V1,L2/3,23P,True,711.2900534609266,78.71496796173608,866.2400000000002,311.4326476777671,23.0,25.0,242184.0,138416.0,0.023675092701741663,0.05427235332234336,0.08486961394294508,0.0005954644122368994,0.017026471901041597,249.1233724984517,48.0,380600.0
165,864691135779049056,V1,L5,5P-ET,True,647.0334557059497,458.4958172484729,898.0000000000002,306.63735324607075,6.0,32.0,48176.0,448952.0,0.05232890303203156,0.08878393882306258,0.12523897461409358,0.027681616129956618,0.05980036524012185,228.4414954315967,38.0,497128.0
166,864691135857099310,RL,L5,4P,True,1050.1674058187118,374.7847100614272,1009.3200000000003,393.3559749033244,5.0,14.0,43000.0,99972.0,0.022685769443183762,0.06120489723140369,0.09972402501962363,0.009447171528888432,0.11027385228278436,252.21635992902392,19.0,142972.0
167,864691135562842337,V1,L2/3,23P,True,688.6766547868942,238.05441510653222,837.1200000000002,236.511342276123,30.0,25.0,320344.0,337824.0,0.0349050752109154,0.06333748835260787,0.09176990149430034,0.0025249592898822725,0.03545197162884917,158.4780795947035,55.0,658168.0
168,864691135342523057,V1,L2/3,23P,True,925.7537819996361,216.58735958991775,726.8800000000001,315.36704980060665,6.0,5.0,139144.0,47932.0,0.04833345441870957,0.07711906778469994,0.10590468115069032,0.028259556202563162,0.05887438373630661,305.7820316501446,11.0,187076.0
169,864691135067066948,V1,L4,4P,True,526.530940927105,269.54632119205485,880.3600000000002,322.0440004963598,10.0,9.0,40328.0,40168.0,0.020812458240062587,0.06466965004383785,0.10852684184761312,-0.0038063915062896353,0.0063855886639585,226.2480004826715,19.0,80496.0
170,864691136118686884,V1,L4,4P,True,691.4984130242531,285.8421944695649,835.4400000000003,231.79736413238808,30.0,9.0,250960.0,64660.0,-0.032026325971580956,0.03494126107134749,0.10190884811427593,-0.06490907247047734,-0.030259918318979142,153.44111550376178,39.0,315620.0
171,864691135577644574,V1,L2/3,23P,True,717.2457626520206,155.3014770088987,897.1600000000002,267.25266276574195,18.0,28.0,156876.0,347420.0,0.003903594620854919,0.06232504056312153,0.12074648650538812,-0.024154559376876012,0.032077536950896796,200.04166280921075,46.0,504296.0
172,864691135477670312,V1,L5,4P,True,880.4199911221693,375.6736306653255,867.0800000000003,277.97489921281453,15.0,8.0,107872.0,63396.0,-0.006082679917526159,0.05750586253172164,0.12109440498096942,-0.030433037248647023,0.01304294078656166,251.18532213750422,23.0,171268.0
173,864691135886208112,V1,L2/3,23P,True,669.9049145543812,214.69746991579615,866.7600000000002,246.04003289339263,11.0,13.0,144004.0,77400.0,0.04389043788305218,0.07247932625504784,0.10106821462704349,0.012295145157586573,0.05119355791115259,165.34511773444117,24.0,221404.0
174,864691135478400936,V1,L4,4P,True,671.3089444143445,338.16968824912135,897.5200000000002,247.41466163615706,13.0,11.0,135992.0,41956.0,0.029935823289443338,0.06634167302944835,0.10274752276945338,-0.0012999055250330377,0.05094964162899323,166.54847789695012,24.0,177948.0
175,864691135360096071,V1,L5,5P-IT,True,688.0394376381219,410.55931118286196,712.5200000000001,309.29320738226005,1.0,8.0,688.0,125228.0,0.04754575067430653,0.09376452181263822,0.13998329295096992,0.024558805359555513,0.08645551923640551,241.3896996903107,9.0,125916.0
176,864691135774294603,V1,L5,5P-ET,True,630.2603333332733,493.06950663608706,897.6000000000003,333.66590999588385,4.0,57.0,17112.0,672124.0,0.011360787934101885,0.05033357941726631,0.08930637090043073,-0.010688336782857105,0.012716033493926812,255.61285060377676,61.0,689236.0
177,864691135938816260,V1,L2/3,23P,True,663.0351125499327,210.24177194357284,886.8800000000002,252.2002274093035,18.0,31.0,205996.0,202140.0,0.023540654451818382,0.06620425061032416,0.10886784676882993,-0.007376594902180142,0.014658527674047954,170.9909352742944,49.0,408136.0
178,864691135807579933,RL,L4,4P,True,1159.6065840415818,279.7051565186021,879.4400000000003,418.1746908456184,11.0,2.0,173968.0,36868.0,-0.012438896488972135,0.03650657627850911,0.08545204904599037,-0.025482317947012934,0.04029207945612352,147.55394913056293,13.0,210836.0
179,864691136125411622,V1,L4,4P,True,532.2172021944762,268.43769285072705,791.7600000000002,323.2047461178517,17.0,12.0,144284.0,110704.0,-0.014067599003381913,0.05648135112630538,0.12703030125599268,-0.03839664826512861,-0.04283862798131489,228.90913634981058,29.0,254988.0
180,864691136211175612,V1,L5,5P-IT,True,680.2643577594845,482.5395749562103,835.2800000000002,310.3243651111402,6.0,12.0,40776.0,111140.0,0.03486393818359847,0.06681183182188584,0.09875972546017321,0.011243543217011145,0.024834581335366028,239.17520788850382,18.0,151916.0
181,864691135941300993,V1,L4,4P,True,631.5366179308847,312.52571854680957,872.4400000000003,252.71553338084158,20.0,18.0,153208.0,183572.0,0.02154790292789043,0.060631192162926076,0.09971448139796173,-0.009811569343850874,0.018038092672991356,164.77289160418317,38.0,336780.0
182,864691136196265704,V1,L4,4P,True,662.166423808834,280.3849768024262,818.2400000000002,241.57619040445047,23.0,5.0,129928.0,49852.0,0.007778831357404646,0.04724186424471106,0.08670489713201748,-0.02437364667045658,0.024976063793887313,158.59073346414544,28.0,179780.0
183,864691135387690069,AL,L2/3,23P,True,1325.6737825447049,218.81114645747778,700.9600000000002,572.7120813731867,7.0,8.0,120964.0,79504.0,0.025479933309837277,0.0875666247178804,0.1496533161259235,0.018623916929192404,0.18959705572873842,114.66646023463001,15.0,200468.0
184,864691135136360217,V1,L2/3,23P,True,697.914983285681,240.4045313905711,872.7200000000003,234.81999027456044,21.0,20.0,206496.0,146024.0,0.0464487330876782,0.07728720799809971,0.10812568290852123,0.01401096953707322,0.06927285441196204,158.3826835679797,41.0,352520.0
185,864691136022214648,V1,L4,4P,True,844.4320410895536,317.78880491237055,711.0800000000002,290.7177771310313,8.0,2.0,82140.0,12732.0,0.021270952602570614,0.05918467897574457,0.09709840534891853,-0.0017383160282892847,0.03494609882239568,256.8076661406359,10.0,94872.0
186,864691135277309669,V1,L2/3,23P,True,667.9477412850789,157.0274391476933,806.5200000000002,275.9923304743577,23.0,22.0,295252.0,150432.0,0.055120865321895425,0.07867948542570229,0.10223810552950913,0.027330857917349176,0.07470203426047846,200.03623809793206,45.0,445684.0
187,864691135778187360,RL,L4,4P,True,1154.798491669433,344.942350876889,907.3600000000002,423.8407583192413,8.0,3.0,81692.0,13992.0,0.015330717909752548,0.06329697983090884,0.11126324175206516,0.0030260434131967945,-0.029030714118015947,165.54064877046633,11.0,95684.0
188,864691136211385020,V1,L4,4P,True,697.6291775649235,267.1694704543908,866.5600000000003,230.8470260818175,14.0,16.0,96824.0,106036.0,0.013359884344161061,0.054328732698135915,0.09529758105211078,-0.01957317082447186,0.0324420561653641,153.63976659894655,30.0,202860.0
189,864691136451224831,AL,L2/3,23P,True,1299.6421295114963,226.2988313038535,695.4800000000001,552.2101500607723,4.0,4.0,16120.0,60940.0,0.005751762447190811,0.07403413889780286,0.14231651534841486,-0.0015265594451529397,0.23444885822394232,118.24457007856401,8.0,77060.0
190,864691135778638013,V1,L2/3,23P,True,576.7258008078996,149.62475371752848,779.6400000000001,328.5371733404394,7.0,6.0,27560.0,50520.0,0.009754720340637697,0.050351499741788486,0.09094827914293926,-0.01324893377136909,0.010350483978119879,243.33507733769088,13.0,78080.0
191,864691135750307881,V1,L6,5P-ET,True,649.37712722104,513.9511057954578,873.8800000000002,338.5973330555377,5.0,55.0,31620.0,781892.0,0.05166171656556601,0.08396728965280054,0.11627286274003507,0.030390112501543356,0.04451837999572425,264.54594402323147,60.0,813512.0
192,864691135212492992,V1,L6,6P-IT,True,688.2403028180335,555.1269412152434,897.4000000000002,362.6354746992952,2.0,6.0,19892.0,34888.0,0.013973022475877471,0.05212891753217083,0.0902848125884642,-0.004322735264333292,0.019791049454781717,298.25370023531724,8.0,54780.0
193,864691135386899029,V1,L4,4P,True,628.2230739270814,329.8388056815427,959.4000000000002,284.74802545700516,20.0,10.0,203316.0,55248.0,-0.003637459256252247,0.06584714355911657,0.1353317463744854,-0.030804096239725232,0.02383391652289562,200.99142833596625,30.0,258564.0
194,864691135659358850,AL,L2/3,23P,True,1333.9667174284534,132.09996111778875,825.4000000000002,577.1825116444967,2.0,5.0,17268.0,51584.0,-0.006350158335621543,0.04796722856216738,0.10228461545995632,-0.013183855705045959,0.055960466879843296,151.8346213343096,7.0,68852.0
195,864691135868919318,V1,L5,5P-IT,True,605.0047402976395,485.07792629059503,866.6000000000003,336.3736509772033,11.0,13.0,148336.0,113068.0,0.05054409549398895,0.08141323845964227,0.1122823814252956,0.028441548790965204,0.0495138898555572,254.4056667958347,24.0,261404.0
196,864691135782506832,V1,L4,4P,True,642.5486822841947,289.4617177083047,867.0800000000003,245.48806297678618,33.0,13.0,298096.0,65284.0,0.030887486644007398,0.06686234135174789,0.10283719605948836,-0.0012200538349976372,0.04104653036505738,158.73562438589508,46.0,363380.0
197,864691135765013302,V1,L4,4P,True,658.8154525180944,300.32881272755964,861.8400000000003,239.5629574088392,21.0,10.0,229652.0,93072.0,0.00035246169021134607,0.056732810561995244,0.11311315943377914,-0.03221006366132555,0.015693264873370395,155.15850508516831,31.0,322724.0
198,864691135839932307,V1,L2/3,23P,True,729.9156970961533,79.50932252585615,841.6000000000003,309.6757586493965,7.0,20.0,32380.0,214728.0,0.06733045240380196,0.08695221574902948,0.106573979094257,0.04440263521486467,0.07201445503812334,251.27262451913464,27.0,247108.0
199,864691135808684573,V1,L4,4P,True,498.9172548221131,270.14992677103515,866.6800000000003,343.3105496253585,4.0,11.0,64192.0,76412.0,0.04035066833340383,0.08411770738008316,0.1278847464267625,0.017672421680094943,0.02546660738288784,246.2450524101366,15.0,140604.0
200,864691135686414775,RL,L2/3,23P,True,1145.967527739651,211.63340085450344,716.2000000000002,435.9492606892715,2.0,2.0,7856.0,6444.0,0.021761068600915996,0.05332492525953581,0.08488878191815563,0.010307319631368798,0.07192051676459263,213.2253376937524,4.0,14300.0
201,864691135782265424,AL,L2/3,23P,True,1334.7402056693575,242.21840899979074,774.5200000000001,561.2966554877988,9.0,3.0,117180.0,6064.0,0.000423430773918534,0.042427509320612275,0.08443158786730602,-0.007294587608128257,0.005732388054651715,95.37699510491532,12.0,123244.0
202,864691135779020221,V1,L4,4P,True,790.4924568702594,310.8853908113861,760.4800000000001,256.60988603072724,6.0,6.0,53232.0,35092.0,0.024706666927842163,0.06273432834075673,0.1007619897536713,-0.0029678201396647315,0.02601671863121554,205.38453173823478,12.0,88324.0
203,864691135489836346,RL,L2/3,23P,True,1110.2691121487492,245.900475493277,989.3200000000003,412.00050001285007,4.0,2.0,24996.0,28992.0,0.04472986061883832,0.07982008637002178,0.11491031212120527,0.03221029676903591,0.05170271182066218,199.0046087455367,6.0,53988.0
204,864691135927648212,AL,L2/3,23P,True,1364.7591516930988,175.2037214184574,804.8800000000002,594.1496276668404,1.0,2.0,37744.0,50852.0,0.013843177871949273,0.06370297427830321,0.11356277068465714,0.007050097431786884,0.17379547597727726,125.74079821671008,3.0,88596.0
205,864691135801163874,V1,L2/3,23P,True,668.1463227642174,169.4439954092395,865.1200000000002,263.8429142534968,12.0,4.0,50288.0,52940.0,-0.0021901639905354056,0.04565403920805524,0.09349824240664588,-0.031624131328238346,-0.004103021960341435,185.63553659616286,16.0,103228.0
206,864691135809568029,V1,L4,4P,True,904.906633617391,322.6941793722893,726.6400000000001,302.5527735478295,6.0,4.0,30208.0,27540.0,0.02362319504957599,0.0579455699752646,0.0922679449009532,0.002206819329284814,0.019667328349596988,285.3882180158621,10.0,57748.0
207,864691135700648226,AL,L2/3,23P,True,1324.090506565936,172.2881207048996,861.2400000000002,558.1594032949217,2.0,4.0,5688.0,6740.0,0.0027521517657085577,0.07153914739499294,0.14032614302427732,-0.004776213416128844,0.21253298194818443,147.508585887472,6.0,12428.0
208,864691135801463650,V1,L2/3,23P,True,710.4639365735936,178.47859786205825,872.1600000000002,252.8288443207391,14.0,20.0,183480.0,204344.0,0.013793664534795694,0.061879926408781045,0.1099661882827664,-0.01617898852818126,-0.006164000856604312,182.07181660362102,34.0,387824.0
209,864691135504203357,V1,L4,4P,True,703.6956079528887,338.81884219167796,902.3200000000003,243.0249115153988,34.0,7.0,295992.0,37892.0,0.02169118888931475,0.06421184443052884,0.10673249997174293,-0.009433739004118973,0.03729764138603227,168.52530161708083,41.0,333884.0
210,864691135989836288,RL,L2/3,23P,True,1194.335675661487,154.44735253315693,910.8000000000003,465.8376064441662,1.0,2.0,16544.0,6988.0,-0.009300678234770087,0.03877312167797609,0.08684692159072227,-0.019501618175354334,0.03928970976615316,181.69761542940157,3.0,23532.0
211,864691136138131325,V1,L4,4P,True,880.8881064677305,260.90971827112713,835.4800000000002,264.12946841133873,5.0,6.0,92848.0,46132.0,0.04945659408426961,0.08119577284644247,0.1129349516086153,0.02349090989592419,0.02096888854499182,237.60296708543126,11.0,138980.0
212,864691135741930603,V1,L2/3,23P,True,656.6107097945063,197.02354902080174,897.8000000000003,261.15040296450366,28.0,11.0,372952.0,66428.0,0.02537875674007649,0.06106679511615558,0.09675483349223467,-0.004513700984785792,0.02423793567557749,180.0298729636347,39.0,439380.0
213,864691136110366904,V1,L5,4P,True,784.7144628350875,375.4595295429986,794.4000000000002,259.672481602515,5.0,12.0,45584.0,105424.0,0.03238276187470545,0.06451905453054016,0.09665534718637486,0.004932424482158482,0.04363499459927807,206.61520452813653,17.0,151008.0
214,864691135546339880,V1,L5,5P-IT,True,649.3842653257698,369.20894028365035,845.3200000000003,258.39286794540345,31.0,21.0,336624.0,97468.0,0.07286152089261287,0.09820007901870151,0.12353863714479012,0.04257967114732662,0.09117254775226577,174.62882279320633,52.0,434092.0
215,864691135868210454,V1,L2/3,23P,True,679.527515946804,229.54463282466662,897.6000000000003,245.03390415885417,23.0,32.0,181840.0,206656.0,0.028853131367295337,0.07039756533802245,0.11194199930874955,-0.002607117802455281,0.04093464226698463,166.13371240640404,55.0,388496.0
216,864691136975624220,V1,L4,4P,True,617.6191258271781,288.75828693245006,897.6400000000002,262.57943582599427,13.0,12.0,148272.0,85156.0,0.025376792305152183,0.05021184163881568,0.07504689097247917,-0.004932321362640311,0.03215352365867547,173.60278400247518,25.0,233428.0
217,864691136912172017,V1,L5,4P,True,727.9887270663579,368.8263145233956,678.6800000000002,309.10007561547616,4.0,14.0,28900.0,85256.0,0.05976711631669572,0.08806397851223749,0.11636084070777925,0.037528046735912,0.06823667959842497,250.05076971468912,18.0,114156.0
218,864691135469753426,V1,L2/3,23P,True,650.1446889829141,168.12603440684134,805.9600000000003,276.5072353716259,30.0,29.0,211392.0,306896.0,0.061419739659639795,0.08628862517090932,0.11115751068217884,0.033395104795028184,0.061223756277451705,197.00487049822658,59.0,518288.0
219,864691136117770660,V1,L2/3,23P,True,1002.3757815642244,106.6872035994723,899.3200000000003,367.9336018881566,3.0,10.0,40256.0,139536.0,0.006179433142531768,0.06793515663446588,0.12969088012639998,-0.00919225920035382,-0.023529913299341707,381.1057337893566,13.0,179792.0
220,864691136663528670,RL,L2/3,23P,True,1190.173731547774,203.48722672951203,980.4400000000003,468.3226251664183,4.0,3.0,37800.0,29216.0,-0.006762165633565092,0.0564067279857148,0.1195756216049947,-0.016433665647281912,0.11546430722487108,190.03136646753623,7.0,67016.0
221,864691136392785279,V1,L4,4P,True,677.3227159280827,262.8231064807323,835.7600000000002,235.34582831569335,11.0,11.0,95580.0,86884.0,0.02690445584866402,0.07583169899722843,0.12475894214579283,-0.005833511107620418,2.5568497681844954e-05,154.54866257269308,22.0,182464.0
222,864691135585046648,RL,L2/3,23P,True,1277.3880320546107,161.97047007508104,872.9200000000003,522.2251566687096,0.0,5.0,0.0,70028.0,0.01414919234298456,0.08002309546311126,0.14589699858323793,0.005667903950263291,0.1408752834164076,190.68704584498582,5.0,70028.0
223,864691135257404079,RL,L2/3,23P,True,1261.5155347386205,202.40495620949235,874.4400000000003,500.4609014068697,7.0,4.0,60640.0,46524.0,0.025650194786780652,0.07538390581665179,0.12511761684652295,0.01615297009855356,0.11834464652717938,165.6524254978756,11.0,107164.0
224,864691135304679079,V1,L4,4P,True,479.9655167863923,256.9278600102971,928.7600000000002,370.0976387756567,22.0,5.0,194748.0,32040.0,0.0336198442405975,0.06850674940800855,0.1033936545754196,0.013529245924543848,0.04690483510278463,273.8706836319356,27.0,226788.0
225,864691135741684075,RL,L4,4P,True,1364.876058250587,295.02988522610354,929.2400000000002,591.9555586800182,2.0,0.0,29984.0,0.0,-0.03147979573350924,0.041363378212612156,0.11420655215873357,-0.03763067904695869,0.0539303148003941,237.14120949229087,2.0,29984.0
226,864691135853198023,V1,L6,5P-ET,True,636.8800805962086,514.335378689094,836.3200000000003,343.63863472555033,5.0,16.0,14780.0,126600.0,0.04597015323271356,0.07646614721305992,0.10696214119340627,0.025132826931921984,0.05905235926654981,268.2132344531704,21.0,141380.0
227,864691136196202472,V1,L2/3,23P,True,646.2625392217166,222.77965629260132,871.7200000000003,252.38263113389567,12.0,4.0,149852.0,50976.0,0.016937362749531316,0.07894728145535126,0.14095720016117125,-0.014266731232708885,-0.008689338984545238,167.76845282776185,16.0,200828.0
228,864691135868957462,V1,L6,6P-IT,True,616.7290795402799,514.8209509740984,902.4000000000002,354.1966059275339,1.0,11.0,17660.0,62696.0,-0.02968336305608909,0.0368038303473734,0.10329102375083589,-0.04985077360630616,-0.033096836472662414,276.1827156058504,12.0,80356.0
229,864691135209369465,V1,L4,4P,True,790.8282330113312,262.98839309354287,814.3600000000002,240.20969428074847,23.0,11.0,191696.0,57072.0,0.05033137381022397,0.08019085021756436,0.11005032662490473,0.02049179639618823,0.06636735769676876,187.03589005380445,34.0,248768.0
230,864691135510191369,V1,L6,6P-CT,True,963.5348907700393,558.7181109877993,899.6400000000002,407.19326760645464,1.0,7.0,8608.0,36024.0,-0.0022848928110139307,0.044884043292148686,0.09205297939531132,-0.014070709295199494,0.012579116929721842,404.9660064242433,8.0,44632.0
231,864691135491204327,RL,L2/3,23P,True,1270.0538428988134,249.47222396280029,866.6800000000003,501.59737476752275,4.0,6.0,25040.0,59948.0,0.014887933870477432,0.08003509810209854,0.14518226233371964,0.005347177854572443,0.15846546809114107,161.77382570566022,10.0,84988.0
232,864691135741998484,V1,L5,5P-IT,True,653.1803181085794,383.0966349544776,893.8000000000003,266.18407633189037,40.0,9.0,387652.0,65580.0,0.030953274288593836,0.07627481049850104,0.12159634670840827,0.0017112965341522424,0.023834554224146275,184.08540229561578,49.0,453232.0
233,864691135476528704,V1,L2/3,23P,True,707.3877015379837,108.6327015902967,955.8000000000003,312.97474807171403,13.0,21.0,131964.0,261376.0,-0.02483618840626484,0.05324787188546255,0.13133193217718991,-0.04763699880964482,-0.016878543304376593,249.73859358212604,34.0,393340.0
234,864691136228250961,V1,L5,5P-ET,True,668.3676797420036,506.1686268235279,873.1200000000002,328.0283293629281,5.0,42.0,37620.0,432196.0,0.013636092955889575,0.06791374321583245,0.12219139347577533,-0.00841734949282863,0.0034496179907972987,256.2970337436606,47.0,469816.0
235,864691136111251896,V1,L2/3,23P,True,678.9283032502511,167.36780640079482,900.8400000000003,267.71876629591134,10.0,29.0,133448.0,412724.0,0.007924878058073074,0.03988533687473166,0.07184579569139024,-0.020778266871253195,0.009035416150205679,192.25887123885076,39.0,546172.0
236,864691135491167207,RL,L2/3,23P,True,1263.452592315621,172.18679266596476,884.0800000000003,509.40674016318343,1.0,2.0,4996.0,7768.0,0.033203473265157046,0.10867586799102807,0.18414826271689916,0.024284000052484787,0.12477684819827962,180.4303895446984,3.0,12764.0
237,864691135593133067,V1,L4,4P,True,695.796049484583,326.3067379719306,840.6800000000003,235.1186886864217,38.0,15.0,344144.0,66212.0,0.032304708980282655,0.07530869814377815,0.11831268730727362,-2.6926560227022277e-05,0.0377940109651612,157.9602390752169,53.0,410356.0
238,864691135517531786,AL,L2/3,23P,True,1323.449560696207,225.87617732568103,759.6000000000001,555.2486141282841,4.0,7.0,13896.0,73596.0,0.01882837466139377,0.07785366050764607,0.13687894635389838,0.010995531728155181,0.19994028578187995,93.09313534169542,11.0,87492.0
239,864691135134114976,V1,L4,4P,True,949.0349771675205,335.99884620471084,929.0800000000003,306.64955508084154,7.0,3.0,39160.0,36704.0,0.04879604008376295,0.08264734878893837,0.11649865749411377,0.02777316218642472,0.04297634771930025,301.5655260338902,10.0,75864.0
240,864691135760635214,V1,L6,6P-CT,True,616.2696343158193,550.1794574765756,867.2800000000002,376.3649158151179,2.0,14.0,14376.0,127824.0,0.035814877952719607,0.06054486959553017,0.08527486123834074,0.01779131400562121,0.0411631217057155,300.88474797736944,16.0,142200.0
241,864691135576991518,V1,L4,4P,True,825.3780498648644,282.9716503702563,778.8400000000001,255.86887642658658,10.0,7.0,65668.0,35964.0,0.03648053659309027,0.07033537927414994,0.10419022195520962,0.009111031479590772,0.03753647853618266,213.5160898682253,17.0,101632.0
242,864691135540440178,V1,L2/3,23P,True,719.8870313368446,98.67620247769158,928.6000000000003,308.1134647071574,3.0,15.0,49948.0,113344.0,0.015420388149167087,0.056972660855393806,0.09852493356162052,-0.00781132242207691,0.017974692330599226,246.9330894717189,18.0,163292.0
243,864691135359010904,AL,L2/3,23P,True,1289.7200520017063,227.35809609120463,748.9200000000002,528.9433681253872,1.0,5.0,1512.0,35076.0,0.0007520047887558609,0.06680881505311219,0.1328656253174685,-0.007760137499154255,0.17849537033302143,98.66840161510311,6.0,36588.0
244,864691135102433056,V1,L4,4P,True,646.2046211903935,316.7000036807027,805.8000000000003,252.73979068613886,21.0,26.0,205576.0,341864.0,0.053463576663108824,0.09032672331938192,0.127189869975655,0.022522264184815403,0.08463398079476316,168.12825989106818,47.0,547440.0
245,864691136619882637,AL,L4,5P-IT,True,1362.2890663990609,359.11226683883797,777.3600000000001,592.6185568374736,10.0,6.0,78652.0,76900.0,0.03592379523047332,0.06984075655868566,0.10375771788689798,0.029693436319371023,0.14615233772720457,156.45095979081125,16.0,155552.0
246,864691135740865684,RL,L4,4P,True,1141.4566861327169,275.6759563625183,899.2400000000002,407.93279827919514,2.0,1.0,48380.0,4516.0,0.018113238403346964,0.06784526535362953,0.1175772923039121,0.004605498229893805,0.12175623208508297,153.69797827340244,3.0,52896.0
247,864691136334080435,AL,L2/3,23P,True,1324.1533384033241,231.78399663054856,720.6400000000001,564.3126432368587,0.0,7.0,0.0,100600.0,0.02520877196129638,0.07916693126160126,0.13312509056190616,0.017926612456676948,0.23305084222126027,102.96229881989068,7.0,100600.0
248,864691135014966262,V1,L5,5P-IT,True,636.2818503448223,397.8078169340897,871.6400000000002,275.47625268537206,14.0,6.0,57200.0,37028.0,0.02009669164838795,0.0585010315224707,0.09690537139655346,-0.008335922955983014,0.017467537784133663,191.36974820458803,20.0,94228.0
249,864691135429763120,AL,L2/3,23P,True,1312.5320326816209,222.15850519775873,824.7600000000002,538.9958418970205,7.0,4.0,77564.0,38568.0,0.02940466360746961,0.08242790200468944,0.1354511404019093,0.020962498951539586,0.21281502119950152,109.77572908907119,11.0,116132.0
250,864691135573276197,V1,L6,6P-IT,True,677.131621065168,561.671660438675,889.4800000000002,368.76262573876227,5.0,9.0,13604.0,64064.0,-0.011242006809334591,0.055607690521212394,0.12245738785175937,-0.029130337212386715,-0.01722356696000465,302.96771570069905,14.0,77668.0
251,864691135340055782,V1,L5,5P-IT,True,651.7993809774721,399.61513623758225,889.7200000000003,272.86269946450835,12.0,27.0,77020.0,144812.0,0.0338435085365552,0.07079366187516692,0.10774381521377864,0.00538247090083231,0.043521155582623754,191.35401551637545,39.0,221832.0
252,864691136596107938,V1,L2/3,23P,True,496.24298038034686,226.55094109235083,963.2400000000002,371.9346804957208,5.0,4.0,35860.0,43916.0,0.014109536724816903,0.05961720975894711,0.10512488279307734,-0.005498450489146859,0.0011602248650480617,278.58529011110704,9.0,79776.0
253,864691135258563503,V1,L4,4P,True,725.6050559809164,299.8761878508764,828.8400000000003,230.87354468227394,26.0,8.0,124832.0,84140.0,0.031535440001585854,0.07023304549716775,0.10893065099274964,-0.0007081917382096416,0.025855527687572873,160.14960983110723,34.0,208972.0
254,864691135977134403,V1,L4,4P,True,910.0854733046311,342.80607683358977,718.0000000000001,311.3699338858538,5.0,5.0,40168.0,24240.0,0.04360583423673276,0.07710459395333089,0.11060335366992902,0.02315907452058878,0.044490413609320684,295.9569669600661,10.0,64408.0
255,864691135404763374,AL,L2/3,23P,True,1356.1704397118854,181.5834426117199,775.0800000000002,588.2340600606885,1.0,3.0,10540.0,72356.0,0.022778272164623754,0.0724794173788279,0.12218056259303205,0.015848717822524297,0.17246124112362463,112.93288559188515,4.0,82896.0
256,864691135441799752,V1,L2/3,23P,True,728.1902267066858,144.7592334831523,840.8400000000003,268.3254629134485,37.0,21.0,829476.0,201196.0,0.028349679684347113,0.06195731982219101,0.09556495996003492,0.0006279667816188649,0.03129073334963593,204.01378425574325,58.0,1030672.0
257,864691135988557315,V1,L2/3,23P,True,649.4155072520888,241.81489037572865,836.1200000000002,246.93583118798338,22.0,25.0,218484.0,189792.0,0.054599189110201216,0.07914956469378222,0.10369994027736322,0.022806405533505197,0.07249540863414666,162.20638350680755,47.0,408276.0
258,864691135157025636,V1,L6,6P-IT,True,977.8278694757835,522.3855698749463,710.6000000000001,412.650598026794,0.0,2.0,0.0,14884.0,0.020755866377883216,0.04993652095776098,0.07911717553763874,0.009543692254107302,0.01821454321707515,415.40061018988075,2.0,14884.0
259,864691135060651419,V1,L2/3,23P,True,669.2522053564992,143.58598187973402,856.8800000000002,276.5835099426388,33.0,23.0,304584.0,265064.0,0.04219646308572262,0.0663491561612809,0.09050184923683918,0.01433100406762715,0.05166812839944513,200.6062566259405,56.0,569648.0
260,864691135468948364,V1,L4,4P,True,880.9880764826696,292.0770322714723,836.3200000000003,263.2185065031765,24.0,10.0,252756.0,93424.0,-0.02300754408192938,0.0566878900160052,0.1363833241139398,-0.04906554434193866,-0.0038386271577499536,236.3726135797483,34.0,346180.0
261,864691135578146565,V1,L5,5P-IT,True,878.2075320750806,365.71490620056824,713.6800000000002,307.80648436624523,2.0,13.0,11624.0,93016.0,-0.006076095713052015,0.05225442920957422,0.11058495413220044,-0.027002344116047752,0.002818889923357884,283.43676110699124,15.0,104640.0
262,864691135060020123,V1,L4,4P,True,759.7828253172393,331.45514418564323,747.9200000000002,261.66171417910374,10.0,3.0,83992.0,26804.0,0.053893202110151646,0.08864474059820494,0.12339627908625822,0.026414083022303674,0.031994557987976145,203.60579950037715,13.0,110796.0
263,864691135727961663,V1,L4,4P,True,857.7615920755333,289.531022435464,846.8000000000003,254.26782388025896,18.0,5.0,144472.0,51904.0,0.016668389394963967,0.05370288787125438,0.09073738634754479,-0.010642440719602877,0.02044989637475097,220.0440075324186,23.0,196376.0
264,864691135801133666,AL,L2/3,23P,True,1320.9325966086758,209.8518319792378,802.4800000000002,549.1855921498607,2.0,3.0,30620.0,25900.0,0.02685794075284566,0.08077728986153694,0.13469663897022824,0.018735832039265363,0.19998035037006126,101.64885745012828,5.0,56520.0
265,864691135750642473,V1,L6,6P-IT,True,701.1427491215362,532.4853052455254,888.2000000000003,342.58397339750974,14.0,6.0,101952.0,60092.0,0.039510256480562396,0.07092602972805868,0.10234180297555498,0.019480658905099833,0.05719957332752306,278.6685432903285,20.0,162044.0
266,864691135858298670,V1,L5,4P,True,672.8984052269868,367.732715129417,849.3200000000003,250.56520826339656,28.0,24.0,217440.0,289432.0,-0.006735663312987459,0.05183678047977247,0.1104092242725324,-0.03755654276046604,0.003634929458448681,170.44325583222135,52.0,506872.0
267,864691135586724220,V1,L5,5P-IT,True,738.835649098178,401.2550873406889,866.6400000000002,258.4981456169745,16.0,23.0,77100.0,250628.0,0.024853220939196192,0.06649830013440511,0.10814337932961401,-0.0036596180383552343,0.049715636811330274,193.73972543791686,39.0,327728.0
268,864691136052738803,V1,L4,4P,True,651.0641581773502,290.52794766149793,929.3600000000002,258.0983489428745,20.0,3.0,163188.0,20988.0,0.016947990976393924,0.05819964585968288,0.09945130074297183,-0.013222865551835812,0.016152304375548102,175.01518291258685,23.0,184176.0
269,864691136913993713,V1,L4,4P,True,611.6603823043963,296.6529899433115,913.7200000000003,270.54415890972336,28.0,10.0,208368.0,43232.0,-0.02241261066746779,0.03473279106087393,0.09187819278921566,-0.05177554638848844,-0.0206400795185717,181.63743139004907,38.0,251600.0
270,864691135511802576,AL,L5,5P-IT,True,1280.0288683922158,421.1067258160291,726.6400000000001,547.5027913773577,2.0,4.0,35988.0,44780.0,0.03758558166266293,0.08636722472140264,0.13514886778014232,0.031155303362633908,0.1222238472759761,200.91595040953047,6.0,80768.0
271,864691135593659947,RL,L4,4P,True,1224.3406632327212,334.3229404289303,1020.2800000000002,504.20569130118116,12.0,2.0,72372.0,23000.0,0.003974539638634477,0.03623669494020032,0.06849885024176616,-0.0036202544658168073,0.008972922507156096,217.2431452941641,14.0,95372.0
272,864691136177799686,V1,L4,4P,True,638.9178588190625,298.6522433170523,821.6000000000003,250.10620810736398,15.0,5.0,112764.0,21216.0,0.011913509643742251,0.052743255657392046,0.09357300167104184,-0.01957787113808549,0.021645573216788283,163.57808918892235,20.0,133980.0
273,864691135583223405,V1,L5,4P,True,648.3856356712213,365.20265886404746,877.9600000000003,258.5774813568298,16.0,16.0,141124.0,98428.0,0.014766041300496408,0.05283733560893384,0.09090862991737128,-0.01553275447637345,0.013029525679387907,174.52564882070453,32.0,239552.0
274,864691136118370724,V1,L4,4P,True,616.6840791676761,269.3388955994407,932.7200000000003,274.9251058310318,15.0,16.0,172644.0,142336.0,0.009588681751803736,0.052290320392002744,0.09499195903220173,-0.019084518494739623,-0.0031844040260565402,187.815477388983,31.0,314980.0
275,864691136144827444,V1,L2/3,23P,True,726.1487770580085,104.9417920368223,858.8000000000003,291.925982723517,18.0,7.0,161868.0,89064.0,0.03373895439350371,0.06309545954127521,0.09245196468904669,0.008709307307952076,0.03880261620522415,230.26471626870844,25.0,250932.0
276,864691136991606421,V1,L4,4P,True,907.8555286705327,266.22430760011713,745.2400000000001,294.3878678210193,25.0,5.0,535692.0,31300.0,0.03849885401072094,0.0739395493054106,0.10938024460010029,0.0161635443428168,0.06371193321365111,278.0704415831357,30.0,566992.0
277,864691135465955397,V1,L4,4P,True,662.9440444703464,261.95060254923317,846.4800000000002,238.50563902658294,20.0,11.0,168664.0,67612.0,0.006535598420913543,0.05639829354054936,0.10626098866018518,-0.026101167876187627,0.023714650878510796,155.07512458555726,31.0,236276.0
278,864691135741524587,V1,L2/3,23P,True,795.9479977029624,132.50608541352693,898.4800000000002,284.5649718015269,5.0,11.0,22780.0,121072.0,0.023523882975966047,0.05846561469158883,0.0934073464072116,-0.0011544103528269786,0.032829958367580715,237.93072288053898,16.0,143852.0
279,864691135118894813,AL,L4,4P,True,1302.0716380698996,260.94642146774004,810.0400000000003,528.2135969744841,0.0,3.0,0.0,22532.0,0.009495149590607616,0.07675930579171908,0.14402346199283053,0.0007569658395647023,0.17809121910279946,107.0919242513416,3.0,22532.0
280,864691135428676144,AL,L2/3,23P,True,1311.0334086610567,120.32839720388013,713.8800000000001,578.9890331570506,0.0,4.0,0.0,5252.0,-0.01373303115541506,0.03894041279398864,0.09161385674339233,-0.019962234455171618,0.0410859182565075,158.54772365523567,4.0,5252.0
281,864691135360482392,V1,L5,5P-IT,True,677.1948566022082,373.6978747735804,805.9200000000003,258.1803237612093,16.0,13.0,118864.0,66592.0,-0.00587857784147681,0.05039836115959333,0.10667530016066346,-0.035517760639310836,0.01963120800463426,180.40103075091926,29.0,185456.0
282,864691136033332155,V1,L4,4P,True,726.8811389920738,313.92888055187285,901.5600000000003,236.93631085281984,31.0,18.0,288068.0,128312.0,0.008789083741001276,0.045113423753759124,0.08143776376651697,-0.02265151556773943,0.013922881749545308,167.00543004269292,49.0,416380.0
283,864691135294441654,V1,L4,4P,True,647.0118079972771,305.2708633167563,837.2000000000003,245.0176616206989,33.0,5.0,243632.0,17760.0,0.021910504255190383,0.0656734799547234,0.10943645565425646,-0.010130844894892195,0.020270285638047038,159.15834272736032,38.0,261392.0
284,864691135466236229,V1,L4,4P,True,669.0635087846242,301.41813488286516,887.2800000000002,239.76390836824476,27.0,16.0,379152.0,78708.0,0.026464324218598054,0.06697133416582655,0.10747834411305505,-0.005844378086927609,0.04672135644762612,157.4756639859949,43.0,457860.0
285,864691135594721579,V1,L2/3,23P,True,608.5958230740079,131.2123444032162,983.8800000000002,342.43872887989556,3.0,8.0,43168.0,124136.0,0.044495125887607796,0.07302102293951712,0.10154691999142643,0.023488010410236078,0.03751005517798839,264.07712196764885,11.0,167304.0
286,864691135324725404,V1,L5,5P-IT,True,691.4555525878458,372.24725628299694,806.2000000000003,254.8147581512055,11.0,6.0,62980.0,39548.0,0.027429214166459458,0.05564888099189652,0.08386854781733359,-0.0023497881241466294,0.03486066837627052,179.59264438446712,17.0,102528.0
287,864691135572346349,V1,L5,5P-IT,True,641.7256867247371,383.3151294859759,806.0800000000003,272.7232612231438,12.0,28.0,87360.0,200456.0,0.04630890955111535,0.08579990008688214,0.12529089062264892,0.01780004458136479,0.07041844803282242,189.81651509529559,40.0,287816.0
288,864691135294442678,V1,L2/3,23P,True,668.4064931737583,201.7174811112519,888.2800000000002,253.6318413755559,15.0,37.0,239540.0,369220.0,0.016679154611021634,0.050815513661095414,0.0849518727111692,-0.013965589585971903,0.02154009212652199,173.78131790310047,52.0,608760.0
289,864691136453384959,V1,L2/3,23P,True,722.2253561719078,174.7534979932771,881.1600000000002,254.97756150998228,18.0,23.0,128052.0,211968.0,0.03410273744094341,0.0649527483163115,0.09580275919167959,0.004639074019078179,0.04650593283831065,187.17312494401688,41.0,340020.0
290,864691135994226881,V1,L2/3,23P,True,631.3493939732721,105.38516857363395,901.4800000000002,318.1632013391051,8.0,13.0,59092.0,51984.0,0.06699483803201806,0.110174661674394,0.15335448531676996,0.04341066426245434,0.050947314300853225,240.7483312108383,21.0,111076.0
291,864691136602371025,RL,L2/3,23P,True,1253.8671004531823,197.3029365132021,810.3200000000003,495.0362332590518,11.0,5.0,58248.0,71884.0,-0.02307406445030279,0.030588977474440334,0.08425201939918345,-0.032922318551441176,0.02584355026155639,171.14461015936925,16.0,130132.0
292,864691136066069400,RL,L2/3,23P,True,1154.507858612054,155.13876057252736,809.8400000000003,434.61855956225446,0.0,3.0,0.0,30692.0,0.033056182881191214,0.07201717829812795,0.11097817371506469,0.021203926043580155,0.11930779802554267,187.10600965998893,3.0,30692.0
293,864691135941708033,V1,L4,4P,True,917.0300720610749,336.8607145980319,783.4400000000002,290.61988241207393,4.0,4.0,13000.0,19080.0,-0.0072438700448368325,0.04790861717481604,0.1030611043944689,-0.029970696498726735,0.008650029017962529,275.8358962146902,8.0,32080.0
294,864691136954050527,V1,L5,4P,True,657.6175480486263,363.95452351244614,882.2400000000002,255.57847624573958,18.0,13.0,208568.0,50492.0,0.06266403901270792,0.09398654490880128,0.12530905080489466,0.03216592257892917,0.06546948329002111,172.9385753253905,31.0,259060.0
295,864691135571192966,V1,L5,5P-IT,True,605.2620201400699,402.09658063337724,810.0800000000003,296.23749499012814,9.0,18.0,96288.0,169532.0,0.07372084417827997,0.09148144848365936,0.10924205278903874,0.04738796474634235,0.09133268308596762,209.74017509571243,27.0,265820.0
296,864691135134016928,V1,L4,4P,True,584.0397888554392,320.8337115522179,776.0400000000001,294.1218619119198,13.0,8.0,192644.0,56720.0,0.042145492932070434,0.08224993018222687,0.12235436743238329,0.015345190938807056,0.03485987695432547,204.26364606185584,21.0,249364.0
297,864691135731679929,V1,L2/3,23P,True,698.4074050927735,231.83885378959292,901.5600000000003,242.20936579382547,8.0,26.0,57316.0,217872.0,0.049089738426468944,0.07833412436263086,0.10757851029879277,0.017660845928892957,0.06602904716653984,166.99352748073503,34.0,275188.0
298,864691135280944545,V1,L5,4P,True,608.851052083405,361.8080754524981,846.0800000000003,274.5107620724299,14.0,6.0,73108.0,23940.0,0.029599496770588724,0.06712731058842523,0.10465512440626173,0.0006146238113807284,0.0451231768290291,185.4265241801531,20.0,97048.0
299,864691135493149927,V1,L5,4P,True,669.4403831117119,364.6676652031891,886.4000000000002,253.0757506488545,30.0,25.0,240896.0,131856.0,0.04414404219189507,0.08051418217028776,0.11688432214868046,0.013566522056728599,0.049795501041461666,172.48951490235788,55.0,372752.0
300,864691135518453642,AL,L2/3,23P,True,1333.899926636088,216.57559520827695,840.6000000000003,558.2867798239627,1.0,4.0,15248.0,50428.0,0.0019350611201236028,0.04566004833508041,0.08938503555003723,-0.005860049921377562,0.053930319896578205,120.85328578057923,5.0,65676.0
301,864691135700814114,V1,L6,6P-CT,True,570.4668310635802,531.781470243275,886.3200000000003,385.8299032576743,2.0,3.0,2084.0,31276.0,0.05830961115826655,0.09375013239877314,0.12919065363927973,0.040608091038341156,0.04774515546565866,304.06609301545416,5.0,33360.0
302,864691135772987899,RL,L4,4P,True,1088.1379039700273,337.3114600003376,966.1600000000003,392.51556289503355,3.0,3.0,15404.0,3808.0,0.034736545525948,0.07406128620020036,0.11338602687445276,0.020938422747074747,-0.025481676410423273,201.07899588532277,6.0,19212.0
303,864691135342848433,V1,L4,4P,True,498.5736753613531,332.8224697955059,714.7200000000001,378.5365550663316,9.0,5.0,96388.0,45704.0,0.043202920573479804,0.08445628020265346,0.12570963983182712,0.024440947141605177,0.06421356907763014,286.88609950767574,14.0,142092.0
304,864691135015605910,V1,L2/3,23P,True,723.2150844178473,237.60693479667867,887.0400000000003,235.8906404274597,35.0,13.0,499652.0,142676.0,-0.010343109126983904,0.05094391690320538,0.11223094293339465,-0.04209383300307751,-0.004821669226875652,165.37720495971058,48.0,642328.0
305,864691135695146943,V1,L2/3,23P,True,682.2950838203086,206.7229990517409,871.2800000000002,245.9012635263922,12.0,24.0,137480.0,286764.0,0.051587004281142074,0.09387506117462191,0.13616311806810172,0.020207180746750045,0.08003206438052857,167.8357718544053,36.0,424244.0
306,864691136927187786,V1,L5,5P-IT,True,629.4106903163779,485.1573472125263,871.7200000000003,326.0629750525489,9.0,14.0,82764.0,91624.0,0.048475418040078405,0.0752514581578195,0.10202749827556058,0.025621088587526732,0.05021574951520216,247.02073173237272,23.0,174388.0
307,864691135396794101,V1,L2/3,23P,True,639.6279656513739,229.58732032218674,821.9600000000003,255.63880968543427,24.0,31.0,223596.0,280552.0,0.03665444800552879,0.0661146298567182,0.09557481170790762,0.005837688922334522,0.047910806080337945,170.47731308092253,55.0,504148.0
308,864691135919645872,AL,L5,5P-IT,True,1289.342195756196,360.1826010918171,810.7200000000003,526.3304866041119,2.0,7.0,15628.0,89648.0,0.01286352090348381,0.05571564936081198,0.09856777781814013,0.004793729361276741,0.08317653549868978,157.25288363868722,9.0,105276.0
309,864691135385422677,RL,L4,4P,True,1131.3257385368734,341.53961721438924,978.6800000000003,424.60277128734054,1.0,8.0,35160.0,107708.0,0.008559520148481495,0.0529507219499765,0.0973419237514715,-0.0031885941680531555,0.053678714448462526,193.2870358279048,9.0,142868.0
310,864691135727790911,V1,L2/3,23P,True,695.4316026471192,234.27677253402194,855.9600000000003,235.315507391559,14.0,27.0,72696.0,252096.0,0.04785927126630423,0.06905129798802159,0.09024332470973898,0.015426103360948617,0.055527138493757094,158.4898205458163,41.0,324792.0
311,864691136091074615,V1,L4,4P,True,790.4573127573524,303.9439133828176,951.2800000000002,257.96249926322173,15.0,11.0,110632.0,93012.0,0.03943621915092658,0.07514367513280643,0.11085113111468628,0.011780930919727243,0.05812563054519154,205.98025487899938,26.0,203644.0
312,864691134966324767,V1,L4,4P,True,619.8456308497053,272.12102984527786,836.9600000000003,256.93836842967215,18.0,26.0,192048.0,256708.0,0.02216110399388865,0.05983901762793961,0.09751693126199057,-0.008851121979341667,0.03284738614326477,167.7843650108316,44.0,448756.0
313,864691135786943684,V1,L6,6P-CT,True,680.804004764589,563.0208638941359,919.8000000000003,374.0015663374525,9.0,3.0,85684.0,32876.0,0.022671156027704475,0.05908027078997919,0.09548938555225392,0.005353817931199703,0.014313607497937673,309.38437299201973,12.0,118560.0
314,864691135498992403,AL,L4,4P,True,1326.3775316042556,293.010834443757,857.4000000000002,549.3344705952576,0.0,1.0,0.0,2644.0,0.00583441454355532,0.041530880534869606,0.07722734652618388,-0.001949209889246903,0.002045928376459005,142.08895743843365,1.0,2644.0
315,864691136034271675,V1,L2/3,23P,True,473.65102572155774,166.81862299992105,695.8000000000002,422.1123397040787,1.0,0.0,7544.0,0.0,0.020443307963216355,0.055160746270907224,0.08987818457859809,0.0054363091083086245,0.018797902816488576,333.4477350797405,1.0,7544.0
316,864691135504168285,V1,L4,4P,True,691.7449708590619,312.39673143095996,837.3600000000002,233.66344213573024,12.0,18.0,73844.0,102280.0,0.06309307968509914,0.08933836584837795,0.11558365201165678,0.030482227236402298,0.08360157537178632,155.48992242879353,30.0,176124.0
317,864691135388368001,V1,L4,4P,True,633.0265713036048,352.03793244260544,901.2000000000003,265.34611406327207,24.0,18.0,124936.0,106252.0,-0.011775906114424455,0.051197956862598794,0.11417181983962205,-0.04145816246395444,-0.009206890366014126,179.3675537192994,42.0,231188.0
318,864691135867905302,AL,L4,5P-IT,True,1349.1335883174906,346.46155158454025,840.8800000000002,574.5808346989268,8.0,4.0,58540.0,54412.0,0.026618851621372272,0.07790428154540019,0.12918971146942812,0.01985720880922577,0.17172153802411827,162.01652729807677,12.0,112952.0
319,864691136925601354,AL,L4,4P,True,1244.9818893911565,271.69161070748555,625.0000000000001,536.407497247911,6.0,2.0,79816.0,52332.0,0.03515648141930225,0.0952417273488229,0.15532697327834352,0.02860071635435144,0.23311553827712972,187.07790507088646,8.0,132148.0
320,864691136391042167,V1,L4,4P,True,689.7910345613892,259.09560779416756,837.3200000000003,233.05025230488573,22.0,31.0,277772.0,251116.0,0.03551667804981358,0.06171536741742551,0.08791405678503744,0.0027294343230053275,0.03138956583675141,154.63019237174396,53.0,528888.0
321,864691136011684526,V1,L2/3,23P,True,653.8218989654686,102.59716725087556,820.0400000000003,309.56375387466295,13.0,21.0,76220.0,125120.0,0.0351124926796124,0.06854809713454951,0.10198370158948662,0.01096781487091247,0.03978235292491746,235.6485214932204,34.0,201340.0
322,864691136275919117,RL,L2/3,23P,True,1152.8564332901801,143.17329717129323,689.6800000000002,466.3899186719465,3.0,6.0,13460.0,129584.0,0.003984978762844712,0.04447917432573103,0.08497336988861735,-0.005400282446682064,0.046383531596310236,254.53447434064051,9.0,143044.0
323,864691136034011579,V1,L2/3,23P,True,684.8391860611167,155.61424794404599,870.7200000000003,267.03952851710727,15.0,16.0,153528.0,105596.0,-0.015429051976895982,0.037994269481852076,0.09141759094060012,-0.04417329951807828,6.892016099681199e-05,192.81106710467336,31.0,259124.0
324,864691137199828801,V1,L5,5P-IT,True,584.5714012533472,395.5322952888484,792.3600000000002,309.10277845690564,7.0,15.0,62700.0,97952.0,0.057361274986249176,0.08485828242235571,0.11235528985846226,0.03225862574561453,0.06752155867811527,220.96519745476567,22.0,160652.0
325,864691135937286404,RL,L4,4P,True,1244.5556806844027,286.1093279379728,797.2400000000002,482.5495627337608,9.0,14.0,104124.0,47804.0,-0.0134304351480147,0.04751877079809716,0.10846797674420902,-0.023639314803231296,0.07161089886112641,166.25996415612357,23.0,151928.0
326,864691135102151968,V1,L2/3,23P,True,677.3302301383853,222.3497480392013,871.3200000000003,242.42124313612723,10.0,37.0,104668.0,483744.0,0.03630807668372769,0.06797976854478337,0.09965146040583905,0.004405555537512361,0.045962350177289994,162.70605562582864,47.0,588412.0
327,864691135060882843,V1,L5,4P,True,631.8576547607369,371.27325084693166,807.1200000000002,272.007808227416,13.0,12.0,69368.0,118716.0,0.04136797164213161,0.06701924834665127,0.09267052505117093,0.012589346335708074,0.04866576654219148,187.14223041090867,25.0,188084.0
328,864691135325413788,V1,L4,4P,True,670.2880028896527,334.41843267222987,961.0400000000003,271.70331709114913,3.0,8.0,14128.0,72360.0,0.02658311431808957,0.058324540623639204,0.09006596692918883,-0.0014028204653236422,0.03839323833966556,194.34160490667054,11.0,86488.0
329,864691136814627955,V1,L4,4P,True,707.3497549076413,348.4539867174789,837.5600000000003,239.55605606356104,23.0,15.0,227356.0,53432.0,0.014456992551208804,0.059195891223948076,0.10393478989668735,-0.01703668714314615,0.03212654510185646,165.52722774878737,38.0,280788.0
330,864691134966114591,V1,L4,4P,True,610.613602828546,263.0900399429176,777.6000000000001,276.9483529023297,7.0,17.0,51644.0,133016.0,0.025752091920236513,0.05154411189867111,0.07733613187710571,-0.002688016369199832,0.024473823133979975,189.70712012767405,24.0,184660.0
331,864691136086088556,V1,L2/3,4P,True,811.8963617390457,247.61409766537935,912.0000000000002,250.64906807298405,10.0,7.0,62956.0,61680.0,0.012496152425208547,0.06261327753430944,0.11273040264341032,-0.01581856903133668,0.02461980975693391,203.72292049720323,17.0,124636.0
332,864691136618795227,V1,L5,5P-IT,True,625.2767511573545,402.43426436964927,837.2400000000002,282.50947875456484,5.0,26.0,27044.0,180792.0,0.04250852663733804,0.07532086312408372,0.10813319961082936,0.01478537411739798,0.03417272001319746,197.4916967997509,31.0,207836.0
333,864691135276505573,V1,L4,4P,True,482.0658674383035,290.19751872719735,809.3600000000002,359.77992037153916,6.0,4.0,60484.0,23024.0,0.03653103335572151,0.06595983648779316,0.0953886396198648,0.015381109263838282,0.043950319309947875,262.58155295221144,10.0,83508.0
334,864691135503443549,V1,L4,4P,True,866.7148951855313,317.1685232526598,725.0800000000002,289.8874368969894,2.0,1.0,40200.0,1452.0,0.040092890008767305,0.08028829512658209,0.12048370024439686,0.01712219883824105,0.03118141235037431,261.5893884700201,3.0,41652.0
335,864691136238090767,V1,L5,5P-IT,True,648.0982692865261,394.9227069891926,823.5600000000003,271.61569691177743,17.0,19.0,132380.0,209872.0,0.03176738680460707,0.06569652044133091,0.09962565407805475,0.003167561286698529,0.05180347420681466,189.56198535709527,36.0,342252.0
336,864691135996158378,V1,L4,4P,True,500.2043203027111,268.6564186697336,746.7600000000001,361.4529132933792,10.0,2.0,56616.0,22532.0,0.038524140055461654,0.07517724413820911,0.1118303482209566,0.017958210469762065,0.05652251358321968,267.80418142612007,12.0,79148.0
337,864691135519106442,AL,L2/3,23P,True,1350.7223260932974,240.9183956326751,714.4400000000002,588.31051669931,0.0,4.0,0.0,65272.0,0.0289065445629202,0.07175543554899282,0.11460432653506543,0.022260549277864552,0.23781411208476735,112.7112750315282,4.0,65272.0
338,864691135015154934,V1,L5,5P-IT,True,663.2824512434541,377.0420543641091,807.4400000000003,262.6560087451516,18.0,8.0,247920.0,62344.0,0.0567501505413122,0.10041463775311206,0.1440791249649119,0.027393499425761362,0.0909936978392419,182.60981998999875,26.0,310264.0
339,864691135571515270,V1,L4,4P,True,660.2974577530615,270.9060153676292,815.2400000000002,243.1640205318786,24.0,3.0,170548.0,30828.0,-0.016688681182115105,0.05007806924101821,0.1168448196641515,-0.04866651035769469,0.0004215112045160914,160.11563068092948,27.0,201376.0
340,864691136107283417,V1,L4,4P,True,835.6023492410674,297.5502326835602,870.4800000000002,248.011169622585,8.0,10.0,54520.0,32120.0,-0.004054988430026846,0.06202587528417565,0.12810673899837816,-0.03236068924094816,0.028531458402099537,206.90595476104696,18.0,86640.0
341,864691135955962888,V1,L5,5P-IT,True,611.1521809190402,461.0743702664066,809.8800000000002,323.49975527160007,3.0,36.0,34040.0,467100.0,0.010829494767551228,0.05717789735606665,0.10352629994458207,-0.01235997977376638,0.016701123082080823,241.48835498701473,39.0,501140.0
342,864691135739008132,V1,L2/3,23P,True,706.2910672855735,106.48093549788778,829.6800000000003,293.8900180881221,7.0,7.0,31156.0,33456.0,0.04954717127012576,0.07609258950998296,0.10263800774984014,0.024445982134362262,0.06551207603702848,228.39073313292545,14.0,64612.0
343,864691135397846049,V1,L2/3,23P,True,987.4922029878948,138.0212497595554,870.6400000000002,343.8666078478637,7.0,5.0,86372.0,20260.0,0.02995679707621712,0.0702512980737777,0.11054579907133828,0.012444359806476644,0.023612293379487035,352.8779313403739,12.0,106632.0
344,864691135773208651,V1,L5,4P,True,808.7681049233444,370.75403676433706,837.7600000000002,255.53556934633363,17.0,9.0,155276.0,77020.0,0.017643258496376615,0.07783955730559966,0.1380358561148227,-0.01002968423884797,0.05393896299536857,207.77403936297625,26.0,232296.0
345,864691135210134905,V1,L2/3,23P,True,696.6192471572385,179.58014539378982,901.1200000000002,259.05607309754896,17.0,32.0,210512.0,256992.0,0.04481665292142507,0.07707022724443853,0.109323801567452,0.015395713842906816,0.042706934922094895,186.07915972809317,49.0,467504.0
346,864691135478268840,V1,L4,4P,True,793.0406342365427,267.8075549313195,952.2000000000003,258.4883337139569,9.0,1.0,98548.0,3052.0,0.0268169688209203,0.05881735987962264,0.09081775093832499,-0.0007554236243040146,0.02819922883872023,207.44054371472987,10.0,101600.0
347,864691136990522517,V1,L2/3,23P,True,776.7342400111213,205.99112886700274,745.8000000000002,271.2772544626127,14.0,11.0,122472.0,69140.0,0.01865825141243683,0.052422217739354876,0.0861861840662729,-0.007480554913711909,0.022495381091274153,219.28590041948493,25.0,191612.0
348,864691135654715586,RL,L2/3,23P,True,1216.9595952834306,221.89180354982562,806.2800000000002,463.30533485882387,0.0,6.0,0.0,40908.0,0.027284320480301435,0.06569944340190802,0.1041145663235146,0.016166408427691504,0.06537634177993723,156.61521784161025,6.0,40908.0
349,864691135646147567,V1,L4,4P,True,517.155591232016,342.9284467683476,869.8400000000003,333.5353577591727,21.0,2.0,172172.0,4256.0,0.022826690633530437,0.06334931069808325,0.10387193076263607,-0.0006660136415472606,0.02312057117877466,237.52931759626742,23.0,176428.0
350,864691135885911920,V1,L2/3,23P,True,703.9455178763371,238.2981115485407,892.4400000000003,237.9409590375328,19.0,42.0,127840.0,356536.0,0.027905247075793126,0.06606019612209735,0.10421514516840158,-0.003973832005739417,0.051322961940697076,163.3032936246832,61.0,484376.0
351,864691136903681458,RL,L4,4P,True,1164.1571652837915,276.8910573096106,782.0400000000001,425.68269960341706,0.0,7.0,0.0,112312.0,-0.038539021557010895,0.05133012365600199,0.14119926886901488,-0.051122503765022365,0.08574775255676254,166.51116852596925,7.0,112312.0
352,864691135430346544,V1,L5,5P-IT,True,701.7011235671483,435.78198545774103,854.6800000000003,277.43668985505684,23.0,19.0,190412.0,146552.0,-0.0012627412964404373,0.060340048163948924,0.12194283762433827,-0.028233703126815158,0.021848547838185742,206.70195004580157,42.0,336964.0
353,864691135134155168,RL,L2/3,23P,True,1234.7953350588418,211.8882240572732,777.8000000000002,481.9564655543453,12.0,5.0,116160.0,62740.0,0.004895688405506093,0.05874326599949001,0.11259084359347392,-0.005347426196866717,0.11319712136320212,174.37308448645024,17.0,178900.0
354,864691136195391208,RL,L2/3,23P,True,1179.0270156416345,229.55893715494867,714.6400000000001,455.80081894779227,0.0,7.0,0.0,51464.0,0.030211958036205425,0.06001308693989593,0.08981421584358644,0.01958941065169143,0.047761870805159035,206.09595877266597,7.0,51464.0
355,864691135656578242,V1,L2/3,23P,True,694.879007755497,136.31985507085471,900.5600000000003,280.58464744650473,9.0,24.0,89388.0,217272.0,0.0245105787278334,0.05504738913522015,0.08558419954260692,-0.0023780457299056867,0.029380324673576277,210.3984358491509,33.0,306660.0
356,864691136578982164,RL,L4,4P,True,1083.5854729544942,317.38285513575136,899.6800000000003,372.24321575813883,4.0,5.0,31644.0,17860.0,-0.00023168106724149497,0.043681193128806195,0.08759406732485389,-0.01581962638313483,-0.0013021999061926858,181.70195770505921,9.0,49504.0
357,864691135257638575,RL,L2/3,23P,True,1261.0647309876942,226.64992550166005,961.1200000000002,512.8392557420756,0.0,3.0,0.0,46188.0,-0.004002856122839881,0.06687248581245926,0.13774782774775843,-0.012210767097768272,0.11765720905708699,189.04711112353178,3.0,46188.0
358,864691135695042751,V1,L5,6P-IT,True,639.1473076991783,504.5758425698125,892.8800000000002,337.2965547861403,15.0,4.0,87528.0,38720.0,0.006173121509653024,0.05084748602383339,0.09552185053801375,-0.015388063000554175,0.0010887366855286847,261.2180525776908,19.0,126248.0
359,864691137055712630,V1,L4,4P,True,576.8139215519859,260.9681291052652,807.6400000000002,288.4510708463711,14.0,9.0,201956.0,91412.0,-0.03022938224628334,0.04899255530977538,0.12821449286583408,-0.05795370348988299,-0.011521559150336733,196.52339264162018,23.0,293368.0
360,864691135396940021,V1,L4,4P,True,641.1282081577531,333.60188188172054,899.6800000000003,257.04949750081727,30.0,20.0,316128.0,178028.0,0.02175425701876406,0.06448901541521293,0.10722377381166179,-0.008827482847159358,0.037181257300196405,171.5142875042343,50.0,494156.0
361,864691135850033758,V1,L2/3,23P,True,642.4495790706682,193.66454312286567,870.4000000000002,263.09638655037276,5.0,20.0,43104.0,162308.0,0.04043823578726587,0.08411802203954682,0.12779780829182777,0.01049186198337773,0.045100292473313396,179.49407320013754,25.0,205412.0
362,864691135782241616,V1,L2/3,23P,True,636.038413311145,223.6197618602396,837.8000000000003,256.43645301481934,19.0,28.0,248980.0,195084.0,0.05151004300107305,0.07407750174567518,0.09664496049027732,0.020676629118650397,0.06434819941973378,170.58890545334964,47.0,444064.0
363,864691135294190518,V1,L2/3,23P,True,674.4511315617303,178.15464234427276,960.9600000000003,286.9372033379739,10.0,19.0,85124.0,121876.0,0.019446020042033666,0.06425624081163123,0.10906646158122879,-0.006757124584600887,0.025446734366867594,213.33916739968862,29.0,207000.0
364,864691136619693275,V1,L5,5P-IT,True,684.4702895728362,376.4544601776447,809.1600000000002,256.89697347222665,15.0,9.0,115244.0,98576.0,0.024106061357772796,0.06653678812181504,0.10896751488585726,-0.005563458774636048,0.04304356584302204,180.41951862347864,24.0,213820.0
365,864691135839950227,V1,L2/3,23P,True,654.6261957319853,117.63649551750271,839.6800000000003,297.19087201958183,13.0,22.0,121576.0,180728.0,0.02562766600115571,0.06458172181048853,0.10353577761982133,-1.0261689599712867e-07,0.011022033430320394,221.46878813026214,35.0,302304.0
366,864691136228367697,RL,L4,4P,True,1340.0960088281176,336.6766400891173,899.1600000000002,568.7369733093387,4.0,0.0,17408.0,0.0,-0.01711978256773673,0.05080520567327842,0.11873019391429356,-0.02383628205949453,0.07904168891011389,221.06654871279162,4.0,17408.0
367,864691135741659499,RL,L4,4P,True,1098.0903857790342,346.91943719855095,991.6400000000002,408.7406429323928,7.0,4.0,49036.0,54540.0,0.028619839696840753,0.09471312747217557,0.16080641524751038,0.01609052767281354,0.13463501759162042,211.40901266347728,11.0,103576.0
368,864691136314491965,V1,L2/3,23P,True,648.9136922870601,194.6797910362675,900.7600000000002,265.55296459613953,9.0,29.0,89976.0,264368.0,0.043505321002589234,0.06912244742174463,0.09473957384090001,0.014035373428797519,0.050344479475293885,183.5624398713201,38.0,354344.0
369,864691136085781356,V1,L4,4P,True,614.4674585256686,314.5015619614862,868.8400000000003,261.37837359616947,26.0,12.0,276464.0,93164.0,0.03012400767348614,0.0666233921744882,0.10312277667549029,-0.00042603566220700446,0.04116699232195626,171.50865106367723,38.0,369628.0
370,864691135587532924,V1,L5,5P-IT,True,882.902158028056,415.5938743450844,900.7600000000002,297.6371989318001,2.0,9.0,12292.0,36676.0,0.02266192916868197,0.06355671244608463,0.10445149572348729,0.000490828834175903,0.04106285721681314,272.3746886219345,11.0,48968.0
371,864691135911276969,RL,L4,4P,True,1164.1243913411017,338.948347597446,899.7600000000002,428.3375848442307,7.0,2.0,64380.0,18164.0,0.04182668536480451,0.08053735889298826,0.119248032421172,0.02968160068421805,0.09506715495661636,161.09613941289234,9.0,82544.0
372,864691136420195223,V1,L4,4P,True,929.5861353328945,340.2077842289275,961.5200000000002,308.66815583857834,2.0,12.0,4784.0,118572.0,-0.005424548836770577,0.05472536092524271,0.11487527068725599,-0.026246204777285287,0.0001464852648130158,297.62976616505557,14.0,123356.0
373,864691135843242211,V1,L5,4P,True,663.1332911401696,365.5292444871248,893.5600000000003,256.53224203839727,29.0,10.0,219460.0,78600.0,0.042897362893375125,0.08043693383185582,0.11797650477033651,0.01264440882495047,0.045394407422659516,175.14325962309087,39.0,298060.0
374,864691135810473245,V1,L4,4P,True,675.111210678594,266.8055153662543,868.8800000000002,235.20099885344914,17.0,18.0,111484.0,159272.0,0.00821754579919818,0.05643635710128713,0.1046551684033761,-0.02461720767463953,0.013666462092709317,153.7089003357993,35.0,270756.0
375,864691136523216017,V1,L4,4P,True,684.0142542588924,289.8772617025702,746.5200000000001,263.1328031671524,9.0,10.0,90292.0,52536.0,-0.04185889397553391,0.025214033593350175,0.09228696116223425,-0.070490521734676,-0.03951344332783145,188.69603011474135,19.0,142828.0
376,864691135448698196,V1,L5,5P-IT,True,685.3675620141393,367.6672245391701,878.6400000000002,249.4024915306721,6.0,20.0,12764.0,162740.0,0.02249541997365871,0.05631954532241665,0.09014367067117458,-0.008232028602518274,0.03122779035871362,171.64338148219738,26.0,175504.0
377,864691135611019015,V1,L4,4P,True,649.24863080103,284.8440852119103,899.8000000000003,248.54896603315123,22.0,8.0,236588.0,84452.0,-0.021994205274296543,0.042669497400311215,0.10733320007491896,-0.05352864785812191,-0.02412988285757639,163.61454793161366,30.0,321040.0
378,864691135346685855,V1,L4,4P,True,529.9864485808423,261.62534682932886,802.9600000000003,323.00392381636703,5.0,2.0,24132.0,5176.0,0.02253829669711212,0.05933542139286638,0.09613254608862064,-0.0018702954970732676,0.03986201285517328,228.2814147166764,7.0,29308.0
379,864691135164887853,V1,L2/3,23P,True,680.3293847212267,170.445630747909,827.2800000000002,262.1348377382165,24.0,35.0,287116.0,310668.0,0.06276563131136191,0.09218575700195973,0.12160588269255758,0.033420859559986506,0.08058556880395036,186.4718400909418,59.0,597784.0
380,864691136084684396,RL,L2/3,23P,True,1318.2922525471417,206.9868085523317,868.2800000000002,546.9573629356261,1.0,5.0,15720.0,59220.0,0.016835637963643645,0.06845071196881315,0.12006578597398265,0.008863318990995024,0.13438762099501603,197.18078686166234,6.0,74940.0
381,864691135717275162,V1,L2/3,4P,True,809.3851490846818,246.94468373920006,794.8000000000003,250.2355960553878,19.0,8.0,167612.0,30020.0,0.043259751419204164,0.07998835377298827,0.11671695612677235,0.014956039729379998,0.06622783100804493,203.26052347919287,27.0,197632.0
382,864691135640297787,V1,L4,4P,True,660.5812115872982,274.27155303070117,863.1600000000002,238.51753609581917,9.0,17.0,41588.0,116304.0,0.022595014714727094,0.05492530286993176,0.08725559102513644,-0.010090364141094411,0.03482632186102104,154.45015473568043,26.0,157892.0
383,864691135562975969,V1,L2/3,23P,True,671.2158812166267,141.7019582290459,895.8000000000003,281.5344735753619,14.0,23.0,171088.0,194836.0,0.04399393526223141,0.07968329857090006,0.11537266187956875,0.016789928357987823,0.03919733153962057,206.55664431062422,37.0,365924.0
384,864691135480311494,V1,L6,6P-IT,True,609.8756358596098,547.628476539369,930.1200000000002,385.89466450800603,13.0,7.0,129536.0,61220.0,-0.004948582021810832,0.049536036689883885,0.10402065540157861,-0.02213454066971107,-0.0007864441149740247,310.33848701150197,20.0,190756.0
385,864691135750958889,V1,L4,4P,True,670.2372807849363,288.73617717550445,839.4400000000003,235.96749260984515,31.0,36.0,262668.0,285492.0,-0.006244356655185723,0.04999947544744265,0.10624330755007101,-0.03902974885851937,0.000605028369156572,153.58802885102716,67.0,548160.0
386,864691135362104647,V1,L5,5P-ET,True,652.5113089355399,421.5847859977063,836.8400000000003,281.30640808753964,1.0,71.0,7460.0,1183408.0,0.045558522135383014,0.09834518480116937,0.1511318474669557,0.018164926959833277,0.02699428578108822,201.23793668212707,72.0,1190868.0
387,864691135360346200,V1,L4,4P,True,732.173907673504,260.041116526216,808.8000000000003,235.19758172336168,14.0,5.0,57920.0,29548.0,0.020997211495298488,0.053518055446817515,0.08603889939833653,-0.010532414856069431,0.028180416978928074,167.0345593894487,19.0,87468.0
388,864691135719761713,RL,L2/3,23P,True,1195.559042503284,158.0878290913003,821.0000000000002,460.69043762960956,2.0,8.0,11472.0,69152.0,0.0251825732757697,0.06513891782607524,0.10509526237638078,0.014380857988923251,0.05960903757908188,176.9861161753845,10.0,80624.0
389,864691135518283475,V1,L2/3,23P,True,632.3234577579583,192.65013336330972,809.0000000000002,272.8529226232248,25.0,27.0,160436.0,406432.0,0.038226374409910086,0.06273517142664516,0.08724396844338023,0.00946363113484195,0.03512211898631998,189.18474370241188,52.0,566868.0
390,864691135892214409,V1,L2/3,23P,True,687.2953123759034,76.87267801096792,899.6800000000003,320.2821949017531,18.0,11.0,189596.0,56504.0,0.04406617154898948,0.06509895381676872,0.08613173608454797,0.021587559583617875,0.048169026075834676,254.05657618681224,29.0,246100.0
391,864691136438585502,V1,L2/3,23P,True,856.4479369593748,194.39852196251422,808.4400000000003,272.64381120491504,13.0,8.0,186668.0,69136.0,-0.017239296817116796,0.05156673499842867,0.12037276681397416,-0.04242147381788439,-0.010772999016338984,240.66041569610425,21.0,255804.0
392,864691135808925981,V1,L4,4P,True,710.7779795900369,323.9555522465375,746.7600000000001,261.9388997452578,30.0,10.0,320308.0,34896.0,0.016637420574460916,0.062123081898842566,0.10760874322322422,-0.011640242424744492,0.035715614741803424,192.87056058240066,40.0,355204.0
393,864691135662059248,V1,L4,4P,True,603.3631696552306,286.48314086603773,838.0800000000003,265.8655920739601,10.0,11.0,187288.0,70196.0,0.038595070864354576,0.07403085903121559,0.10946664719807658,0.008444506281085723,0.050774322107478155,174.91699168562454,21.0,257484.0
394,864691135720638769,RL,L2/3,23P,True,1230.7141990653663,218.1483512926222,880.0000000000002,474.30993160102196,6.0,8.0,19424.0,107816.0,0.027592919368124677,0.07109823049127782,0.11460354161443094,0.017084396977651475,0.1421549343603165,152.17177725349856,14.0,127240.0
395,864691134919529994,V1,L5,6P-CT,True,629.1152893244863,509.09469013637624,900.4800000000002,345.1076524829244,2.0,10.0,1028.0,68864.0,0.009325194392490967,0.04970940821556574,0.09009362203864052,-0.011581655025212382,-0.002564950530770776,268.16349106226056,12.0,69892.0
396,864691135756075981,V1,L5,5P-ET,True,649.698770390486,414.07909569417086,858.7200000000003,277.48638905228796,17.0,24.0,73456.0,315484.0,-0.006077721249161037,0.056134648175124834,0.11834701759941071,-0.03402519018408121,0.009840354827868452,196.22844314332892,41.0,388940.0
397,864691136438426526,RL,L2/3,23P,True,1133.3206271490094,138.83011234738694,660.3200000000002,467.75528108636286,2.0,3.0,24368.0,9520.0,0.03676768797794306,0.06164461040616649,0.08652153283438992,0.027863143947831768,0.040650155854139475,281.4880938965941,5.0,33888.0
398,864691136968542926,V1,L2/3,23P,True,682.206992250533,168.81105497239653,813.8400000000003,265.0422962252264,23.0,30.0,405412.0,272124.0,0.02228491934464102,0.055602799402248146,0.08892067945985525,-0.006608973140562229,0.011755397968968066,190.34108437658543,53.0,677536.0
399,864691136013367715,V1,L4,4P,True,759.6315263312463,271.50181710017745,777.4800000000001,245.2076231340576,40.0,23.0,295928.0,217060.0,0.04850528126549417,0.09143372826517539,0.13436217526485658,0.018869792616787465,0.03938332191279279,185.1686934725876,63.0,512988.0
400,864691135855890478,V1,L2/3,23P,True,532.3479515607174,131.09445592730498,961.8800000000002,375.9492663777222,16.0,13.0,136704.0,128652.0,0.04668703187559257,0.0742853811899631,0.10188373050433361,0.027942727673360344,0.039768235323076176,289.2502846100128,29.0,265356.0
401,864691135464928318,V1,L2/3,23P,True,671.9666236599371,142.66706225650228,819.0400000000003,279.7605907204435,7.0,12.0,116836.0,127092.0,0.04752479087735383,0.07711911422274242,0.10671343756813102,0.020192769177083146,0.06971523189217797,205.0939432178905,19.0,243928.0
402,864691135417478842,V1,L4,4P,True,577.552785550133,268.67786321172065,777.3600000000001,295.73066590625564,29.0,10.0,151228.0,108220.0,-0.003379248076034218,0.04485326444840228,0.09308577697283879,-0.03011386811090581,-0.009789419048502033,205.2372085476571,39.0,259448.0
403,864691135059845275,RL,L4,4P,True,1197.346680568669,305.8137738340812,869.5600000000003,445.69170958194405,11.0,4.0,142144.0,19472.0,0.005467464977616525,0.04222548128913304,0.07898349760064956,-0.006151270552588509,0.017285298026042752,148.67448877031137,15.0,161616.0
404,864691136091634487,V1,L2/3,23P,True,648.1411870180666,171.93390781293724,838.6000000000003,269.8328958635739,10.0,31.0,108872.0,325952.0,0.07486560936167673,0.09723354420537564,0.11960147904907452,0.045865105162583526,0.07787833752305588,188.62726123440353,41.0,434824.0
405,864691135416233914,RL,L2/3,23P,True,1242.7627251133006,232.4368214721848,868.7600000000002,481.0002260552117,3.0,6.0,4288.0,26960.0,0.029790004327057428,0.07071165601102894,0.11163330769500043,0.01945253604540032,0.10816045674198443,151.74565097665823,9.0,31248.0
406,864691136904761266,RL,L2/3,23P,True,1180.9428886117232,228.95562068535384,838.1200000000002,434.5584295671643,14.0,5.0,234612.0,31656.0,0.020815632101651417,0.07586782449254678,0.13092001688344215,0.00843583097748772,0.14225804013517637,147.77697835330545,19.0,266268.0
407,864691135540272498,V1,L2/3,23P,True,707.9472902430147,119.86019696910674,869.2800000000002,283.9979121826362,15.0,13.0,75220.0,174060.0,0.033777614926762484,0.06244458722587431,0.09111155952498613,0.00748468863265746,0.025773982846350317,217.2111926731265,28.0,249280.0
408,864691135975539779,AL,L2/3,23P,True,1283.3321227356162,197.56799102775386,747.1200000000001,528.3737859045796,18.0,7.0,254800.0,65104.0,0.0061490813437329395,0.04868035461906305,0.09121162789439317,-0.002280811577725836,0.0290097020815697,107.11101526104228,25.0,319904.0
409,864691136924515300,V1,L2/3,23P,True,827.059532027949,133.04368000536664,746.5600000000002,307.3804317361261,3.0,4.0,11312.0,64800.0,0.04561254523445157,0.08336047503131841,0.12110840482818523,0.024056957463778395,0.05756423618402945,271.66027390434596,7.0,76112.0
410,864691135567047191,V1,L2/3,23P,True,669.7999156163667,161.55810733754333,853.0400000000003,266.8976510488856,28.0,28.0,342020.0,266044.0,0.0449559671242117,0.06802492353867616,0.0910938799531406,0.015931093868064437,0.05252640558141568,189.57138250254653,56.0,608064.0
411,864691136194355176,RL,L2/3,23P,True,1214.7176857347251,215.2069704497832,830.6000000000003,460.9402947738654,1.0,7.0,7692.0,41692.0,-0.002270274016878556,0.05657355954038335,0.11541739309764526,-0.013499161646910066,0.08252961733324522,151.161631508046,8.0,49384.0
412,864691135939008565,V1,L2/3,23P,True,528.3291848296136,155.7339580724574,890.9600000000003,350.1041252367266,12.0,11.0,100304.0,159144.0,0.026526513579555454,0.0639091926147328,0.10129187164991015,0.004998193988769251,0.03499061805092857,259.234086422011,23.0,259448.0
413,864691135591854347,V1,L5,5P-IT,True,866.3597842108703,417.4230721180139,899.5600000000003,292.81507572185103,3.0,7.0,7724.0,81976.0,0.03756225695532714,0.07107992466643809,0.10459759237754905,0.014746313009632268,0.06022758928257323,262.7707291120314,10.0,89700.0
414,864691136991202453,V1,L5,5P-ET,True,652.7145437589246,493.4278837566877,818.9600000000003,326.4256242027284,7.0,98.0,52684.0,1345944.0,0.006404100808292092,0.061619396060556275,0.11683469131282045,-0.01588812052289481,0.00530830181531155,252.05973855572552,105.0,1398628.0
415,864691135496339088,AL,L2/3,23P,True,1370.286339829099,202.3487426066837,777.3200000000002,597.0921072880346,2.0,1.0,35920.0,10324.0,0.025455609721944484,0.0705628887600006,0.11567016779805668,0.01865196355372439,0.16783851331995714,112.4590906272865,3.0,46244.0
416,864691136143696692,RL,L2/3,23P,True,1177.307845203051,146.40467450411938,831.3200000000003,451.2762436000177,1.0,3.0,516.0,35500.0,0.01619144853738455,0.05545346804977735,0.09471548756217013,0.005129979416551503,0.06188281616222324,183.37358504282838,4.0,36016.0
417,864691135947258916,V1,L2/3,23P,True,638.8440439854899,112.97926820389705,900.2800000000002,310.1215967746636,12.0,19.0,68640.0,255348.0,0.0291306161571959,0.06846097817235224,0.10779134018750858,0.004745550067486113,0.029836190882146046,232.95487717723623,31.0,323988.0
418,864691135577651230,V1,L2/3,23P,True,656.4852487596714,166.8819163588384,797.2000000000003,277.2990515801134,15.0,33.0,179908.0,353024.0,0.027394282751107595,0.06533521062925585,0.10327613850740411,-0.0003794426172943517,0.05389338246968116,199.2797000917577,48.0,532932.0
419,864691136137293195,V1,L2/3,23P,True,683.4119197077202,91.88735341154528,899.8000000000003,310.5151681354315,10.0,20.0,79092.0,249076.0,0.06015847748387359,0.0827903524490049,0.10542222741413619,0.036524117704162466,0.05795460915751391,242.1711358519963,30.0,328168.0
420,864691135977666883,V1,L5,5P-ET,True,629.271674528688,454.4363284369262,871.0400000000003,307.4968916124071,5.0,71.0,19464.0,975992.0,0.02803249107002741,0.06466943675136298,0.10130638243269854,0.0031892234199071565,0.04173540100653006,226.20490493698856,76.0,995456.0
421,864691135466158917,V1,L2/3,23P,True,631.3938447746715,231.17972899707297,854.2400000000002,256.0132705397753,14.0,40.0,113212.0,398500.0,0.03434959090751889,0.07018908355219768,0.10602857619687643,0.003362590780386439,0.05401986301505258,169.05755460074468,54.0,511712.0
422,864691137021264750,V1,L5,5P-IT,True,641.4669618621233,479.53070945848077,855.4000000000002,317.71159263762144,2.0,31.0,1908.0,411380.0,0.05477782903202534,0.0848753359785439,0.11497284292506245,0.031247020695928496,0.046936528886679624,239.9231252935184,33.0,413288.0
423,864691136424990255,V1,L6,6P-IT,True,619.5667335264004,558.7554528587796,878.4400000000003,382.12990217913926,2.0,6.0,24728.0,59916.0,0.03669493397239595,0.06254123553547898,0.08838753709856202,0.019238909047339457,0.050545169188925855,307.78466577088375,8.0,84644.0
424,864691135782156368,RL,L5,5P-IT,True,1045.9634967175705,377.3079168047086,986.0400000000003,382.5444981707062,0.0,6.0,0.0,136896.0,0.036551295216950025,0.060111660678320904,0.0836720261396918,0.02240532186078313,0.024426121837109436,244.22234473129413,6.0,136896.0
425,864691136452081151,RL,L2/3,23P,True,1276.5957871988885,155.60519961039682,820.3200000000003,522.5246792482433,2.0,2.0,10132.0,28484.0,0.02986882673076694,0.07543524757265657,0.12100166841454621,0.021273806917880854,0.15252679679012424,197.67801078813648,4.0,38616.0
426,864691135890695049,V1,L4,4P,True,513.656933505742,269.833369819798,767.1600000000001,344.0998069525955,4.0,1.0,6524.0,4800.0,0.03101878868912971,0.07292777433441071,0.11483675997969171,0.008768774907753355,0.055337474264277424,249.97447298850554,5.0,11324.0
427,864691136489055762,V1,L4,4P,True,777.3079616877784,269.1936366292564,722.8800000000001,271.4974833299854,20.0,4.0,191064.0,17340.0,0.03718352821185527,0.07845708355895997,0.11973063890606471,0.01119414226983025,0.05262456038421613,219.45085380246462,24.0,208404.0
428,864691135417443514,V1,L4,4P,True,667.4691925145378,265.301747305604,742.1200000000001,270.12945836420647,16.0,5.0,210252.0,20532.0,0.015519038397145097,0.05141365244441587,0.08730826649168667,-0.012542233969643001,0.011444120756808795,193.45217782087695,21.0,230784.0
429,864691135685087474,V1,L2/3,23P,True,634.0511534995779,112.68843356006401,869.4000000000002,308.03686978225795,26.0,35.0,258276.0,403156.0,0.06153666777669853,0.08111819424580276,0.100699720714907,0.0368143005778209,0.07124502541297525,229.77015712311973,61.0,661432.0
430,864691136954028511,V1,L4,4P,True,753.1637427425186,298.4325923480122,727.0000000000001,267.7858215254508,2.0,4.0,2252.0,7524.0,0.025479294005318367,0.06338228301552093,0.10128527202572349,-0.001306301447507154,0.028215458504885205,209.3912250710343,6.0,9776.0
431,864691135455123562,RL,L2/3,23P,True,1300.4093745699058,206.5144154413534,869.8800000000002,531.7070603808659,3.0,7.0,53988.0,60928.0,-0.008294933494934618,0.07050992684175224,0.14931478717843905,-0.016744497865493313,0.10284247017519768,185.30537189751823,10.0,114916.0
432,864691137199050049,V1,L4,4P,True,498.00850868878626,321.6587308773738,761.0400000000001,359.85249412034403,8.0,6.0,83772.0,74676.0,0.02365293564662165,0.06393201664808153,0.1042110976495414,0.0028434805468899095,0.040016740978176826,265.2477453496082,14.0,158448.0
433,864691135409859785,V1,L5,5P-IT,True,697.600392278265,400.4099820242857,884.0400000000003,261.74736834946594,19.0,16.0,165016.0,146440.0,0.02505048500769229,0.07342610991504188,0.12180173482239144,-0.003887582854731022,0.0041304647459263705,188.1515952275403,35.0,311456.0
434,864691136330101226,V1,L5,5P-ET,True,664.17914599273,458.5824924456317,899.7200000000003,301.91796957196755,8.0,81.0,30472.0,1048372.0,0.03325295181262402,0.06521262936471425,0.09717230691680451,0.008371576981898426,0.0319602018496341,226.3938869497148,89.0,1078844.0
435,864691136381243349,V1,L4,23P,True,717.2787105870858,250.38617459180935,882.9200000000003,233.16296813239035,20.0,5.0,152544.0,51960.0,0.028098023323571388,0.06782458571755606,0.10755114811154072,-0.004118532610433397,0.04778919774098163,160.82498975834545,25.0,204504.0
436,864691136488414994,V1,L4,4P,True,513.6354889637549,347.1818350672199,768.9200000000002,349.3969008685276,1.0,5.0,16660.0,55152.0,0.042845231371307746,0.07860730751670628,0.11436938366210482,0.02116172893442396,0.0628681822867662,255.6018097011394,6.0,71812.0
437,864691136085904236,V1,L4,4P,True,664.3762527506308,269.07855172426844,758.1200000000001,262.7629790730989,20.0,4.0,197004.0,15968.0,-0.014390719141695553,0.05772535157940536,0.12984142230050627,-0.04350536412594604,-0.0015259961326216796,184.16857519745787,24.0,212972.0
438,864691136026198585,V1,L4,4P,True,611.4919451893998,342.63729384081864,881.5600000000003,269.6636237842082,17.0,12.0,117132.0,67892.0,0.028405054308065333,0.065353467099757,0.10230187989144868,-0.001142122689526959,0.03797176467922828,180.320194996495,29.0,185024.0
439,864691136313406781,V1,L4,4P,True,612.5345625435871,289.5983346782111,886.4800000000002,262.9908814622884,29.0,8.0,211056.0,47024.0,0.012171357278174645,0.058150623114461925,0.10412988895074919,-0.018193972775548257,-0.004261995720977836,173.1178211558164,37.0,258080.0
440,864691135398868257,V1,L4,4P,True,617.2028593228208,336.84097606479105,882.1600000000002,265.3683049859305,20.0,8.0,145156.0,55132.0,0.038566285430486826,0.06470369358935961,0.09084110174823241,0.008578483354214055,0.03937343384055668,176.47126403516387,28.0,200288.0
441,864691135582973549,V1,L4,4P,True,773.4785280959413,334.2594746578695,882.0400000000003,240.19023365906747,34.0,9.0,329240.0,34728.0,0.054315404587186575,0.08874470973318709,0.12317401487918758,0.024168005688624195,0.08003611487252496,181.80556591326297,43.0,363968.0
442,864691135504081986,V1,L2/3,23P,True,654.8331295752721,93.24170143383596,883.6000000000003,314.58807359969813,10.0,4.0,68964.0,24232.0,0.059755192622390436,0.08184258830930334,0.10392998399621622,0.03610455689476801,0.07204244429732111,241.21236168936312,14.0,93196.0
443,864691136363473634,V1,L4,4P,True,927.2958160278123,351.6999007215831,787.4800000000002,297.066050917094,12.0,6.0,70660.0,61512.0,-0.00921528404879133,0.0513330877847463,0.11188145961828393,-0.031213125227316816,-0.004636529996323941,285.4406271186203,18.0,132172.0
444,864691135214931072,V1,L4,4P,True,595.7081749570898,335.79561296155777,759.4000000000001,296.20886503010706,28.0,16.0,318252.0,131396.0,0.021890793152531063,0.05315818217911855,0.08442557120570604,-0.004386013859790747,0.016965640568870597,208.84174861800838,44.0,449648.0
445,864691135499231763,V1,L4,4P,True,697.2512343232254,321.42298151963024,765.9600000000002,254.37832608587013,10.0,5.0,43912.0,24700.0,0.02395851125017707,0.06402986228301603,0.104101213315855,-0.005597039145681228,0.04294675568035599,181.1090519306642,15.0,68612.0
446,864691135839248787,V1,L4,4P,True,481.76208490795284,277.514780687868,735.1200000000001,379.87297930123736,1.0,0.0,14204.0,0.0,0.006507701291983455,0.05650990557686261,0.10651210986174177,-0.012443545400439003,-0.011833855312415936,285.95737767848556,1.0,14204.0
447,864691135716679194,V1,L5,5P-IT,True,605.8391522539878,485.08668340788336,883.2400000000002,337.1368587888074,15.0,5.0,164544.0,39256.0,0.008056650515718149,0.054005951365566844,0.09995525221541555,-0.0139669885733139,-0.006750601823131076,255.34367029409233,20.0,203800.0
448,864691135756319186,V1,L4,4P,True,876.3000114691407,329.50687232495,740.1200000000001,288.0823441781462,7.0,3.0,38232.0,10956.0,0.006041270484160286,0.050587397279738565,0.09513352407531686,-0.017091411388460716,0.019127202299313143,261.99474427921933,10.0,49188.0
449,864691135619317391,V1,L4,4P,True,804.193939729695,260.75278402246494,753.7600000000001,261.26414882396597,17.0,6.0,134524.0,27060.0,0.02995635734999319,0.06570273581798618,0.10144911428597916,0.0030152713837550945,0.024618873117180796,214.41521309643778,23.0,161584.0
450,864691136725093373,V1,L4,4P,True,498.33419833614073,298.10950468512686,737.4400000000002,366.1100133355879,2.0,3.0,4332.0,53240.0,0.039561215604630336,0.0805891442364315,0.12161707286823266,0.01946946500649431,0.0314910099302894,272.7226616561956,5.0,57572.0
451,864691135585266808,V1,L5,5P-ET,True,660.3475735181844,475.20781326576343,838.1200000000002,309.99072184192636,3.0,41.0,26396.0,578728.0,0.053594226368743864,0.08385947654746304,0.11412472672618221,0.029586966011954624,0.050747600400021714,234.9326786777749,44.0,605124.0
452,864691136424439855,V1,L4,4P,True,728.4410914812222,341.6262361699024,765.3600000000001,255.77729015619664,26.0,19.0,149428.0,157520.0,0.025441591975985882,0.07024600663457205,0.11505042129315822,-0.0033492555612187644,0.051136972111161305,189.49298834247867,45.0,306948.0
453,864691135455819114,V1,L4,4P,True,677.2226594436999,294.808098534818,924.4400000000003,248.44916824523565,31.0,4.0,305996.0,46164.0,0.022446057560414352,0.06579537309078676,0.10914468862115914,-0.008469953545040905,0.051488313168312455,169.28532128459165,35.0,352160.0
454,864691136117695908,RL,L4,4P,True,1046.4730566536662,262.80460822075764,966.0800000000003,364.509766486189,3.0,1.0,74740.0,9204.0,0.021633834039224503,0.06683754009841206,0.1120412461575996,0.005774689222308855,0.10374949083312396,218.08760715541518,4.0,83944.0
455,864691137199038273,V1,L4,4P,True,640.3903557790833,344.97284375252514,771.5600000000002,272.2070722270239,8.0,5.0,79100.0,16232.0,-0.014562950629728894,0.05422643160154866,0.12301581383282621,-0.04299405012967534,0.00794787019845952,189.5690928237778,13.0,95332.0
456,864691135970180709,V1,L2/3,23P,True,585.2106989362071,124.60505380421516,765.2000000000002,340.70215913654323,3.0,6.0,18308.0,78076.0,0.037091557542561576,0.07245888426125068,0.10782621097993975,0.015589163532143357,0.0401273034894424,258.9164150469081,9.0,96384.0
457,864691136975300636,V1,L4,4P,True,586.0089270393485,308.60680618689054,730.5600000000002,310.9978114030132,2.0,3.0,4848.0,10156.0,0.040142837350957174,0.07891805996545292,0.11769328257994867,0.015548763579616355,0.06461235407048106,224.473999752686,5.0,15004.0
458,864691136905203378,V1,L4,4P,True,923.1897958807785,342.0894668837091,727.7600000000001,312.1164734066006,2.0,2.0,24472.0,12972.0,0.049690477393973365,0.08509417216750154,0.12049786694102971,0.029334423426088413,0.07430859034562771,300.3511922400955,4.0,37444.0
459,864691136025504569,V1,L4,4P,True,574.9776721437703,326.015614745456,761.9600000000002,305.56539196698895,37.0,13.0,407760.0,76500.0,0.06292503416254062,0.10671700377712902,0.15050897339171743,0.03737682216523292,0.09782496596241962,215.89067161143618,50.0,484260.0
460,864691135778572973,V1,L4,4P,True,864.4590261308308,273.927365650116,981.8400000000003,288.1919593766019,5.0,7.0,23124.0,74216.0,-0.02414398767723904,0.043922747079687054,0.11198948183661316,-0.04748955256300866,-0.008321526591539405,258.22493204663886,12.0,97340.0
461,864691134919869706,V1,L4,4P,True,735.3230318659091,291.60368588963763,792.0400000000003,238.9318099998862,14.0,17.0,81448.0,142716.0,0.0025850606669756437,0.056949425530655004,0.11131379039433437,-0.028321756749853252,0.007326088061382859,171.99842721811007,31.0,224164.0
462,864691136523081105,V1,L4,4P,True,677.2918782281595,284.4707947877147,873.8800000000002,234.6676523798726,21.0,2.0,281984.0,17136.0,0.03146503931268014,0.06597005740966749,0.10047507550665485,-0.0013752476292634688,0.024386181192837173,153.45815791738858,23.0,299120.0
463,864691136274546622,V1,L4,4P,True,958.6502372885283,265.01475544625026,723.4000000000001,324.1737428716079,6.0,5.0,46256.0,55268.0,0.04111098352598379,0.0768693807588697,0.1126277779917556,0.021949560139089316,0.04277074564529605,324.0195975046919,11.0,101524.0
464,864691135698016410,V1,L4,4P,True,933.4673312964919,271.61302899288813,982.0000000000002,313.49093580958515,7.0,5.0,120708.0,27456.0,-0.02586621078703316,0.041560967510082585,0.10898814580719833,-0.046207846665401967,-0.008609854492723758,304.2081504998084,12.0,148164.0
465,864691135742102635,V1,L4,4P,True,733.7937149634861,295.13182276509525,725.0400000000001,268.7954608728143,21.0,20.0,94704.0,156648.0,-0.012777132617234243,0.05316078403331695,0.11909870068386814,-0.03974253431642354,0.01126307699536467,206.1700885989856,41.0,251352.0
466,864691135616048587,V1,L4,4P,True,828.5945722427165,354.8856432213891,758.6800000000002,272.9167589306978,11.0,2.0,70056.0,6884.0,0.0247915101365708,0.08603386319519556,0.1472762162538203,-0.00046316067371607235,0.062336599286015974,232.66721883776182,13.0,76940.0
467,864691136023889209,V1,L4,4P,True,613.3651884838455,307.2739897027744,860.1200000000002,260.6450194727063,30.0,3.0,315696.0,3684.0,0.04764898761940279,0.09888989429620411,0.15013080097300543,0.016985776202049014,0.017278815103162107,170.52414245318948,33.0,319380.0
468,864691135753932237,V1,L4,4P,True,543.7012262580582,259.80574432753326,701.9600000000002,351.31861041102013,14.0,1.0,125152.0,1548.0,0.013680788275076676,0.04282299985342924,0.07196521143178179,-0.007073927779045265,0.017955916571836223,263.7241328311845,15.0,126700.0
469,864691136040834558,V1,L4,4P,True,536.355851992879,274.00357982821583,765.8400000000001,327.3334599644735,3.0,16.0,11516.0,69324.0,0.04250899375619394,0.07305202507307161,0.1035950563899493,0.018781179873868067,0.05584584371590433,234.48142924059724,19.0,80840.0
470,864691135465113157,V1,L4,4P,True,655.381967625115,282.29694811267063,905.1600000000002,247.83596980976165,12.0,9.0,74120.0,53740.0,-0.006954724797624974,0.03918185097921468,0.08531842675605432,-0.038450539773556384,-0.004644474343741144,164.05857393543678,21.0,127860.0
471,864691135584504429,V1,L2/3,23P,True,661.4018661508494,184.85080484501813,894.0800000000003,263.29567705326633,14.0,15.0,62916.0,102496.0,0.019761969162271114,0.06101315997754361,0.10226435079281612,-0.009804190859779845,0.02403486638756788,183.51077060750825,29.0,165412.0
472,864691135496381840,V1,L2/3,23P,True,629.4236079750974,145.75494444976718,887.2800000000002,292.83370765595174,10.0,12.0,111816.0,93776.0,0.06038703122893176,0.0852072216795568,0.11002741213018184,0.03383949089194482,0.07577331269687546,211.31320522806865,22.0,205592.0
473,864691135339729894,V1,L4,4P,True,865.7696463885576,311.81777819128575,896.1600000000002,262.054060631119,4.0,4.0,21068.0,19476.0,0.02284802928755824,0.0635545220488662,0.10426101481017416,-0.0034849867798480436,0.026815513570775627,230.34851262465327,8.0,40544.0
474,864691134949221372,V1,L2/3,23P,True,594.0028770283134,210.62668087785687,787.9200000000003,292.66533772220157,13.0,12.0,121696.0,114392.0,0.04393148581951241,0.09659279362276386,0.1492541014260153,0.017054523405681348,0.034002683274888056,204.91464321981363,25.0,236088.0
475,864691135717271834,V1,L2/3,23P,True,672.8360354378715,207.6300402298093,817.4400000000003,251.16432831150806,25.0,5.0,259984.0,28344.0,0.04909863779946512,0.09080637982003223,0.13251412184059932,0.01832068474981779,0.08216724234432368,172.24961126899572,30.0,288328.0
476,864691135868060950,V1,L4,4P,True,738.8759372511706,298.7244386113224,784.2800000000001,241.93261844922984,5.0,9.0,36268.0,29696.0,0.04911258389380661,0.08095097663213038,0.11278936937045415,0.01868755028488602,0.062341312213438506,176.2768389882942,14.0,65964.0
477,864691136452602367,V1,L2/3,23P,True,728.0076279724968,207.0603936786275,789.0000000000002,252.05041816905353,3.0,17.0,41468.0,129720.0,0.013371925084394507,0.06606814606834704,0.11876436705229959,-0.016080403394576483,0.03907065617622707,185.752370862848,20.0,171188.0
478,864691136210847932,V1,L4,4P,True,512.5998654229764,313.49137214547017,730.2400000000001,359.28991726118727,5.0,3.0,32300.0,40292.0,0.06531398353626433,0.09391955282507679,0.12252512211388929,0.044770346446059164,0.08542128867511706,267.18197798051995,8.0,72592.0
479,864691135375107272,V1,L4,4P,True,616.3237658043087,332.20270800594517,711.1600000000001,309.1987369706175,10.0,9.0,95752.0,80604.0,0.034340054015790905,0.0745152975334757,0.11469054105116047,0.010162141436004545,0.045815068049843345,228.00091790420643,19.0,176356.0
480,864691135474504498,V1,L4,4P,True,623.1948393633094,308.0054837819396,817.7200000000003,259.02437243884395,10.0,5.0,77008.0,69292.0,0.04243995646579077,0.0726523266859635,0.10286469690613623,0.011824684447661642,0.04932937958395404,170.7872811028249,15.0,146300.0
481,864691135134052512,V1,L4,4P,True,636.5280607216247,251.80167814379647,760.4000000000001,273.2190378519995,7.0,13.0,135308.0,100592.0,0.020776953510265126,0.053323826110371585,0.08587069871047803,-0.0075747741116715585,0.029895510272588705,190.65145275705027,20.0,235900.0
482,864691136311529306,V1,L4,4P,True,932.993435343453,297.59057865843,731.2000000000002,309.6364142876718,4.0,1.0,25816.0,2244.0,0.04132754471377962,0.09177019481987825,0.14221284492597688,0.020695374438233854,0.011446058333101064,301.05210272765123,5.0,28060.0
483,864691135448215698,V1,L4,4P,True,689.3576585755951,344.8240592280698,890.2800000000002,243.60840946526173,24.0,23.0,175716.0,135108.0,0.05295634414961016,0.08894866431997908,0.124940984490348,0.02158640973298413,0.07913068755159693,165.99700019136057,47.0,310824.0
484,864691135868386070,V1,L4,4P,True,682.838516841503,269.5373900823915,873.5600000000003,233.79898804532536,46.0,7.0,329860.0,39032.0,0.02862711852571835,0.05945553500321988,0.09028395148072141,-0.004226084773043093,0.0401080365039671,153.73623856541343,53.0,368892.0
485,864691135570301676,V1,L4,4P,True,639.3941827641954,346.8130239948952,862.2800000000002,255.19601828838861,20.0,9.0,203080.0,44684.0,0.016875262551013473,0.07949258524396037,0.14210990793690725,-0.014018410555360399,0.05174406207655517,169.01056106877402,29.0,247764.0
486,864691135810982860,V1,L4,4P,True,622.8367799996607,287.86563866108264,956.9200000000003,282.1755358405605,41.0,10.0,434336.0,69952.0,0.03488494251476217,0.07852611919116805,0.12216729586757394,0.007305983099557164,0.060425437740951306,197.26474987403466,51.0,504288.0
487,864691135066958404,V1,L4,4P,True,614.2252071038434,316.53619073564215,974.4000000000002,296.8786360119349,21.0,17.0,145644.0,112004.0,0.04675770010990577,0.07524851851139082,0.10373933691287587,0.020856787404832274,0.052424109613621886,212.3727095793806,38.0,257648.0
488,864691136012739747,V1,L4,4P,True,650.1444582221496,289.29108388872254,860.4400000000003,242.00574230004344,20.0,2.0,166600.0,12556.0,0.0407964962734255,0.07911160230116371,0.11742670832890197,0.008377405206606238,0.032588894431495916,156.26522352066044,22.0,179156.0
489,864691135477469864,V1,L2/3,23P,True,946.6143700177262,242.50410065702576,752.6800000000002,310.23711238922726,4.0,3.0,17092.0,36640.0,-0.04592892153396724,0.04117565531616961,0.12828023216630646,-0.06655101549018971,-0.05655003657501767,306.20319553351646,7.0,53732.0
490,864691135742189163,V1,L4,4P,True,871.4755894207804,289.1889744643311,709.0000000000001,297.2335057689234,19.0,2.0,207320.0,20816.0,0.050380067714750496,0.08534389219286498,0.12030771667097946,0.02826632083344293,0.07077879273763377,271.1288712996032,21.0,228136.0
491,864691135405337326,V1,L4,4P,True,704.7032546598002,294.25709348144386,765.1200000000001,250.9487375697648,8.0,8.0,59744.0,72340.0,0.027316978406737878,0.06851797783860425,0.10971897727047059,-0.0025382884023100127,0.04039061640839554,179.0036683499158,16.0,132084.0
492,864691135741090196,V1,L4,4P,True,834.1914703857598,344.5179929969458,947.8000000000003,271.78444076803504,10.0,8.0,69280.0,80108.0,0.006738748093214283,0.06292170553419225,0.11910466297517024,-0.018732402225747014,0.024971218214532492,232.0291518731206,18.0,149388.0
493,864691135782702387,V1,L2/3,23P,True,721.017451678166,199.5746742493292,920.3600000000002,255.03706743467671,18.0,8.0,189256.0,47108.0,-0.009478995511205634,0.05587610026533436,0.12123119604187435,-0.03883032634754,-0.005766037285277048,186.8566641851635,26.0,236364.0
494,864691136086630764,V1,L4,4P,True,692.4138643883473,263.62945513376985,768.4400000000002,251.9299029728565,7.0,6.0,30936.0,55052.0,0.009669158599830977,0.0487464426371811,0.08782372667453124,-0.020330613021025838,0.00380134516486483,177.58950964743718,13.0,85988.0
495,864691135374981320,V1,L4,4P,True,758.9830948987812,297.27136348107814,957.1600000000003,256.80816198947,7.0,10.0,49712.0,118824.0,0.0564686774652287,0.08174501275066812,0.10702134803610755,0.028211230406269577,0.05977216985142076,197.1534876229481,17.0,168536.0
496,864691135562474977,V1,L5,4P,True,620.2364068609106,366.78732204112265,739.0400000000001,300.8790233046146,14.0,9.0,97920.0,62680.0,0.022353410567231568,0.05778133704341858,0.09320926351960561,-0.0028506481221515275,0.040574484205993744,218.73342057625223,23.0,160600.0
497,864691136420303511,V1,L4,4P,True,676.0230208446629,345.970230500088,765.1200000000001,263.96504583672424,11.0,9.0,54360.0,76448.0,0.04424338096756583,0.09291738177511388,0.14159138258266193,0.015493208264727701,0.08064201485126898,187.40406352462477,20.0,130808.0
498,864691135342585541,V1,L4,4P,True,800.9505104860741,276.5301381333932,892.2800000000002,241.4062721620836,16.0,5.0,177464.0,37560.0,0.035628026088645806,0.06957485615787772,0.10352168622710962,0.006035395361104158,0.03253316008171477,190.46573145461764,21.0,215024.0
499,864691136674492295,V1,L4,4P,True,871.3217186781163,354.83336045273495,880.8400000000003,269.7694571303323,7.0,8.0,24876.0,48992.0,-0.006763119820492951,0.06877839348803563,0.1443199067965642,-0.032128664391252434,0.019413097390279924,239.95197789146647,15.0,73868.0
500,864691135335635177,V1,L4,4P,True,980.0078712836464,268.3609291014227,785.8800000000001,315.06311274409484,5.0,6.0,38396.0,60012.0,0.005043528280662906,0.04930959089410663,0.09357565350755037,-0.015158280626161973,-0.0035083435800876985,321.17009893712424,11.0,98408.0
501,864691136084313196,RL,L5,5P-ET,True,1093.7635592789063,403.71846687721535,1005.0000000000002,424.22258211941823,2.0,13.0,20540.0,335672.0,0.020107765604318276,0.058385648442178396,0.09666353128003853,0.008945789006749019,0.04015344621155104,242.84140658928075,15.0,356212.0
502,864691135810905036,V1,L4,4P,True,669.0976412780539,289.2789163341738,763.6000000000001,258.4756552747314,31.0,22.0,197108.0,83844.0,0.0020101048891118006,0.04729991643995547,0.09258972799079913,-0.027571074972694624,0.018371714743247194,180.0425099189707,53.0,280952.0
503,864691135886130288,V1,L2/3,23P,True,629.1832355009059,243.96370860589371,891.2400000000002,258.67811478730397,24.0,11.0,134180.0,66376.0,0.02289749408012561,0.08158786181282408,0.14027822954552255,-0.007745671933325806,-0.00027415698959641567,171.556597482054,35.0,200556.0
504,864691135115049881,V1,L2/3,23P,True,1009.0119449728151,170.35586181695393,763.0400000000001,353.34141680066017,2.0,7.0,7292.0,55636.0,0.00900852326740502,0.04875863961264505,0.08850875595788507,-0.007664473330008079,-0.000779133452378929,369.4896905730218,9.0,62928.0
505,864691135927494158,V1,L4,4P,True,881.3559332306502,262.1712927318293,784.0800000000002,272.5835475226035,4.0,11.0,20992.0,54384.0,-0.03661516197669557,0.030956001317115043,0.09852716461092566,-0.06154934049307429,-0.02964566468557498,247.11488016915837,15.0,75376.0
506,864691135619463567,V1,L2/3,4P,True,866.0438335992268,244.06385103297623,877.4400000000003,261.21732148469675,18.0,8.0,126196.0,42424.0,0.040101858420711275,0.08561897935485552,0.13113610028899975,0.013645112707481226,0.07036022896846651,230.13600212171883,26.0,168620.0
507,864691135779377341,V1,L4,4P,True,701.8109482615527,280.3199774347628,796.9200000000003,238.92331265912665,14.0,1.0,210628.0,312.0,0.028706434349239085,0.07180698646088324,0.11490753857252738,-0.0028954703358471047,0.02719464512956128,164.32960844183918,15.0,210940.0
508,864691135779705021,V1,L2/3,23P,True,671.7892273144546,242.3589589108271,879.8400000000003,240.5649706362975,33.0,10.0,248548.0,58224.0,0.030017064176694773,0.08152705480073066,0.13303704542476658,-0.0021980306465190606,0.012641951417493417,159.2867834804762,43.0,306772.0
509,864691136125956134,V1,L5,5P-IT,True,680.5726196417063,397.5068666222288,885.3600000000002,263.39709528712734,10.0,10.0,45820.0,33388.0,-0.0005505590237793287,0.052084800684520344,0.10472016039282002,-0.02962609891096992,-0.0022361481642252045,186.41916873114195,20.0,79208.0
510,864691136372047496,V1,L4,4P,True,849.7249254147376,274.18016614067517,988.8400000000003,287.3753655321369,4.0,2.0,55804.0,28496.0,0.0023701342855196113,0.052838168267928,0.10330620225033638,-0.021172595564992094,0.014175675774846852,253.4500876807231,6.0,84300.0
511,864691136380266965,V1,L4,4P,True,945.6593238364206,287.19894025615145,982.0400000000003,318.51429892239247,4.0,2.0,20060.0,7156.0,0.0035267346999099144,0.04448167322030686,0.0854366117407038,-0.016284237807674965,-0.0035957540851406,312.8556751101564,6.0,27216.0
512,864691136034181307,V1,L4,4P,True,666.3911419380581,285.70141590473946,860.8800000000002,236.4410893551255,20.0,6.0,186616.0,69912.0,0.0064350547767563,0.05921108968378299,0.11198712459080967,-0.02639787336741038,0.001742081337031719,153.2153874766648,26.0,256528.0
513,864691135271463077,V1,L4,4P,True,819.815457680882,296.6187699269503,725.2000000000002,276.5023834408431,2.0,5.0,5976.0,6948.0,0.024146756522653783,0.05792697828074493,0.09170720003883608,-0.0007358202052147653,0.018413967393153322,235.13052306823673,7.0,12924.0
514,864691135430486576,V1,L4,4P,True,847.6842852723396,306.3166014720748,940.3600000000002,266.92624613135604,4.0,7.0,9508.0,94360.0,-0.0005658780990969857,0.056236641753011976,0.11303916160512092,-0.026494255401862586,0.027591336440113707,230.56660899790978,11.0,103868.0
515,864691136196338764,V1,L4,4P,True,829.68600410642,319.6466728549483,973.6800000000003,277.116317825074,6.0,7.0,36664.0,23160.0,0.029314223030545428,0.07805389353342615,0.12679356403630687,0.004425090271015321,0.017569990486431993,236.8363241729996,13.0,59824.0
516,864691135295165196,V1,L4,4P,True,630.9584169023566,347.0386571578669,844.3600000000002,259.10012981421085,15.0,9.0,64308.0,41532.0,0.013453526887550613,0.0639129011787863,0.11437227547002199,-0.017076139402783866,0.044228937205004794,171.9514894651585,24.0,105840.0
517,864691135939049988,V1,L4,4P,True,690.6790586628207,278.31815177760734,891.7200000000003,235.25859001479947,26.0,12.0,228264.0,70084.0,0.024455041296154195,0.05612116151071078,0.08778728172526737,-0.008005403620417448,0.035513568187882066,157.07239089163554,38.0,298348.0
518,864691135157198692,V1,L2/3,23P,True,633.3560177927385,237.3903770346911,874.9600000000003,255.09475657284474,32.0,8.0,289884.0,58304.0,0.027434885847494744,0.08053476455029467,0.1336346432530946,-0.0036275770018076286,-0.0062112594687951175,168.27805531335278,40.0,348188.0
519,864691134886499066,V1,L4,4P,True,905.9830657080558,300.11005720749876,741.1600000000001,295.0564388025356,15.0,11.0,120856.0,133020.0,0.060370713627727,0.08530065607499242,0.11023059852225783,0.03812007808720294,0.07710042239067291,277.9186404989558,26.0,253876.0
520,864691134966069023,V1,L4,4P,True,782.8406699694375,291.1353387298241,728.1200000000001,268.98801893136306,19.0,6.0,115920.0,58164.0,0.019586948972613684,0.0592591335139907,0.09893131805536774,-0.0066308763320625875,0.033360027560497385,217.75877450211337,25.0,174084.0
521,864691136953677535,V1,L4,4P,True,842.0840923357897,307.175781938227,953.4400000000003,270.1976641896016,17.0,6.0,161944.0,56004.0,0.0494006419417157,0.07689908676974029,0.1043975315977649,0.023807290101331296,0.06467812356392398,232.60587353240572,23.0,217948.0
522,864691136058745048,V1,L4,4P,True,689.6028000377871,316.32096182333987,881.6800000000003,235.9909681654549,69.0,38.0,578824.0,191044.0,0.05768276603232598,0.08241027295982305,0.10713777988732011,0.02530821715299647,0.06758484040294929,157.47847730247622,107.0,769868.0
523,864691136210975676,V1,L4,4P,True,947.8930253122985,272.68238027395665,986.2800000000002,321.47333387369986,17.0,2.0,142188.0,12072.0,0.04283009750668636,0.07391722275784957,0.10500434800901279,0.02331687887706557,0.0413165727730413,316.63725426897446,19.0,154260.0
524,864691135455701354,V1,L4,4P,True,946.2720334639516,344.81559016667927,738.8400000000001,318.05284507322955,10.0,4.0,106460.0,47120.0,0.03694676303441819,0.067193648787778,0.09744053454113784,0.017208909800859075,0.05460082360341158,313.08424499812327,14.0,153580.0
525,864691135375484489,V1,L4,4P,True,888.0251596913165,289.48047379637876,773.1200000000001,277.1688399338782,6.0,4.0,90932.0,14400.0,0.042801127957649225,0.08351210153812176,0.1242230751185943,0.018449725001366518,0.07634002671903342,253.72786212225745,10.0,105332.0
526,864691136238679567,V1,L2/3,23P,True,626.9217884786697,200.7863074640275,881.1200000000002,268.99583805623496,13.0,14.0,193972.0,131920.0,-0.008221493664499396,0.0348299110384175,0.07788131574133443,-0.03766421314000425,-0.008102946009759956,183.23197834520758,27.0,325892.0
527,864691136228538961,RL,L4,4P,True,1086.3376654761312,344.6705624840033,884.3600000000002,375.90648720784276,2.0,6.0,3192.0,111940.0,0.0009385204609255963,0.04791160882530604,0.09488469718968649,-0.014325230048984894,0.013624214771563468,186.01083502587852,8.0,115132.0
528,864691135586414716,RL,L4,4P,True,1236.9214950143448,343.2614458790874,861.0800000000003,480.0537764569296,3.0,2.0,70580.0,9668.0,-0.02226845223330394,0.03843819987210698,0.0991448519775179,-0.032134074667837666,0.018685678947398286,167.56444165961992,5.0,80248.0
529,864691135258642863,V1,L5,5P-ET,True,666.9198934699098,460.2998995803361,869.7200000000003,298.45304459902275,6.0,80.0,20256.0,1002552.0,-0.005027760314197418,0.05462721361216234,0.1142821875385221,-0.03026518866983424,-0.024228269798565474,223.0762540106821,86.0,1022808.0
530,864691135938555908,RL,L2/3,23P,True,1119.8909040348929,188.79376162441804,891.8400000000003,403.6129151459753,2.0,3.0,7520.0,4056.0,-0.023240327119929943,0.04093434358975198,0.10510901429943391,-0.036836792541618875,0.09688123494841909,176.14616628149508,5.0,11576.0
531,864691136523118481,V1,L4,4P,True,623.8422305287304,331.44711010519063,707.0400000000001,308.226649403555,15.0,9.0,121188.0,62508.0,-0.01329458608859884,0.035211609112322816,0.08371780431324449,-0.03743201340895729,-0.015138246746337725,228.34438846014908,24.0,183696.0
532,864691136239068732,RL,L2/3,23P,True,1076.1224696217353,218.37164398643137,885.0400000000003,369.61849193879266,11.0,4.0,149676.0,30400.0,-0.03454809977117778,0.034667683672943005,0.10388346711706378,-0.050392681718332694,0.018498523541942112,188.03399311740458,15.0,180076.0
533,864691135384176619,V1,L5,4P,True,511.9079375134561,369.13079144301526,984.2000000000003,373.3859573708489,4.0,4.0,48732.0,18908.0,0.020467752895320053,0.06879149700929518,0.11711524112327032,0.001242704107045749,0.04433118739849326,281.8884471837272,8.0,67640.0
534,864691137054934902,RL,L4,4P,True,1202.3066501455817,351.9255328310671,758.6800000000002,464.32256107169104,0.0,5.0,0.0,41632.0,-0.0476882949672112,0.04074035605228527,0.12916900707178175,-0.05792948664324835,-0.03534260081621821,193.56464447664254,5.0,41632.0
535,864691135592830731,V1,L4,4P,True,744.5201470616697,314.25144887135195,891.7600000000002,235.255055325776,19.0,10.0,135432.0,66008.0,0.05606885636693737,0.08322643648353341,0.11038401660012948,0.02475307450770839,0.06574995343759792,169.26628530528495,29.0,201440.0
536,864691135547082280,V1,L5,4P,True,532.941991569618,371.03527719052374,919.1600000000002,336.14418257685975,1.0,4.0,13740.0,20220.0,0.0550771925897303,0.0904261693449173,0.12577514610010432,0.03213900788257316,0.08038366518631039,242.81199420168969,5.0,33960.0
537,864691136390474359,V1,L2/3,23P,True,681.8009857055245,207.96466046008334,844.6400000000002,245.05738550556035,28.0,9.0,316480.0,66296.0,0.007201657275951532,0.05605227607325278,0.10490289487055403,-0.0242738886740085,0.0059517896810873175,166.8882460444217,37.0,382776.0
538,864691136101464181,V1,L4,4P,True,807.2645098015815,252.09144281953138,978.2800000000002,274.3549808593016,17.0,5.0,149976.0,88356.0,0.048477184027612946,0.07558028336692492,0.10268338270623688,0.02299934118393843,0.053852440995182764,228.6279755067379,22.0,238332.0
539,864691135810308125,V1,L2/3,23P,True,1015.1096751089766,119.75074627330002,768.8400000000001,374.12540844214146,3.0,3.0,32216.0,20400.0,0.00526370030737993,0.04938494910251618,0.09350619789765242,-0.009606657593817793,-0.002641019900240162,391.94004009330473,6.0,52616.0
540,864691135473383730,RL,L2/3,23P,True,1152.3874219688958,249.135638842193,968.4000000000002,432.248300066549,3.0,6.0,42020.0,68076.0,0.028314154732838076,0.06546396464082924,0.1026137745488204,0.016678563237007914,0.0733201375115254,176.25424079187852,9.0,110096.0
541,864691136484364844,V1,L6,6P-IT,True,606.6539980892386,516.8947411647596,885.2000000000003,357.6400915345098,8.0,13.0,51072.0,109308.0,0.04323657290825339,0.07850297130910028,0.11376936970994717,0.023270968031798376,0.038975335823395615,278.3703825649539,21.0,160380.0
542,864691136211371452,V1,L4,4P,True,704.2691848114811,318.310793391578,848.4800000000002,232.29759800913894,27.0,5.0,217012.0,32972.0,-0.04230001714881703,0.030230760345264143,0.10276153783934532,-0.0748368093416452,-0.029745195822704355,156.61921071025438,32.0,249984.0
543,864691136311381338,V1,L4,4P,True,936.3960533621988,263.83870027190886,798.6000000000003,291.8542935784843,4.0,6.0,38016.0,40292.0,-0.004101236534449743,0.04221703722972803,0.08853531099390578,-0.02670564299588832,-0.006209925115591452,283.6447004358476,10.0,78308.0
544,864691135976105839,V1,L4,4P,True,931.296490305569,277.33359621932016,736.5200000000001,306.62391378525734,10.0,1.0,88852.0,6764.0,0.02598872035193707,0.06093800645784742,0.09588729256375779,0.0050217118550190554,0.030115015216885622,297.61438778500246,11.0,95616.0
545,864691136378815445,V1,L4,4P,True,769.9898125720638,294.8293696111737,820.2000000000003,235.17553990322344,20.0,5.0,120120.0,24824.0,0.025538018696159695,0.06612709922640492,0.10671617975665014,-0.005271060259569,0.04045141790776905,175.86693700948305,25.0,144944.0
546,864691136620914829,V1,L4,4P,True,654.642265473122,270.9252059098974,892.6800000000003,245.1132062864307,21.0,5.0,88088.0,29648.0,0.04718103655486724,0.07479937539076657,0.10241771422666592,0.015276547683703807,0.05409480680379631,160.81628057798324,26.0,117736.0
547,864691135765006134,V1,L4,4P,True,645.4948029407237,269.73943982066766,799.2400000000002,252.93360975544002,10.0,6.0,55256.0,44012.0,0.05030326665759446,0.07410854754946704,0.09791382844133963,0.019376698431831468,0.05868112870450659,168.54236489674747,16.0,99268.0
548,864691135375590217,V1,L4,4P,True,846.8123303853009,298.6594678912255,944.6800000000003,267.6505673519032,31.0,5.0,196160.0,23612.0,0.0316069816464737,0.06171237379341372,0.09181776594035375,0.005752789913107355,0.044641142637227314,231.16549827925184,36.0,219772.0
549,864691135739733140,AL,L4,4P,True,1346.2603854653235,259.6086338824256,767.1600000000001,571.9891988085694,0.0,3.0,0.0,71544.0,0.02233064108678551,0.08071218542764846,0.13909372976851142,0.014981925163725311,0.19465135510128057,101.4258678851755,3.0,71544.0
550,864691136967703758,V1,L4,4P,True,712.9219710103243,269.3425946193431,727.2800000000001,269.2845133490155,36.0,13.0,405888.0,114676.0,-0.02787107319923035,0.054367527615931895,0.13660612843109415,-0.05514586301626816,-0.007373933652141346,202.2608820884893,49.0,520564.0
551,864691136106969561,RL,L4,4P,True,1190.0040520525358,351.5558841316405,752.9600000000002,456.7239401569348,4.0,4.0,76656.0,24696.0,-0.009148079771961434,0.03888593113482332,0.08691994204160806,-0.019670541901812673,-0.004570539481547753,196.06996041393415,8.0,101352.0
552,864691135750649129,V1,L4,4P,True,800.6741843926965,295.8435480832214,855.9600000000003,238.210923257327,31.0,9.0,260724.0,68956.0,0.03915405814572367,0.09080961100471713,0.14246516386371064,0.00918725934118514,0.07582157756008144,186.85235757660325,40.0,329680.0
553,864691135195825450,V1,L2/3,23P,True,838.2330688571571,224.15622866210407,978.7200000000003,285.7051175290667,1.0,7.0,30256.0,93336.0,0.0013285682912095457,0.03980238164748166,0.07827619500375377,-0.022536598815498597,0.002141767571781183,249.03610016953903,8.0,123592.0
554,864691136125440038,V1,L4,4P,True,585.2980107007578,305.7178524040265,706.9600000000002,323.6551182140824,30.0,5.0,384036.0,86180.0,0.0446246152678383,0.07659705724863247,0.10856949922942666,0.021558164300631007,0.0643080234006005,239.05325415101538,35.0,470216.0
555,864691135583172717,V1,L4,4P,True,811.8850036907761,300.6147913872047,894.3200000000003,244.7806123956025,8.0,9.0,31832.0,35704.0,0.023832891530653242,0.061687513417667914,0.09954213530468257,-0.005171601971960102,0.04494966742636804,196.89698876515106,17.0,67536.0
556,864691135977309763,V1,L4,4P,True,573.274744385211,269.8454503781592,757.3200000000002,305.80558096490637,14.0,13.0,100796.0,167056.0,0.032497384157535725,0.08081898794409167,0.12914059173064765,0.00695823733269862,0.06225464203661626,216.22639041796842,27.0,267852.0
557,864691136603221201,V1,L4,4P,True,952.3293884509329,318.1701294170188,920.2800000000002,303.58951485228675,5.0,4.0,42524.0,10116.0,0.028273950930694916,0.062073766382725444,0.09587358183475597,0.006916836066565333,0.03704032690972006,299.65715415881203,9.0,52640.0
558,864691135586240120,V1,L2/3,23P,True,692.3966965582895,154.41235481854628,845.3600000000002,265.8556651383305,17.0,18.0,188692.0,120220.0,0.04415933404077862,0.07493782620043996,0.10571631836010129,0.015434801233704085,0.03838142103247685,193.21070374148235,35.0,308912.0
559,864691136674744199,V1,L4,4P,True,699.9037745868751,274.94931932102884,904.6800000000003,237.44578610813863,31.0,13.0,243444.0,54900.0,0.011089370176165732,0.07290203416200874,0.13471469814785175,-0.020864402119552677,0.042072861886104984,161.65699569506944,44.0,298344.0
560,864691135469422674,V1,L2/3,23P,True,765.9311905619295,247.9612902033417,767.3200000000002,251.8900744479086,18.0,4.0,191632.0,13212.0,0.062016263432191035,0.09342905846519235,0.12484185349819366,0.03333244486506119,0.06136479376760389,194.47696147118617,22.0,204844.0
561,864691135375351369,V1,L4,4P,True,666.9776088612912,277.5294330029002,888.4800000000002,239.88953152522143,18.0,19.0,235532.0,198720.0,0.028701842554457076,0.06555218298998548,0.1024025234255139,-0.0036480213030515127,0.022434755315705747,157.30795437914932,37.0,434252.0
562,864691136925029092,V1,L4,4P,True,1023.3797501316091,338.77699179451616,817.5600000000003,337.8173828494031,6.0,2.0,58948.0,14716.0,0.016481471580473743,0.06856905906815504,0.12065664655583633,-0.0016436669555267005,0.04276719882841927,357.07159559025104,8.0,73664.0
563,864691136968094158,V1,L6,6P-CT,True,624.6192740249599,545.0637095617988,886.0800000000003,370.47745251464977,10.0,6.0,38636.0,53112.0,0.023847312618539677,0.07117844960384052,0.11850958658914136,0.005351262270798064,0.0006688299221165076,295.64907468125506,16.0,91748.0
564,864691135655390658,V1,L2/3,23P,True,700.963125316926,79.99579078658356,881.1200000000002,312.94153075957445,19.0,12.0,267216.0,128832.0,0.041956354042183765,0.08034533567920416,0.11873431731622458,0.01886861413235238,0.062253974290300225,248.59808497156823,31.0,396048.0
565,864691135868466710,V1,L4,4P,True,726.2367248632072,342.5897795334211,908.4400000000003,244.32164609966523,17.0,11.0,72924.0,85532.0,0.006373033387269767,0.06715701846014976,0.12794100353302973,-0.024115315315457703,0.03160550639407867,175.08974962033238,28.0,158456.0
566,864691136107486169,V1,L2/3,4P,True,944.1717692814842,248.39362539534812,891.3600000000002,294.6413485921948,9.0,3.0,69212.0,56700.0,0.01719994504464113,0.060138940738320136,0.10307793643199914,-0.005148707608417702,0.008645542612027313,288.6557600982754,12.0,125912.0
567,864691135368949241,V1,L4,4P,True,578.7177426112797,251.69075483372745,752.4800000000001,306.18435304422195,23.0,9.0,136116.0,61136.0,0.019704096031587057,0.06416023660880925,0.10861637718603143,-0.005677158387878698,0.008055346639355294,217.7796888686268,32.0,197252.0
568,864691135617440105,V1,L5,4P,True,610.7287752564655,370.45262493094714,730.5200000000001,310.4080985136064,9.0,12.0,97596.0,100568.0,0.03286219119508085,0.07725217525526837,0.12164215931545591,0.008628519638605068,0.06588057133914994,227.90783920038936,21.0,198164.0
569,864691135387535957,V1,L2/3,23P,True,697.8415159101148,227.2922320291041,878.1600000000002,238.3314302236207,26.0,5.0,308352.0,23424.0,0.02796869013919416,0.06762373740082206,0.10727878466244997,-0.004028505657217803,0.04386608881178753,162.44521645477673,31.0,331776.0
570,864691135611140359,V1,L4,4P,True,679.6562431275788,337.48660392633286,944.7200000000003,262.18209688141064,17.0,10.0,108844.0,80116.0,0.011326575836844857,0.06736783821379845,0.12340910059075202,-0.017723087694281915,0.03185992503060499,185.33263334578885,27.0,188960.0
571,864691135360809560,V1,L4,4P,True,630.0701615134166,307.2578626665044,945.6400000000002,274.5295102136886,27.0,14.0,274644.0,78324.0,0.05702076881241993,0.0825113655871002,0.10800196236178047,0.028588907761323848,0.06796588350722418,189.72216740360042,41.0,352968.0
572,864691136991390869,V1,L5,5P-IT,True,726.6504774327707,425.2443661019303,790.5200000000002,279.2618187735046,12.0,18.0,108660.0,92352.0,0.039271312590617086,0.07457947109040913,0.10988762959020121,0.013173434721398222,0.04851081377484433,214.76590164456553,30.0,201012.0
573,864691135874914702,V1,L4,4P,True,535.2813561449809,256.17810001215344,741.0800000000002,338.73804536072805,4.0,8.0,19744.0,89136.0,0.002488386144486852,0.041127126565764664,0.07976586698704248,-0.019909812753181797,0.003503223313397136,247.65557091568783,12.0,108880.0
574,864691135502902338,V1,L6,6P-IT,True,956.0891995586585,510.9112567262526,782.6400000000001,377.7951815688784,2.0,4.0,20348.0,20192.0,0.000919448958962481,0.059552206333299655,0.11818496370763683,-0.013205218533396457,0.02512321822047688,374.5041387742713,6.0,40540.0
575,864691135976425327,V1,L6,6P-IT,True,621.2983601021746,544.8374117106125,942.4400000000003,382.7652724189582,2.0,12.0,4972.0,85876.0,0.05702331467951075,0.08470080273812666,0.11237829079674258,0.03973547812275398,0.06437162285449399,308.77945049850746,14.0,90848.0
576,864691135725920939,V1,L4,4P,True,617.6842116642852,265.2505053307376,833.6400000000002,258.9175537902752,11.0,6.0,87304.0,34668.0,0.052311478689490015,0.09046682439298422,0.12862217009647842,0.02151981190910753,0.06818486625343509,169.72165630176892,17.0,121972.0
577,864691135137137433,V1,L4,4P,True,1003.6575300658492,340.970433764968,819.5600000000003,327.17676352306086,1.0,2.0,26236.0,5608.0,0.04702564672425818,0.08444535796649973,0.12186506920874127,0.027984711972059303,0.06340650883478031,340.01363701258003,3.0,31844.0
578,864691135209280633,V1,L4,4P,True,883.2715462656637,309.3015944357235,968.0400000000003,289.1367915000517,17.0,6.0,137556.0,18164.0,-0.0015334052105373,0.039673359134076054,0.0808801234786894,-0.024646454824051908,-0.007099482477326471,264.1224345567599,23.0,155720.0
579,864691135570791558,V1,L4,4P,True,872.4315893996859,258.4352682154849,973.4000000000002,287.86355665698517,14.0,4.0,201124.0,26268.0,0.03448445987985852,0.07021973972360611,0.10595501956735368,0.011145575707577224,0.04042791939370294,260.153525677001,18.0,227392.0
580,864691136311059034,V1,L2/3,23P,True,859.3003880785923,136.82805645621073,881.4000000000002,294.7650683731335,12.0,18.0,90592.0,204052.0,0.03306685436561731,0.06253294141542098,0.09199902846522467,0.010267977488894346,0.04274232232719196,265.2209902743524,30.0,294644.0
581,864691135717457946,V1,L4,4P,True,709.1922761459178,345.01749614037846,895.2000000000003,242.34456969918082,53.0,23.0,540972.0,155424.0,0.010460605203891202,0.057665410073887834,0.10487021494388446,-0.02064982533496114,0.029296008612109837,168.940234977815,76.0,696396.0
582,864691135778467517,V1,L2/3,23P,True,489.73216236283673,182.7447902828714,978.2800000000002,392.80919837882493,6.0,3.0,52600.0,74112.0,0.02489189402101588,0.0624647473803444,0.10003760073967292,0.007239453629331127,0.03674278841880079,301.483055992906,9.0,126712.0
583,864691134887460346,V1,L4,4P,True,903.9472518487916,265.3684219274716,768.5600000000002,285.14382454429864,3.0,4.0,31220.0,32248.0,0.05993775433490309,0.08973253194852188,0.11952730956214068,0.03654642111748097,0.0708256580412408,267.043001086097,7.0,63468.0
584,864691135569592300,V1,L4,4P,True,671.6006750339005,342.17836848650796,824.7600000000002,245.4989789769615,30.0,7.0,318352.0,64876.0,-0.009751805643090637,0.05802785749574308,0.1258075206345768,-0.04118878829075672,0.023938205447473052,164.68793570855678,37.0,383228.0
585,864691136101516661,V1,L4,4P,True,867.6639299985944,304.8523704067589,946.4400000000003,275.196625319222,7.0,10.0,59532.0,104836.0,0.007174465009703685,0.057565610969195824,0.10795675692868797,-0.017625106854327232,0.029011270010638912,244.95717715915194,17.0,164368.0
586,864691135562798817,V1,L2/3,23P,True,682.997127397857,200.16723953699187,889.9200000000003,250.91322496038782,22.0,13.0,246136.0,74236.0,0.010962638781913416,0.05806594466578989,0.10516925054966636,-0.019745101608073662,0.0239821994510297,173.74117891298567,35.0,320372.0
587,864691135567059223,V1,L4,4P,True,699.6152522913819,343.60141489636425,846.0000000000002,238.34096621883137,17.0,11.0,135920.0,74308.0,0.014022261971206006,0.06037860995139722,0.10673495793158844,-0.017810710031018955,0.03375747400225492,162.3727972358478,28.0,210228.0
588,864691136975144988,V1,L2/3,23P,True,705.8631536235612,181.86650521715086,891.6400000000002,254.76818780386617,10.0,19.0,113612.0,172440.0,-0.002442509224233858,0.04065160692412033,0.08374572307247452,-0.03223597847192026,-0.009759485634204094,183.20483333703535,29.0,286052.0
589,864691135773209163,V1,L4,4P,True,705.7979526694437,336.81846155470595,946.4000000000002,258.3976643112479,36.0,7.0,357744.0,79036.0,0.036289021259449813,0.0825469999544339,0.128804978649418,0.007271947465829384,0.057480995464169224,186.61741324579646,43.0,436780.0
590,864691136298111003,V1,L2/3,4P,True,980.2674634744167,249.23878853362828,977.5200000000002,334.63347803121894,8.0,1.0,81964.0,23380.0,-0.05262686009834182,0.029775289338504794,0.11217743877535141,-0.07089258765636146,-0.054735454054321626,340.0212485668998,9.0,105344.0
591,864691135478316200,V1,L4,4P,True,706.001273962272,345.5092532592564,813.0800000000003,242.75642327821078,21.0,10.0,121160.0,35204.0,0.03430812371078519,0.08370694891557032,0.13310577412035549,0.0032653753808544227,0.0681342060784798,169.1063734822051,31.0,156364.0
592,864691135440543560,RL,L2/3,4P,True,1110.7384995756065,244.20694089265373,1078.0000000000002,452.8231744099367,2.0,1.0,6480.0,956.0,-0.003710080658330085,0.04730444848960897,0.09831897763754803,-0.012938982181679312,0.057068987806438286,260.6266164791884,3.0,7436.0
593,864691135570502278,V1,L2/3,23P,True,917.3086521541715,234.54364712084242,893.8800000000002,284.87360275838057,2.0,1.0,9088.0,3416.0,0.025469839041950187,0.06581496957036442,0.10616010009877867,0.0019970534383262012,0.046171993271095856,270.3227818061631,3.0,12504.0
594,864691135725748139,V1,L4,4P,True,683.1250742466628,309.5867651693208,865.0000000000002,234.26476887781058,24.0,14.0,171460.0,125816.0,0.006193600216213115,0.05119661162902056,0.09619962304182801,-0.026559259695578406,-0.003627767161107083,154.15009325006397,38.0,297276.0
595,864691135479404742,V1,L6,5P-NP,True,632.8977295325636,517.2634360665861,795.7600000000002,353.4957579854386,15.0,3.0,117528.0,8604.0,0.08042336431362306,0.10853758620849513,0.1366518081033672,0.06070879161592966,0.11309561229294948,278.94602378118947,18.0,126132.0
596,864691135469845388,V1,L5,5P-IT,True,706.5763250153584,385.1984014522618,881.0400000000003,253.69655829362137,21.0,19.0,193972.0,98340.0,0.036460958870370576,0.06522104330620963,0.09398112774204871,0.006712274630808002,0.053124189986951995,181.06059080591973,40.0,292312.0
597,864691136953197279,V1,L4,4P,True,835.7326943809128,265.9533573610774,973.2400000000002,276.6779119349912,9.0,3.0,60292.0,19740.0,0.05234495068852155,0.08018533626254344,0.10802572183656531,0.027441310920213964,0.06275580375533256,238.27805828417544,12.0,80032.0
598,864691135405733870,V1,L5,5P-IT,True,704.1773942218033,376.63674115488175,888.5200000000002,251.68574993619995,41.0,15.0,381604.0,100800.0,0.025846217372966357,0.057807374573280335,0.08976853177359433,-0.00419553627835704,0.03791052351958458,178.28209838042923,56.0,482404.0
599,864691136144674612,V1,L2/3,23P,True,649.1258863409307,212.81529603843106,844.5200000000002,253.39618715566624,41.0,14.0,434484.0,128536.0,0.03314361010572349,0.06060006793370572,0.08805652576168796,0.002124436812854684,0.036807631630796034,169.6801368077022,55.0,563020.0
600,864691136664680926,V1,L6,6P-CT,True,670.6251672825188,551.5942379917273,848.7200000000003,360.9592618077516,2.0,11.0,9896.0,104820.0,0.02488963514488171,0.054059009447466895,0.08322838375005209,0.0062370643122303055,0.027413907147249034,293.3994503169337,13.0,114716.0
601,864691136110256824,V1,L2/3,23P,True,771.2127741339775,120.76960779064824,772.5600000000002,297.2749116488384,2.0,5.0,51404.0,16712.0,0.03823919946704385,0.06720653363182545,0.09617386779660707,0.014815072067447047,0.03596035892199809,247.09832063130938,7.0,68116.0
602,864691135157994084,V1,L5,5P-IT,True,689.6927992027629,382.11517260324297,905.1600000000002,259.4215523218419,13.0,23.0,107236.0,135992.0,0.04655161083779424,0.07801429551633877,0.10947698019488332,0.01720822521411722,0.04834982777688779,183.9142361580424,36.0,243228.0
603,864691136521831825,RL,L5,5P-IT,True,1231.458497266472,425.5303723556542,769.2400000000001,502.5646805481643,30.0,4.0,378160.0,28732.0,0.016405348948371933,0.07341987478007883,0.13043440061178568,0.008374036617446462,0.12019262278521917,230.2520604609502,34.0,406892.0
604,864691135546902056,V1,L2/3,23P,True,659.080073105196,161.45542074786866,921.8000000000003,282.2087564200251,17.0,23.0,252812.0,247424.0,0.029554707231329306,0.06199727167572055,0.09443983612011181,0.002330196312672535,0.03559955386989351,204.82921897854388,40.0,500236.0
605,864691136438717086,V1,L4,4P,True,646.0781198885148,335.76954372289106,891.4000000000002,253.57876165807176,13.0,19.0,98348.0,143116.0,0.033322242051615845,0.06513565758629357,0.09694907312097127,0.0023708571612782244,0.04179407340382556,168.48308140091868,32.0,241464.0
606,864691135308553030,V1,L6,6P-IT,True,943.3915773900447,534.1490127122148,890.1200000000002,382.48476446012216,2.0,2.0,26996.0,21628.0,0.051994558047387555,0.10022597371086202,0.14845738937433647,0.03818201521841234,0.02555548386407093,375.2409767010549,4.0,48624.0
607,864691136596901026,V1,L4,4P,True,619.988317009731,274.8960254596414,844.2800000000002,256.18733254694365,29.0,16.0,189944.0,141208.0,0.030002125426670443,0.06477479530530784,0.09954746518394524,-0.0011160372910397607,0.04196978555373985,166.8823869597282,45.0,331152.0
608,864691136336039091,V1,L2/3,23P,True,678.4350146417462,240.56334458686686,823.7200000000003,240.07839515215264,24.0,7.0,226068.0,72820.0,0.03378601615447556,0.07805218297718844,0.12231834979990133,0.0017067237229397962,0.057131602724266255,160.46598139187842,31.0,298888.0
609,864691135927647956,AL,L4,4P,True,1341.0029630099982,267.5646945361815,784.1200000000001,564.7724685145547,1.0,3.0,3444.0,6192.0,0.020428233555070837,0.056044846111408815,0.09166145866774679,0.012864249805406755,0.12048505567776621,103.68924044241427,4.0,9636.0
610,864691135155894884,V1,L2/3,23P,True,618.4397512164188,125.9061074383746,881.2800000000002,308.1545215567938,21.0,22.0,219624.0,291972.0,0.0321632026411777,0.05978013952721259,0.08739707641324745,0.007229917819520318,0.025578984678500234,226.91156533330496,43.0,511596.0
611,864691135480718022,V1,L2/3,23P,True,1040.1149242937115,118.85468756467209,762.4800000000001,388.5717778644779,1.0,2.0,1432.0,3948.0,0.02946375271946266,0.07848736186142581,0.12751097100338898,0.01563791919118102,0.009342123642020701,413.658821256626,3.0,5380.0
612,864691135280682401,V1,L4,4P,True,696.5544217819503,297.0776088118173,877.0400000000003,232.15209694564868,25.0,18.0,200344.0,143232.0,0.04365866147195873,0.07359080361544328,0.1035229457589278,0.010910690878715087,0.0515219979568601,154.71866183961848,43.0,343576.0
613,864691136380718037,V1,L6,6P-IT,True,668.083665972692,550.536707333945,888.4800000000002,361.8558370882457,5.0,7.0,50084.0,58340.0,-0.010537530000221612,0.03561918966304694,0.08177590932631551,-0.029230369375307215,-0.007930891605534326,293.6852613028699,12.0,108424.0
614,864691136026254649,V1,L4,4P,True,699.0070511900325,261.700749920918,821.1600000000002,233.94963026277404,17.0,15.0,75604.0,79512.0,0.026340292425764928,0.054899092412575554,0.08345789239938617,-0.006081245415942838,0.040944109084503466,157.84485537367337,32.0,155116.0
615,864691137055405174,V1,L5,4P,True,825.09600151263,360.36156020821267,937.4400000000003,269.91877848975014,23.0,12.0,262304.0,119768.0,0.0368703683463092,0.06973530546603258,0.10260024258575595,0.011082882388053503,0.05073525382160448,227.54573956473752,35.0,382072.0
616,864691135504315317,V1,L4,4P,True,1017.1354894707113,257.4111470142968,766.0400000000001,339.72796271018257,0.0,3.0,0.0,13856.0,-0.005199012604726805,0.04341487530268914,0.09202876321010511,-0.023145758308823452,-0.0028946745761463263,358.02657382978504,3.0,13856.0
617,864691136438666398,V1,L4,4P,True,627.4860597022574,344.8717756486652,819.2400000000002,263.3198634856804,16.0,9.0,146360.0,49760.0,0.057152706283332584,0.10240857472810694,0.1476644431728813,0.02716458832547853,0.02950338448971984,176.34814801757994,25.0,196120.0
618,864691135493620831,V1,L2/3,23P,True,677.6399370407905,124.08280538993289,860.8000000000003,286.0331532522116,8.0,20.0,35968.0,161864.0,0.03218685984331396,0.06296303060324718,0.09373920136318041,0.005592801194940008,0.04196408063560333,213.17613790945444,28.0,197832.0
619,864691136905458866,V1,L6,6P-CT,True,675.5371891513275,515.2761476074526,885.9600000000003,333.90032203574833,4.0,14.0,44696.0,111800.0,-0.0008486870251088525,0.04833937862957469,0.09752744428425823,-0.022189910183558575,-0.008728295645496188,264.12590976343614,18.0,156496.0
620,864691136420279191,V1,L2/3,23P,True,639.0624806951112,119.29433696075867,977.6800000000003,333.28051437935676,2.0,4.0,28428.0,81880.0,0.03162623051873009,0.06683301113633851,0.10203979175394692,0.010067512969191662,0.01989308379878961,259.2686727312197,6.0,110308.0
621,864691135866576604,V1,L4,4P,True,669.8019102077545,268.011367973475,891.3600000000002,240.18154784140623,24.0,20.0,189352.0,128436.0,0.011073514977705716,0.06370122546161618,0.11632893594552661,-0.021182515823106606,-0.0052778905242093724,158.2911242930513,44.0,317788.0
622,864691135763795510,V1,L4,4P,True,823.6025220588951,290.7826260462029,952.0000000000002,264.00635439195116,16.0,11.0,145984.0,49240.0,0.025943611319041382,0.05872795595994744,0.09151230060085348,-0.0005774620884276716,0.014907982591365578,221.11647873440688,27.0,195224.0
623,864691136953413599,V1,L4,4P,True,903.5678344125995,259.42473599960545,907.3600000000002,278.2055410569586,14.0,10.0,154072.0,76028.0,0.008662457918688077,0.060499169695465684,0.1123358814722433,-0.01559825161997712,0.03515459895338686,258.92082907044335,24.0,230100.0
624,864691135646481135,V1,L4,4P,True,781.9266058036499,294.9742811233517,956.0400000000003,258.29143498962054,5.0,9.0,28172.0,129792.0,0.03404101766573318,0.06905333200639455,0.1040656463470559,0.006307919770004316,0.027238276750900264,204.31559316756764,14.0,157964.0
625,864691135539491442,V1,L4,4P,True,976.1211838219568,273.8671347437091,976.1600000000003,330.42369348538256,5.0,7.0,32344.0,83932.0,0.005916740143348061,0.05006249358021766,0.09420824701708726,-0.012743200592310943,0.017648154597966956,334.3412463222409,12.0,116276.0
626,864691136239902780,V1,L4,4P,True,711.3124528540014,298.75423604420183,847.6400000000002,229.46567752101834,17.0,16.0,135444.0,71040.0,-0.00020867457816658685,0.039057470822428386,0.07832361622302336,-0.03297929442065032,-0.009847302203426004,155.09064959885987,33.0,206484.0
627,864691135396115189,V1,L6,6P-IT,True,658.108207605327,552.9404357630671,877.5200000000002,365.2211383809073,1.0,8.0,164.0,46160.0,-0.00801843119937704,0.03373422168313419,0.07548687456564541,-0.026529219598986874,-0.006102032276115653,295.65559805393343,9.0,46324.0
628,864691135990004992,V1,L4,4P,True,645.798152070368,314.73710815254395,813.2000000000003,250.73517492884193,24.0,14.0,160592.0,85056.0,0.04799952747716194,0.08621995908895268,0.1244403907007434,0.016760299298163354,0.031296262028212646,165.67047323217344,38.0,245648.0
629,864691136299034139,V1,L4,4P,True,694.977822386382,348.14251651119423,818.1600000000002,243.70190152456556,9.0,16.0,59300.0,140748.0,0.0377215760516511,0.09354983688716428,0.14937809772267746,0.006555800752964229,0.07646174318440475,167.68018936055756,25.0,200048.0
630,864691136101340021,V1,L4,4P,True,631.5606925781636,256.442402842303,830.0400000000003,253.21169561061885,15.0,11.0,85828.0,92196.0,0.016836595388864495,0.05342511791652404,0.0900136404441836,-0.014440333930539152,0.03646547935612363,165.87782755241955,26.0,178024.0
631,864691135686494647,RL,L2/3,23P,True,1142.5765855261268,149.7905299726908,670.8000000000002,465.46087844303736,5.0,0.0,54764.0,0.0,-0.053065185481894074,0.04794439705821311,0.14895397959832027,-0.06229460367288531,-0.05491174424542045,266.8140818210407,5.0,54764.0
632,864691135741619051,RL,L5,5P-IT,True,1184.0860306101968,366.3283081103927,862.5600000000003,444.6267941935303,2.0,2.0,10324.0,7412.0,0.034028563211009305,0.06456634905249245,0.09510413489397561,0.022795398306887805,0.014849221985759867,169.8760921625974,4.0,17736.0
633,864691136120159768,V1,L4,4P,True,536.8287076788741,297.23720286682567,794.3200000000003,318.8152653604596,11.0,9.0,94864.0,72372.0,0.04774815105443359,0.08390239777796951,0.12005664450150545,0.02298742901008579,0.0561950674327351,224.45862880920018,20.0,167236.0
634,864691136288644291,V1,L5,5P-IT,True,616.0309370958319,372.26563784572966,893.6800000000003,277.99495068964393,9.0,20.0,45516.0,228904.0,0.029764710049382737,0.0700986073792614,0.11043250470914007,0.0013301803490605444,0.038552753862833605,190.55854513924382,29.0,274420.0
635,864691135955060232,RL,L6,6P-CT,True,1113.862133801604,560.2417915740656,980.8000000000003,497.1352534209571,1.0,2.0,2328.0,9796.0,-0.018828524093776368,0.04587713284553139,0.11058278978483914,-0.025148029084493193,0.10673386237497719,337.07207349722086,3.0,12124.0
636,864691136310966106,AL,L6,6P-CT,True,1310.057930610729,544.8989980072959,726.4800000000001,618.1349800464761,0.0,4.0,0.0,32176.0,0.010309439404990062,0.056577749298310734,0.10284605919163141,0.006719677706727289,0.07796013565960483,309.8636693523291,4.0,32176.0
637,864691136239980604,V1,L4,4P,True,640.1484799360874,309.55297960715365,848.8400000000003,247.5241387161055,38.0,16.0,302600.0,85116.0,-0.01174678810450231,0.04995201700918414,0.11165082212287059,-0.043612222918008474,0.010578305839557668,160.57988049940204,54.0,387716.0
638,864691135817419343,V1,L6,6P-CT,True,623.0140331073101,529.6330854138162,913.5600000000003,364.04208179834643,4.0,11.0,11708.0,103924.0,-0.00744839569598829,0.04991644419223203,0.10728128408045236,-0.026559140726981845,-0.009921178320465882,288.20239085115037,15.0,115632.0
639,864691136011768494,V1,L4,4P,True,625.3251895612979,315.96544609553945,875.5600000000003,256.55778720209383,17.0,14.0,139320.0,149024.0,0.0007603513826128387,0.045550353346671096,0.09034035531072937,-0.03021311510227727,0.001076380846246429,167.98200393016148,31.0,288344.0
640,864691135430275120,V1,L4,4P,True,580.128939750283,303.85223896363766,826.1600000000002,282.5813171243641,6.0,10.0,26776.0,71164.0,0.031406278805723116,0.07193888383594926,0.11247148886617539,0.002982399708120349,0.051312490094631805,189.97455918184068,16.0,97940.0
641,864691135124603687,V1,L4,4P,True,629.6684322070811,301.5692025813497,888.0400000000003,254.92731067535868,17.0,15.0,164536.0,103920.0,0.01319310232091805,0.061516122338569505,0.10983914235622096,-0.017898630686429634,0.036630524646431774,167.0054079351652,32.0,268456.0
642,864691136288598467,V1,L2/3,23P,True,694.1452591498693,87.4298634878759,860.1200000000002,307.27150828976454,10.0,6.0,130752.0,32060.0,0.02408565876185146,0.057814399357259856,0.09154313995266826,0.0002505024832293933,0.03882640250579452,240.86069749967933,16.0,162812.0
643,864691136742244188,V1,L4,4P,True,680.5989482887039,258.4198933903608,824.4400000000003,236.75833071098123,19.0,9.0,221640.0,64340.0,0.04043365070261389,0.08333832127965217,0.12624299185669044,0.00797991940188411,0.06579793014645098,157.00661358914076,28.0,285980.0
644,864691135357351375,V1,L4,4P,True,685.8649835699965,307.6421642077072,875.4000000000002,234.5373476312996,13.0,34.0,81416.0,281712.0,0.0318338851756114,0.06472736016098271,0.097620835146354,-0.0008230027553176931,0.041677676173258495,155.04339146174823,47.0,363128.0
645,864691135258509487,V1,L2/3,23P,True,677.4635523147853,242.85539802151786,847.3600000000002,237.09935750205105,13.0,8.0,97980.0,42672.0,-0.012330642268068844,0.04494898229425481,0.10222860685657846,-0.04488217313683773,-0.013041403056361865,156.62007090934972,21.0,140652.0
646,864691136523288465,V1,L4,4P,True,735.9811742132624,278.940860902668,797.5200000000002,237.15239988947982,10.0,11.0,36656.0,54112.0,0.015244277027737856,0.05698145217296589,0.09871862731819392,-0.015905936266797815,0.004874179415916846,170.1527760187171,21.0,90768.0
647,864691136134678667,V1,L6,6P-CT,True,592.4360474229983,563.384472577754,844.8400000000003,396.6570339577855,1.0,6.0,28888.0,65768.0,0.054751749394139466,0.08810014901311305,0.12144854863208664,0.03835422521505378,0.05346213286264501,319.73660807377735,7.0,94656.0
648,864691135184104194,V1,L4,4P,True,708.7077154803906,343.94719106170993,859.7200000000003,237.512830831541,10.0,17.0,97856.0,182064.0,-0.01132380257682111,0.05819799820249832,0.12771979898181773,-0.043083733776318564,0.007548069369135326,163.39714050766273,27.0,279920.0
649,864691136903144370,V1,L6,6P-IT,True,528.5106292332362,557.5347452965847,772.4000000000001,435.4235871262741,5.0,1.0,27364.0,4116.0,0.011882533439453256,0.05756755686687222,0.10325258029429119,-0.0017589968594511212,0.005181804731530911,353.71205164574275,6.0,31480.0
650,864691135351096279,V1,L5,4P,True,611.1080770489034,366.1171856048519,858.2800000000002,274.51869249627526,18.0,19.0,122940.0,116600.0,0.029354313813961478,0.06389351072364269,0.09843270763332393,0.0003926073814427787,0.028261301705068603,185.7668716174154,37.0,239540.0
651,864691134949263100,V1,L5,5P-IT,True,639.274328871207,390.0390661806464,875.8400000000003,271.2969413926884,15.0,18.0,151812.0,157884.0,0.0407953920240477,0.08189935161494231,0.12300331120583691,0.011907130303399219,0.05962563983890571,187.1914236826979,33.0,309696.0
652,864691135562004193,V1,L4,4P,True,638.5744814715003,308.45160554105354,821.2000000000003,251.20226240116648,21.0,12.0,160600.0,84116.0,0.018581746676635192,0.05845634117542263,0.09833093567421007,-0.012767880105756848,0.028237127453671823,164.72542842803642,33.0,244716.0
653,864691135387988609,V1,L4,4P,True,621.0934192700439,250.51556646079868,860.9600000000003,257.8062385080443,16.0,4.0,179780.0,27504.0,0.04256692256469013,0.0965539058716128,0.1505408891785355,0.011647450619000025,0.028210088364558492,169.01914230413706,20.0,207284.0
654,864691135583352941,V1,L4,4P,True,946.6640226810885,263.9660975495105,972.1600000000003,315.6148379009541,4.0,4.0,7636.0,41532.0,0.03912289716977306,0.06539097158479382,0.09165904599981457,0.018998324660354848,0.048326379587822876,310.41464207090394,8.0,49168.0
655,864691135993150913,V1,L2/3,23P,True,678.864431145819,157.08310317929758,861.7200000000003,266.9933806654938,16.0,22.0,248000.0,295064.0,0.04612200912475151,0.0766906002101128,0.10725919129547412,0.017262423553870188,0.03962731364306165,191.5333525111807,38.0,543064.0
656,864691135942924148,V1,L4,4P,True,804.5163637578535,301.12651938031945,946.7600000000002,258.3239825934436,14.0,19.0,80524.0,91812.0,-0.01200814113057289,0.044249150288682676,0.10050644170793822,-0.03943847481004147,-0.00934637616029182,209.90785133476146,33.0,172336.0
657,864691135464143934,V1,L2/3,23P,True,1008.7143764506483,214.14455621373415,720.8400000000001,355.4035162392041,4.0,4.0,114560.0,8672.0,0.012981287324315662,0.0560795218016647,0.09917775627901373,-0.003415760013635393,0.00030827187011986623,371.2296847621455,8.0,123232.0
658,864691135778288573,V1,L6,6P-IT,True,594.103628428709,523.7630403271476,861.3600000000002,366.92003663777433,20.0,3.0,214364.0,4416.0,0.028876674762537496,0.09011587697169207,0.15135507918084665,0.009689950316276386,-0.010498750554342429,286.7857926854101,23.0,218780.0
659,864691135741963627,V1,L4,4P,True,680.2908306978029,285.439858296892,858.2000000000003,232.82365316075868,28.0,4.0,188560.0,11096.0,0.01980441290913987,0.06936206935691351,0.11891972580468714,-0.013217137567244451,0.04731020192016002,152.0263156696482,32.0,199656.0
660,864691136523033233,V1,L5,5P-IT,True,689.6105174147755,506.4210225609476,913.8000000000003,329.892138210503,1.0,7.0,1148.0,74840.0,0.028041851800374534,0.062486293524578254,0.09693073524878194,0.006568065954710587,0.033622901177742824,262.40726489429477,8.0,75988.0
661,864691136390788215,V1,L2/3,23P,True,609.1075802414332,212.01241564453133,757.7200000000001,295.1527893437988,10.0,16.0,79560.0,172828.0,0.031639325668456765,0.059010445035963525,0.08638156440347028,0.00544950208684304,0.035110534881059245,210.83558651157915,26.0,252388.0
662,864691135976063855,V1,L4,4P,True,680.828396642076,322.6201926533171,856.4000000000002,236.40531342172937,63.0,16.0,468036.0,62844.0,0.004553898084544396,0.04755815792825513,0.09056241777196589,-0.027952777529299838,0.0021188898582955766,156.08313995829403,79.0,530880.0
663,864691135346571423,V1,L4,4P,True,900.3522085372141,338.0356138615753,827.7600000000002,276.66994270080835,20.0,11.0,129736.0,53824.0,0.035764963267573106,0.09018612102907951,0.1446072787905859,0.011391992587694865,0.07356788700053513,256.0018514539542,31.0,183560.0
664,864691135499707667,V1,L4,4P,True,701.4571374890104,283.62973542247636,911.3600000000002,239.19127308251117,28.0,15.0,195940.0,58568.0,0.04576526716186853,0.07036910121396611,0.0949729352660637,0.01409562294563826,0.060669916641954216,163.96661626415656,43.0,254508.0
665,864691135810466333,V1,L5,4P,True,674.8423415003859,382.2293042373748,847.3600000000002,255.7656144609755,16.0,17.0,100480.0,125728.0,-0.002142598529719949,0.05437561164013599,0.11089382180999192,-0.03226292969286828,0.002638667336515161,176.7376139900358,33.0,226208.0
666,864691135801604706,AL,L4,4P,True,1295.8106726807046,253.20327737794648,815.6800000000003,522.7230924950995,11.0,3.0,200596.0,33816.0,0.01739008247087414,0.057434441209537716,0.09747879994820131,0.00844235518030214,0.08401269812917132,109.09340632119205,14.0,234412.0
667,864691135503163202,V1,L4,4P,True,500.34466546683035,275.8640778760855,915.6800000000003,349.00260802127696,19.0,9.0,237980.0,87780.0,0.018936154346298067,0.06151266690565269,0.10408917946500733,-0.0030674024306007377,0.03494046781771383,252.85307219509497,28.0,325760.0
668,864691135810773452,V1,L4,4P,True,701.2220246986589,282.645498674629,828.2400000000002,231.46812122426104,26.0,6.0,340960.0,50000.0,0.07183714685023432,0.09884059151319785,0.12584403617616138,0.03913534256417559,0.08383325268964065,155.31355534600473,32.0,390960.0
669,864691135810492189,V1,L4,4P,True,691.4233563371827,343.97687285083515,851.1200000000002,239.35889900610186,27.0,25.0,279132.0,150440.0,0.03557335076483677,0.07882920243400364,0.12208505410317048,0.0036909706833820146,0.061704719749748733,161.69483195149058,52.0,429572.0
670,864691135953985800,V1,L2/3,23P,True,549.7055759662936,197.0502543001164,950.1200000000002,335.34220377093976,5.0,2.0,53208.0,7808.0,0.021105701348933643,0.05954455058377503,0.0979833998186164,-0.001586721092956911,0.022086412255705463,245.60464812547139,7.0,61016.0
671,864691135342958789,V1,L4,4P,True,767.5740322321468,276.17985344186593,938.0800000000003,249.03275844799907,29.0,13.0,275460.0,114452.0,-0.0187032686614874,0.04937768362996764,0.11745863592142267,-0.04783061599214205,-0.015382430719212602,190.58299190299397,42.0,389912.0
672,864691136195834070,V1,L4,4P,True,698.9170233774902,264.1984078224266,969.0400000000003,265.8494021449538,15.0,10.0,132236.0,73344.0,0.04075862475083689,0.06406023248274634,0.08736184021465579,0.012592821450170518,0.04738534024818582,194.10417583790306,25.0,205580.0
673,864691135587371132,V1,L2/3,23P,True,634.375832054199,211.78181138036126,859.7200000000003,259.8347819028042,15.0,11.0,79772.0,80496.0,0.05162833148726682,0.08957964608490386,0.1275309606825409,0.02115420496328262,0.04854436684188477,174.11435249221648,26.0,160268.0
674,864691135915343462,RL,L4,4P,True,1269.7161883368517,342.9183862884774,800.6400000000002,508.0158135950453,18.0,3.0,149752.0,3920.0,0.017925613945338446,0.08051328154258436,0.14310094913983026,0.009080686132896467,0.07078752161914043,189.66084284291065,21.0,153672.0
675,864691135492568551,V1,L4,4P,True,601.615300399432,273.41708373067235,907.7600000000002,274.4730188068029,18.0,28.0,214556.0,179312.0,0.011549395516680883,0.04522341741841075,0.07889743932014061,-0.01751320997819635,0.019000682293464716,184.43212299891226,46.0,393868.0
676,864691136523335057,V1,L4,4P,True,782.6239673893854,297.2838487925791,874.1600000000002,235.62721430729715,20.0,14.0,77048.0,146556.0,0.04137159607831599,0.07418453214407125,0.10699746820982652,0.010782663593279243,0.048655713528829206,179.23161622755603,34.0,223604.0
677,864691135325071004,V1,L2/3,23P,True,646.5263216549724,80.2442562165925,843.8800000000002,325.0974378627186,15.0,13.0,129740.0,167120.0,0.023759021602995596,0.06711108832601685,0.11046315504903809,0.001195743484918762,0.0014246073056838721,251.8415997280194,28.0,296860.0
678,864691135928366606,V1,L2/3,23P,True,640.1249246322145,128.44575897487817,886.6400000000002,297.7971269631123,20.0,26.0,193312.0,143656.0,0.06506842656379554,0.08552024646681546,0.10597206636983536,0.039258226628219185,0.07233172245673739,219.0896263852665,46.0,336968.0
679,864691134965778719,V1,L2/3,23P,True,910.9239885072773,140.8305805072905,921.0400000000003,316.7031431915187,4.0,7.0,35960.0,106480.0,0.02208970207608781,0.05341990158652496,0.08475010109696211,0.0019263083348556144,0.028914609654277335,302.29404320592755,11.0,142440.0
680,864691135919956656,V1,L2/3,23P,True,694.2263569062359,212.07122965157748,854.1600000000002,241.2479051959413,16.0,26.0,265812.0,314428.0,0.03940030631004105,0.07348703667691703,0.10757376704379301,0.00767920360857764,0.057794651197552706,165.14349721193278,42.0,580240.0
681,864691136452447743,V1,L2/3,23P,True,579.5285706161884,138.884160000152,942.0000000000002,336.38108914836846,10.0,17.0,115152.0,162156.0,0.05722289615109237,0.0785966067716279,0.0999703173921634,0.035010594516397556,0.06846069728080645,252.08455567616704,27.0,277308.0
682,864691136176327430,AL,L2/3,23P,True,1247.8400919435412,229.47607662144637,757.5600000000002,493.5951493474706,0.0,7.0,0.0,44764.0,0.04353479986572292,0.075240912034459,0.10694702420319507,0.03381912086367713,0.083399648430263,118.30603906304823,7.0,44764.0
683,864691135360017752,RL,L2/3,23P,True,1172.4020659899927,170.902328643092,767.7600000000001,448.14651847896897,4.0,7.0,38284.0,87268.0,-0.020195368297003028,0.03680370377569773,0.09380277584839848,-0.031392992050485416,0.07691161325588786,191.49673469084425,11.0,125552.0
684,864691135701624699,AL,L2/3,23P,True,1265.3423673994762,189.50539994635648,757.8800000000001,513.2802564956784,8.0,2.0,118980.0,34336.0,-0.0032275058085803466,0.05057246439844852,0.1043724346054774,-0.012158234394352683,0.09413533687820753,116.90734310724987,10.0,153316.0
685,864691135280481697,V1,L5,5P-IT,True,669.9300883440686,397.98914411372664,886.6400000000002,266.2356904095855,6.0,25.0,16552.0,284824.0,0.04649965148402967,0.09092160072474853,0.1353435499654674,0.01756532486367752,0.044247127250717035,187.44508386820496,31.0,301376.0
686,864691135341198789,AL,L2/3,23P,True,1345.2417271146612,246.2851520865651,731.9600000000002,578.6615659730209,2.0,1.0,17556.0,7212.0,0.012468849443537555,0.057022523044618786,0.10157619664570001,0.005457956995140541,0.12840970837810173,104.1047101123783,3.0,24768.0
687,864691135858273326,V1,L4,4P,True,533.2541264641172,346.90666488464007,861.1600000000002,321.32469366296345,11.0,13.0,157540.0,65724.0,0.04017825236172649,0.07939902028193417,0.11861978820214183,0.015558514341050463,0.05232136988102601,226.14177910416666,24.0,223264.0
688,864691135113733529,RL,L4,4P,True,1041.621236516954,337.3534249877659,953.0800000000003,361.24870377653775,3.0,8.0,8444.0,59364.0,0.033487977454790485,0.06791984279223592,0.10235170812968136,0.017421226134724466,0.0030926113920232852,222.16316889119759,11.0,67808.0
689,864691135646775791,V1,L2/3,23P,True,686.4854381685948,203.6204061948227,851.6400000000002,245.27257857901432,22.0,7.0,349780.0,115344.0,-0.009241875914578356,0.05516127739114646,0.11956443069687125,-0.04061517894105323,-0.016403170402928578,168.11814278705825,29.0,465124.0
690,864691135787537348,V1,L4,4P,True,852.4473783253723,279.04395171873847,858.8000000000003,252.41949160197018,8.0,13.0,41708.0,73356.0,0.006322463924464313,0.05495563632562057,0.10358880872677684,-0.021276012805235844,0.0292198266070021,216.5638731257005,21.0,115064.0
691,864691135480892614,V1,L5,5P-IT,True,614.5071403390675,370.5904556335286,887.6400000000002,277.0721041178388,39.0,42.0,307484.0,317292.0,0.03701159686504173,0.07421332491093355,0.11141505295682534,0.00842953083438774,0.030753302366256733,189.22935694350534,81.0,624776.0
692,864691135272003237,V1,L2/3,23P,True,696.9327692500442,137.07773614563868,861.2800000000002,274.5514282268734,8.0,24.0,58204.0,331316.0,0.013779478825679356,0.04981631895354965,0.08585315908141994,-0.013835976619328491,0.007742464792061536,204.0727592925804,32.0,389520.0
693,864691135336055529,V1,L4,4P,True,560.5204465655154,284.9192002476017,820.9600000000003,296.1444886656213,27.0,15.0,356396.0,141176.0,0.0053619287511563855,0.06635674483499064,0.1273515609188249,-0.021727810738696784,0.03668626708147374,202.30783138201372,42.0,497572.0
694,864691135493079783,AL,L2/3,23P,True,1379.6226729257476,202.84434356352844,764.7200000000001,607.387347926609,5.0,4.0,64592.0,32348.0,0.010390109894668063,0.06697803928340963,0.1235659686721512,0.003845707722556638,0.1948299286037255,117.59203104631153,9.0,96940.0
695,864691135857993774,V1,L5,5P-IT,True,644.1251665627527,369.8409847447703,914.5200000000002,270.0580172226516,11.0,14.0,94644.0,94428.0,-0.010325877392240964,0.05041992331818965,0.11116572402862025,-0.039191136970257584,-0.001014440230097552,186.8460199489387,25.0,189072.0
696,864691135339103718,V1,L2/3,23P,True,983.3448830683913,211.86076867378787,735.9200000000002,338.00960057529056,1.0,5.0,8776.0,40960.0,0.017165616488232338,0.07210005396954557,0.1270344914508588,-0.0007597046826311334,0.005386966805619679,346.02576797527337,6.0,49736.0
697,864691135865648254,V1,L6,6P-IT,True,627.2819877785147,552.8132697729741,862.1200000000002,374.1256378416566,4.0,10.0,28368.0,62864.0,0.03709249246275026,0.05823047217686954,0.0793684518909888,0.019016749367571865,0.04380873207381808,300.2680685612724,14.0,91232.0
698,864691136010639022,V1,L4,4P,True,683.7655867156856,288.31363884108623,940.3200000000003,253.5020600180889,28.0,31.0,220180.0,250168.0,0.011769661538624212,0.05304401547056761,0.094318369402511,-0.018316350857408865,0.013766504285982133,176.55430948946508,59.0,470348.0
699,864691135655894978,V1,L4,4P,True,646.6877076614268,257.57311176626587,828.9200000000003,246.5911247217899,10.0,10.0,76316.0,67660.0,0.038035423388320874,0.0851795999393243,0.13232377649032773,0.006181622883538716,0.0694844454046895,161.23270719882498,20.0,143976.0
700,864691135431654960,V1,L2/3,23P,True,716.3740390524905,168.20259393597215,832.3600000000002,257.67198168514057,14.0,10.0,147752.0,37336.0,-0.02901578365955551,0.04065875021186267,0.11033328408328084,-0.05822317525983748,-0.018790083742888927,189.21584407208647,24.0,185088.0
701,864691135772920651,V1,L5,5P-IT,True,1004.438965917762,378.30059291289217,732.4000000000001,355.4929950358521,2.0,3.0,11872.0,21684.0,0.037316528581338305,0.06811388662365317,0.09891124466596805,0.021095345516170105,0.046408082126853364,367.8732939504312,5.0,33556.0
702,864691135848030814,RL,L2/3,23P,True,1246.7714631725644,237.28465347960946,829.5200000000002,482.87672763649846,5.0,4.0,27244.0,32940.0,-0.009077583543017034,0.06682597587088517,0.14272953528478735,-0.0194812481134881,0.13307181069358046,155.0306184531888,9.0,60184.0
703,864691135741780116,V1,L2/3,23P,True,630.7200666136316,199.96221328890516,850.1200000000002,265.3962300440445,23.0,15.0,269240.0,141156.0,0.04337335942967872,0.06755528079634276,0.09173720216300679,0.013537490515929432,0.03619340310598821,179.92402876026077,38.0,410396.0
704,864691137055367798,V1,L4,4P,True,707.2477038318709,273.9857181356331,847.5200000000002,229.2015474166284,6.0,19.0,120628.0,202196.0,0.021145487423567918,0.056208782710841634,0.09127207799811536,-0.011774650053101278,0.009948175698949237,153.98500884131744,25.0,322824.0
705,864691135271038885,V1,L2/3,23P,True,655.3774007503125,159.71810056080443,812.6000000000003,277.0874312087578,13.0,12.0,216612.0,77580.0,-0.0034382656130603068,0.04018856482658838,0.08381539526623707,-0.031342714664940936,0.0015235676062573486,198.67481779783918,25.0,294192.0
706,864691136364308962,V1,L2/3,23P,True,688.8625769621565,116.96985598793631,818.1200000000002,291.45241257485606,9.0,22.0,47688.0,119940.0,0.018863231911122876,0.05220942948231362,0.08555562705350436,-0.006787632586499922,0.023000980082249715,222.02138163479444,31.0,167628.0
707,864691135499283987,V1,L6,6P-IT,True,653.211503266509,534.0096223991835,921.9600000000003,359.0518895245143,4.0,11.0,45152.0,77384.0,0.010346827087035467,0.05730489560539163,0.10426296412374776,-0.008802003354905703,0.03367975289718544,287.9040712469323,15.0,122536.0
708,864691134942169955,V1,L2/3,23P,True,564.823227065931,215.91161759203237,896.4000000000002,304.45214483618315,11.0,9.0,153312.0,55844.0,0.06729011805136823,0.09566847170415647,0.12404682535694472,0.04122349815153896,0.07324442936834141,212.71782710209746,20.0,209156.0
709,864691135740860820,RL,L2/3,23P,True,1113.180435623634,250.07409593895562,771.9600000000002,395.0982904979756,6.0,3.0,45400.0,21076.0,0.019104676844431557,0.07242161095831423,0.1257385450721969,0.004957060853333767,0.14312814250580536,186.71284336376027,9.0,66476.0
710,864691135477839784,V1,L6,6P-IT,True,644.603832030536,555.2924018204292,855.9600000000003,370.3574350271972,2.0,5.0,37136.0,29756.0,0.04248322431865606,0.06495309671259782,0.08742296910653956,0.024313153607719202,0.03696199567779669,299.10062624827964,7.0,66892.0
711,864691136675427975,V1,L5,5P-IT,True,677.2197407557666,389.56843584680354,830.2400000000002,259.8502207922606,27.0,15.0,322168.0,124028.0,-0.0006555226426450361,0.05162341493699964,0.10390235251664431,-0.030174969317896302,0.011394011460169537,181.99106677884683,42.0,446196.0
712,864691134949248508,V1,L5,5P-IT,True,663.4970441151082,395.88445840126514,894.6000000000003,268.5131004998667,34.0,22.0,247872.0,184148.0,0.03373823059817782,0.07441572870297312,0.11509322680776841,0.004973459144962399,0.022125161074425765,188.74359173350396,56.0,432020.0
713,864691135465100189,V1,L4,4P,True,648.5189864951878,317.41644016495223,846.9600000000003,245.26165196414348,24.0,14.0,198052.0,88668.0,0.02666386310656181,0.07385257763097845,0.1210412921553951,-0.005329337496153566,0.050003873629004,159.61510504864953,38.0,286720.0
714,864691135817195343,V1,L6,6P-IT,True,608.7333662474356,526.9060661551231,920.3200000000003,369.4243506998212,15.0,4.0,127804.0,29888.0,0.03718969591078176,0.0900804392983016,0.14297118268582146,0.018430367217804784,0.01572147372084772,291.834726195412,19.0,157692.0
715,864691136724880893,RL,L2/3,23P,True,1269.7035868548528,214.556833535316,855.4800000000002,503.9638575867652,1.0,6.0,3020.0,80812.0,0.02374172172902964,0.0687459438169936,0.11375016590495757,0.01421975588687679,0.14236661973509698,165.2897857220602,7.0,83832.0
716,864691136389921911,V1,L2/3,23P,True,704.6016948066131,192.6134572340318,864.2000000000003,246.97351387315436,9.0,20.0,51348.0,305516.0,0.018286033580798673,0.05762987463569366,0.09697371569058863,-0.012524036939922779,0.03733710514749194,174.04356642157458,29.0,356864.0
717,864691136389607287,RL,L4,4P,True,1214.6580335738333,296.663739018268,851.8000000000003,457.33727075800806,8.0,3.0,73488.0,4348.0,0.03610824480397301,0.08257261476926428,0.12903698473455555,0.02491092962676252,0.041735206750221174,148.9913517224968,11.0,77836.0
718,864691135477469352,V1,L4,4P,True,485.80943533926114,314.2312477630943,825.3200000000003,355.9171923937829,9.0,8.0,90200.0,29188.0,0.016240490040053766,0.054327780950751595,0.09241507186144943,-0.005280138513580678,0.027477291921817467,258.53961359100686,17.0,119388.0
719,864691135164772653,V1,L2/3,23P,True,661.0852222034248,91.54013222601625,877.6000000000003,313.1433104455066,27.0,22.0,201640.0,218036.0,0.053995393875276854,0.07466537292021261,0.09533535196514838,0.030277374639834435,0.05456802092890885,240.80877219289388,49.0,419676.0
720,864691136524297617,V1,L4,4P,True,702.2757693403511,297.7708952720775,832.4400000000003,231.3421879635078,1.0,13.0,260.0,121464.0,0.05743835218171745,0.09024863578762352,0.12305891939352957,0.024746704157813437,0.06307348352529674,155.2922680987354,14.0,121724.0
721,864691136298125851,V1,L2/3,23P,True,654.9131000684076,188.52324636631604,816.2800000000002,263.6810117805791,14.0,24.0,127584.0,189888.0,0.02897966689693979,0.061654002755434714,0.09432833861392964,-0.0005721497724061038,0.025200490636384028,183.03659333321554,38.0,317472.0
722,864691135742756203,V1,L2/3,23P,True,638.1319430885347,217.314230552635,875.7600000000002,257.8093447932621,15.0,8.0,59188.0,70152.0,0.03584950527807361,0.07555636021651317,0.11526321515495275,0.005194000455340558,0.023679478861637113,172.43622877739185,23.0,129340.0
723,864691135369002233,V1,L6,6P-CT,True,660.0647448339812,554.0752776343825,904.8000000000003,368.7163034097649,4.0,5.0,8408.0,36084.0,0.015264155864261017,0.04521799655466346,0.07517183724506589,-0.0028902626554513176,0.018636672720819376,299.80032834109824,9.0,44492.0
724,864691136665051614,V1,L2/3,23P,True,702.7679306856248,195.215535854784,822.5600000000003,248.966511084898,17.0,23.0,307724.0,291292.0,0.02237719037777172,0.05623829483989391,0.0900993993020161,-0.008121988419013322,0.01547823000587659,176.21423240729828,40.0,599016.0
725,864691135503836253,V1,L4,4P,True,796.6564292810697,339.5637462056338,849.0000000000002,243.62387099364594,40.0,15.0,351712.0,108368.0,0.05648166561384404,0.08596903675104672,0.11545640788824942,0.02715981369938154,0.07866410390699542,191.59854000750443,55.0,460080.0
726,864691135119709149,V1,L4,4P,True,582.0977310029299,260.7879578364263,819.9200000000003,282.6914022283661,34.0,7.0,327984.0,57336.0,0.02221655150096717,0.06438252745605114,0.10654850341113509,-0.006155718374507236,0.048471294901050344,190.73826845205534,41.0,385320.0
727,864691135698211994,V1,L2/3,23P,True,670.986664677507,239.78320946381655,886.4800000000002,242.45643965144936,16.0,27.0,141652.0,233432.0,0.06049362813746335,0.09452783240872739,0.12856203667999147,0.02851736928885135,0.06552281816477921,161.3039793772848,43.0,375084.0
728,864691135397982753,V1,L5,5P-IT,True,1035.5712514489544,381.53827072334576,741.8800000000001,369.5828351402095,3.0,7.0,8964.0,38660.0,-0.0015124242484646899,0.05128088377306429,0.10407419179459329,-0.016668902173701462,0.01803542792350268,391.203564770929,10.0,47624.0
729,864691135989817088,RL,L2/3,23P,True,1184.1804507784227,187.54420990019997,940.0800000000003,455.79416999440417,13.0,6.0,136156.0,92788.0,-0.018090580351952403,0.03846421239275682,0.09501900513746603,-0.028709364572809544,0.07541415279119934,175.19142179848888,19.0,228944.0
730,864691136021865976,V1,L4,4P,True,696.9286946513126,270.7701209078143,858.2800000000002,230.276618935586,24.0,14.0,326868.0,104224.0,0.02423595385172613,0.07143484047136489,0.11863372709100363,-0.008781843923656081,0.04857444315612083,152.83991657966587,38.0,431092.0
731,864691136953873631,V1,L5,5P-IT,True,594.8143707749246,369.5100062392655,848.3200000000003,284.9642948016685,3.0,11.0,19804.0,131440.0,0.012666201114453228,0.06654418676898402,0.1204221724235148,-0.015271662073891043,0.0118675840973159,194.8419159536697,14.0,151244.0
732,864691135257669039,V1,L2/3,23P,True,652.630035038553,207.2756225909298,879.6000000000003,255.4332640530447,25.0,33.0,136944.0,238092.0,0.03600905283747605,0.0628731905336841,0.08973732822989215,0.005296224262452895,0.04419413216894631,172.6134500403252,58.0,375036.0
733,864691135501703746,AL,L2/3,23P,True,1314.5040609058972,183.46313120185764,740.0000000000001,558.2984952901791,3.0,5.0,40848.0,34184.0,0.02910778401609548,0.06258636918749973,0.09606495435890398,0.021632131480513773,0.033024460013266504,107.98543545187194,8.0,75032.0
734,864691136275031565,RL,L5,5P-IT,True,1212.0203487919014,388.49529644266966,762.3600000000001,478.66592242113546,3.0,14.0,16776.0,135572.0,-0.0025581597224552453,0.04682825163155641,0.09621466298556808,-0.011879348341573585,0.04479793477230931,209.07396486917492,17.0,152348.0
735,864691135060727707,V1,L2/3,23P,True,668.6850154449779,94.2608510070818,891.6800000000003,310.94568812344824,9.0,18.0,112268.0,184812.0,0.036817979331258174,0.06289180813316171,0.08896563693506526,0.012980823928003512,0.04135696193823185,239.73852675537822,27.0,297080.0
736,864691134989865338,V1,L2/3,23P,True,807.7269028882862,195.40403031346116,974.7200000000003,284.9372890096371,5.0,21.0,13508.0,195640.0,-0.0009448887072356556,0.04293920304877497,0.08682329480478558,-0.025251376812351945,-0.01094648388283417,240.73810592913603,26.0,209148.0
737,864691135430004016,RL,L4,4P,True,1089.3642764959454,324.7625931818686,826.7600000000002,374.12059324123055,4.0,4.0,11808.0,30492.0,0.004986099425551633,0.04659089150475022,0.0881956835839488,-0.010505127767655133,0.028892595700690957,185.2150665681901,8.0,42300.0
738,864691135738047620,V1,L5,5P-IT,True,746.3454437014992,479.90489533165544,856.3200000000003,302.22662563533277,9.0,6.0,83052.0,26332.0,-0.03440179237376366,0.03959922818519675,0.11360024874415715,-0.05777804099028997,-0.016669057960203296,243.8184687378436,15.0,109384.0
739,864691134887026938,V1,L4,4P,True,615.8086273739332,305.04647306077004,947.4800000000002,281.86770841176235,26.0,16.0,233364.0,105820.0,0.05241872755812422,0.08279235246516782,0.11316597737221144,0.02464257015117718,0.06091586507645253,195.46123639832217,42.0,339184.0
740,864691137056393846,V1,L4,4P,True,654.2628480369301,264.9815199820313,830.1200000000002,242.7868916536637,13.0,16.0,130716.0,111356.0,0.030021439119646543,0.06930587486512965,0.10859031061061276,-0.0021821002636426916,0.042426025369349085,158.3281721095393,29.0,242072.0
741,864691135274195217,V1,L2/3,23P,True,666.142242580599,121.85624254552857,904.6000000000003,296.4074879874766,16.0,23.0,182192.0,203664.0,0.035907190613248256,0.06425823852203098,0.09260928643081374,0.010385998960139834,0.05094531422790371,222.56921557849213,39.0,385856.0
742,864691135757040082,V1,L4,4P,True,707.6287975757547,287.25342025613503,829.0000000000002,230.83126491050865,18.0,26.0,150104.0,143016.0,0.05160901586341821,0.08808400133598752,0.12455898680855686,0.01896366018954177,0.082141025230763,156.00538834248636,44.0,293120.0
743,864691135860969064,V1,L4,4P,True,895.7132179682765,345.5318245377308,847.6000000000003,275.26677647601514,13.0,6.0,120168.0,11372.0,0.014380948611799418,0.0660493746083875,0.1177178006049756,-0.010184163097068964,0.011497173641583763,253.00162750864385,19.0,131540.0
744,864691136043380566,V1,L2/3,23P,True,688.3111385080762,121.80419106438285,829.7600000000002,286.7339806242965,12.0,16.0,90916.0,118368.0,0.029166558997534318,0.06226742032893612,0.09536828166033791,0.0029078016176293654,0.04301893646385013,216.4103255790859,28.0,209284.0
745,864691135689417440,V1,L5,5P-IT,True,658.9599019819995,388.99881846993213,875.0000000000002,263.7549590105653,28.0,25.0,225792.0,219076.0,0.04172968219727485,0.09516248584358017,0.1485952894898855,0.012271518800256917,0.009082315813264427,182.450544278257,53.0,444868.0
746,864691136124845606,RL,L2/3,23P,True,1157.595567339688,182.26308837642492,706.2000000000002,452.66516470125583,0.0,4.0,0.0,34900.0,0.007530732471889731,0.04714982155271893,0.08676891063354814,-0.0029242423877789856,0.013601483147704777,225.97218441878232,4.0,34900.0
747,864691135741910164,V1,L5,5P-IT,True,609.5409286331484,478.0224328716489,876.0000000000002,330.41146045729766,6.0,6.0,30752.0,48696.0,0.014736512152646576,0.04954258529652384,0.08434865844040113,-0.007933422699263145,0.024972211077645173,248.45481709662826,12.0,79448.0
748,864691135816693327,V1,L2/3,23P,True,794.114869622622,191.64335293106683,879.0000000000002,254.82066057310638,8.0,13.0,69148.0,84052.0,0.025806841113031092,0.06290002354905004,0.09999320598506897,-0.0023216377992504853,0.04257846457888161,204.25425678314704,21.0,153200.0
749,864691136742067804,V1,L2/3,23P,True,703.7858087043185,210.0165721813073,894.2000000000003,245.41008084613807,26.0,31.0,455400.0,302684.0,0.04134820266939244,0.08292843999234108,0.12450867731528975,0.010384796887948102,0.04270537935006922,171.941580157978,57.0,758084.0
750,864691135135019168,V1,L2/3,23P,True,670.3528282649409,216.92096925420228,854.3200000000003,244.80046885321983,34.0,17.0,330080.0,122620.0,0.0421535565400351,0.06920934407371664,0.09626513160739815,0.010415976901188005,0.04424439052382403,164.05742872334636,51.0,452700.0
751,864691136381301461,V1,L4,4P,True,634.331151018779,348.87560042860764,829.7600000000002,259.5148762579437,38.0,24.0,377924.0,172588.0,-0.0003265915946571766,0.05264435524145102,0.10561530207755923,-0.030706402978044854,0.008513431644800068,173.17912317562565,62.0,550512.0
752,864691135386963541,V1,L4,4P,True,800.7444147966332,304.58694031337797,936.0800000000003,253.8709119132538,24.0,14.0,229216.0,99172.0,0.007083882115611315,0.048307447223841136,0.08953101233207093,-0.02094273235158112,0.014150479456765404,204.0040549870035,38.0,328388.0
753,864691135719900721,V1,L4,4P,True,633.9317627083501,338.7542767514648,893.6400000000002,259.7997048480061,47.0,40.0,433172.0,270468.0,-0.015866549623274794,0.042705661892812684,0.10127787340890014,-0.0462456884276333,0.008057092775404291,173.23653636471647,87.0,703640.0
754,864691136314404669,V1,L2/3,23P,True,639.5949598944317,129.3630601122954,817.9600000000003,298.3195355129446,18.0,21.0,213772.0,154108.0,0.04207067474895311,0.07834812040448456,0.11462556606001603,0.01640741555756679,0.059887992054255074,219.98057098770119,39.0,367880.0
755,864691135970226021,V1,L2/3,23P,True,700.4496345466758,128.45544071545598,905.2400000000002,285.39902512641737,18.0,16.0,163684.0,91488.0,-0.009708684094836315,0.046720418598642253,0.10314952129212084,-0.03592025013782155,0.008115301743667928,217.07409622167856,34.0,255172.0
756,864691135584008045,V1,L4,4P,True,693.914453299245,256.75809246538375,800.9200000000003,240.28804861536656,36.0,21.0,397120.0,200996.0,0.0445475970948816,0.08082827755405883,0.11710895801323604,0.012924370412353607,0.06867359958522289,164.23404387115764,57.0,598116.0
757,864691135014355094,AL,L5,5P-IT,True,1255.3363031464405,375.838367180188,708.4000000000001,521.8359930841209,10.0,2.0,174384.0,13436.0,0.01618954779553167,0.06908492464738276,0.12198030149923385,0.0086962386926503,0.19311328683574336,178.30115834198534,12.0,187820.0
758,864691135384285931,V1,L4,4P,True,777.7438234875435,262.7430781657197,822.0800000000003,236.60993613686486,7.0,8.0,72148.0,42524.0,0.031976025102843676,0.08486398738627818,0.13775194966971266,0.00145401580255406,0.015479195833000786,179.61856282415576,15.0,114672.0
759,864691135324623260,V1,L5,5P-IT,True,614.9838398630295,381.296743391844,851.6800000000003,277.84662645337295,18.0,22.0,134792.0,187372.0,0.05286018233775493,0.08203086083093575,0.1112015393241166,0.02437471076363675,0.06597935591541097,190.25402161970882,40.0,322164.0
760,864691136125457446,V1,L4,4P,True,563.2392869256913,322.8685716138823,832.4000000000002,295.58218768473483,29.0,23.0,296828.0,151956.0,0.02113676251206809,0.06766405785274104,0.114191353193414,-0.005992913057177202,0.049793660232667694,201.85403436298884,52.0,448784.0
761,864691135975824495,V1,L2/3,23P,True,890.3875008250375,162.61159099067288,851.7600000000002,292.0277441022021,7.0,6.0,20392.0,42292.0,0.012312581597424165,0.056487571693136986,0.10066256178884979,-0.010522747218858612,0.016033094329404855,270.80697971742916,13.0,62684.0
762,864691135595040043,V1,L4,4P,True,924.8256432108434,315.31415221678657,878.3200000000003,283.83973638562765,3.0,10.0,8400.0,104140.0,0.01899101543620025,0.054774806332651936,0.09055859722910364,-0.004527080967483755,0.02110652961200362,270.8914898987768,13.0,112540.0
763,864691135497743635,AL,L4,4P,True,1277.1787863897277,264.2293590591285,785.5200000000001,509.8861443059413,20.0,13.0,180208.0,141656.0,0.013882122475403637,0.06339929236166761,0.11291646224793157,0.004594966260147576,0.17476188700038975,107.92490646270849,33.0,321864.0
764,864691136579408916,V1,L4,4P,True,881.5600062078807,337.6763985871287,832.5200000000002,268.8957975075581,17.0,10.0,110640.0,43332.0,0.0034942644085100318,0.07178859184138778,0.14008291927426553,-0.021876349470420876,0.03626355047352206,242.2566082807703,27.0,153972.0
765,864691136976001308,V1,L2/3,23P,True,689.8532876532628,125.47255746020545,861.8800000000002,282.6574016003818,19.0,26.0,86120.0,155132.0,0.050405789966523666,0.07949184043257287,0.10857789089862202,0.023625898948014926,0.07122029688577322,211.8482764172885,45.0,241252.0
766,864691135842486243,V1,L2/3,23P,True,711.3217876633166,207.59215036785633,878.0000000000002,242.5494248642304,16.0,30.0,138708.0,201272.0,0.061071931552048785,0.08688140244688872,0.11269087334172867,0.029868818576828216,0.06839690248829586,170.3955859775281,46.0,339980.0
767,864691135343818161,V1,L2/3,23P,True,697.3179959412803,163.5159161207496,818.5200000000002,263.9096971268745,4.0,23.0,28676.0,182496.0,0.023098065219436224,0.059742131539239365,0.0963861978590425,-0.005673441651914927,0.010491603239699193,192.25547316753935,27.0,211172.0
768,864691135694246079,V1,L4,4P,True,700.6160203018951,254.3249135346446,848.8400000000003,231.33540542232927,14.0,22.0,124956.0,185632.0,0.01092983085689819,0.05750181166527302,0.10407379247364786,-0.0218793943064326,0.024276580105019003,155.02002078997575,36.0,310588.0
769,864691137198382657,V1,L2/3,23P,True,1009.2118558283827,159.25905850925187,874.7200000000003,346.7792349837769,1.0,7.0,320.0,45412.0,0.03404431995216573,0.06187245063147461,0.08970058131078348,0.01670859268702785,0.03063910071382919,362.53043736927856,8.0,45732.0
770,864691135656579010,V1,L5,5P-IT,True,685.1091549084775,421.2887489651667,817.8000000000003,275.5179242725025,30.0,22.0,279896.0,212620.0,0.05274840441765001,0.07727131241206123,0.10179422040647247,0.025337058348862643,0.06134144339621569,201.41198877461525,52.0,492516.0
771,864691136125433894,V1,L4,4P,True,840.7566803535783,264.33707615211006,861.8400000000003,249.47953377630336,15.0,26.0,123972.0,201396.0,-0.003773142199513918,0.046370178564560806,0.09651349932863554,-0.03185652399070948,0.009580288909092155,210.21798628205113,41.0,325368.0
772,864691135811335116,V1,L6,6P-IT,True,678.4010566674356,551.5678509961085,888.5600000000003,360.5159396540645,6.0,6.0,6444.0,42884.0,0.01822541511930866,0.07022380618805729,0.12222219725680591,-0.0004325543840186055,-0.003821455258714425,294.1005359178667,12.0,49328.0
773,864691136619096795,V1,L5,5P-IT,True,618.6579576920193,395.1095256669217,882.0000000000002,283.44681434539297,15.0,31.0,135308.0,385744.0,0.024943884601567046,0.05761067777746654,0.09027747095336604,-0.002813417004033082,0.0246194298560445,197.17321799117747,46.0,521052.0
774,864691135405626862,V1,L2/3,23P,True,698.3354113849574,137.20045143142733,874.8000000000003,275.2118462977757,9.0,13.0,65512.0,94072.0,0.04270943814801102,0.07729468392994338,0.11187992971187574,0.015199707119696986,0.030276881646150448,205.06709875596263,22.0,159584.0
775,864691135764015926,V1,L4,4P,True,775.1501264052503,297.52939500791075,999.7200000000003,280.3386564214492,9.0,7.0,77100.0,57220.0,0.038639265827604435,0.06555977561993563,0.09248028541226683,0.01351693748310115,0.03884205017261375,227.2732790402675,16.0,134320.0
776,864691135890141321,V1,L2/3,23P,True,493.0252442698198,188.42943306442774,893.5200000000002,365.7429948159277,9.0,7.0,86096.0,79016.0,0.03143020242241359,0.06572776422631582,0.10002532603021805,0.011043157113594876,0.03690890217692544,271.33065078864536,16.0,165112.0
777,864691135577221406,V1,L5,6P-IT,True,670.3935513988715,507.24529020170127,913.4800000000002,334.0370973904218,11.0,12.0,79804.0,75056.0,0.030488761455204537,0.06594991081871446,0.10141106018222436,0.009114446555253662,0.04818661213238446,263.31435737540085,23.0,154860.0
778,864691136991359893,V1,L4,4P,True,701.024888239704,256.9947080977959,860.7600000000002,231.02820985720322,13.0,20.0,54436.0,155396.0,-0.0017887764799872671,0.047521529419208154,0.09683183531840357,-0.03463676732599993,0.005495036534303994,154.6849317871882,33.0,209832.0
779,864691135102381856,V1,L2/3,23P,True,705.653358387474,164.43789924997958,892.2400000000002,262.6675438194054,24.0,23.0,206448.0,244024.0,-0.0018611427735522326,0.03889109106872685,0.07964332491100594,-0.03070424507189787,-0.002619658700384242,192.2296335144552,47.0,450472.0
780,864691135464795710,V1,L2/3,23P,True,684.142806920548,98.95394494368614,816.6400000000002,304.4635695945545,8.0,15.0,50468.0,171344.0,0.0431069584141067,0.0757966406370479,0.1084863228599891,0.01888816289392325,0.05827698033656461,235.91685363324046,23.0,221812.0
781,864691135802453858,V1,L2/3,23P,True,730.2832939090589,97.33720115970209,943.4400000000003,313.15439482745455,9.0,11.0,72504.0,152488.0,-0.005024508011183644,0.042125888241722205,0.08927628449462806,-0.027493619477559968,-0.010265390008954753,254.78370251270545,20.0,224992.0
782,864691135388828033,V1,L6,6P-IT,True,667.7535542685996,535.2176425366793,912.8400000000003,354.1982871554607,1.0,11.0,1168.0,99180.0,0.01813112385811848,0.051373116742062054,0.08461510962600563,-0.001290393960782789,0.03894857671910086,285.13504725191683,12.0,100348.0
783,864691137198691137,V1,L2/3,23P,True,639.975706707053,111.79338647091319,882.7600000000002,307.4914480484294,26.0,27.0,266364.0,149372.0,0.025511579889596302,0.05632486176214227,0.08713814363468823,0.0008182825900932909,0.02487675338701439,230.21530083710738,53.0,415736.0
784,864691135591041291,V1,L2/3,23P,True,600.9084008376958,131.6961825586517,919.8800000000002,321.52850152593254,16.0,28.0,229312.0,318508.0,0.05834168813047827,0.08287790593782061,0.10741412374516293,0.03474156479025905,0.05718816492057331,238.93240124048265,44.0,547820.0
785,864691135470787666,V1,L2/3,23P,True,687.177048321163,190.575042443786,865.0000000000002,250.21781964074648,12.0,21.0,78064.0,203836.0,0.04867353964358249,0.08439840855691237,0.12012327747024225,0.017915685361961805,0.05727348571438414,173.9298297785153,33.0,281900.0
786,864691136010028974,RL,L5,5P-IT,True,1059.9923747063629,384.38153132456875,882.0000000000002,368.8174336105753,5.0,6.0,105268.0,36804.0,0.022084020231719365,0.06225249496074204,0.1024209696897647,0.006563711998466646,0.0676749159021576,215.62468646931862,11.0,142072.0
787,864691135124146727,V1,L6,6P-IT,True,613.2010583085766,523.5707593256367,913.2800000000002,363.6950701822206,1.0,15.0,3060.0,156056.0,0.01707356601847269,0.04994173685044957,0.08280990768242646,-0.0021958631540631513,0.029394682248595407,286.180660807243,16.0,159116.0
788,864691135849426270,V1,L5,5P-IT,True,928.7802492548736,396.4154337050375,782.6400000000001,311.8492658452348,4.0,6.0,17616.0,36316.0,0.03126562621286862,0.06079782766108202,0.0903300291092954,0.010864071968558216,0.032256569780074795,300.8117429282854,10.0,53932.0
789,864691135732210873,V1,L2/3,23P,True,690.7530459085369,195.96321479209647,852.2800000000002,247.2429041652014,10.0,37.0,121680.0,313984.0,-0.007130139932665333,0.03728148598236679,0.08169311189739892,-0.038176991692773846,-0.0024061077985950557,171.33668583156035,47.0,435664.0
790,864691135209432185,V1,L4,23P,True,626.5868504914437,252.34531327818877,853.4000000000002,254.52872393782116,10.0,21.0,108884.0,173688.0,0.02106054512839331,0.05189115339019369,0.08272176165199406,-0.010180913372756015,0.027162474136258455,166.30696901954832,31.0,282572.0
791,864691136120658712,V1,L2/3,23P,True,760.1892360886437,186.55517709701724,913.5600000000003,258.514071280803,22.0,16.0,174188.0,169028.0,0.050683954309575965,0.07522760371064147,0.09977125311170698,0.022451068913540165,0.051196735694746455,199.957526436751,38.0,343216.0
792,864691136380264149,AL,L5,5P-IT,True,1271.4673523861566,365.49291318213386,721.2000000000002,528.5603888828208,8.0,4.0,55120.0,24740.0,0.03348199760731937,0.06658201451538502,0.09968203142345067,0.025975081154487455,-0.017851634031090646,163.2225535413009,12.0,79860.0
793,864691135504327861,V1,L2/3,23P,True,628.9585847831008,181.17720741292223,821.7600000000002,276.26716386296613,17.0,28.0,199300.0,321212.0,0.04562693456818367,0.06585151513086013,0.08607609569353658,0.01716739599275674,0.048252027297912135,192.39782169940955,45.0,520512.0
794,864691135502730562,AL,L2/3,23P,True,1291.8965866039193,231.85289765805595,771.8400000000001,525.7811433589467,1.0,6.0,2696.0,13188.0,0.04278718781358584,0.09463451587799941,0.14648184394241295,0.03401588756832686,0.23017442386785095,96.8689428524268,7.0,15884.0
795,864691135350420951,V1,L6,6P-CT,True,619.6590445129723,546.685568738302,875.2800000000002,372.7417077840298,1.0,11.0,532.0,69572.0,-0.0111777545620839,0.03914698481556365,0.08947172419321119,-0.02951427012099,-0.025471621506144893,297.3768375967814,12.0,70104.0
796,864691135700409211,RL,L4,4P,True,1208.5354771059908,336.5378561156796,983.2000000000003,479.6454494073393,5.0,2.0,27048.0,26556.0,0.019634628812088547,0.06424049500569905,0.10884636119930954,0.010623916050324174,0.12816438963642943,192.28981010595078,7.0,53604.0
797,864691136452609023,V1,L5,5P-IT,True,609.6835277969864,402.2264345506393,831.1600000000002,290.6103476272982,6.0,20.0,32344.0,201452.0,0.01789075475519991,0.06345292358493577,0.10901509241467165,-0.009105063949030507,-0.004131128666236302,203.9295062304349,26.0,233796.0
798,864691135739587697,V1,L2/3,23P,True,658.756464518673,228.3056015216163,858.5600000000003,245.44141227647995,19.0,23.0,244472.0,217180.0,0.06866449583717384,0.09016807298450173,0.11167165013182967,0.03680050633170399,0.07500842705536073,162.313551015708,42.0,461652.0
799,864691136195400150,V1,L2/3,23P,True,567.0916387272655,98.9281653411488,950.8800000000002,367.3751324114625,12.0,9.0,109344.0,131636.0,0.034002822419060406,0.06582033563537175,0.09763784885168311,0.014849478384669212,0.04260066574631564,285.3390677785593,21.0,240980.0
800,864691136042982742,V1,L2/3,23P,True,650.1273768615357,116.92167751906801,817.4400000000003,302.00610425799505,8.0,20.0,130268.0,289716.0,0.046235312738256006,0.0706820329204924,0.0951287531027288,0.02116921546744647,0.052198654635983235,226.2779038094115,28.0,419984.0
801,864691136331249642,V1,L2/3,23P,True,700.6187655241972,144.14588834171713,844.0000000000002,270.2753462123049,13.0,24.0,104360.0,189040.0,0.03399148242668462,0.07026788832837458,0.10654429423006455,0.005958983406229025,0.02434192641300093,200.07790009780408,37.0,293400.0
802,864691135970206821,AL,L4,4P,True,1235.6388224161742,310.191813661509,729.1600000000001,490.88826286585845,6.0,4.0,36660.0,56600.0,0.02305366329770743,0.055387155660436206,0.08772064802316501,0.013786631168006326,-0.023619865902044845,146.42293829129125,10.0,93260.0
803,864691135510846217,V1,L6,6P-CT,True,648.4084106431253,547.7874340269855,875.1600000000002,363.78672709834194,5.0,6.0,10972.0,41644.0,0.06275916204738817,0.08389231130547926,0.10502546056357036,0.043967487226593334,0.06503293420640517,292.3558230219702,11.0,52616.0
804,864691135162908461,RL,L4,4P,True,1186.3929103522553,339.2262343547614,916.7200000000003,447.0262543495294,4.0,2.0,15744.0,29820.0,-0.016872340555628734,0.05165759663427957,0.12018753382418787,-0.027970554255886758,-0.06151455963480639,163.85841456778581,6.0,45564.0
805,864691136092725684,V1,L4,4P,True,719.7644900434312,257.22083248335093,825.8800000000002,232.08545270168335,19.0,12.0,295420.0,168180.0,0.03867828113289414,0.07412133599191202,0.10956439085092988,0.006434035758237276,0.0498117869412397,160.43231024887496,31.0,463600.0
806,864691136119885080,V1,L2/3,23P,True,845.5181549207962,234.8799728331187,912.2000000000003,261.8158531020001,11.0,16.0,68424.0,163832.0,0.029823790491155272,0.060434818349351875,0.09104584620754846,0.0032367475180203986,0.03602280880830723,225.02944377430097,27.0,232256.0
807,864691136391623039,RL,L5,5P-IT,True,1103.092464634696,381.53512022115996,891.0000000000002,395.22146649732554,1.0,7.0,2208.0,104040.0,0.04636724994283739,0.07830515433065674,0.11024305871847612,0.03261396670826498,-0.0055709993282778,193.49646978379388,8.0,106248.0
808,864691135417045946,V1,L2/3,23P,True,959.2166463413366,174.0941408597611,911.8400000000003,322.02562546629895,9.0,13.0,85820.0,133944.0,0.021989348485974138,0.0544155142180224,0.08684167995007067,0.0024436975991422106,0.013240543688611056,321.7544606623237,22.0,219764.0
809,864691136453419007,V1,L2/3,23P,True,708.7134663868139,217.57882249217,847.6000000000003,238.2497285279103,22.0,45.0,214660.0,554692.0,0.03144127562204298,0.06488541368003298,0.09832955173802299,-0.0003414532436415374,0.045785595635212006,164.97525231602827,67.0,769352.0
810,864691136380757461,V1,L5,5P-IT,True,654.4907070787979,400.4287969877246,877.6800000000003,270.5377539264454,17.0,25.0,216928.0,183048.0,0.015514580343309494,0.06423530181570876,0.11295602328810804,-0.0131935221775269,0.00999488480414896,189.2418878585221,42.0,399976.0
811,864691135852138183,AL,L2/3,23P,True,1301.2584393680304,163.03094859510725,829.0800000000003,540.4165711650404,2.0,7.0,11444.0,94484.0,-0.0074970537236029615,0.05596348390458422,0.1194240215327714,-0.015604080101419608,0.13577928934919534,133.81508685543218,9.0,105928.0
812,864691135952122147,AL,L2/3,23P,True,1333.3576208781249,183.12102540884777,791.5200000000002,565.7240132076857,7.0,9.0,87496.0,52304.0,0.014207858174232662,0.07650684234968065,0.13880582652512863,0.006670191275309028,0.2608956136941074,108.40510499506327,16.0,139800.0
813,864691135587519868,V1,L5,5P-IT,True,643.037520715139,387.413057203936,856.5600000000003,267.5835133946083,27.0,15.0,273680.0,97348.0,0.006382916737372043,0.05843049918764104,0.11047808163791004,-0.02288742833584432,0.022216426228737852,183.75456206783232,42.0,371028.0
814,864691135476495936,V1,L4,4P,True,676.9946274629448,285.6654336379866,822.8800000000002,236.5578814610595,65.0,21.0,509428.0,123044.0,0.017121550693881216,0.06790214530080636,0.11868273990773152,-0.015401311826266029,0.040439645792359556,155.86778100230842,86.0,632472.0
815,864691135749995049,RL,L2/3,23P,True,1182.3452702848176,135.08865415482742,954.4000000000002,472.9751427773468,3.0,2.0,10716.0,14280.0,0.01869967857709801,0.06264863505167449,0.10659759152625099,0.009386627630560255,0.1263160228620927,209.09836080541146,5.0,24996.0
816,864691135764583990,V1,L2/3,23P,True,715.137001814084,153.70360601023077,827.4800000000002,265.48969967728374,34.0,12.0,634396.0,107960.0,-0.03205486633045336,0.055867323807556324,0.143789513945566,-0.060330181631519375,-0.03189320499548791,197.93057231999737,46.0,742356.0
817,864691136298045979,RL,L5,5P-IT,True,1065.2823111693033,362.1017985564664,723.0000000000001,387.5746733172555,7.0,12.0,50228.0,125108.0,0.042313507959271614,0.0759280648573229,0.10954262175537419,0.028442338811910613,0.015028295414058262,250.8092517203869,19.0,175336.0
818,864691135861093992,V1,L2/3,23P,True,719.9657589229946,154.31880092498898,875.8400000000003,264.0974735831787,18.0,29.0,127640.0,290584.0,0.01895136713560307,0.05059188592781348,0.08223240472002388,-0.009467846431653427,0.01694927295571789,197.11801327660373,47.0,418224.0
819,864691136227484753,RL,L2/3,23P,True,1216.945549307992,248.48778510175512,826.0400000000003,459.3317103220818,2.0,7.0,5628.0,98328.0,0.03695007278342606,0.10069567814010816,0.16444128349679024,0.025626532047260266,0.15966696002725544,148.24944217057796,9.0,103956.0
820,864691135490326074,V1,L2/3,23P,True,715.6139034512439,111.53671296807653,826.0400000000003,290.1574096067438,11.0,23.0,83320.0,196888.0,0.03270201946721687,0.0625806630895949,0.09245930671197292,0.007347198562621275,0.04648286604292014,226.18295241276658,34.0,280208.0
821,864691135496440208,V1,L2/3,23P,True,652.898731277874,218.15644582867128,818.3200000000003,254.00973751140208,27.0,35.0,351844.0,301868.0,0.02668089005910734,0.0642237029624753,0.10176651586584329,-0.00410137287408099,0.030659325125540395,171.34700728778304,62.0,653712.0
822,864691135584629613,V1,L2/3,23P,True,632.0590387573106,136.92704455272695,833.5600000000003,294.9414693607802,20.0,29.0,245356.0,338556.0,0.031148819330600364,0.06517549374715062,0.09920216816370085,0.0049221284632042,0.04323905604373853,214.52030590158748,49.0,583912.0
823,864691136041575422,V1,L4,4P,True,687.5332870857992,261.4036147994572,850.8800000000002,232.34632634850183,17.0,31.0,206300.0,278968.0,-0.011689655988746463,0.047916808533601744,0.10752327305594994,-0.044640220646670704,-0.010040185318426572,153.21856879248966,48.0,485268.0
824,864691136438469534,V1,L2/3,23P,True,646.9027912289205,107.51684814805171,829.4400000000003,307.39493831568547,12.0,18.0,99924.0,211084.0,0.04959487975084593,0.0764196142132246,0.10324434867560328,0.025059712114567624,0.06733845886608539,231.74239897875384,30.0,311008.0
825,864691136135963787,V1,L2/3,23P,True,944.5412153409692,147.2409081129679,821.7600000000002,321.32178726952577,6.0,8.0,52652.0,93452.0,0.027117561941571538,0.05865771777980868,0.09019787361804583,0.007512787495101281,0.03863297519755924,317.3528783319089,14.0,146104.0
826,864691135273918993,RL,L2/3,23P,True,1240.6692818053546,175.5900467253584,756.7600000000001,497.72452604612516,2.0,8.0,24388.0,44924.0,-0.02157107558885605,0.03607126314235939,0.09371360187357483,-0.030885818999320545,0.02881036835571693,199.5525577640531,10.0,69312.0
827,864691135325487004,V1,L4,4P,True,665.5016149945661,274.5735436096059,852.8400000000003,236.69337137626638,21.0,23.0,169732.0,232944.0,-0.002018890679532286,0.04069723258338346,0.08341335584629919,-0.034840477936658884,-0.000878049250695182,153.41510683482775,44.0,402676.0
828,864691136034084795,V1,L2/3,23P,True,652.6515665767276,208.49815127888095,954.0000000000002,279.7890661727294,9.0,25.0,63024.0,268184.0,0.034702502299373564,0.07437722923437454,0.11405195616937551,0.007283288160772614,0.05044584217005264,200.69071593157304,34.0,331208.0
829,864691136813937267,V1,L2/3,23P,True,712.6217140342446,145.0032768564233,814.3600000000002,272.5498768870891,22.0,16.0,225388.0,207476.0,0.03712076326418674,0.07814991914787832,0.1191790750315699,0.009693138127683517,0.02724042370555322,205.5579932725612,38.0,432864.0
830,864691136812081779,AL,L2/3,23P,True,1282.9909707402062,192.6555644058055,700.7200000000001,542.0044735275611,11.0,12.0,40868.0,108036.0,-0.00010113196138700411,0.04893297737851566,0.09796708671841832,-0.007608333159757634,0.11859685780958086,126.44722311180263,23.0,148904.0
831,864691136604001745,V1,L2/3,23P,True,640.1834500566191,159.3524691649761,822.7200000000003,281.03556634972836,15.0,25.0,100972.0,182388.0,0.0549793916867247,0.07911252504636537,0.10324565840600605,0.027259689146764503,0.05237203314241612,200.1203645936036,40.0,283360.0
832,864691135448303762,V1,L2/3,23P,True,641.7388070233984,132.76284591255123,826.5600000000003,294.117938755371,19.0,21.0,159568.0,255884.0,0.05967600737102378,0.08897505570859014,0.11827410404615651,0.033520775682130945,0.06436961765102397,215.49434699372298,40.0,415452.0
833,864691135662408944,V1,L6,6P-CT,True,618.8338230746185,513.5274693721186,914.7600000000002,354.88211144943347,19.0,9.0,168516.0,59092.0,-0.01577395799852785,0.041406420106566734,0.0985867982116613,-0.0358204281329791,-0.01478846005987791,277.3172503553104,28.0,227608.0
834,864691135743102827,V1,L2/3,23P,True,709.46883300006,204.5390367086691,849.0800000000003,242.16155828549728,41.0,16.0,411588.0,183496.0,0.012760595582130302,0.05225714809695834,0.09175370061178637,-0.018526146989182774,0.0012710063580392854,169.67210433250975,57.0,595084.0
835,864691135455400554,V1,L2/3,23P,True,631.6181772087806,194.83698574674847,857.8800000000002,266.80448658266266,12.0,26.0,136232.0,276452.0,0.03766564549063764,0.06509947066029012,0.09253329582994259,0.008008027745358807,0.04638298234214249,181.7034972375574,38.0,412684.0
836,864691135738969220,V1,L2/3,23P,True,686.4248895052358,134.55230405020487,815.1600000000002,281.83292085664925,27.0,25.0,415992.0,323044.0,0.029461256427978425,0.060923407418429096,0.09238555840887977,0.0026485184194456556,0.028725401682244623,210.5237099911779,52.0,739036.0
837,864691136674495623,V1,L5,5P-IT,True,676.3327282738121,389.42658784062365,819.5200000000002,261.69750022014546,21.0,21.0,179880.0,233808.0,0.019556740494573784,0.06537990582528856,0.11120307115600336,-0.009714503648276855,0.04845138205147212,184.01263523159346,42.0,413688.0
838,864691136239460668,V1,L6,6P-IT,True,683.0723877783568,514.3292803246643,895.7200000000003,333.05270619700286,3.0,5.0,1028.0,54892.0,0.007388165712530164,0.05486290158445867,0.10233763745638716,-0.013908521614082727,0.017136120514944123,264.6133806561567,8.0,55920.0
839,864691135408560329,RL,L2/3,23P,True,1162.9799536719083,196.35398869632633,968.6400000000002,446.947664221135,1.0,6.0,9528.0,33364.0,0.04231191421599274,0.07448235980783575,0.10665280539967877,0.03154694479698494,0.10745665961079737,186.83055843407698,7.0,42892.0
840,864691135082864887,RL,L5,5P-IT,True,1152.2668747401258,372.41022949398,694.8400000000001,452.8382828462874,10.0,8.0,86700.0,53736.0,0.053574168456711695,0.08007195649941781,0.10656974454212394,0.043628518587294725,0.028263331039594483,243.40060274855793,18.0,140436.0
841,864691136137237899,V1,L2/3,23P,True,645.2818572024507,184.7896206677551,828.0000000000002,266.6514189097284,20.0,30.0,249428.0,277920.0,0.04969454104113401,0.0702898605360109,0.09088518003088779,0.020295230161874102,0.05908858966413358,184.43468315655682,50.0,527348.0
842,864691136311106650,RL,L5,5P-IT,True,1200.1352022883214,374.542342469104,705.2000000000002,482.0215403916613,21.0,9.0,160800.0,60920.0,0.007908407798980784,0.06019614972049559,0.11248389164201039,-0.0009306661027287009,-0.0526456722317865,234.50833562018497,30.0,221720.0
843,864691135384843738,V1,L5,5P-IT,True,686.773498942559,377.2984095832499,827.2800000000002,253.27707332588162,14.0,17.0,163828.0,73036.0,0.04172772720260275,0.07739068536933247,0.11305364353606218,0.011585300776219309,0.05750020012050678,176.59848608215233,31.0,236864.0
844,864691135101431072,V1,L2/3,23P,True,622.0489853214993,110.35349051469501,915.4400000000003,322.2736207349131,7.0,17.0,70200.0,236324.0,0.015797623610233208,0.05264294580453524,0.08948826799883729,-0.007433724694208872,0.015290592240562128,243.67781588976553,24.0,306524.0
845,864691135576881950,V1,L4,4P,True,636.7704856090811,265.18573725058263,853.2800000000002,248.197550992588,32.0,29.0,366668.0,222524.0,0.04954126576080914,0.08279346470243588,0.11604566364406262,0.017670247482736434,0.06993135589724088,160.90739885138188,61.0,589192.0
846,864691135816565839,V1,L2/3,23P,True,657.2690256074907,199.77941191477427,1032.2000000000003,325.4810981396924,8.0,13.0,115320.0,145472.0,-0.026567974504968672,0.049903270214289044,0.12637451493354673,-0.04837000140637482,-0.026133868275365926,253.65488329673303,21.0,260792.0
847,864691136273494206,RL,L2/3,23P,True,1265.330431132436,191.110467398375,831.8400000000003,504.24853214636966,3.0,8.0,9340.0,82920.0,0.023467976628736058,0.07637717855744086,0.12928638048614563,0.013977715511667401,0.1328842461702094,172.83847611651777,11.0,92260.0
848,864691135940685057,AL,L2/3,23P,True,1346.5163359313246,200.14064779445582,767.2800000000001,577.4919712825136,2.0,5.0,5336.0,15604.0,0.014236772765429798,0.0680424909410836,0.12184820911673738,0.007000675204722182,0.14780733451704015,102.16744594655574,7.0,20940.0
849,864691134991010426,V1,L2/3,23P,True,674.6418518993034,200.2071812854658,825.7200000000003,251.58288646604183,36.0,34.0,459908.0,306288.0,0.03963025302760554,0.06867442778635274,0.09771860254509994,0.008895511436137942,0.049034651118241235,173.0586679185621,70.0,766196.0
850,864691135408808649,V1,L2/3,23P,True,759.6175662985075,93.22219260787185,951.9200000000003,318.4582841353621,4.0,11.0,19688.0,143652.0,0.011858419131937935,0.0633411428584673,0.11482386658499669,-0.009577190352722094,0.03411588638415401,267.04427048595215,15.0,163340.0
851,864691135325263004,V1,L2/3,23P,True,674.656793850465,182.41277045683486,848.0800000000003,256.09999575425326,19.0,26.0,165396.0,251468.0,0.012551889784528243,0.04569340850066561,0.07883492721680298,-0.017700170963893043,0.012707688431871082,178.13842271908445,45.0,416864.0
852,864691135578103301,RL,L2/3,23P,True,1249.9360205387145,223.87744434883405,822.2000000000003,487.0199057967817,2.0,6.0,708.0,95008.0,0.03928266832159526,0.0766469815121016,0.11401129470260797,0.029037755580000386,0.08916933656177695,159.39719011001768,8.0,95716.0
853,864691135731705273,RL,L2/3,23P,True,1215.3899897012711,186.22728916484556,905.8800000000002,471.9589815822259,2.0,6.0,6692.0,46444.0,-0.008478555440477773,0.04690742327100818,0.10229340198249412,-0.018722773119674543,0.07750372914055122,165.68766939461824,8.0,53136.0
854,864691135717163802,V1,L2/3,23P,True,643.203760598806,146.12537348116265,856.0000000000002,284.02217754630016,21.0,16.0,235916.0,139776.0,0.0007137661875342746,0.051510332345097366,0.10230689850266046,-0.026683969326531484,0.0036865674883013494,203.94982019927434,37.0,375692.0
855,864691135277186789,V1,L2/3,23P,True,628.3412801599445,210.99687862174395,820.8800000000002,266.0006701673482,6.0,35.0,102468.0,302148.0,0.042884887048660315,0.0878517625996654,0.13281863815067052,0.01317170788660163,0.04439873491260253,180.3271168390061,41.0,404616.0
856,864691135272069285,V1,L6,5P-ET,True,669.7059007280242,518.042443926405,926.4000000000002,344.7525692692342,3.0,30.0,13524.0,297572.0,0.024672502379694518,0.07011881104112822,0.1155651197025619,0.004397286718183194,0.04089949503869771,275.0920623872856,33.0,311096.0
857,864691134884807418,RL,L2/3,23P,True,1148.8547473929461,198.4589056962962,919.5600000000003,424.6483033878178,10.0,6.0,89448.0,39988.0,0.01917533872920018,0.05225749715142618,0.08533965557365217,0.006815313292123679,0.042909620460410865,168.39639767226606,16.0,129436.0
858,864691135994235841,V1,L5,5P-IT,True,636.1130662985634,412.9547450697128,852.8800000000002,282.0105185292033,14.0,21.0,121184.0,174176.0,0.04486977791176236,0.08026508189501008,0.11566038587825779,0.017235273851763853,0.04972790994825421,198.80952850963016,35.0,295360.0
859,864691136177629702,V1,L2/3,23P,True,719.1296706589546,146.98602761506493,855.8800000000002,266.84977965906586,26.0,37.0,187676.0,284228.0,0.020613789422776682,0.054418852017249594,0.08822391461172252,-0.00748896430755987,0.029518389867966698,200.17831310756978,63.0,471904.0
860,864691135463695429,RL,L2/3,23P,True,1230.0822702480004,223.16837778356654,829.6400000000002,471.4040290218683,1.0,6.0,3172.0,19772.0,0.01914736746760954,0.07687321481946131,0.1345990621713131,0.008309514773327472,0.15076633786633312,152.06001283584146,7.0,22944.0
861,864691135617152361,V1,L5,5P-IT,True,673.1745870290437,406.4320486070391,850.2000000000003,266.98055263426545,33.0,31.0,264056.0,326076.0,-0.01819963879257758,0.054746587745689475,0.1276928142839565,-0.04696649454729953,0.0011560101083576085,189.05100819808834,64.0,590132.0
862,864691135566155351,RL,L5,5P-ET,True,1136.2334258718759,486.6475297657792,907.0400000000003,457.4178118575074,2.0,4.0,12728.0,44800.0,0.005774955934590556,0.05415289945451405,0.10253084297443754,-0.0034286846040786742,0.08091068046379556,254.99290636624386,6.0,57528.0
863,864691135271696549,V1,L6,6P-IT,True,681.1394053268316,552.5783590958202,912.6800000000003,364.4180981720691,15.0,10.0,89664.0,62704.0,0.06085663407668121,0.08576713267867234,0.11067763128066349,0.04262950340355844,0.08348888308931018,298.88355185296757,25.0,152368.0
864,864691136914414321,V1,L2/3,23P,True,675.1726547909323,202.95188824436667,850.6400000000002,247.98302501505495,36.0,33.0,660276.0,230472.0,0.04150001101006334,0.06779269754695756,0.09408538408385178,0.010249543287681726,0.04166414880165406,168.8173084165342,69.0,890748.0
865,864691135851792071,RL,L2/3,23P,True,1213.0470985181496,129.29444608719794,797.3600000000002,484.77840762996715,0.0,8.0,0.0,62616.0,-0.006040898606283529,0.05639137204246366,0.11882364269121086,-0.01552951380927552,0.09688616566661859,202.67745473543923,8.0,62616.0
866,864691135777400237,RL,L5,5P-IT,True,1271.113137387219,474.5490327707867,894.8400000000003,546.6178770051614,0.0,3.0,0.0,42176.0,0.039846492868890464,0.06728814733749344,0.09472980180609644,0.033844922019702475,0.017040734554914644,256.6384446263964,3.0,42176.0
867,864691135684657079,RL,L2/3,23P,True,1196.6825263263297,209.13198558447144,822.3200000000003,449.21003789206856,0.0,6.0,0.0,55776.0,0.024390131313371297,0.07159257342409556,0.11879501553481982,0.012713394853429023,0.1261299107321533,154.0149660424802,6.0,55776.0
868,864691135773073147,V1,L2/3,23P,True,659.2624410786207,220.31931003427465,826.4800000000002,249.6470207201239,24.0,28.0,330180.0,308768.0,0.005733992730972172,0.0513627984580562,0.09699160418514023,-0.02551809836448484,0.004900627085004605,167.52955594742667,52.0,638948.0
869,864691135304641703,V1,L2/3,23P,True,629.0754329919682,154.1405086037835,852.6000000000003,285.94817989144553,21.0,29.0,188340.0,291976.0,0.040998180748247764,0.06897593496491856,0.09695368918158935,0.013622731861020053,0.04029400957475705,203.4439666192658,50.0,480316.0
870,864691134950156796,V1,L2/3,23P,True,726.0811767593638,117.46354934958083,829.8400000000003,285.34313773646596,30.0,13.0,292272.0,180764.0,0.02482532438705716,0.05685823266011598,0.08889114093317478,-0.0009085978942688864,0.034926854095435236,222.98354523674334,43.0,473036.0
871,864691136991166101,RL,L5,5P-ET,True,1134.5853531653852,489.33009874981684,944.9600000000003,464.2029740829597,0.0,3.0,0.0,74912.0,-0.021882421186016777,0.04603303216512739,0.11394848551627154,-0.03057246408327204,0.09276872556376851,264.62213805497925,3.0,74912.0
872,864691136023980601,RL,L5,5P-IT,True,1107.4357651023565,372.27843933395104,970.6800000000003,412.4048010729042,4.0,7.0,12380.0,79168.0,0.015906645166448963,0.05534237291736686,0.09477810066828474,0.0035543853781456677,0.040221177882004536,206.8413921213859,11.0,91548.0
873,864691135774179147,V1,L2/3,23P,True,648.9355415821868,153.30826417771047,828.7600000000002,279.73388658752845,26.0,25.0,204444.0,210768.0,0.046657259613275354,0.0833235921444587,0.11998992467564204,0.018896578009797677,0.029814685906773285,200.30719805953356,51.0,415212.0
874,864691135577749022,V1,L2/3,23P,True,636.0581237235631,133.80771779320116,876.7600000000002,295.06462578376016,33.0,28.0,498428.0,332856.0,0.014404428078775787,0.05185623496704189,0.089308041855308,-0.011796694577347451,0.018143927527832844,215.1960816358593,61.0,831284.0
875,864691136603811281,V1,L2/3,23P,True,686.4023463475841,114.24907938499359,843.8000000000003,290.62519767244305,49.0,22.0,688956.0,301912.0,0.025598852012046234,0.0531040941184136,0.08060933622478095,-0.0002741923196960985,0.01576168757424683,220.3606785679855,71.0,990868.0
876,864691135572385061,AL,L2/3,23P,True,1342.8123342000117,221.91668717663998,829.5200000000002,565.7040853847267,4.0,6.0,14500.0,109120.0,-0.021304172880008583,0.039372919187708036,0.10005001125542465,-0.02892446328777907,-0.049636756094475036,115.50526286031416,10.0,123620.0
877,864691134919972106,V1,L2/3,23P,True,708.7410957626744,123.27035837246554,821.7600000000002,284.0515591416888,15.0,22.0,128020.0,282808.0,0.05389146997836468,0.08414244352622986,0.11439341707409505,0.027715661390977593,0.06808960807008314,217.77218403084822,37.0,410828.0
878,864691135749141801,RL,L2/3,23P,True,1136.034120829158,197.4014906822681,936.6400000000002,420.00383451250144,4.0,8.0,23908.0,101692.0,0.016691249107653097,0.05892880782096152,0.10116636653426994,0.004235666998335802,0.07777782323401847,177.66233859780894,12.0,125600.0
879,864691135015652246,V1,L2/3,23P,True,687.1402857224414,181.44911144956208,852.1600000000002,253.67366762626585,19.0,33.0,154012.0,266216.0,-0.000897028341113632,0.03979233560727852,0.08048169955567067,-0.031221003506907482,-0.0040032875325418365,177.98737868420568,52.0,420228.0
880,864691135946676260,RL,L2/3,23P,True,1222.9270381016236,208.02312595563527,799.3200000000003,470.56612651539666,3.0,5.0,35884.0,30304.0,0.024632944469739196,0.05651198855096496,0.08839103263219072,0.013868454787837763,0.0559930193038359,163.30790160264047,8.0,66188.0
881,864691135117980637,RL,L4,4P,True,1108.5288732737515,344.36348516014607,1029.3200000000002,430.13181691910154,4.0,7.0,19336.0,97480.0,-0.03549076333169026,0.036182248035832594,0.10785525940335546,-0.046395569924241216,-0.006071957424832298,230.09865122698506,11.0,116816.0
882,864691135059143323,RL,L5,5P-IT,True,1123.8491231561256,378.5327573142559,953.8000000000003,419.5534110477041,3.0,14.0,34936.0,149680.0,0.049350616240024785,0.07954926684846453,0.10974791745690428,0.03733373387205508,0.025521810011063722,198.14710705319533,17.0,184616.0
883,864691136009893294,RL,L2/3,23P,True,1072.4012422384874,125.79102042641112,1000.4000000000002,422.5724141497855,6.0,3.0,35304.0,66424.0,0.0009335491769348764,0.038617126251722075,0.07630070332650928,-0.010327990262793848,0.038017131458020714,264.4524665182829,9.0,101728.0
884,864691136330407914,V1,L2/3,23P,True,638.0052683210249,220.96508271388112,852.4800000000002,255.45534160301528,13.0,33.0,103664.0,477620.0,-0.015350864691303787,0.050234048562898655,0.11581896181710108,-0.046305275295543034,-0.010530274897695561,169.76171430261172,46.0,581284.0
885,864691135493686111,V1,L2/3,23P,True,645.2477247090211,196.92883921644645,859.0800000000003,260.03048812597285,28.0,50.0,326200.0,666688.0,0.024064771302298442,0.05840297053297214,0.09274116976364583,-0.006216850751398763,0.041896332997395695,176.54227622553097,78.0,992888.0
886,864691136196127208,RL,L2/3,23P,True,1265.669184310062,195.31599498533103,854.8800000000002,503.8649169583443,12.0,7.0,67740.0,108680.0,0.010598432316140863,0.05604729905940477,0.10149616580266868,0.0011420420650246732,0.10128928892052715,169.0374971985154,19.0,176420.0
887,864691136137834877,RL,L2/3,23P,True,1157.4224768804454,168.820850776497,923.2000000000003,438.3333543270515,19.0,15.0,256324.0,146532.0,0.020412583170523527,0.06468891395981485,0.10896524474910615,0.008952897211635395,0.05949947065738505,180.4830762289547,34.0,402856.0
888,864691136905560754,V1,L5,5P-ET,True,688.6721467874567,404.06173016125496,881.3600000000002,264.3744037782635,22.0,32.0,190868.0,608308.0,0.0605349162366685,0.09093761079583665,0.12134030535500484,0.03173605941333515,0.05485894783249845,189.20906018101246,54.0,799176.0
889,864691134886828794,AL,L2/3,23P,True,1292.0277985451773,135.62616175047955,802.6000000000003,542.335080487634,1.0,8.0,356.0,76004.0,0.03815144679896436,0.07659074927612539,0.11503005175328643,0.030375151652106244,0.18703852558882642,143.4132046974062,9.0,76360.0
890,864691136596815778,RL,L2/3,23P,True,1255.1619692534687,181.03388310527308,824.8000000000003,498.6206006958002,1.0,6.0,380.0,101588.0,-0.010917762774555327,0.040259614406757696,0.09143699158807071,-0.020539670183783148,0.016621480936416952,174.3289372948011,7.0,101968.0
891,864691135864188286,AL,L2/3,23P,True,1342.622365020097,124.9551623963918,753.0800000000002,594.6406928723467,2.0,5.0,11708.0,33296.0,0.033224676368414696,0.06046622460477003,0.08770777284112537,0.02696081901791154,0.11909513728353784,147.3023308770499,7.0,45004.0
892,864691136419797655,V1,L5,5P-ET,True,671.4214002675284,487.41942974866663,864.2800000000002,314.28067673540465,4.0,46.0,32864.0,788068.0,-0.014069504181862256,0.0474085600096555,0.10888662420117326,-0.03750237727669094,-0.019263840700296703,241.63050858886677,50.0,820932.0
893,864691135367033849,RL,L5,5P-IT,True,1135.8449908565767,387.54857397794615,1068.3200000000002,473.54633189027675,0.0,9.0,0.0,68672.0,-0.011683685227283936,0.048704134150163794,0.10909195352761152,-0.019723265745687953,0.1274502145331911,266.1438221833435,9.0,68672.0
894,864691135233242713,RL,L5,5P-ET,True,1132.0449207701688,370.7695267064712,984.6800000000003,432.3983433473194,4.0,14.0,56060.0,121668.0,0.0388261348356554,0.06564375805720603,0.09246138127875667,0.027723862351528045,0.05265513563718022,206.1783309649923,18.0,177728.0
895,864691135778132576,RL,L5,5P-IT,True,1117.2520346945962,387.84923518042154,874.4400000000003,404.6364070825046,10.0,13.0,19920.0,69004.0,0.01310297314496128,0.05652526394368949,0.09994755474241769,-5.848854234903928e-05,0.031483372396024965,191.33252812171827,23.0,88924.0
896,864691135885140848,AL,L2/3,23P,True,1313.2388160728592,211.87698112601396,830.2400000000002,540.7683695862137,3.0,8.0,21104.0,44428.0,0.035967418863204474,0.09035519347565657,0.14474296808810866,0.027607591744938615,0.26902086270155084,114.1846408853359,11.0,65532.0
897,864691135102274592,V1,L2/3,23P,True,650.9226274013787,107.09760460713994,847.3600000000002,304.8563207832532,43.0,27.0,830688.0,282048.0,0.022257292868540657,0.059330273653751146,0.09640325443896164,-0.0025512183071362575,0.024099921706777862,229.49240594085663,70.0,1112736.0
898,864691135566168599,V1,L5,5P-ET,True,693.8308134872617,472.86917067374833,864.2400000000002,300.7464615420948,8.0,45.0,17804.0,454588.0,0.03409862232861525,0.06699246120683401,0.09988630008505275,0.00960070044753988,0.04682920552178857,231.00477859497107,53.0,472392.0
899,864691136089194039,RL,L5,5P-ET,True,1182.9116809178577,469.33793953775063,707.6800000000002,499.0091553843482,0.0,11.0,0.0,99284.0,0.03366169824205416,0.0667145279663179,0.09976735769058162,0.026452480110854104,0.06737060146441012,284.93240014785255,11.0,99284.0
900,864691135618505065,V1,L5,5P-ET,True,786.9301302062389,458.079029820478,732.7200000000001,318.49166291963434,1.0,28.0,10068.0,325736.0,0.031035273419675657,0.06548395822515068,0.09993264303062571,0.010349071933744958,0.03935233835885899,271.9646541277111,29.0,335804.0
901,864691136022520056,V1,L5,5P-ET,True,658.5640689268957,482.3756463673956,877.4400000000003,314.9355037693638,4.0,69.0,11984.0,1578844.0,-0.02017508677948165,0.06032623663070132,0.1408275600408843,-0.04376636631300924,-0.049051988295406745,239.86179042012938,73.0,1590828.0
902,864691135503182685,V1,L5,5P-ET,True,617.6324789935793,483.9341538363605,815.6400000000002,333.4301827806357,7.0,67.0,79328.0,1264744.0,0.03549980638725784,0.08090897682872912,0.12631814727020038,0.013427028664132729,0.02065269491354913,253.6717534794418,74.0,1344072.0
903,864691135774389755,V1,L5,5P-ET,True,627.8103048561725,476.28008376150933,889.5600000000003,322.89327309609416,8.0,70.0,54856.0,683256.0,0.009379749595121502,0.056963584934846066,0.10454742027457062,-0.013828136414388525,0.0024075206962879203,243.15786229039233,78.0,738112.0
904,864691135688186080,V1,L5,5P-ET,True,667.8080332150954,489.8015688177371,890.6400000000002,318.8378243352474,8.0,77.0,86880.0,1000416.0,0.0481392650386903,0.08446961006457937,0.12079995509046842,0.025115487472422943,0.02611090242727359,245.92866751669902,85.0,1087296.0
905,864691135782544435,AL,L5,5P-ET,True,1211.7985886412068,440.9636266089286,677.0800000000002,518.4211811087184,3.0,9.0,26576.0,124352.0,0.0530125773713092,0.09883117815656632,0.1446497789418235,0.04641683180004487,0.051678481648464,251.42853637843663,12.0,150928.0
