id,created,superceded_id,valid,pt_position_x,pt_position_y,pt_position_z,valid_id,status_dendrite,status_axon,strategy_dendrite,strategy_axon,pt_supervoxel_id,pt_root_id
1526,2024-08-02 20:25:56.067777+00:00,,True,169536,120704,21696,864691136195824204,True,True,dendrite_extended,axon_partially_extended,88109708761918664,864691136195824204
1527,2024-08-02 20:25:56.082847+00:00,,True,169328,130912,22110,864691135701896315,True,True,dendrite_clean,axon_partially_extended,88040714474248621,864691135701896315
1528,2024-08-02 20:25:56.097687+00:00,,True,179216,115136,20457,864691135136188185,True,True,dendrite_clean,axon_partially_extended,89375590041880542,864691135136188185
1529,2024-08-02 20:25:56.112829+00:00,,True,179216,110976,20613,864691136445237123,True,True,dendrite_extended,axon_partially_extended,89375040352754208,864691136445237123
1531,2024-08-02 20:25:56.142982+00:00,,True,187568,113216,21732,864691135610849031,True,True,dendrite_extended,axon_partially_extended,90571584016011523,864691135610849031
1532,2024-08-02 20:25:56.159197+00:00,,True,173360,113488,21523,864691135519025802,True,True,dendrite_clean,axon_partially_extended,88601327898256679,864691135519025802
1533,2024-08-02 20:25:56.173122+00:00,,True,185936,133408,20157,864691136674274951,True,True,dendrite_extended,axon_partially_extended,90363226361177973,864691136674274951
1534,2024-08-02 20:25:56.187497+00:00,,True,177392,130416,22352,864691136663700958,True,True,dendrite_clean,axon_partially_extended,89166545661876847,864691136663700958
1535,2024-08-02 20:25:56.201735+00:00,,True,172352,139920,21312,864691136330407914,True,True,dendrite_clean,axon_partially_extended,88464095036445073,864691136330407914
1536,2024-08-02 20:25:56.214415+00:00,,True,181376,125680,22521,864691135953669667,True,True,dendrite_clean,axon_partially_extended,89728877140222276,864691135953669667
1537,2024-08-02 20:25:56.226958+00:00,,True,179840,132976,21342,864691135492023271,True,True,dendrite_clean,axon_partially_extended,89518732845960346,864691135492023271
1538,2024-08-02 20:25:56.242728+00:00,,True,187888,124512,21300,864691136904595890,True,True,dendrite_clean,axon_partially_extended,90573095777456657,864691136904595890
3625,2025-04-24 22:35:11.897285+00:00,,True,184160,183312,22166,864691135280481697,True,True,dendrite_extended,axon_partially_extended,90088417442091280,864691135280481697
1540,2024-08-02 20:25:56.272542+00:00,,True,188352,114080,21059,864691136674275975,True,True,dendrite_clean,axon_partially_extended,90642090131819352,864691136674275975
1541,2024-08-02 20:25:56.286007+00:00,,True,168992,133520,20745,864691135276132325,True,True,dendrite_clean,axon_partially_extended,87970689126320793,864691135276132325
1542,2024-08-02 20:25:56.299512+00:00,,True,180112,114928,21520,864691136090670903,True,True,dendrite_clean,axon_partially_extended,89516327730992048,864691136090670903
1543,2024-08-02 20:25:56.312663+00:00,,True,184464,121424,21520,864691135479592902,True,True,dendrite_clean,axon_partially_extended,90150471062313845,864691135479592902
1546,2024-08-02 20:25:56.353433+00:00,,True,184464,106672,20599,864691136380268245,True,True,dendrite_clean,axon_partially_extended,90148478063383840,864691136380268245
1547,2024-08-02 20:25:56.368271+00:00,,True,183184,110368,20625,864691136389679223,True,True,dendrite_clean,axon_partially_extended,89937921586703630,864691136389679223
1549,2024-08-02 20:25:56.397548+00:00,,True,191632,104032,21899,864691135955081992,True,True,dendrite_clean,axon_partially_extended,91133297019030459,864691135955081992
1550,2024-08-02 20:25:56.411019+00:00,,True,185888,115520,22631,864691135970226021,True,True,dendrite_clean,axon_partially_extended,90290452770764125,864691135970226021
1552,2024-08-02 20:25:56.438014+00:00,,True,175504,113856,20280,864691135273844753,True,True,dendrite_clean,axon_partially_extended,88882802673982755,864691135273844753
1553,2024-08-02 20:25:56.452520+00:00,,True,192816,122096,22190,864691137198748225,True,True,dendrite_clean,axon_partially_extended,91276508475376746,864691137198748225
1554,2024-08-02 20:25:56.466270+00:00,,True,178720,132192,20263,864691135234387801,True,True,dendrite_clean,axon_partially_extended,89307489040220487,864691135234387801
1555,2024-08-02 20:25:56.478891+00:00,,True,176848,122368,21671,864691135489685818,True,True,dendrite_clean,axon_partially_extended,89095077338779923,864691135489685818
1557,2024-08-02 20:25:56.506698+00:00,,True,178320,131264,22063,864691135816765775,True,True,dendrite_clean,axon_partially_extended,89307351869365118,864691135816765775
2923,2025-01-06 21:08:37.288207+00:00,,True,183472,155184,20572,864691135476495936,True,True,dendrite_extended,axon_fully_extended,90014268925302892,864691135476495936
1559,2024-08-02 20:25:56.534068+00:00,,True,170320,132992,20225,864691135801170018,True,True,dendrite_extended,axon_partially_extended,88181726572292650,864691135801170018
1560,2024-08-02 20:25:56.548161+00:00,,True,176720,131456,20771,864691136904615602,True,True,dendrite_clean,axon_partially_extended,89096314155289439,864691136904615602
1562,2024-08-02 20:25:56.575457+00:00,,True,181136,123120,21543,864691135993150913,True,True,dendrite_clean,axon_partially_extended,89658164731009154,864691135993150913
1563,2024-08-02 20:25:56.589386+00:00,,True,172944,142032,20549,864691136311115610,True,True,dendrite_clean,axon_partially_extended,88534807310615868,864691136311115610
1564,2024-08-02 20:25:56.602740+00:00,,True,170928,142608,21356,864691135655526082,True,True,dendrite_extended,axon_partially_extended,88253401120843383,864691135655526082
1565,2024-08-02 20:25:56.615465+00:00,,True,180768,121968,22131,864691135464101789,True,True,dendrite_clean,axon_partially_extended,89587589895595217,864691135464101789
1567,2024-08-02 20:25:56.645255+00:00,,True,180048,108416,22594,864691136009871790,True,True,dendrite_clean,axon_partially_extended,89515434512067690,864691136009871790
1548,2024-08-02 20:25:56.382744+00:00,,True,182080,112288,21095,864691135473346354,True,True,dendrite_clean,axon_partially_extended,89797390323831708,864691136603811281
1570,2024-08-02 20:25:56.686993+00:00,,True,187296,137568,22530,864691135234382937,True,True,dendrite_extended,axon_partially_extended,90504513940629481,864691135234382937
1573,2024-08-02 20:47:40.618591+00:00,,True,184320,108624,22468,864691135911301033,True,True,dendrite_clean,axon_partially_extended,90078384398822296,864691135911301033
1574,2024-08-02 20:47:40.634924+00:00,,True,187312,105008,21563,864691136052366067,True,True,dendrite_clean,axon_partially_extended,90500115759990681,864691136052366067
1575,2024-08-02 20:47:40.649297+00:00,,True,189648,108816,21882,864691136106958809,True,True,dendrite_clean,axon_partially_extended,90852509237063649,864691136106958809
1576,2024-08-02 20:47:40.663612+00:00,,True,187616,109440,21807,864691135502885954,True,True,dendrite_clean,axon_partially_extended,90571102979733228,864691135502885954
1577,2024-08-02 20:51:41.669468+00:00,,True,187824,121040,21834,864691136195419606,True,True,dendrite_clean,axon_partially_extended,90572683527737052,864691136195419606
1579,2024-08-02 20:55:25.909690+00:00,,True,189200,112848,21300,864691135716428314,True,True,dendrite_clean,axon_partially_extended,90782690181525477,864691135716428314
1582,2024-08-02 20:55:25.953833+00:00,,True,172640,102976,22379,864691135975886447,True,True,dendrite_clean,axon_partially_extended,88529516112574765,864691135975886447
1583,2024-08-02 20:55:25.968215+00:00,,True,175696,121744,21198,864691135688350944,True,True,dendrite_clean,axon_partially_extended,88954271063892547,864691135688350944
1584,2024-08-02 20:55:25.982680+00:00,,True,181488,102960,22492,864691135738868593,True,True,dendrite_extended,axon_partially_extended,89725784763726337,864691135738868593
1585,2024-08-02 20:55:25.996999+00:00,,True,190944,119728,21397,864691135539486066,True,True,dendrite_clean,axon_partially_extended,90994689767351820,864691135539486066
1586,2024-08-02 20:55:26.011385+00:00,,True,181328,119504,22321,864691136389878647,True,True,dendrite_clean,axon_partially_extended,89728052506249438,864691136389878647
1587,2024-08-02 20:55:26.026085+00:00,,True,182528,117344,20379,864691136389875831,True,True,dendrite_clean,axon_partially_extended,89868446128941331,864691136389875831
1588,2024-08-02 20:55:26.041263+00:00,,True,176000,138896,20458,864691135756145106,True,True,dendrite_clean,axon_partially_extended,88956538672714596,864691135756145106
1589,2024-08-02 20:55:26.058209+00:00,,True,187360,108304,21607,864691136117613476,True,True,dendrite_clean,axon_partially_extended,90500596796402782,864691136117613476
1590,2024-08-02 20:55:26.074023+00:00,,True,175184,112320,21779,864691135615585739,True,True,dendrite_clean,axon_partially_extended,88882596716825922,864691135615585739
1593,2024-08-02 20:55:26.119220+00:00,,True,183184,115008,21547,864691136195818828,True,True,dendrite_clean,axon_partially_extended,89938540196086387,864691136195818828
1594,2024-08-02 20:55:26.133178+00:00,,True,178880,112496,21851,864691135498973715,True,True,dendrite_extended,axon_partially_extended,89375246645623251,864691135498973715
1595,2024-08-02 20:55:26.148049+00:00,,True,187936,107488,20888,864691135750141481,True,True,dendrite_clean,axon_partially_extended,90570827967759697,864691135750141481
1596,2024-08-02 20:55:26.163918+00:00,,True,171552,124528,20568,864691135868118038,True,True,dendrite_clean,axon_partially_extended,88321295896427784,864691135868118038
1597,2024-08-02 20:55:26.179741+00:00,,True,190992,120752,20242,864691136904656818,True,True,dendrite_clean,axon_partially_extended,90994827071958861,864691136904656818
1598,2024-08-02 20:55:26.194049+00:00,,True,190992,108960,21162,864691135342418629,True,True,dendrite_clean,axon_partially_extended,90993246658078569,864691135342418629
1600,2024-08-02 20:56:25.281659+00:00,,True,172384,120448,21000,864691135688375264,True,True,dendrite_clean,axon_partially_extended,88461483695978011,864691135688375264
1601,2024-08-02 20:56:25.297260+00:00,,True,187232,138624,20609,864691135489677882,True,True,dendrite_clean,axon_partially_extended,90504651111308470,864691135489677882
1602,2024-08-02 20:56:25.311131+00:00,,True,190720,125072,20809,864691136579091988,True,True,dendrite_clean,axon_partially_extended,90995376894956609,864691136579091988
1603,2024-08-02 20:56:25.326399+00:00,,True,168176,111280,22537,864691135570534534,True,True,dendrite_extended,axon_partially_extended,87897296993310090,864691135570534534
3626,2025-04-25 22:21:58.579348+00:00,,True,197312,242448,22316,864691136390601335,True,True,dendrite_extended,axon_partially_extended,91925976250187518,864691136390601335
1605,2024-08-02 20:56:25.355834+00:00,,True,176816,111120,20315,864691136445277315,True,True,dendrite_clean,axon_partially_extended,89093565309189306,864691136445277315
1607,2024-08-02 20:56:54.700052+00:00,,True,173632,133776,21477,864691135867009413,True,True,dendrite_clean,axon_partially_extended,88674376635434834,864691135867009413
1608,2024-08-02 20:56:54.715781+00:00,,True,186528,126944,20248,864691136239081532,True,True,dendrite_clean,axon_partially_extended,90432701752255117,864691136239081532
1610,2024-08-02 20:56:54.746686+00:00,,True,174224,126496,20149,864691135469753426,True,True,dendrite_clean,axon_partially_extended,88743783172412796,864691135469753426
1612,2024-08-02 20:57:46.215563+00:00,,True,172096,111472,20736,864691136090602551,True,True,dendrite_clean,axon_partially_extended,88460315398055152,864691136090602551
1614,2024-08-02 20:57:59.874026+00:00,,True,172480,108304,21873,864691135731656633,True,True,dendrite_clean,axon_partially_extended,88459903215549186,864691135731656633
1616,2024-08-02 20:57:59.904599+00:00,,True,186272,119424,21100,864691135572654885,True,True,dendrite_clean,axon_partially_extended,90361302349957438,864691135572654885
1617,2024-08-02 20:57:59.919212+00:00,,True,192160,102688,21040,864691135700799778,True,True,dendrite_clean,axon_partially_extended,91203528256750549,864691135700799778
3631,2025-04-26 15:26:01.654156+00:00,,True,154016,140256,22410,864691134942169955,True,True,dendrite_extended,axon_partially_extended,85930889099837045,864691134942169955
3632,2025-04-26 15:26:01.729407+00:00,,True,191248,204224,22278,864691135875414414,True,True,dendrite_extended,axon_partially_extended,91076397359254228,864691135875414414
3633,2025-04-26 15:26:01.762134+00:00,,True,188960,176800,21049,864691135569933804,True,True,dendrite_extended,axon_partially_extended,90720842652149836,864691135569933804
3635,2025-04-26 15:26:01.794586+00:00,,True,172512,175280,21964,864691135778773856,True,True,dendrite_extended,axon_partially_extended,88468836747612860,864691135778773856
3636,2025-04-26 15:26:01.824500+00:00,,True,177120,176864,22863,864691135857993774,True,True,dendrite_extended,axon_partially_extended,89102430457236078,864691135857993774
3637,2025-04-26 15:26:01.838438+00:00,,True,175328,159648,21658,864691135867745157,True,True,dendrite_clean,axon_partially_extended,88888987628025797,864691135867745157
3629,2025-04-26 13:33:16.031318+00:00,,True,281908,233925,14894,864691134886928378,False,True,none,axon_fully_extended,103535649868532306,864691134886928378
3630,2025-04-26 13:48:52.940946+00:00,,True,192693,261954,27141,864691136033871035,False,True,none,axon_fully_extended,91295269563405831,864691136033871035
3638,2025-04-26 15:26:01.865414+00:00,,True,168144,185744,20252,864691135571192966,True,True,dendrite_extended,axon_partially_extended,87907329701715670,864691135571192966
3639,2025-04-26 15:26:01.884071+00:00,,True,192048,180656,21639,864691135124248359,True,True,dendrite_extended,axon_partially_extended,91213973684426061,864691135124248359
3640,2025-04-26 15:26:01.897693+00:00,,True,185696,185984,20589,864691135447653010,True,True,dendrite_extended,axon_partially_extended,90299867070611957,864691135447653010
3641,2025-04-26 15:26:01.911083+00:00,,True,181712,182736,21608,864691135849699166,True,True,dendrite_extended,axon_partially_extended,89736504934533504,864691135849699166
3642,2025-04-26 15:26:01.924637+00:00,,True,198208,234032,23815,864691135396485877,True,True,dendrite_extended,axon_partially_extended,92065545708721615,864691135396485877
1764,2024-08-21 19:08:13.090690+00:00,,True,175344,232624,23084,864691135763491126,True,True,dendrite_extended,axon_partially_extended,88898745994932129,864691135763491126
1773,2024-08-21 19:08:13.096856+00:00,,True,186880,237824,22771,864691134948983804,True,True,dendrite_extended,axon_partially_extended,90447614214204483,864691134948983804
3643,2025-04-26 15:36:38.403644+00:00,,True,184544,181792,22336,864691135646493679,True,True,dendrite_extended,axon_fully_extended,90158580028006378,864691135646493679
1782,2024-08-21 19:08:13.103728+00:00,,True,192912,256816,22930,864691135694189759,True,True,dendrite_extended,axon_partially_extended,91294581765133868,864691135694189759
1783,2024-08-21 19:08:13.104387+00:00,,True,188528,253616,24883,864691135947366692,True,True,dendrite_extended,axon_partially_extended,90731151043723740,864691135947366692
3253,2025-03-10 23:07:38.335396+00:00,,True,175952,239552,23244,864691135417827770,True,True,dendrite_extended,axon_partially_extended,88970076811970841,864691135417827770
3254,2025-03-10 23:07:38.336027+00:00,,True,190544,255488,23269,864691136125985318,True,True,dendrite_extended,axon_partially_extended,91012900696960172,864691136125985318
3255,2025-03-10 23:07:38.336663+00:00,,True,196640,250944,23916,864691136742708828,True,True,dendrite_extended,axon_partially_extended,91786338474863792,864691136742708828
2470,2024-12-07 00:25:35.526152+00:00,,True,224640,157520,22200,864691135293605558,True,True,dendrite_extended,axon_partially_extended,95644112258314809,864691135293605558
3256,2025-03-10 23:07:38.337437+00:00,,True,176064,232016,22845,864691136177029382,True,True,dendrite_extended,axon_partially_extended,88969045952854187,864691136177029382
2472,2024-12-07 00:25:35.527440+00:00,,True,209952,154240,18203,864691134966069023,True,True,dendrite_extended,axon_partially_extended,93602937104132201,864691134966069023
2473,2024-12-07 00:25:35.528088+00:00,,True,153120,167552,17776,864691136975332380,True,True,dendrite_extended,axon_partially_extended,85793793139750472,864691136975332380
2474,2024-12-07 00:25:35.528745+00:00,,True,175648,170752,19289,864691137199038273,True,True,dendrite_extended,axon_partially_extended,88890499121207868,864691137199038273
3415,2025-03-22 02:30:20.198841+00:00,,True,176416,211872,22512,864691134919529994,True,True,dendrite_extended,axon_partially_extended,89036734570519019,864691134919529994
3416,2025-03-22 02:30:20.223952+00:00,,True,171232,194720,21159,864691135212078784,True,True,dendrite_extended,axon_partially_extended,88330710531955625,864691135212078784
3417,2025-03-22 02:30:20.239616+00:00,,True,181680,227760,21700,864691135503448898,True,True,dendrite_extended,axon_partially_extended,89742552248623609,864691135503448898
4067,2025-07-25 23:48:49.761805+00:00,,True,259024,103792,15973,864691135493257823,True,False,dendrite_clean,none,100351601767770727,864691135493257823
1762,2024-08-21 19:08:13.089346+00:00,,True,175440,236640,24287,864691135566122071,True,True,dendrite_extended,axon_partially_extended,88899295885176142,864691135566122071
1763,2024-08-21 19:08:13.090012+00:00,,True,200000,241104,23766,864691136619828877,True,True,dendrite_extended,axon_partially_extended,92277614013854263,864691136619828877
1784,2024-08-21 19:08:13.105036+00:00,,True,181936,231632,23445,864691135694210751,True,True,dendrite_extended,axon_partially_extended,89813470950171544,864691135694210751
1788,2024-08-21 19:08:13.107627+00:00,,True,192464,250128,23266,864691135810803660,True,True,dendrite_extended,axon_partially_extended,91223319734677208,864691135810803660
1789,2024-08-21 19:08:13.108303+00:00,,True,181136,257456,24289,864691135271103653,True,True,dendrite_extended,axon_partially_extended,89676169569698746,864691135271103653
2353,2024-11-16 22:13:19.704771+00:00,,True,208096,148896,18072,864691136489055762,True,True,dendrite_extended,axon_partially_extended,93391143676653345,864691136489055762
2354,2024-11-16 22:13:19.705434+00:00,,True,219280,154800,18130,864691135271463077,True,True,dendrite_extended,axon_partially_extended,94940011962867590,864691135271463077
1794,2024-08-21 19:08:13.111697+00:00,,True,197504,237856,23720,864691134989919098,True,True,dendrite_extended,axon_partially_extended,91925357976082239,864691134989919098
1795,2024-08-21 19:08:13.112359+00:00,,True,182800,242400,22966,864691136117811876,True,True,dendrite_extended,axon_partially_extended,89885282736241786,864691136117811876
1798,2024-08-21 19:08:13.114377+00:00,,True,185024,250880,24664,864691135938925109,True,True,dendrite_extended,axon_partially_extended,90238226236836814,864691135938925109
1799,2024-08-21 19:08:13.115030+00:00,,True,196048,238960,22080,864691135782259280,True,True,dendrite_extended,axon_partially_extended,91714388981005932,864691135782259280
1800,2024-08-21 19:08:13.115665+00:00,,True,183568,227408,23038,864691137198844737,True,True,dendrite_extended,axon_partially_extended,90023958640448939,864691137198844737
1803,2024-08-21 19:08:13.117746+00:00,,True,182448,249728,22643,864691136090728503,True,True,dendrite_extended,axon_partially_extended,89886244808603893,864691136090728503
1804,2024-08-21 19:08:13.118430+00:00,,True,178032,246288,23567,864691136452543231,True,True,dendrite_extended,axon_partially_extended,89252445208777277,864691136452543231
1805,2024-08-21 19:08:13.119080+00:00,,True,183248,253408,23767,864691135938990901,True,True,dendrite_extended,axon_partially_extended,89957094723467230,864691135938990901
1806,2024-08-21 19:08:13.119721+00:00,,True,193344,245712,22517,864691136117834916,True,True,dendrite_extended,axon_partially_extended,91363438613853756,864691136117834916
1618,2024-08-02 22:14:52.976442+00:00,,True,191264,108496,22290,864691135342594225,True,True,dendrite_clean,axon_partially_extended,91063546817100593,864691135342594225
1621,2024-08-02 22:14:53.036254+00:00,,True,170208,113008,22507,864691135947258916,True,True,dendrite_extended,axon_partially_extended,88179046781337396,864691135947258916
1623,2024-08-02 22:14:53.074603+00:00,,True,184416,112704,22591,864691136012312227,True,True,dendrite_clean,axon_partially_extended,90149302965492552,864691136012312227
1624,2024-08-02 22:14:53.090842+00:00,,True,191776,109104,21470,864691136144827444,True,True,dendrite_extended,axon_partially_extended,91133984146794451,864691136144827444
1626,2024-08-02 22:14:53.122954+00:00,,True,170464,112688,22069,864691137198691137,True,True,dendrite_clean,axon_partially_extended,88178978061378529,864691137198691137
1627,2024-08-02 22:14:53.144748+00:00,,True,168768,111776,20637,864691135404860654,True,True,dendrite_clean,axon_partially_extended,87967734188688863,864691135404860654
1628,2024-08-02 22:14:53.160415+00:00,,True,174880,109920,22317,864691135502903106,True,True,dendrite_extended,axon_partially_extended,88811953161883743,864691135502903106
1629,2024-08-02 22:14:53.177256+00:00,,True,174240,113824,20992,864691135778212448,True,True,dendrite_clean,axon_partially_extended,88742065252966980,864691135778212448
1630,2024-08-02 22:14:53.194327+00:00,,True,187840,114048,20544,864691135464128062,True,True,dendrite_clean,axon_partially_extended,90571721320546579,864691135464128062
1631,2024-08-02 22:14:53.210007+00:00,,True,170864,116832,22166,864691135105563469,True,True,dendrite_clean,axon_partially_extended,88249896561494434,864691135105563469
1632,2024-08-02 22:14:53.226466+00:00,,True,170752,117072,20449,864691135947283492,True,True,dendrite_clean,axon_partially_extended,88249965012889400,864691135947283492
1633,2024-08-02 22:14:53.241504+00:00,,True,191792,111008,22383,864691135911353001,True,True,dendrite_clean,axon_partially_extended,91134259158791688,864691135911353001
1634,2024-08-02 22:14:53.257573+00:00,,True,193056,97824,21736,864691136135997579,True,True,dendrite_clean,axon_partially_extended,91273209873470619,864691136135997579
1637,2024-08-02 22:14:53.307479+00:00,,True,177760,114352,21510,864691136674203015,True,True,dendrite_clean,axon_partially_extended,89234715315318693,864691136674203015
1638,2024-08-02 22:14:53.323516+00:00,,True,168672,123472,21315,864691135304641703,True,True,dendrite_clean,axon_partially_extended,87969314803969367,864691135304641703
1639,2024-08-02 22:14:53.337969+00:00,,True,181184,108528,20416,864691135464025245,True,True,dendrite_clean,axon_partially_extended,89656171665349924,864691135464025245
1640,2024-08-02 22:14:53.351250+00:00,,True,180848,106784,22495,864691135890158729,True,True,dendrite_extended,axon_partially_extended,89655965775362211,864691135890158729
1643,2024-08-02 22:14:53.399809+00:00,,True,183328,115392,22480,864691136052291827,True,True,dendrite_extended,axon_partially_extended,89938540263655019,864691136052291827
1644,2024-08-02 22:14:53.414670+00:00,,True,168160,113296,21138,864691135993020097,True,True,dendrite_clean,axon_partially_extended,87897571670076296,864691135993020097
1645,2024-08-02 22:14:53.429475+00:00,,True,171024,125472,21780,864691135473343538,True,True,dendrite_clean,axon_partially_extended,88251064725641695,864691135473343538
1646,2024-08-02 22:14:53.446693+00:00,,True,173680,116048,22556,864691136238998588,True,True,dendrite_clean,axon_partially_extended,88672040374050892,864691136238998588
1647,2024-08-02 22:14:53.464872+00:00,,True,186000,120640,20761,864691136424154927,True,True,dendrite_clean,axon_partially_extended,90361508441504986,864691136424154927
1648,2024-08-02 22:14:53.480598+00:00,,True,171728,116816,21211,864691135404857070,True,True,dendrite_clean,axon_partially_extended,88390633915721778,864691135404857070
1649,2024-08-02 22:14:53.495685+00:00,,True,188432,107264,22404,864691136195418326,True,True,dendrite_clean,axon_partially_extended,90641196913206480,864691136195418326
1650,2024-08-02 22:14:53.513193+00:00,,True,186864,109920,20742,864691135989828864,True,True,dendrite_extended,axon_partially_extended,90430434076609019,864691135989828864
1651,2024-08-02 22:14:53.529057+00:00,,True,186912,125280,20919,864691135342597809,True,True,dendrite_clean,axon_partially_extended,90432495661088122,864691135342597809
1654,2024-08-02 22:14:53.577789+00:00,,True,182752,112912,20453,864691136195437526,True,True,dendrite_clean,axon_partially_extended,89867896373195343,864691136195437526
1655,2024-08-02 22:14:53.592947+00:00,,True,178048,104048,22251,864691135583037037,True,True,dendrite_clean,axon_partially_extended,89233340993163084,864691135583037037
1657,2024-08-02 22:14:53.622887+00:00,,True,183424,105440,21503,864691135808719133,True,True,dendrite_clean,axon_partially_extended,90007603203593521,864691135808719133
1658,2024-08-02 22:14:53.637254+00:00,,True,174704,115808,22327,864691135136166681,True,True,dendrite_clean,axon_partially_extended,88812709076150429,864691135136166681
1660,2024-08-02 22:14:53.665858+00:00,,True,191232,105888,22427,864691136391756671,True,True,dendrite_clean,axon_partially_extended,91063203219879884,864691136391756671
1661,2024-08-02 22:14:53.685122+00:00,,True,189104,111200,21854,864691135970263141,True,True,dendrite_clean,axon_partially_extended,90782415370778176,864691135970263141
1662,2024-08-02 22:14:53.701785+00:00,,True,180032,111920,22362,864691136090561847,True,True,dendrite_clean,axon_partially_extended,89515915481621493,864691136090561847
1663,2024-08-02 22:14:53.718723+00:00,,True,186640,108656,22542,864691135911348649,True,True,dendrite_clean,axon_partially_extended,90430228186324001,864691135911348649
1971,2024-09-13 22:15:24.196205+00:00,,True,179584,242864,24641,864691135473453362,True,True,dendrite_extended,axon_partially_extended,89463070539231801,864691135473453362
1972,2024-09-13 22:15:24.196844+00:00,,True,203712,255376,24841,864691135939114293,True,True,dendrite_extended,axon_partially_extended,92772119502730686,864691135939114293
1973,2024-09-13 22:15:24.197483+00:00,,True,191232,243056,22730,864691135941293057,True,True,dendrite_extended,axon_partially_extended,91081620106537605,864691135941293057
3789,2025-06-28 00:54:27.450994+00:00,,True,195888,108064,20798,864691135294935564,True,True,dendrite_extended,axon_fully_extended,91696796593956870,864691135294935564
1665,2024-08-02 22:14:53.746887+00:00,,True,184128,123408,21604,864691135877467731,True,True,dendrite_clean,axon_partially_extended,90080377196136262,864691135877467731
1667,2024-08-02 22:14:53.779032+00:00,,True,182048,115584,21330,864691136904509106,True,True,dendrite_clean,axon_partially_extended,89797871360450461,864691136904509106
1668,2024-08-02 22:14:53.793210+00:00,,True,169472,115888,21788,864691135469684306,True,True,dendrite_extended,axon_partially_extended,88038652823071807,864691135469684306
1670,2024-08-02 22:14:53.822509+00:00,,True,173760,107744,22090,864691136674194055,True,True,dendrite_extended,axon_partially_extended,88670940795365171,864691136674194055
1671,2024-08-02 22:14:53.837029+00:00,,True,169360,112336,20357,864691135740913300,True,True,dendrite_clean,axon_partially_extended,88038240305027727,864691135740913300
1672,2024-08-02 22:14:53.852339+00:00,,True,168576,121376,22182,864691135716429850,True,True,dendrite_clean,axon_partially_extended,87969040060090183,864691135716429850
1673,2024-08-02 22:14:53.867232+00:00,,True,184448,122160,21134,864691135491977959,True,True,dendrite_clean,axon_partially_extended,90150608434311499,864691135491977959
1674,2024-08-02 22:14:53.882027+00:00,,True,185248,106992,22018,864691136195767116,True,True,dendrite_clean,axon_partially_extended,90218915728209651,864691136195767116
1675,2024-08-02 22:14:53.896995+00:00,,True,176992,119792,20171,864691135273851665,True,True,dendrite_clean,axon_partially_extended,89094733540137338,864691135273851665
1676,2024-08-02 22:14:53.912015+00:00,,True,173312,116208,21810,864691137198748993,True,True,dendrite_clean,axon_partially_extended,88601671495966292,864691137198748993
1678,2024-08-02 22:14:53.944905+00:00,,True,178976,124432,21326,864691136991328917,True,True,dendrite_extended,axon_partially_extended,89376827126485917,864691136991328917
1679,2024-08-02 22:14:53.960686+00:00,,True,172224,126656,21141,864691135942611316,True,True,dendrite_extended,axon_partially_extended,88462308329875985,864691135942611316
1680,2024-08-02 22:14:53.976867+00:00,,True,178896,119456,22395,864691135810708172,True,True,dendrite_extended,axon_partially_extended,89376140065988251,864691135810708172
1681,2024-08-02 22:14:53.992677+00:00,,True,178736,126432,21628,864691135801163874,True,True,dendrite_clean,axon_partially_extended,89377102071272275,864691135801163874
1684,2024-08-02 22:14:54.040024+00:00,,True,169008,125872,22242,864691134941385571,True,True,dendrite_clean,axon_partially_extended,88040027279617201,864691134941385571
1685,2024-08-02 22:14:54.053556+00:00,,True,173376,130752,20700,864691135304694183,True,True,dendrite_clean,axon_partially_extended,88603595507012906,864691135304694183
1686,2024-08-02 22:14:54.073262+00:00,,True,188944,119984,21398,864691135801267554,True,True,dendrite_clean,axon_partially_extended,90713214790649100,864691135801267554
1687,2024-08-02 22:14:54.090846+00:00,,True,185200,117744,21532,864691135773033723,True,True,dendrite_clean,axon_partially_extended,90220358770161165,864691135773033723
1688,2024-08-02 22:14:54.106491+00:00,,True,184464,122032,22057,864691135645874159,True,True,dendrite_clean,axon_partially_extended,90150539848910271,864691135645874159
1689,2024-08-02 22:14:54.121819+00:00,,True,179888,116688,20509,864691135586527612,True,True,dendrite_clean,axon_partially_extended,89516533755228311,864691135586527612
1693,2024-08-02 22:14:54.181974+00:00,,True,186384,119648,20631,864691135576839710,True,True,dendrite_clean,axon_partially_extended,90361371002373602,864691135576839710
4066,2025-07-25 23:48:49.744763+00:00,,True,97504,113504,15610,864691136136757387,True,False,dendrite_clean,none,78186752954927476,864691136136757387
1696,2024-08-02 22:14:54.225792+00:00,,True,186048,128336,22528,864691136445296003,True,True,dendrite_extended,axon_partially_extended,90362539435193614,864691136445296003
1697,2024-08-02 22:14:54.239130+00:00,,True,187632,141312,22539,864691135731679929,True,True,dendrite_extended,axon_partially_extended,90575363721151543,864691135731679929
1699,2024-08-02 22:14:54.266825+00:00,,True,173456,130208,22133,864691135491949287,True,True,dendrite_clean,axon_partially_extended,88603526988740876,864691135491949287
1700,2024-08-02 22:14:54.282134+00:00,,True,180384,142640,20916,864691136724994301,True,True,dendrite_clean,axon_partially_extended,89590407193189813,864691136724994301
1701,2024-08-02 22:14:54.295951+00:00,,True,178352,136704,22172,864691135938816260,True,True,dendrite_clean,axon_partially_extended,89308107783758244,864691135938816260
1702,2024-08-02 22:14:54.310903+00:00,,True,181792,126416,20682,864691135916660582,True,True,dendrite_clean,axon_partially_extended,89728945658014978,864691135916660582
1703,2024-08-02 22:14:54.326306+00:00,,True,192720,131232,22625,864691135953658659,True,True,dendrite_clean,axon_partially_extended,91277676773529536,864691135953658659
1704,2024-08-02 22:14:54.343628+00:00,,True,170816,127856,21691,864691135874782350,True,True,dendrite_extended,axon_partially_extended,88251408322917335,864691135874782350
1705,2024-08-02 22:14:54.361293+00:00,,True,183936,131280,21625,864691135572202733,True,True,dendrite_clean,axon_partially_extended,90081476707791607,864691135572202733
1706,2024-08-02 22:14:54.375849+00:00,,True,169728,137648,20522,864691135786698436,True,True,dendrite_clean,axon_partially_extended,88111976370229530,864691135786698436
1707,2024-08-02 22:14:54.391490+00:00,,True,188496,135760,22355,864691136742067804,True,True,dendrite_clean,axon_partially_extended,90715345228573345,864691136742067804
1708,2024-08-02 22:14:54.406159+00:00,,True,170192,133552,21447,864691135455400554,True,True,dendrite_clean,axon_partially_extended,88181795426193124,864691135455400554
1709,2024-08-02 22:14:54.423188+00:00,,True,180640,129520,21202,864691135778740413,True,True,dendrite_clean,axon_partially_extended,89588620553651755,864691135778740413
1710,2024-08-02 22:14:54.438168+00:00,,True,186832,131728,21215,864691135782156880,True,True,dendrite_clean,axon_partially_extended,90433320361718781,864691135782156880
1712,2024-08-02 22:14:54.469916+00:00,,True,188400,121904,22011,864691135726939455,True,True,dendrite_clean,axon_partially_extended,90643120991617407,864691135726939455
1713,2024-08-02 22:14:54.489372+00:00,,True,173312,138688,20501,864691136904594610,True,True,dendrite_clean,axon_partially_extended,88604695018405759,864691136904594610
1714,2024-08-02 22:14:54.508693+00:00,,True,169152,135136,22028,864691135136325657,True,True,dendrite_clean,axon_partially_extended,88041264229949195,864691135136325657
1715,2024-08-02 22:14:54.525236+00:00,,True,184800,131296,22474,864691136042462038,True,True,dendrite_clean,axon_partially_extended,90151845519437827,864691136042462038
1717,2024-08-02 22:14:54.561869+00:00,,True,185456,134720,20827,864691136967128270,True,True,dendrite_clean,axon_partially_extended,90292995123238941,864691136967128270
1720,2024-08-02 22:14:54.611022+00:00,,True,179984,124320,22475,864691136380312021,True,True,dendrite_clean,axon_partially_extended,89517564749196973,864691136380312021
1722,2024-08-02 22:14:54.641050+00:00,,True,169232,130208,20544,864691135464799813,True,True,dendrite_clean,axon_partially_extended,88040576833940680,864691135464799813
1723,2024-08-02 22:14:54.656369+00:00,,True,179216,127792,22302,864691136424252463,True,True,dendrite_extended,axon_partially_extended,89377308296970511,864691136424252463
1724,2024-08-02 22:14:54.673032+00:00,,True,190656,121840,22429,864691135519105930,True,True,dendrite_clean,axon_partially_extended,90994964779484105,864691135519105930
1725,2024-08-02 22:14:54.687654+00:00,,True,173600,136784,22464,864691135777479597,True,True,dendrite_extended,axon_partially_extended,88604420342295411,864691135777479597
2899,2024-12-15 02:32:20.606350+00:00,,True,184928,223024,23391,864691135702298491,True,True,dendrite_extended,axon_partially_extended,90234515184078292,864691135702298491
1728,2024-08-02 22:14:54.730760+00:00,,True,183728,129008,21304,864691136311114330,True,True,dendrite_clean,axon_partially_extended,90010764299362175,864691136311114330
1729,2024-08-02 22:14:54.745702+00:00,,True,177200,136960,21048,864691135349839831,True,True,dendrite_clean,axon_partially_extended,89167438880543514,864691135349839831
1730,2024-08-02 22:14:54.760937+00:00,,True,175856,131472,20407,864691136298125851,True,True,dendrite_clean,axon_partially_extended,88955576599984368,864691136298125851
1732,2024-08-02 22:14:54.794384+00:00,,True,175696,136192,21990,864691135257669039,True,True,dendrite_clean,axon_partially_extended,88956195276658332,864691135257669039
1735,2024-08-02 22:14:54.840344+00:00,,True,189760,127520,20540,864691135778811325,True,True,dendrite_clean,axon_partially_extended,90854983003652860,864691135778811325
1736,2024-08-02 22:14:54.855035+00:00,,True,177632,139296,20662,864691135773073147,True,True,dendrite_clean,axon_partially_extended,89167713691492856,864691135773073147
1737,2024-08-02 22:14:54.869227+00:00,,True,188320,131408,21605,864691136389921911,True,True,dendrite_clean,axon_partially_extended,90644426661199216,864691136389921911
1739,2024-08-02 22:14:54.898277+00:00,,True,186080,148288,20933,864691135942643060,True,True,dendrite_clean,axon_partially_extended,90365219293391252,864691135942643060
1741,2024-08-02 22:14:54.928965+00:00,,True,169280,149136,22318,864691135688387040,True,True,dendrite_clean,axon_partially_extended,88043119656150966,864691135688387040
1742,2024-08-02 22:14:54.944020+00:00,,True,168592,141392,21692,864691135778815421,True,True,dendrite_extended,axon_partially_extended,87971720052591804,864691135778815421
1743,2024-08-02 22:14:54.960061+00:00,,True,184704,137184,21976,864691136021797624,True,True,dendrite_clean,axon_partially_extended,90152601366635798,864691136021797624
1744,2024-08-02 22:14:54.975226+00:00,,True,190592,149760,22133,864691136437698206,True,True,dendrite_clean,axon_partially_extended,90998744350374241,864691136437698206
1745,2024-08-02 22:14:54.991265+00:00,,True,192704,143360,21243,864691136313230909,True,True,dendrite_clean,axon_partially_extended,91279325839844437,864691136313230909
1746,2024-08-02 22:14:55.007090+00:00,,True,180736,135840,20436,864691136228125521,True,True,dendrite_clean,axon_partially_extended,89589445053451911,864691136228125521
2101,2024-10-26 18:19:11.338730+00:00,,True,180544,231616,22405,864691136057790424,True,True,dendrite_extended,axon_partially_extended,89602295863921793,864691136057790424
2102,2024-10-26 18:19:11.359252+00:00,,True,171440,196976,21279,864691135741022356,True,True,dendrite_extended,axon_partially_extended,88331054129432794,864691135741022356
2103,2024-10-26 18:19:11.376864+00:00,,True,180784,170704,20416,864691136313301565,True,True,dendrite_extended,axon_partially_extended,89664555441514504,864691136313301565
2104,2024-10-26 18:19:11.394580+00:00,,True,188944,206160,21639,864691136372039560,True,True,dendrite_extended,axon_partially_extended,90724828449027978,864691136372039560
2106,2024-10-26 18:19:11.433940+00:00,,True,192144,211616,21338,864691136228723281,True,True,dendrite_extended,axon_partially_extended,91218096786179724,864691136228723281
2356,2024-11-16 22:25:48.084638+00:00,,True,168176,157328,21304,864691136904998834,True,False,dendrite_extended,none,87903481545222522,864691136904998834
1808,2024-08-21 19:09:51.119516+00:00,,True,194736,213472,22916,864691136488591378,True,True,dendrite_extended,axon_partially_extended,91570215586331752,864691136488591378
1809,2024-08-21 19:09:51.136593+00:00,,True,185312,216224,21353,864691136298139675,True,True,dendrite_extended,axon_partially_extended,90233552842988398,864691136298139675
1811,2024-08-21 19:09:51.171393+00:00,,True,176912,222800,21553,864691135865648254,True,True,dendrite_extended,axon_partially_extended,89108546356072007,864691135865648254
1812,2024-08-21 19:09:51.187983+00:00,,True,177616,212304,22301,864691135498997267,True,True,dendrite_extended,axon_partially_extended,89177540778107458,864691135498997267
3786,2025-06-28 00:42:41.156180+00:00,,True,240828,209174,14857,864691135686255287,False,True,none,axon_fully_extended,97902851799390606,864691135686255287
3795,2025-06-28 00:54:27.455346+00:00,,True,195440,195536,20747,864691135115058329,True,True,dendrite_extended,axon_fully_extended,91638178880255985,864691135115058329
4065,2025-07-25 23:48:49.713396+00:00,,True,110272,123920,17664,864691134884943610,True,False,dendrite_clean,none,79947346217332216,864691134884943610
2394,2024-12-03 19:53:18.000846+00:00,,True,183160,134087,22234,864691135701676411,True,True,dendrite_extended,axon_fully_extended,89941082884044534,864691135701676411
2399,2024-12-03 19:56:25.682872+00:00,,True,181147,143788,22167,864691135614771147,True,True,dendrite_extended,axon_fully_extended,89660913577302088,864691135614771147
3258,2025-03-10 23:08:22.034813+00:00,,True,173008,213504,23171,864691135014696182,True,True,dendrite_extended,axon_partially_extended,88544359653518676,864691135014696182
3259,2025-03-10 23:08:22.053866+00:00,,True,181824,236608,22398,864691137055840886,True,True,dendrite_extended,axon_partially_extended,89814089291221041,864691137055840886
3260,2025-03-10 23:08:22.071467+00:00,,True,189968,212000,22393,864691136239460668,True,True,dendrite_extended,axon_partially_extended,90866321918998625,864691136239460668
3261,2025-03-10 23:08:22.088205+00:00,,True,180752,231968,22043,864691135941549825,True,True,dendrite_extended,axon_partially_extended,89602364582973364,864691135941549825
3262,2025-03-10 23:08:22.106996+00:00,,True,188720,229376,22016,864691135989149187,True,True,dendrite_extended,axon_partially_extended,90727920825948660,864691135989149187
3264,2025-03-10 23:08:22.143587+00:00,,True,182336,231040,22241,864691135014681590,True,True,dendrite_extended,axon_partially_extended,89883702120976521,864691135014681590
2423,2024-12-04 06:49:01.322042+00:00,,True,176112,114336,20769,864691135778700477,True,True,dendrite_extended,axon_fully_extended,88953240204708144,864691135778700477
3265,2025-03-10 23:08:22.165364+00:00,,True,189968,239520,22383,864691135885623408,True,True,dendrite_extended,axon_partially_extended,90870032770709270,864691135885623408
3266,2025-03-10 23:08:22.183831+00:00,,True,192832,213024,22538,864691135470154834,True,True,dendrite_extended,axon_partially_extended,91288671889676363,864691135470154834
3267,2025-03-10 23:08:22.202907+00:00,,True,184592,222160,21938,864691135396115189,True,True,dendrite_extended,axon_partially_extended,90164008799738216,864691135396115189
2424,2024-12-04 22:54:23.856550+00:00,,True,165408,116672,22032,864691135155894884,True,True,dendrite_extended,axon_fully_extended,87475840375371574,864691135155894884
3269,2025-03-10 23:08:22.236867+00:00,,True,183168,220608,21502,864691135955477512,True,True,dendrite_extended,axon_partially_extended,89952696341699527,864691135955477512
3270,2025-03-10 23:08:22.254475+00:00,,True,181792,218640,21272,864691135465571653,True,True,dendrite_extended,axon_partially_extended,89741315230990350,864691135465571653
3212,2025-03-10 23:07:38.305556+00:00,,True,187488,255904,24545,864691135369087481,True,True,dendrite_extended,axon_partially_extended,90590757085876562,864691135369087481
3213,2025-03-10 23:07:38.306396+00:00,,True,198688,238368,24432,864691136275771917,True,True,dendrite_extended,axon_partially_extended,92066164251200040,864691136275771917
3214,2025-03-10 23:07:38.307184+00:00,,True,182752,259792,25527,864691135214653240,True,True,dendrite_extended,axon_partially_extended,89887619534085367,864691135214653240
3215,2025-03-10 23:07:38.307902+00:00,,True,194000,260912,23258,864691135784641843,True,True,dendrite_extended,axon_partially_extended,91435869076217833,864691135784641843
3026,2025-01-09 02:29:42.669779+00:00,,True,181568,210112,21032,864691135067181124,True,True,dendrite_extended,axon_partially_extended,89740146999659698,864691135067181124
3027,2025-01-09 02:29:42.684586+00:00,,True,169760,177696,22191,864691136176750854,True,True,dendrite_extended,axon_partially_extended,88117336690893366,864691136176750854
2465,2024-12-07 00:25:35.522813+00:00,,True,230048,144848,22947,864691135939268661,True,True,dendrite_extended,axon_partially_extended,96416450524775690,864691135939268661
2466,2024-12-07 00:25:35.523440+00:00,,True,155952,166928,20810,864691136125457446,True,True,dendrite_extended,axon_partially_extended,86215937287933799,864691136125457446
2467,2024-12-07 00:25:35.524085+00:00,,True,139264,156592,22892,864691135503163202,True,True,dendrite_extended,axon_partially_extended,83892394609027951,864691135503163202
2468,2024-12-07 00:25:35.524746+00:00,,True,134672,157408,18378,864691135839248787,True,True,dendrite_extended,axon_partially_extended,83259212746483907,864691135839248787
2469,2024-12-07 00:25:35.525506+00:00,,True,231984,151824,17725,864691135742189163,True,True,dendrite_extended,axon_partially_extended,96698886902933072,864691135742189163
1749,2024-08-21 19:08:13.080249+00:00,,True,184912,170592,21279,864691136025333561,True,True,dendrite_extended,axon_partially_extended,90227436809480840,864691136025333561
1750,2024-08-21 19:08:13.080999+00:00,,True,199056,248208,23987,864691137055244406,True,True,dendrite_extended,axon_partially_extended,92137838598428851,864691137055244406
1751,2024-08-21 19:08:13.081708+00:00,,True,198368,248288,24656,864691135591533579,True,True,dendrite_extended,axon_partially_extended,92067469988059542,864691135591533579
1754,2024-08-21 19:08:13.083798+00:00,,True,196752,245408,23340,864691135885298544,True,True,dendrite_extended,axon_partially_extended,91855951237646491,864691135885298544
1755,2024-08-21 19:08:13.084505+00:00,,True,197200,240928,23738,864691135948010081,True,True,dendrite_extended,axon_partially_extended,91925770292958060,864691135948010081
1757,2024-08-21 19:08:13.086011+00:00,,True,179888,233568,23459,864691135698820373,True,True,dendrite_extended,axon_partially_extended,89532202131924805,864691135698820373
1758,2024-08-21 19:08:13.086676+00:00,,True,201472,252672,24681,864691136021849848,True,True,dendrite_extended,axon_partially_extended,92490300928439977,864691136021849848
2369,2024-11-16 22:34:02.296147+00:00,,True,190064,157424,22482,864691135101521952,True,True,dendrite_clean,axon_partially_extended,90929406398758623,864691135101521952
2370,2024-11-16 22:34:02.309443+00:00,,True,177504,168848,21048,864691136488999186,True,True,dendrite_clean,axon_partially_extended,89171699488113773,864691136488999186
2372,2024-11-16 22:34:02.336508+00:00,,True,188256,200192,20216,864691135617409385,True,True,dendrite_extended,axon_partially_extended,90653634869932692,864691135617409385
3030,2025-01-09 02:29:42.724879+00:00,,True,171008,173424,21462,864691135755384269,True,True,dendrite_extended,axon_partially_extended,88257524289547638,864691135755384269
2375,2024-11-16 22:34:02.376341+00:00,,True,179776,198880,22450,864691135447187602,True,True,dendrite_extended,axon_partially_extended,89527597792764820,864691135447187602
2376,2024-11-16 22:34:02.389898+00:00,,True,180336,189568,20921,864691135280056225,True,True,dendrite_extended,axon_partially_extended,89596660665540389,864691135280056225
2377,2024-11-16 22:34:02.403043+00:00,,True,184768,198896,21743,864691135655627458,True,True,dendrite_extended,axon_partially_extended,90160916423054452,864691135655627458
2378,2024-11-16 22:34:02.414860+00:00,,True,178848,204240,21385,864691137021264750,True,True,dendrite_extended,axon_partially_extended,89387547364912702,864691137021264750
2380,2024-11-16 22:34:02.440059+00:00,,True,182560,220032,20852,864691135778544480,True,True,dendrite_clean,axon_partially_extended,89882258810769122,864691135778544480
3031,2025-01-09 02:29:42.738386+00:00,,True,185808,189072,21088,864691135361689159,True,True,dendrite_extended,axon_partially_extended,90300279454589805,864691135361689159
3216,2025-03-10 23:07:38.308663+00:00,,True,192496,262864,24170,864691136107855065,True,True,dendrite_extended,axon_partially_extended,91225037855671050,864691136107855065
3034,2025-01-09 02:29:42.780294+00:00,,True,172144,210688,20905,864691135342823877,True,True,dendrite_extended,axon_partially_extended,88473646976727710,864691135342823877
3217,2025-03-10 23:07:38.309380+00:00,,True,187312,247424,22975,864691135067448132,True,True,dendrite_extended,axon_partially_extended,90519219909187421,864691135067448132
3037,2025-01-09 02:29:42.823472+00:00,,True,180080,191680,20393,864691136742470492,True,True,dendrite_extended,axon_partially_extended,89526566732225945,864691136742470492
3219,2025-03-10 23:07:38.310809+00:00,,True,181600,242992,23652,864691136275807757,True,True,dendrite_extended,axon_partially_extended,89744614101250825,864691136275807757
3220,2025-03-10 23:07:38.311524+00:00,,True,199408,260720,24098,864691135787242948,True,True,dendrite_extended,axon_partially_extended,92209856676697579,864691135787242948
3221,2025-03-10 23:07:38.312233+00:00,,True,190416,252624,23572,864691135447582354,True,True,dendrite_extended,axon_partially_extended,90942188422239275,864691135447582354
2382,2024-11-18 19:18:36.171736+00:00,,True,285424,154224,22492,864691136578982164,True,True,dendrite_extended,axon_fully_extended,104017511779444058,864691136578982164
3189,2025-02-17 20:13:30.475923+00:00,,True,202368,249984,23417,864691135015048342,True,True,dendrite_extended,axon_partially_extended,92630625898934396,864691135015048342
3190,2025-02-17 20:13:30.476579+00:00,,True,186592,249344,23744,864691135742327147,True,True,dendrite_extended,axon_partially_extended,90449126176894994,864691135742327147
3191,2025-02-17 20:13:30.477250+00:00,,True,190432,240736,23039,864691135492371303,True,True,dendrite_extended,axon_partially_extended,90940539021131299,864691135492371303
3193,2025-02-17 20:13:30.478568+00:00,,True,180192,250368,23089,864691135384262362,True,True,dendrite_extended,axon_partially_extended,89534469874232406,864691135384262362
3222,2025-03-10 23:07:38.313050+00:00,,True,181008,262144,24912,864691135456165738,True,True,dendrite_extended,axon_partially_extended,89676788112189528,864691135456165738
3195,2025-02-17 20:13:30.480012+00:00,,True,182720,218144,21767,864691135611337735,True,True,dendrite_extended,axon_partially_extended,89881984066997607,864691135611337735
3196,2025-02-17 20:13:30.480647+00:00,,True,190448,249664,22697,864691135778675552,True,True,dendrite_extended,axon_partially_extended,90941775971331488,864691135778675552
3197,2025-02-17 20:13:30.481307+00:00,,True,196128,235600,22512,864691135464633245,True,True,dendrite_extended,axon_partially_extended,91713907945180687,864691135464633245
3207,2025-02-17 20:14:27.553703+00:00,,True,186992,216608,22524,864691135274355473,True,True,dendrite_extended,axon_partially_extended,90515096673540923,864691135274355473
3223,2025-03-10 23:07:38.313746+00:00,,True,199616,244960,22930,864691135773731403,True,True,dendrite_extended,axon_partially_extended,92207794891526028,864691135773731403
3209,2025-02-17 20:14:27.595866+00:00,,True,178512,211840,22045,864691135455977578,True,True,dendrite_extended,axon_partially_extended,89318209546689611,864691135455977578
3210,2025-02-17 20:14:27.632940+00:00,,True,181136,229072,22344,864691135492308071,True,True,dendrite_extended,axon_partially_extended,89672389730113044,864691135492308071
3211,2025-02-17 20:14:27.652265+00:00,,True,194112,212064,23175,864691136905506482,True,True,dendrite_extended,axon_partially_extended,91499640750531825,864691136905506482
2403,2024-12-03 23:22:52.354105+00:00,,True,173552,188832,20819,864691136330122730,True,True,dendrite_extended,axon_fully_extended,88611429527463360,864691136330122730
2405,2024-12-03 23:24:32.817998+00:00,,True,169104,184976,21599,864691135502748482,True,True,dendrite_extended,axon_fully_extended,88047929952176909,864691135502748482
3224,2025-03-10 23:07:38.314432+00:00,,True,183616,250784,23389,864691135885635952,True,True,dendrite_extended,axon_partially_extended,90027119803285421,864691135885635952
2411,2024-12-03 23:28:44.320385+00:00,,True,180112,119520,21294,864691136674080135,True,True,dendrite_extended,axon_fully_extended,89516946139530726,864691136674080135
2417,2024-12-03 23:32:10.816067+00:00,,True,241728,209360,24584,864691135341516741,True,True,dendrite_extended,axon_partially_extended,98043590562832435,864691135341516741
2419,2024-12-03 23:33:11.860310+00:00,,True,247296,191472,21447,864691136420378007,True,True,dendrite_extended,axon_partially_extended,98744872353682400,864691136420378007
2357,2024-11-16 22:34:02.123774+00:00,,True,179520,165856,20633,864691136967634382,True,True,dendrite_clean,axon_partially_extended,89452762080968055,864691136967634382
2358,2024-11-16 22:34:02.144792+00:00,,True,192784,169264,22380,864691136009982124,True,True,dendrite_extended,axon_partially_extended,91282830667465901,864691136009982124
2359,2024-11-16 22:34:02.158865+00:00,,True,184608,161808,21806,864691135503433309,True,True,dendrite_clean,axon_partially_extended,90155899901322754,864691135503433309
2360,2024-11-16 22:34:02.173095+00:00,,True,188944,152016,22617,864691136674744199,True,True,dendrite_clean,axon_partially_extended,90717544318668428,864691136674744199
2361,2024-11-16 22:34:02.187187+00:00,,True,190096,148832,22467,864691134919144714,True,True,dendrite_clean,axon_partially_extended,90928238167601975,864691134919144714
2364,2024-11-16 22:34:02.227348+00:00,,True,192288,163952,22058,864691136620069517,True,True,dendrite_clean,axon_partially_extended,91211706008680645,864691136620069517
2365,2024-11-16 22:34:02.240594+00:00,,True,173712,144608,22060,864691135014734486,True,True,dendrite_extended,axon_partially_extended,88675888597638682,864691135014734486
2366,2024-11-16 22:34:02.252777+00:00,,True,182768,165328,22488,864691136092638900,True,True,dendrite_clean,axon_partially_extended,89874906028249399,864691136092638900
2367,2024-11-16 22:34:02.267382+00:00,,True,191616,161920,21741,864691135849401950,True,True,dendrite_clean,axon_partially_extended,91141062319739671,864691135849401950
2368,2024-11-16 22:34:02.281036+00:00,,True,171744,150144,21818,864691136363303138,True,True,dendrite_clean,axon_partially_extended,88395100748909013,864691136363303138
2385,2024-11-18 19:38:24.199589+00:00,,True,181568,212640,21847,864691135750307881,True,True,dendrite_extended,axon_partially_extended,89740490664456682,864691135750307881
2386,2024-11-18 19:38:24.227654+00:00,,True,183168,204576,21936,864691135702167419,True,True,dendrite_clean,axon_partially_extended,89950566104965703,864691135702167419
2387,2024-11-18 19:38:24.244210+00:00,,True,169648,179488,22476,864691135808857629,True,True,dendrite_clean,axon_partially_extended,88117611569097314,864691135808857629
2388,2024-11-18 19:38:24.263984+00:00,,True,173136,185392,20931,864691136618795227,True,True,dendrite_extended,axon_partially_extended,88610948491257700,864691136618795227
2389,2024-11-18 19:38:24.281117+00:00,,True,178112,182224,20782,864691135877825107,True,True,dendrite_clean,axon_partially_extended,89243854871867548,864691135877825107
2390,2024-11-18 19:38:24.295837+00:00,,True,179408,238928,23355,864691136120038424,True,True,dendrite_clean,axon_partially_extended,89462589301856375,864691136120038424
3225,2025-03-10 23:07:38.315125+00:00,,True,189520,252672,23979,864691135920381616,True,True,dendrite_extended,axon_partially_extended,90871819678549412,864691135920381616
3227,2025-03-10 23:07:38.316501+00:00,,True,192992,256240,23197,864691136953631711,True,True,dendrite_extended,axon_partially_extended,91294513112521872,864691136953631711
3228,2025-03-10 23:07:38.317172+00:00,,True,187248,250144,22787,864691135430943024,True,True,dendrite_extended,axon_partially_extended,90519632225831700,864691135430943024
3229,2025-03-10 23:07:38.317822+00:00,,True,194976,262368,25204,864691135868946966,True,True,dendrite_extended,axon_partially_extended,91576812991342875,864691135868946966
3230,2025-03-10 23:07:38.318534+00:00,,True,183424,264672,25087,864691135720245297,True,True,dendrite_extended,axon_partially_extended,90028975430475529,864691135720245297
3231,2025-03-10 23:07:38.319223+00:00,,True,183312,261872,24592,864691136275729677,True,True,dendrite_extended,axon_partially_extended,89958263088500960,864691136275729677
3232,2025-03-10 23:07:38.319906+00:00,,True,181984,229040,23735,864691134990435194,True,True,dendrite_extended,axon_partially_extended,89813058700181820,864691134990435194
3233,2025-03-10 23:07:38.320728+00:00,,True,185536,255152,25207,864691135465643333,True,True,dendrite_extended,axon_partially_extended,90309144803973769,864691135465643333
2393,2024-12-03 19:51:17.611045+00:00,,True,174921,137614,21123,864691136144674612,True,True,dendrite_extended,axon_fully_extended,88815663879226337,864691136144674612
3234,2025-03-10 23:07:38.321414+00:00,,True,175088,229920,23166,864691136136838027,True,True,dendrite_extended,axon_partially_extended,88828033653460078,864691136136838027
3235,2025-03-10 23:07:38.322073+00:00,,True,199504,250640,23766,864691135646353391,True,True,dendrite_extended,axon_partially_extended,92208550939767729,864691135646353391
3237,2025-03-10 23:07:38.323406+00:00,,True,189712,262768,24618,864691135868951574,True,True,dendrite_extended,axon_partially_extended,90873125482331944,864691135868951574
3238,2025-03-10 23:07:38.324050+00:00,,True,203408,259824,25240,864691135209715577,True,True,dendrite_extended,axon_partially_extended,92772738044996956,864691135209715577
3239,2025-03-10 23:07:38.324694+00:00,,True,187104,235472,23005,864691135867532933,True,True,dendrite_extended,axon_partially_extended,90517639361297119,864691135867532933
3240,2025-03-10 23:07:38.325364+00:00,,True,178704,254688,25242,864691136675220103,True,True,dendrite_extended,axon_partially_extended,89323982385560675,864691136675220103
3241,2025-03-10 23:07:38.326041+00:00,,True,198784,247648,24411,864691136489262866,True,True,dendrite_extended,axon_partially_extended,92137769945962749,864691136489262866
3242,2025-03-10 23:07:38.326731+00:00,,True,184384,257936,23138,864691136523628945,True,True,dendrite_extended,axon_partially_extended,90168819364039303,864691136523628945
3243,2025-03-10 23:07:38.327415+00:00,,True,181040,250656,23960,864691135773724747,True,True,dendrite_extended,axon_partially_extended,89675276149551784,864691135773724747
3244,2025-03-10 23:07:38.329472+00:00,,True,193216,258320,23793,864691135867561349,True,True,dendrite_extended,axon_partially_extended,91365156801809583,864691135867561349
3245,2025-03-10 23:07:38.330178+00:00,,True,199936,260800,23811,864691136033794747,True,True,dendrite_extended,axon_partially_extended,92280225353998961,864691136033794747
3246,2025-03-10 23:07:38.330842+00:00,,True,178544,249344,24796,864691135083619831,True,True,dendrite_extended,axon_partially_extended,89323226404278118,864691135083619831
3247,2025-03-10 23:07:38.331516+00:00,,True,198704,264480,25526,864691135943149428,True,True,dendrite_extended,axon_partially_extended,92140037822904601,864691135943149428
3248,2025-03-10 23:07:38.332189+00:00,,True,174880,230288,23385,864691135787201220,True,True,dendrite_extended,axon_partially_extended,88828102373231043,864691135787201220
3249,2025-03-10 23:07:38.332824+00:00,,True,181952,258624,25395,864691135465585221,True,True,dendrite_extended,axon_partially_extended,89817044631306875,864691135465585221
3250,2025-03-10 23:07:38.333480+00:00,,True,200816,257456,22980,864691135989136899,True,True,dendrite_extended,axon_partially_extended,92420550391517395,864691135989136899
3251,2025-03-10 23:07:38.334126+00:00,,True,186800,231712,23884,864691135726340523,True,True,dendrite_extended,axon_partially_extended,90446789714786974,864691135726340523
3252,2025-03-10 23:07:38.334754+00:00,,True,192800,251072,24234,864691136145208372,True,True,dendrite_extended,axon_partially_extended,91293757332502120,864691136145208372
3271,2025-03-10 23:08:22.274273+00:00,,True,189472,226656,22043,864691135388545921,True,True,dendrite_extended,axon_partially_extended,90797946039230986,864691135388545921
3272,2025-03-10 23:08:22.292874+00:00,,True,173168,217792,20986,864691135742365803,True,True,dendrite_extended,axon_partially_extended,88615277818363591,864691135742365803
3273,2025-03-10 23:08:22.310792+00:00,,True,180976,226640,22579,864691135465583685,True,True,dendrite_extended,axon_partially_extended,89672046199544062,864691135465583685
3274,2025-03-10 23:08:22.328452+00:00,,True,172480,211312,21821,864691136425073455,True,True,dendrite_extended,axon_partially_extended,88473715830302301,864691136425073455
3275,2025-03-10 23:08:22.349049+00:00,,True,192144,222048,22435,864691135640865083,True,True,dendrite_extended,axon_partially_extended,91219540029456410,864691135640865083
3276,2025-03-10 23:08:22.368680+00:00,,True,174608,214032,21278,864691136579434260,True,True,dendrite_extended,axon_partially_extended,88755534337255158,864691136579434260
3277,2025-03-10 23:08:22.385524+00:00,,True,183008,226512,22630,864691135469215372,True,True,dendrite_extended,axon_partially_extended,89953521176298442,864691135469215372
3278,2025-03-10 23:08:22.402170+00:00,,True,173104,210208,22429,864691136274695358,True,True,dendrite_extended,axon_partially_extended,88614315946914418,864691136274695358
3279,2025-03-10 23:08:22.420404+00:00,,True,175248,220944,23561,864691135976425327,True,True,dendrite_extended,axon_partially_extended,88897234233461709,864691135976425327
3280,2025-03-10 23:08:22.438329+00:00,,True,181280,223040,21399,864691135477839784,True,True,dendrite_extended,axon_partially_extended,89671564962230422,864691135477839784
3281,2025-03-10 23:08:22.458874+00:00,,True,182960,217552,23049,864691135499283987,True,True,dendrite_extended,axon_partially_extended,89952284292717350,864691135499283987
3282,2025-03-10 23:08:22.478572+00:00,,True,184208,213968,22940,864691135209715833,True,True,dendrite_extended,axon_partially_extended,90092540678119476,864691135209715833
3283,2025-03-10 23:08:22.495432+00:00,,True,173456,213568,22560,864691135868957462,True,True,dendrite_extended,axon_partially_extended,88614728330451230,864691135868957462
3284,2025-03-10 23:08:22.512256+00:00,,True,187024,221344,22212,864691136380718037,True,True,dendrite_extended,axon_partially_extended,90515715148473488,864691136380718037
3285,2025-03-10 23:08:22.528177+00:00,,True,186208,235280,22602,864691136013161891,True,True,dendrite_extended,axon_partially_extended,90376901872451423,864691136013161891
3286,2025-03-10 23:08:22.543938+00:00,,True,176112,212784,21458,864691135477841320,True,True,dendrite_extended,axon_partially_extended,88966503130996352,864691135477841320
3287,2025-03-10 23:08:22.561053+00:00,,True,181312,217904,23251,864691135214643256,True,True,dendrite_extended,axon_partially_extended,89741246779911895,864691135214643256
1747,2024-08-21 19:08:13.078609+00:00,,True,180752,229040,23988,864691135014246390,True,True,dendrite_extended,axon_partially_extended,89601952467994305,864691135014246390
1748,2024-08-21 19:08:13.079465+00:00,,True,196848,253232,24878,864691135356320463,True,True,dendrite_extended,axon_partially_extended,91857050950576400,864691135356320463
3016,2025-01-09 02:29:42.490499+00:00,,True,169824,194160,22359,864691135877954899,True,True,dendrite_extended,axon_partially_extended,88119535714331821,864691135877954899
2306,2024-10-26 18:29:36.913491+00:00,,True,190368,169120,21150,864691135517665235,True,True,dendrite_clean,axon_partially_extended,90930918092675407,864691135517665235
2307,2024-10-26 18:29:36.929011+00:00,,True,178160,175136,21428,864691135583277677,True,True,dendrite_extended,axon_partially_extended,89242892866409455,864691135583277677
3017,2025-01-09 02:29:42.507057+00:00,,True,179680,184112,22243,864691136437883550,True,True,dendrite_extended,axon_partially_extended,89455236183519285,864691136437883550
2309,2024-10-26 18:29:36.962835+00:00,,True,175584,167904,22492,864691135562147041,True,True,dendrite_clean,axon_partially_extended,88890087207131537,864691135562147041
3020,2025-01-09 02:29:42.563003+00:00,,True,180912,170736,20810,864691135993429185,True,True,dendrite_extended,axon_partially_extended,89664555508456413,864691135993429185
3021,2025-01-09 02:29:42.584234+00:00,,True,187552,174880,20710,864691135591925003,True,True,dendrite_extended,axon_partially_extended,90579898938462137,864691135591925003
3022,2025-01-09 02:29:42.608117+00:00,,True,169376,168096,17779,864691135375107272,True,True,dendrite_extended,axon_partially_extended,88045661672913129,864691135375107272
2402,2024-12-03 23:22:03.468150+00:00,,True,188448,188784,20445,864691135066631492,True,True,dendrite_extended,axon_fully_extended,90652123041674381,864691135066631492
2406,2024-12-03 23:25:31.823407+00:00,,True,170896,200304,20247,864691136663371742,True,True,dendrite_extended,axon_partially_extended,88261097567929785,864691136663371742
3028,2025-01-09 02:29:42.697819+00:00,,True,192720,201840,21312,864691136136516747,True,True,dendrite_extended,axon_partially_extended,91287159860248726,864691136136516747
2410,2024-12-03 23:28:00.521993+00:00,,True,179344,202224,21208,864691135308295238,True,True,dendrite_extended,axon_fully_extended,89457641230989788,864691135308295238
2412,2024-12-03 23:29:14.933590+00:00,,True,184704,180304,17712,864691135293096118,True,True,dendrite_extended,axon_fully_extended,90158373265589956,864691135293096118
2414,2024-12-03 23:30:28.376419+00:00,,True,249248,234656,23789,864691135725779883,True,True,dendrite_extended,axon_fully_extended,99032120101747001,864691135725779883
2416,2024-12-03 23:31:40.579366+00:00,,True,185232,206064,18701,864691136021592568,True,True,dendrite_extended,axon_partially_extended,90232246837273307,864691136021592568
2418,2024-12-03 23:32:42.579155+00:00,,True,279520,204128,21872,864691136595955362,True,True,dendrite_extended,axon_partially_extended,103179821290816292,864691136595955362
2420,2024-12-03 23:33:43.328159+00:00,,True,231104,187856,19274,864691134989909114,True,True,dendrite_extended,axon_partially_extended,96562959979272019,864691134989909114
2422,2024-12-03 23:34:48.574616+00:00,,True,194448,177616,21174,864691136335184819,True,True,dendrite_extended,axon_partially_extended,91495036277230087,864691136335184819
3181,2025-02-17 20:13:30.470130+00:00,,True,184192,258896,23434,864691135308929350,True,True,dendrite_extended,axon_partially_extended,90098588059097277,864691135308929350
3183,2025-02-17 20:13:30.471569+00:00,,True,195344,247968,23819,864691135809375005,True,True,dendrite_extended,axon_partially_extended,91645188669527062,864691135809375005
3184,2025-02-17 20:13:30.472514+00:00,,True,178016,241936,23290,864691135183559170,True,True,dendrite_extended,axon_partially_extended,89251895386110647,864691135183559170
3185,2025-02-17 20:13:30.473231+00:00,,True,175344,225456,22738,864691135731966649,True,True,dendrite_extended,axon_partially_extended,88897783855359821,864691135731966649
2427,2024-12-07 00:25:35.495682+00:00,,True,239248,165328,21190,864691135890856073,True,True,dendrite_extended,axon_partially_extended,97685836497431636,864691135890856073
2428,2024-12-07 00:25:35.496401+00:00,,True,148192,155344,19146,864691136040834558,True,True,dendrite_extended,axon_partially_extended,85158894095318081,864691136040834558
2429,2024-12-07 00:25:35.497120+00:00,,True,139680,168048,19026,864691137199050049,True,True,dendrite_extended,axon_partially_extended,83964274711604340,864691137199050049
2430,2024-12-07 00:25:35.497852+00:00,,True,175280,151904,19981,864691135368813817,True,True,dendrite_extended,axon_partially_extended,88887956634402694,864691135368813817
2431,2024-12-07 00:25:35.498546+00:00,,True,231552,144144,24335,864691135570791558,True,True,dendrite_extended,axon_partially_extended,96627488239000754,864691135570791558
2432,2024-12-07 00:25:35.499269+00:00,,True,216240,142768,22800,864691136086088556,True,True,dendrite_extended,axon_partially_extended,94516219553866171,864691136086088556
2433,2024-12-07 00:25:35.499968+00:00,,True,246016,163872,18194,864691136905203378,True,True,dendrite_extended,axon_partially_extended,98600423610766224,864691136905203378
2434,2024-12-07 00:25:35.500679+00:00,,True,247248,166176,19687,864691136363473634,True,True,dendrite_extended,axon_partially_extended,98741504897760547,864691136363473634
2435,2024-12-07 00:25:35.501596+00:00,,True,249200,140080,22284,864691136107486169,True,True,dendrite_extended,axon_partially_extended,99019475516756707,864691136107486169
2325,2024-11-16 22:13:19.685700+00:00,,True,185264,168032,23618,864691135611140359,True,True,dendrite_extended,axon_partially_extended,90227093547385462,864691135611140359
2436,2024-12-07 00:25:35.502423+00:00,,True,193504,147168,20647,864691136092725684,True,True,dendrite_extended,axon_partially_extended,91350244272625446,864691136092725684
3186,2025-02-17 20:13:30.473920+00:00,,True,179072,250880,23983,864691135809384221,True,True,dendrite_extended,axon_partially_extended,89393801172850284,864691135809384221
3187,2025-02-17 20:13:30.474585+00:00,,True,199344,247712,23678,864691135492276839,True,True,dendrite_extended,axon_partially_extended,92208138622802677,864691135492276839
2438,2024-12-07 00:25:35.503879+00:00,,True,140064,170816,17868,864691135342848433,True,True,dendrite_extended,axon_partially_extended,84035055571773548,864691135342848433
2330,2024-11-16 22:13:19.689085+00:00,,True,239328,143712,22684,864691136953413599,True,True,dendrite_extended,axon_partially_extended,97682950480694735,864691136953413599
2331,2024-11-16 22:13:19.689761+00:00,,True,236112,151536,19328,864691135375484489,True,True,dendrite_extended,axon_partially_extended,97261768338268690,864691135375484489
2332,2024-11-16 22:13:19.690434+00:00,,True,251824,164048,18471,864691135455701354,True,True,dendrite_extended,axon_partially_extended,99374548583023815,864691135455701354
3188,2025-02-17 20:13:30.475265+00:00,,True,182896,229904,22890,864691135271590309,True,True,dendrite_extended,axon_partially_extended,89953933493474598,864691135271590309
2439,2024-12-07 00:25:35.504539+00:00,,True,247488,152576,18280,864691136311529306,True,True,dendrite_extended,axon_partially_extended,98810018014857399,864691136311529306
2440,2024-12-07 00:25:35.505191+00:00,,True,194416,170128,19008,864691135101595680,True,True,dendrite_extended,axon_partially_extended,91494005216485437,864691135101595680
3198,2025-02-17 20:14:27.323266+00:00,,True,175984,228336,21826,864691135688823008,True,True,dendrite_extended,axon_partially_extended,88968564782277121,864691135688823008
3199,2025-02-17 20:14:27.370150+00:00,,True,176464,232480,22174,864691135809456669,True,True,dendrite_extended,axon_partially_extended,89039483349206591,864691135809456669
2441,2024-12-07 00:25:35.505859+00:00,,True,252320,161792,23227,864691135134114976,True,True,dendrite_extended,axon_partially_extended,99444574333959265,864691135134114976
3200,2025-02-17 20:14:27.394238+00:00,,True,175120,224448,21961,864691136424990255,True,True,dendrite_extended,axon_partially_extended,88827277538273160,864691136424990255
3201,2025-02-17 20:14:27.415264+00:00,,True,181472,223328,22597,864691135809509917,True,True,dendrite_extended,axon_partially_extended,89741933907393199,864691135809509917
2442,2024-12-07 00:25:35.506503+00:00,,True,222240,160320,24342,864691136196338764,True,True,dendrite_extended,axon_partially_extended,95292612403381545,864691136196338764
3203,2025-02-17 20:14:27.454162+00:00,,True,188864,218656,21533,864691135578670597,True,True,dendrite_extended,axon_partially_extended,90726477716328700,864691135578670597
2444,2024-12-07 00:25:35.507875+00:00,,True,240544,145312,18631,864691136991606421,True,True,dendrite_extended,axon_partially_extended,97823893590662054,864691136991606421
3205,2025-02-17 20:14:27.502777+00:00,,True,195152,223072,22410,864691135562410721,True,True,dendrite_extended,axon_partially_extended,91641889933457039,864691135562410721
2448,2024-12-07 00:25:35.510673+00:00,,True,228528,167360,20114,864691134886569210,True,True,dendrite_extended,axon_partially_extended,96208367613319214,864691134886569210
2449,2024-12-07 00:25:35.511320+00:00,,True,223792,146304,21546,864691136125433894,True,True,dendrite_extended,axon_partially_extended,95572231618387595,864691136125433894
2383,2024-11-18 19:20:18.967217+00:00,,True,238576,114016,23026,864691134965778719,True,True,dendrite_extended,axon_fully_extended,97538227263082546,864691134965778719
2384,2024-11-18 19:21:14.540400+00:00,,True,241520,208272,22638,864691135777381805,True,True,dendrite_extended,axon_fully_extended,97973084111398187,864691135777381805
2451,2024-12-07 00:25:35.512600+00:00,,True,211984,148208,23805,864691135346805663,True,True,dendrite_extended,axon_partially_extended,93883656904691127,864691135346805663
2452,2024-12-07 00:25:35.513259+00:00,,True,168512,164240,24360,864691135066958404,True,True,dendrite_extended,axon_partially_extended,87974812764758234,864691135066958404
2453,2024-12-07 00:25:35.513911+00:00,,True,204144,156288,23929,864691135374981320,True,True,dendrite_extended,axon_partially_extended,92829156534331431,864691135374981320
3206,2025-02-17 20:14:27.526940+00:00,,True,181952,240256,22147,864691135492274791,True,True,dendrite_extended,axon_partially_extended,89814570327257208,864691135492274791
3408,2025-03-22 02:30:20.077119+00:00,,True,183440,213888,22339,864691135686055351,True,True,dendrite_extended,axon_partially_extended,90022171866704237,864691135686055351
3409,2025-03-22 02:30:20.096562+00:00,,True,172464,221888,23253,864691135480311494,True,True,dendrite_extended,axon_partially_extended,88475090421070247,864691135480311494
3410,2025-03-22 02:30:20.112619+00:00,,True,181456,214096,22429,864691136053205235,True,True,dendrite_extended,axon_partially_extended,89740696890114847,864691136053205235
3411,2025-03-22 02:30:20.127672+00:00,,True,192240,224992,21472,864691135701272610,True,True,dendrite_extended,axon_partially_extended,91219952212160819,864691135701272610
3412,2025-03-22 02:30:20.143998+00:00,,True,186240,220736,23377,864691135431089968,True,True,dendrite_extended,axon_partially_extended,90374909075043338,864691135431089968
3413,2025-03-22 02:30:20.163248+00:00,,True,183184,232096,21938,864691136041000190,True,True,dendrite_extended,axon_partially_extended,89954208237242645,864691136041000190
3414,2025-03-22 02:30:20.181210+00:00,,True,182208,218784,22551,864691135388660865,True,True,dendrite_extended,axon_partially_extended,89811684176217717,864691135388660865
3796,2025-06-28 00:54:27.456169+00:00,,True,165504,122624,20534,864691135325046940,True,True,dendrite_extended,axon_fully_extended,87547033551994027,864691135325046940
3405,2025-03-22 02:28:41.433611+00:00,,True,182288,249728,24885,864691135396312821,True,True,dendrite_extended,axon_partially_extended,89815876333055451,864691135396312821
3406,2025-03-22 02:30:20.015051+00:00,,True,186768,214288,22811,864691135388675969,True,True,dendrite_extended,axon_partially_extended,90444453118345856,864691135388675969
3407,2025-03-22 02:30:20.059409+00:00,,True,190320,221568,22817,864691135271696549,True,True,dendrite_extended,axon_partially_extended,90937996400257988,864691135271696549
1930,2024-09-13 22:15:24.166527+00:00,,True,192848,237136,23408,864691135014256630,True,True,dendrite_extended,axon_partially_extended,91291901772627608,864691135014256630
1932,2024-09-13 22:15:24.167949+00:00,,True,187968,240336,22837,864691136579193108,True,True,dendrite_extended,axon_partially_extended,90659064044201260,864691136579193108
2455,2024-12-07 00:25:35.515210+00:00,,True,196640,164432,23032,864691135336113129,True,True,dendrite_extended,axon_partially_extended,91774724749245957,864691135336113129
2456,2024-12-07 00:25:35.515881+00:00,,True,165376,168352,21044,864691135510593289,True,True,dendrite_extended,axon_partially_extended,87482780908352712,864691135510593289
1937,2024-09-13 22:15:24.171433+00:00,,True,197936,228688,22200,864691135398051105,True,True,dendrite_extended,axon_partially_extended,91994489568355075,864691135398051105
1938,2024-09-13 22:15:24.172093+00:00,,True,190896,225568,23837,864691135566109463,True,True,dendrite_extended,axon_partially_extended,91008915034465390,864691135566109463
1939,2024-09-13 22:15:24.172748+00:00,,True,180944,262928,24739,864691135586773628,True,True,dendrite_extended,axon_partially_extended,89676925550962270,864691135586773628
2457,2024-12-07 00:25:35.517561+00:00,,True,197824,156304,18126,864691135742102635,True,True,dendrite_extended,axon_partially_extended,91984730865820899,864691135742102635
1941,2024-09-13 22:15:24.174101+00:00,,True,189472,258960,23798,864691135479744454,True,True,dendrite_extended,axon_partially_extended,90802275567884134,864691135479744454
2458,2024-12-07 00:25:35.518257+00:00,,True,231376,155808,23661,864691136101516661,True,True,dendrite_extended,axon_partially_extended,96558631255977740,864691136101516661
1943,2024-09-13 22:15:24.175449+00:00,,True,176016,233024,23451,864691135725838763,True,True,dendrite_extended,axon_partially_extended,88969183459058405,864691135725838763
2459,2024-12-07 00:25:35.518919+00:00,,True,202720,156704,18175,864691135699022869,True,True,dendrite_extended,axon_partially_extended,92618118282955590,864691135699022869
1956,2024-09-13 22:15:24.185304+00:00,,True,194400,245536,23449,864691135591725067,True,True,dendrite_extended,axon_partially_extended,91504176236297969,864691135591725067
1957,2024-09-13 22:15:24.185944+00:00,,True,195504,241504,22876,864691135539591282,True,True,dendrite_extended,axon_partially_extended,91644363901687543,864691135539591282
1959,2024-09-13 22:15:24.187244+00:00,,True,191392,243424,23847,864691135782278224,True,True,dendrite_extended,axon_partially_extended,91081688960337944,864691135782278224
1960,2024-09-13 22:15:24.187904+00:00,,True,183072,258800,24782,864691135572712485,True,True,dendrite_extended,axon_partially_extended,89957850771893171,864691135572712485
1963,2024-09-13 22:15:24.189855+00:00,,True,177136,232064,23637,864691135778335328,True,True,dendrite_extended,axon_partially_extended,89109783575117637,864691135778335328
1965,2024-09-13 22:15:24.192115+00:00,,True,192368,238448,24087,864691135279848865,True,True,dendrite_extended,axon_partially_extended,91221739320706340,864691135279848865
2462,2024-12-07 00:25:35.520873+00:00,,True,210032,155776,21854,864691136523335057,True,True,dendrite_extended,axon_partially_extended,93673512476512172,864691136523335057
1967,2024-09-13 22:15:24.193606+00:00,,True,186928,258816,23896,864691135885361520,True,True,dendrite_extended,axon_partially_extended,90520800591237416,864691135885361520
2315,2024-11-16 22:13:19.678812+00:00,,True,223232,154688,21762,864691136107283417,True,True,dendrite_extended,axon_partially_extended,95432593641887264,864691136107283417
1969,2024-09-13 22:15:24.194901+00:00,,True,201280,257792,23620,864691136390099728,True,True,dendrite_extended,axon_partially_extended,92490987988956073,864691136390099728
2316,2024-11-16 22:13:19.679514+00:00,,True,211120,145808,18916,864691135479833030,True,True,dendrite_extended,axon_partially_extended,93812943892323351,864691135479833030
1975,2024-09-13 22:27:07.927814+00:00,,True,170176,209648,22167,864691135361548615,True,True,dendrite_extended,axon_partially_extended,88192034762071809,864691135361548615
2317,2024-11-16 22:13:19.680199+00:00,,True,231408,158896,18127,864691135503443549,True,True,dendrite_extended,axon_partially_extended,96559042834747623,864691135503443549
2463,2024-12-07 00:25:35.521505+00:00,,True,145648,154448,22009,864691135067066948,True,True,dendrite_extended,axon_partially_extended,84806913271362048,864691135067066948
1982,2024-09-13 22:27:08.071146+00:00,,True,170992,214304,22130,864691136484364844,True,True,dendrite_extended,axon_partially_extended,88263021981500383,864691136484364844
1985,2024-09-13 22:27:08.136629+00:00,,True,192208,167104,20176,864691135271282085,True,True,dendrite_extended,axon_partially_extended,91212118057308865,864691135271282085
2464,2024-12-07 00:25:35.522160+00:00,,True,215568,156256,23669,864691135942924148,True,True,dendrite_extended,axon_partially_extended,94377268905954710,864691135942924148
1987,2024-09-13 22:27:08.179934+00:00,,True,188064,243728,22589,864691135868334870,True,True,dendrite_extended,axon_partially_extended,90659476360779623,864691135868334870
1988,2024-09-13 22:27:08.202741+00:00,,True,191424,209888,22845,864691136523033233,True,True,dendrite_extended,axon_partially_extended,91077153340676495,864691136523033233
2004,2024-09-13 22:27:32.528530+00:00,,True,183408,143504,21973,864691135586711932,True,True,dendrite_clean,axon_partially_extended,90012688511994079,864691135586711932
2006,2024-09-13 22:27:32.568381+00:00,,True,188592,143008,20596,864691135464162366,True,True,dendrite_clean,axon_partially_extended,90716307099658101,864691135464162366
2008,2024-09-13 22:27:32.612923+00:00,,True,169536,154544,21652,864691135455507818,True,True,dendrite_clean,axon_partially_extended,88114244247322306,864691135455507818
2011,2024-09-13 22:27:32.674555+00:00,,True,178816,147440,21340,864691136117885604,True,True,dendrite_clean,axon_partially_extended,89379919502953833,864691136117885604
2012,2024-09-13 22:27:32.692898+00:00,,True,181792,140560,20289,864691135760050254,True,True,dendrite_clean,axon_partially_extended,89730869736404554,864691135760050254
2014,2024-09-13 22:27:32.731309+00:00,,True,189168,168272,20778,864691136363275746,True,True,dendrite_clean,axon_partially_extended,90790111817860463,864691136363275746
2016,2024-09-13 22:27:32.767521+00:00,,True,180016,157312,21177,864691137198900801,True,True,dendrite_clean,axon_partially_extended,89521962661190141,864691137198900801
2311,2024-11-16 22:13:19.675852+00:00,,True,208064,147280,20552,864691135384285931,True,True,dendrite_extended,axon_partially_extended,93390937853655061,864691135384285931
2312,2024-11-16 22:13:19.676581+00:00,,True,149456,179584,22979,864691136107318489,True,True,dendrite_extended,axon_partially_extended,85302861869121580,864691136107318489
2313,2024-11-16 22:13:19.677307+00:00,,True,214608,146208,18844,864691135619317391,True,True,dendrite_extended,axon_partially_extended,94305593820952924,864691135619317391
3794,2025-06-28 00:54:27.454648+00:00,,True,195648,126144,21606,864691136675519879,True,True,dendrite_extended,axon_fully_extended,91699201909615821,864691136675519879
3376,2025-03-22 02:28:41.413587+00:00,,True,174560,227648,23825,864691135917047910,True,True,dendrite_extended,axon_partially_extended,88757390098646276,864691135917047910
3377,2025-03-22 02:28:41.414360+00:00,,True,187904,242816,24146,864691135577208606,True,True,dendrite_extended,axon_partially_extended,90588970378986767,864691135577208606
3378,2025-03-22 02:28:41.415115+00:00,,True,194928,265664,23642,864691135350606039,True,True,dendrite_extended,axon_partially_extended,91577225106817117,864691135350606039
3379,2025-03-22 02:28:41.415931+00:00,,True,201168,264272,24968,864691135309275718,True,True,dendrite_extended,axon_partially_extended,92421444013024372,864691135309275718
3380,2025-03-22 02:28:41.416665+00:00,,True,190800,266720,25040,864691135885694832,True,True,dendrite_extended,axon_partially_extended,91014412726876412,864691135885694832
3381,2025-03-22 02:28:41.417385+00:00,,True,182560,265680,23866,864691135336422633,True,True,dendrite_extended,axon_partially_extended,89888375246781992,864691135336422633
3382,2025-03-22 02:28:41.418119+00:00,,True,180784,246464,23372,864691135343097029,True,True,dendrite_extended,axon_partially_extended,89674657607141917,864691135343097029
3383,2025-03-22 02:28:41.418827+00:00,,True,176976,245088,22760,864691135101824288,True,True,dendrite_extended,axon_partially_extended,89111570147509576,864691135101824288
3384,2025-03-22 02:28:41.419508+00:00,,True,185936,255504,23119,864691135592276491,True,True,dendrite_extended,axon_partially_extended,90379581999149815,864691135592276491
3385,2025-03-22 02:28:41.420239+00:00,,True,193840,253072,23233,864691135939209988,True,True,dendrite_extended,axon_partially_extended,91434769564579513,864691135939209988
3386,2025-03-22 02:28:41.421019+00:00,,True,180208,259328,24432,864691135849610334,True,True,dendrite_extended,axon_partially_extended,89535706959352429,864691135849610334
3387,2025-03-22 02:28:41.421692+00:00,,True,185264,235584,23985,864691135917058150,True,True,dendrite_extended,axon_partially_extended,90236164518783655,864691135917058150
3388,2025-03-22 02:28:41.422340+00:00,,True,200832,253424,23995,864691136107964377,True,True,dendrite_extended,axon_partially_extended,92420000769915384,864691136107964377
3389,2025-03-22 02:28:41.423002+00:00,,True,196192,226576,22796,864691135562519009,True,True,dendrite_extended,axon_partially_extended,91783108525129788,864691135562519009
3390,2025-03-22 02:28:41.423675+00:00,,True,182688,262752,23634,864691135619527311,True,True,dendrite_extended,axon_partially_extended,89887962929692305,864691135619527311
3375,2025-03-22 02:28:41.412674+00:00,,True,176448,242656,24120,864691136138335101,True,True,dendrite_extended,axon_partially_extended,89040858007048625,864691136138335101
2425,2024-12-07 00:25:35.494146+00:00,,True,146336,152400,20074,864691135346685855,True,True,dendrite_extended,axon_partially_extended,84877006935878564,864691135346685855
1992,2024-09-13 22:27:08.282846+00:00,,True,190752,221440,21712,864691135430131760,True,True,dendrite_extended,axon_partially_extended,91008365010130072,864691135430131760
2091,2024-10-26 18:11:22.050723+00:00,,True,232960,150560,23172,864691135576899358,True,True,dendrite_extended,axon_partially_extended,96769050226650105,864691135576899358
1999,2024-09-13 22:27:32.425271+00:00,,True,177360,150528,20753,864691136725032701,True,True,dendrite_clean,axon_partially_extended,89169225520073388,864691136725032701
2000,2024-09-13 22:27:32.445766+00:00,,True,184048,134544,21291,864691135479718854,True,True,dendrite_clean,axon_partially_extended,90081888957765952,864691135479718854
2001,2024-09-13 22:27:32.466607+00:00,,True,172704,147120,22205,864691135989943040,True,True,dendrite_clean,axon_partially_extended,88535425987372472,864691135989943040
3066,2025-01-12 03:00:01.012280+00:00,,True,186720,153056,22293,864691135939049988,True,True,dendrite_clean,axon_partially_extended,90436206713993499,864691135939049988
2882,2024-12-15 02:30:56.610698+00:00,,True,176512,241424,22230,864691135868435734,True,True,dendrite_extended,axon_partially_extended,89040720299837839,864691135868435734
2883,2024-12-15 02:30:56.625488+00:00,,True,185136,238336,22536,864691135214352952,True,True,dendrite_extended,axon_partially_extended,90236576700876324,864691135214352952
2884,2024-12-15 02:30:56.639444+00:00,,True,192720,163984,18669,864691135808925981,True,True,dendrite_extended,axon_partially_extended,91282074283332978,864691135808925981
2885,2024-12-15 02:30:56.652302+00:00,,True,198128,155392,19801,864691135280182689,True,True,dendrite_extended,axon_partially_extended,91984662347789343,864691135280182689
2886,2024-12-15 02:30:56.665249+00:00,,True,240816,153792,18529,864691134886499066,True,True,dendrite_extended,axon_partially_extended,97895361846329968,864691134886499066
2887,2024-12-15 02:30:56.678453+00:00,,True,179968,151328,18953,864691136085904236,True,True,dendrite_extended,axon_partially_extended,89521206478277579,864691136085904236
2888,2024-12-15 02:30:56.693297+00:00,,True,212256,175200,19860,864691136110366904,True,True,dendrite_extended,axon_partially_extended,93957598524936557,864691136110366904
2889,2024-12-15 02:30:56.706416+00:00,,True,186832,149360,19211,864691136010020524,True,True,dendrite_extended,axon_partially_extended,90435725274986319,864691136010020524
2891,2024-12-15 02:30:56.731728+00:00,,True,175872,148112,21814,864691135988649219,True,True,dendrite_clean,axon_partially_extended,88957775824433915,864691135988649219
2892,2024-12-15 02:30:56.744888+00:00,,True,169008,172544,22335,864691135741197716,True,True,dendrite_clean,axon_partially_extended,88046280752109998,864691135741197716
2893,2024-12-15 02:30:56.758054+00:00,,True,176848,118336,21168,864691135566237527,True,True,dendrite_extended,axon_fully_extended,89094527515872019,864691135566237527
2894,2024-12-15 02:30:56.770687+00:00,,True,185216,155696,23508,864691136010639022,True,True,dendrite_extended,axon_partially_extended,90225444213325781,864691136010639022
2895,2024-12-15 02:30:56.782911+00:00,,True,200768,240416,22848,864691136619939213,True,True,dendrite_extended,axon_partially_extended,92418282648659751,864691136619939213
2896,2024-12-15 02:30:56.795160+00:00,,True,180368,152672,21321,864691135782265936,True,True,dendrite_extended,axon_partially_extended,89591712930219679,864691135782265936
2897,2024-12-15 02:30:56.807489+00:00,,True,185424,249824,23046,864691135948238177,True,True,dendrite_extended,axon_partially_extended,90308457340640368,864691135948238177
2898,2024-12-15 02:30:56.819279+00:00,,True,178384,118928,21884,864691135801566306,True,True,dendrite_clean,axon_partially_extended,89305702535201237,864691135801566306
3039,2025-01-10 23:58:33.862925+00:00,,True,174096,177488,20178,864691135809158685,True,True,dendrite_extended,axon_partially_extended,88680286375941824,864691135809158685
3404,2025-03-22 02:28:41.432984+00:00,,True,179424,249120,22926,864691135431109168,True,True,dendrite_extended,axon_partially_extended,89463963624412378,864691135431109168
3785,2025-06-28 00:42:41.155299+00:00,,True,264047,247363,27160,864691135778081453,False,True,none,axon_fully_extended,101074532139325435,864691135778081453
3391,2025-03-22 02:28:41.424318+00:00,,True,184160,235312,23262,864691135849634142,True,True,dendrite_extended,axon_partially_extended,90095426963037465,864691135849634142
3392,2025-03-22 02:28:41.424981+00:00,,True,186208,258416,24192,864691135361780551,True,True,dendrite_extended,axon_partially_extended,90379994450277968,864691135361780551
3393,2025-03-22 02:28:41.425612+00:00,,True,178800,250336,22642,864691135592283403,True,True,dendrite_extended,axon_partially_extended,89393732318826551,864691135592283403
2927,2025-01-06 21:23:53.620706+00:00,,True,182512,182928,22365,864691134949248508,True,True,dendrite_extended,axon_partially_extended,89877242490305606,864691134949248508
2928,2025-01-06 21:23:53.621403+00:00,,True,179856,177904,20273,864691135640672571,True,True,dendrite_extended,axon_partially_extended,89524780025645397,864691135640672571
2929,2025-01-06 21:23:53.622084+00:00,,True,193008,179328,22026,864691135911679145,True,True,dendrite_extended,axon_partially_extended,91284136337126732,864691135911679145
2930,2025-01-06 21:23:53.622755+00:00,,True,180624,175696,21782,864691136489147922,True,True,dendrite_extended,axon_partially_extended,89594805373727621,864691136489147922
3394,2025-03-22 02:28:41.426297+00:00,,True,182912,232112,22720,864691136274712254,True,True,dendrite_extended,axon_partially_extended,89954208371187610,864691136274712254
2932,2025-01-06 21:23:53.624153+00:00,,True,170272,172880,20157,864691136210885820,True,True,dendrite_extended,axon_partially_extended,88187086691396240,864691136210885820
2933,2025-01-06 21:23:53.624843+00:00,,True,182336,172400,22066,864691136010068652,True,True,dendrite_extended,axon_partially_extended,89875868100394742,864691136010068652
3395,2025-03-22 02:28:41.427002+00:00,,True,184208,238000,22757,864691135842794979,True,True,dendrite_extended,axon_partially_extended,90095770493296481,864691135842794979
3396,2025-03-22 02:28:41.427657+00:00,,True,173952,213200,22869,864691135662408944,True,True,dendrite_extended,axon_partially_extended,88685097075006321,864691135662408944
3397,2025-03-22 02:28:41.428441+00:00,,True,188672,262592,23984,864691135431088176,True,True,dendrite_extended,axon_partially_extended,90732387860153205,864691135431088176
3398,2025-03-22 02:28:41.429117+00:00,,True,186656,210512,22837,864691135577221406,True,True,dendrite_extended,axon_partially_extended,90443903362541865,864691135577221406
3399,2025-03-22 02:28:41.429761+00:00,,True,193296,242464,22538,864691135476769344,True,True,dendrite_extended,axon_partially_extended,91363026363531527,864691135476769344
3401,2025-03-22 02:28:41.431052+00:00,,True,191088,259824,23203,864691135503439170,True,True,dendrite_extended,axon_partially_extended,91083887916327130,864691135503439170
3402,2025-03-22 02:28:41.431699+00:00,,True,196688,248368,24116,864691135476793920,True,True,dendrite_extended,axon_partially_extended,91856363688383735,864691135476793920
3067,2025-01-24 21:05:07.096689+00:00,,True,175056,175536,22074,864691135384176602,True,True,dendrite_extended,axon_partially_extended,88820749254611228,864691135384176602
3069,2025-01-24 21:05:07.098312+00:00,,True,186768,178816,20405,864691135430859056,True,True,dendrite_extended,axon_partially_extended,90439642419588621,864691135430859056
3050,2025-01-12 03:00:00.622816+00:00,,True,173744,151152,22254,864691135591944203,True,True,dendrite_extended,axon_partially_extended,88676713231585599,864691135591944203
3051,2025-01-12 03:00:00.720982+00:00,,True,191904,188112,22101,864691135214505784,True,True,dendrite_extended,axon_partially_extended,91144635799441694,864691135214505784
3052,2025-01-12 03:00:00.740962+00:00,,True,179504,186592,20783,864691135763975990,True,True,dendrite_extended,axon_partially_extended,89455579579677228,864691135763975990
3054,2025-01-12 03:00:00.780039+00:00,,True,176864,168336,22285,864691135578571013,True,True,dendrite_extended,axon_partially_extended,89101262158920024,864691135578571013
3403,2025-03-22 02:28:41.432333+00:00,,True,178272,238912,22989,864691135583913069,True,True,dendrite_extended,axon_partially_extended,89321851746546489,864691135583913069
3056,2025-01-12 03:00:00.822830+00:00,,True,177200,114624,22615,864691135274195217,True,True,dendrite_clean,axon_partially_extended,89164415424929687,864691135274195217
3057,2025-01-12 03:00:00.842518+00:00,,True,187040,215984,21112,864691136012955555,True,True,dendrite_extended,axon_partially_extended,90515027819429359,864691136012955555
3059,2025-01-12 03:00:00.881118+00:00,,True,190864,127936,20727,864691136136621707,True,True,dendrite_clean,axon_partially_extended,90995789211688319,864691136136621707
3060,2025-01-12 03:00:00.898742+00:00,,True,171360,117872,20664,864691135350334935,True,True,dendrite_clean,axon_partially_extended,88320402543343348,864691135350334935
3061,2025-01-12 03:00:00.915754+00:00,,True,175312,148544,21082,864691134990291066,True,True,dendrite_clean,axon_partially_extended,88887475732370468,864691134990291066
3062,2025-01-12 03:00:00.936352+00:00,,True,176480,176416,22599,864691135867413893,True,True,dendrite_clean,axon_partially_extended,89031992993240476,864691135867413893
3063,2025-01-12 03:00:00.954516+00:00,,True,171200,164992,22279,864691135276601317,True,True,dendrite_clean,axon_partially_extended,88326724936602021,864691135276601317
3064,2025-01-12 03:00:00.972946+00:00,,True,185600,166752,20750,864691135742247787,True,True,dendrite_clean,axon_partially_extended,90297324450184090,864691135742247787
3070,2025-01-24 21:05:07.099067+00:00,,True,171008,176320,22163,864691135697785242,True,True,dendrite_extended,axon_partially_extended,88257868020786170,864691135697785242
3074,2025-01-24 21:05:07.101935+00:00,,True,194992,247088,24417,864691135455875690,True,True,dendrite_extended,axon_partially_extended,91574751273059418,864691135455875690
3076,2025-01-24 21:05:07.103310+00:00,,True,195120,237920,24406,864691136042688854,True,True,dendrite_extended,axon_partially_extended,91643883066646675,864691136042688854
3077,2025-01-24 21:05:07.104001+00:00,,True,186256,255312,23591,864691135727278655,True,True,dendrite_extended,axon_partially_extended,90379582066215257,864691135727278655
3078,2025-01-24 21:05:07.104798+00:00,,True,183808,250528,23624,864691134966166303,True,True,dendrite_extended,axon_partially_extended,90027051150590433,864691134966166303
2475,2024-12-10 23:13:03.338392+00:00,,True,161168,118496,22997,864691135591041291,True,True,dendrite_extended,axon_fully_extended,86913165367478600,864691135591041291
2236,2024-10-26 18:29:35.623434+00:00,,True,175696,151728,21157,864691135865774206,True,True,dendrite_clean,axon_partially_extended,88958256793501475,864691135865774206
2237,2024-10-26 18:29:35.641895+00:00,,True,177408,157968,21002,864691135784109363,True,True,dendrite_clean,axon_partially_extended,89170256379033022,864691135778141101
2238,2024-10-26 18:29:35.663044+00:00,,True,175088,167776,22240,864691135655615426,True,True,dendrite_clean,axon_partially_extended,88819718462667549,864691135655615426
2239,2024-10-26 18:29:35.683227+00:00,,True,170384,167664,20297,864691135430268976,True,True,dendrite_extended,axon_partially_extended,88186399496762629,864691135430268976
2240,2024-10-26 18:29:35.702351+00:00,,True,179264,159232,21546,864691136967258574,True,True,dendrite_clean,axon_partially_extended,89451868861833821,864691136967258574
2241,2024-10-26 18:29:35.723650+00:00,,True,192736,145520,22073,864691135583209069,True,True,dendrite_extended,axon_partially_extended,91279600851706310,864691135583209069
2244,2024-10-26 18:29:35.785427+00:00,,True,174272,159248,20540,864691135342523333,True,True,dendrite_clean,axon_partially_extended,88748181285875568,864691135342523333
2245,2024-10-26 18:29:35.804679+00:00,,True,190128,167680,20565,864691135324361372,True,True,dendrite_clean,axon_partially_extended,90930780586520462,864691135324361372
2246,2024-10-26 18:29:35.824201+00:00,,True,183280,163568,21184,864691136618739163,True,True,dendrite_clean,axon_partially_extended,89945068479458956,864691136618739163
2247,2024-10-26 18:29:35.844563+00:00,,True,176544,155584,22495,864691135611019015,True,True,dendrite_clean,axon_partially_extended,89029175428032517,864691135611019015
2248,2024-10-26 18:29:35.863493+00:00,,True,187888,173632,21521,864691135465034821,True,True,dendrite_extended,axon_partially_extended,90579692914004455,864691135465034821
2249,2024-10-26 18:29:35.882611+00:00,,True,191344,165760,21883,864691136420210327,True,True,dendrite_clean,axon_partially_extended,91071243331528296,864691136420210327
2250,2024-10-26 18:29:35.904263+00:00,,True,184176,165760,22284,864691134919019274,True,True,dendrite_clean,axon_partially_extended,90086080980035490,864691134919019274
2251,2024-10-26 18:29:35.923531+00:00,,True,191040,170864,22375,864691135164057645,True,True,dendrite_extended,axon_partially_extended,91071930593367306,864691135164057645
2253,2024-10-26 18:29:35.964805+00:00,,True,187840,169648,22257,864691136603342033,True,True,dendrite_clean,axon_partially_extended,90579143225554858,864691136603342033
2255,2024-10-26 18:29:36.004035+00:00,,True,178240,148752,20455,864691135342541509,True,True,dendrite_clean,axon_partially_extended,89309756783156730,864691135342541509
2256,2024-10-26 18:29:36.024867+00:00,,True,176864,156672,21511,864691136012739747,True,True,dendrite_clean,axon_partially_extended,89099681543539838,864691136012739747
2257,2024-10-26 18:29:36.043408+00:00,,True,184288,155056,21455,864691135741963627,True,True,dendrite_clean,axon_partially_extended,90084637737006373,864691135741963627
2259,2024-10-26 18:29:36.078622+00:00,,True,185136,154112,20978,864691135808864797,True,True,dendrite_clean,axon_partially_extended,90225237719357429,864691135808864797
2260,2024-10-26 18:29:36.097201+00:00,,True,168528,163728,21721,864691136085781356,True,True,dendrite_clean,axon_partially_extended,87974743709628404,864691136085781356
2261,2024-10-26 18:29:36.114049+00:00,,True,176352,163120,21342,864691135591803147,True,True,dendrite_clean,axon_partially_extended,89030206085817235,864691135591803147
2262,2024-10-26 18:29:36.131950+00:00,,True,168976,160672,22442,864691135060094107,True,True,dendrite_clean,axon_partially_extended,87974331460081481,864691135060094107
2263,2024-10-26 18:29:36.148569+00:00,,True,176432,160720,20930,864691135939200053,True,True,dendrite_clean,axon_partially_extended,89029862421466994,864691135939200053
2265,2024-10-26 18:29:36.180823+00:00,,True,183312,175024,22160,864691135368696313,True,True,dendrite_clean,axon_partially_extended,89946580442098333,864691135368696313
2267,2024-10-26 18:29:36.217199+00:00,,True,172752,180384,21397,864691136618675163,True,True,dendrite_clean,axon_partially_extended,88539892619408179,864691136618675163
2269,2024-10-26 18:29:36.253797+00:00,,True,170176,178080,22342,864691135280028065,True,True,dendrite_extended,axon_partially_extended,88187774154761429,864691135280028065
2270,2024-10-26 18:29:36.270073+00:00,,True,182048,178240,20186,864691135569495532,True,True,dendrite_extended,axon_partially_extended,89806255002282134,864691135569495532
2271,2024-10-26 18:29:36.286288+00:00,,True,168704,175536,22620,864691135539658098,True,True,dendrite_clean,axon_partially_extended,87976324391655918,864691135539658098
2272,2024-10-26 18:29:36.305069+00:00,,True,173344,171472,21109,864691135750273833,True,True,dendrite_extended,axon_partially_extended,88609093132153288,864691135750273833
2273,2024-10-26 18:29:36.323859+00:00,,True,183568,174864,21668,864691136311429978,True,True,dendrite_clean,axon_partially_extended,90016949119193646,864691136311429978
2274,2024-10-26 18:29:36.341871+00:00,,True,188736,178928,22629,864691136101414517,True,True,dendrite_clean,axon_partially_extended,90721186450905297,864691136101414517
2275,2024-10-26 18:29:36.360513+00:00,,True,172976,174864,20955,864691136488888338,True,True,dendrite_clean,axon_partially_extended,88539205357561713,864691136488888338
2276,2024-10-26 18:29:36.377654+00:00,,True,185024,176368,22629,864691135455670122,True,True,dendrite_clean,axon_partially_extended,90228261644288487,864691135455670122
2277,2024-10-26 18:29:36.394545+00:00,,True,186928,177312,21444,864691136274502334,True,True,dendrite_clean,axon_partially_extended,90509805139531214,864691136274502334
2279,2024-10-26 18:29:36.430680+00:00,,True,180352,175104,22056,864691135163995949,True,True,dendrite_clean,axon_partially_extended,89594736721057423,864691135163995949
2280,2024-10-26 18:29:36.450181+00:00,,True,182192,169584,21253,864691135308673094,True,True,dendrite_clean,axon_partially_extended,89805086905413559,864691135308673094
2281,2024-10-26 18:29:36.466932+00:00,,True,184768,167088,21715,864691136813414003,True,True,dendrite_clean,axon_partially_extended,90156587095957101,864691136813414003
2283,2024-10-26 18:29:36.503174+00:00,,True,181760,175376,22339,864691135849312350,True,True,dendrite_clean,axon_partially_extended,89735542929239906,864691135849312350
2284,2024-10-26 18:29:36.519641+00:00,,True,191088,168400,21349,864691137055326070,True,True,dendrite_clean,axon_partially_extended,91071586861778917,864691137055326070
2286,2024-10-26 18:29:36.554947+00:00,,True,172432,171008,20481,864691135293436854,True,True,dendrite_clean,axon_partially_extended,88468286790511394,864691135293436854
2287,2024-10-26 18:29:36.571122+00:00,,True,170688,177504,20864,864691136009939884,True,True,dendrite_extended,axon_partially_extended,88258073978133585,864691136009939884
2289,2024-10-26 18:29:36.606139+00:00,,True,183376,169456,20428,864691136119957272,True,True,dendrite_extended,axon_partially_extended,90016193003955468,864691136119957272
2290,2024-10-26 18:29:36.623608+00:00,,True,192400,170160,20939,864691135725922731,True,True,dendrite_clean,axon_partially_extended,91212530441577788,864691135725922731
2291,2024-10-26 18:29:36.639846+00:00,,True,192224,177248,22213,864691135566175255,True,True,dendrite_clean,axon_partially_extended,91213492715268585,864691135566175255
2293,2024-10-26 18:29:36.674112+00:00,,True,177008,172176,20510,864691135430286384,True,True,dendrite_clean,axon_partially_extended,89101742993660379,864691135430286384
2294,2024-10-26 18:29:36.689464+00:00,,True,176256,173872,21655,864691136674510215,True,True,dendrite_clean,axon_partially_extended,89031649261724996,864691136674510215
2295,2024-10-26 18:29:36.706521+00:00,,True,188880,174048,22405,864691135473540914,True,True,dendrite_extended,axon_partially_extended,90720499189366923,864691135473540914
2296,2024-10-26 18:29:36.725342+00:00,,True,178080,175616,21949,864691135583223405,True,True,dendrite_clean,axon_partially_extended,89242961653021187,864691135583223405
2297,2024-10-26 18:29:36.744673+00:00,,True,175440,171232,21557,864691137021245294,True,True,dendrite_clean,axon_partially_extended,88890568175880563,864691137021245294
2298,2024-10-26 18:29:36.761119+00:00,,True,192000,169456,20327,864691136195607510,True,True,dendrite_clean,axon_partially_extended,91142092910740823,864691136195607510
2299,2024-10-26 18:29:36.778630+00:00,,True,192640,169008,21493,864691135927935444,True,True,dendrite_clean,axon_partially_extended,91282761813925099,864691135927935444
2300,2024-10-26 18:29:36.798240+00:00,,True,168160,175632,21152,864691135927970516,True,True,dendrite_clean,axon_partially_extended,87905955446235423,864691135927970516
2301,2024-10-26 18:29:36.818029+00:00,,True,188928,172784,22054,864691135955262472,True,True,dendrite_clean,axon_partially_extended,90720361750008396,864691135955262472
2302,2024-10-26 18:29:36.838138+00:00,,True,185040,179280,21184,864691134919019786,True,True,dendrite_extended,axon_partially_extended,90228605040471882,864691134919019786
2303,2024-10-26 18:29:36.857227+00:00,,True,189088,170528,21593,864691136110303416,True,True,dendrite_clean,axon_partially_extended,90790386829757827,864691136110303416
2934,2025-01-06 21:23:53.625777+00:00,,True,176352,182000,21896,864691134949263100,True,True,dendrite_extended,axon_partially_extended,89032748773625470,864691134949263100
2936,2025-01-06 21:23:53.627112+00:00,,True,185440,177104,20148,864691135360482392,True,True,dendrite_extended,axon_partially_extended,90298698772513259,864691135360482392
2938,2025-01-06 21:23:53.628429+00:00,,True,171504,172496,22396,864691135585713528,True,True,dendrite_extended,axon_partially_extended,88327755728894062,864691135585713528
2940,2025-01-06 21:23:53.629745+00:00,,True,172944,173568,21370,864691134941824611,True,True,dendrite_extended,axon_partially_extended,88538999266159984,864691134941824611
2941,2025-01-06 21:23:53.630403+00:00,,True,170112,180352,21292,864691135324623260,True,True,dendrite_extended,axon_partially_extended,88188048898430922,864691135324623260
2942,2025-01-06 21:23:53.631066+00:00,,True,180048,174288,20684,864691135339600102,True,True,dendrite_extended,axon_partially_extended,89524299056298442,864691135339600102
2821,2024-12-15 02:30:55.799721+00:00,,True,183952,110448,20934,864691135473692722,True,True,dendrite_extended,axon_fully_extended,90078659075490625,864691135473692722
2822,2024-12-15 02:30:55.813138+00:00,,True,175104,198208,21230,864691135970210661,True,True,dendrite_extended,axon_fully_extended,88823772777600733,864691135970210661
2823,2024-12-15 02:30:55.829897+00:00,,True,192160,140336,20693,864691135274038801,True,True,dendrite_extended,axon_fully_extended,91208544711639437,864691135274038801
2825,2024-12-15 02:30:55.856397+00:00,,True,183680,193040,22367,864691136967478222,True,True,dendrite_extended,axon_fully_extended,90019354368195581,864691136967478222
2826,2024-12-15 02:30:55.869135+00:00,,True,185232,139184,21509,864691136674783111,True,True,dendrite_extended,axon_fully_extended,90223244988158039,864691136674783111
2827,2024-12-15 02:30:55.881711+00:00,,True,192896,192032,21367,864691135430346544,True,True,dendrite_extended,axon_fully_extended,91285854190229262,864691135430346544
2828,2024-12-15 02:30:55.893486+00:00,,True,178656,183024,20589,864691136238090767,True,True,dendrite_clean,axon_fully_extended,89314361054755294,864691136238090767
2829,2024-12-15 02:30:55.906243+00:00,,True,188896,199568,21067,864691135885406064,True,True,dendrite_extended,axon_fully_extended,90723935028625125,864691135885406064
2830,2024-12-15 02:30:55.918199+00:00,,True,188048,123136,20983,864691135375633481,True,True,dendrite_extended,axon_partially_extended,90643327015847356,864691135375633481
2831,2024-12-15 02:30:55.934014+00:00,,True,185664,200192,20160,864691135720061233,True,True,dendrite_extended,axon_fully_extended,90301791148973899,864691135720061233
2944,2025-01-06 21:23:53.632420+00:00,,True,176432,174048,20260,864691135970653797,True,True,dendrite_extended,axon_partially_extended,89031649060599257,864691135970653797
2946,2025-01-06 21:23:53.633920+00:00,,True,166448,151008,19440,864691134966114591,True,True,dendrite_extended,axon_partially_extended,87691550410767750,864691134966114591
2947,2025-01-06 21:23:53.634581+00:00,,True,225248,163504,20358,864691135662070512,True,True,dendrite_extended,axon_partially_extended,95715236648571819,864691135662070512
2948,2025-01-06 21:23:53.635242+00:00,,True,189520,154144,22784,864691135817206095,True,True,dendrite_extended,axon_partially_extended,90858556685100080,864691135817206095
2949,2025-01-06 21:23:53.635907+00:00,,True,162448,159440,23070,864691136664127454,True,True,dendrite_extended,axon_partially_extended,87129769224780233,864691136664127454
2950,2025-01-06 21:23:53.636555+00:00,,True,141376,175376,20217,864691135890948233,True,True,dendrite_extended,axon_partially_extended,84246780614880519,864691135890948233
3420,2025-03-24 20:10:47.018082+00:00,,True,181169,181492,21889,864691135356753871,True,True,dendrite_extended,axon_fully_extended,89665998751768317,864691135356753871
3421,2025-03-24 20:10:47.032618+00:00,,True,182336,151392,21018,864691135849640798,True,True,dendrite_clean,axon_partially_extended,89873050467637493,864691135849640798
3422,2025-03-24 20:10:47.048754+00:00,,True,179664,179968,22345,864691136603649745,True,True,dendrite_clean,axon_partially_extended,89454686427795310,864691136603649745
3423,2025-03-24 20:10:47.062802+00:00,,True,188336,169392,21278,864691135396313845,True,True,dendrite_clean,axon_partially_extended,90649511835591076,864691135396313845
3424,2025-03-24 20:10:47.076850+00:00,,True,178000,230464,21610,864691135476790080,True,True,dendrite_extended,axon_partially_extended,89250314636650252,864691135476790080
3425,2025-03-24 20:10:47.098343+00:00,,True,179744,240896,23595,864691135947876644,True,True,dendrite_extended,axon_partially_extended,89462864246543162,864691135947876644
3426,2025-03-24 20:10:47.112717+00:00,,True,190384,231984,22176,864691135939462453,True,True,dendrite_extended,axon_partially_extended,90939370722524710,864691135939462453
3427,2025-03-24 20:10:47.127958+00:00,,True,181632,193824,21686,864691135456207722,True,True,dendrite_extended,axon_partially_extended,89738016763137206,864691135456207722
3429,2025-03-24 20:10:47.155323+00:00,,True,171328,183712,22050,864691136619096795,True,True,dendrite_extended,axon_partially_extended,88329267556959862,864691136619096795
2017,2024-10-26 18:11:21.998048+00:00,,True,195456,250176,23553,864691135569363948,True,True,dendrite_extended,axon_partially_extended,91645532200104152,864691135569363948
2020,2024-10-26 18:11:22.000400+00:00,,True,177152,246608,24348,864691135659140738,True,True,dendrite_extended,axon_partially_extended,89111776507337947,864691135659140738
2833,2024-12-15 02:30:55.959471+00:00,,True,215968,212400,19590,864691136107670745,True,True,dendrite_extended,axon_partially_extended,94455196255712447,864691136107670745
2022,2024-10-26 18:11:22.001993+00:00,,True,235360,156576,24201,864691135209280633,True,True,dendrite_extended,axon_partially_extended,97121718715505436,864691135209280633
2834,2024-12-15 02:30:55.973530+00:00,,True,191040,224880,22028,864691135214246528,True,True,dendrite_extended,axon_partially_extended,91079146138028309,864691135214246528
1915,2024-08-21 19:28:34.853999+00:00,,True,187952,168768,20517,864691137198821185,True,True,dendrite_clean,axon_partially_extended,90649443048708426,864691137198821185
1916,2024-08-21 19:28:34.870276+00:00,,True,174224,171856,20744,864691135430097712,True,True,dendrite_clean,axon_partially_extended,88749899273041417,864691135430097712
1917,2024-08-21 19:28:34.886271+00:00,,True,179904,161840,20397,864691135617364585,True,True,dendrite_clean,axon_partially_extended,89522581002527688,864691135617364585
1918,2024-08-21 19:28:34.901554+00:00,,True,190512,164080,22420,864691135479705030,True,True,dendrite_clean,axon_partially_extended,91000668496032278,864691135479705030
1919,2024-08-21 19:28:34.917877+00:00,,True,185696,162976,22576,864691136101341045,True,True,dendrite_clean,axon_partially_extended,90296774962545596,864691136101341045
2025,2024-10-26 18:11:22.004131+00:00,,True,223904,166416,23695,864691135741090196,True,True,dendrite_extended,axon_partially_extended,95574911946535999,864691135741090196
2026,2024-10-26 18:11:22.004845+00:00,,True,161088,165968,19401,864691135134016928,True,True,dendrite_extended,axon_partially_extended,86919487089608565,864691135134016928
2028,2024-10-26 18:11:22.006229+00:00,,True,185824,168912,23214,864691135257817263,True,True,dendrite_extended,axon_partially_extended,90297599663528282,864691135257817263
2029,2024-10-26 18:11:22.006925+00:00,,True,237312,141488,21931,864691135698922005,True,True,dendrite_extended,axon_partially_extended,97401131772680841,864691135698922005
2031,2024-10-26 18:11:22.008346+00:00,,True,153648,170816,18446,864691136335276211,True,True,dendrite_extended,axon_partially_extended,85935011798240941,864691136335276211
2033,2024-10-26 18:11:22.009845+00:00,,True,196656,147600,20220,864691135360346200,True,True,dendrite_extended,axon_partially_extended,91842825414845925,864691135360346200
2034,2024-10-26 18:11:22.010522+00:00,,True,226240,148560,24721,864691136372047496,True,True,dendrite_extended,axon_partially_extended,95853981875780580,864691136372047496
2035,2024-10-26 18:11:22.011169+00:00,,True,205088,164784,18698,864691135060020123,True,True,dendrite_extended,axon_partially_extended,92971061582587944,864691135060020123
2036,2024-10-26 18:11:22.011862+00:00,,True,217392,155968,22358,864691135583172717,True,True,dendrite_extended,axon_partially_extended,94658743681594286,864691135583172717
2038,2024-10-26 18:11:22.013264+00:00,,True,139248,162176,18436,864691136725093373,True,True,dendrite_extended,axon_partially_extended,83893149985942350,864691136725093373
2040,2024-10-26 18:11:22.014694+00:00,,True,185536,163856,17696,864691136052738035,True,True,dendrite_extended,axon_partially_extended,90296911730678715,864691136052738035
2041,2024-10-26 18:11:22.015396+00:00,,True,177120,156960,23234,864691136052738803,True,True,dendrite_extended,axon_partially_extended,89099750464573059,864691136052738803
2042,2024-10-26 18:11:22.016068+00:00,,True,233376,168176,22021,864691136674492295,True,True,dendrite_extended,axon_partially_extended,96841824018105695,864691136674492295
2043,2024-10-26 18:11:22.017939+00:00,,True,159744,161824,20654,864691135430275120,True,True,dendrite_extended,axon_partially_extended,86707831302264210,864691135430275120
2048,2024-10-26 18:11:22.021337+00:00,,True,248048,160768,20943,864691135464302493,True,True,dendrite_extended,axon_partially_extended,98881486606367659,864691135464302493
2049,2024-10-26 18:11:22.021994+00:00,,True,247568,163264,24038,864691136420195223,True,True,dendrite_extended,axon_partially_extended,98811461862233429,864691136420195223
2053,2024-10-26 18:11:22.024607+00:00,,True,145472,151152,18745,864691136298266395,True,True,dendrite_extended,axon_partially_extended,84806431832155675,864691136298266395
2054,2024-10-26 18:11:22.025252+00:00,,True,135280,165264,20095,864691135927381774,True,True,dendrite_extended,axon_partially_extended,83400981295081234,864691135927381774
2057,2024-10-26 18:11:22.027382+00:00,,True,181584,156256,19090,864691135810905036,True,True,dendrite_extended,axon_partially_extended,89732931186280875,864691135810905036
2058,2024-10-26 18:11:22.028042+00:00,,True,139072,154800,18669,864691135996158378,True,True,dendrite_extended,axon_partially_extended,83892119194106429,864691135996158378
2059,2024-10-26 18:11:22.028739+00:00,,True,228608,146656,21785,864691135640398651,True,True,dendrite_extended,axon_partially_extended,96205619035741668,864691135640398651
2060,2024-10-26 18:11:22.029417+00:00,,True,212288,158992,19012,864691135779020221,True,True,dendrite_extended,axon_partially_extended,93955468153696321,864691135779020221
2061,2024-10-26 18:11:22.030076+00:00,,True,245840,157168,21958,864691135595040043,True,True,dendrite_extended,axon_partially_extended,98599530727504992,864691135595040043
2062,2024-10-26 18:11:22.030756+00:00,,True,184544,170224,19128,864691136420303511,True,True,dendrite_extended,axon_partially_extended,90157067796728910,864691136420303511
2064,2024-10-26 18:11:22.032088+00:00,,True,197504,168000,19134,864691136424439855,True,True,dendrite_extended,axon_partially_extended,91915942803803048,864691136424439855
2067,2024-10-26 18:11:22.034214+00:00,,True,171232,167744,17676,864691136523118481,True,True,dendrite_extended,axon_partially_extended,88327136649518722,864691136523118481
2068,2024-10-26 18:11:22.034890+00:00,,True,225168,171760,22052,864691135990009600,True,True,dendrite_extended,axon_partially_extended,95716405147656205,864691135990009600
2069,2024-10-26 18:11:22.035578+00:00,,True,246624,147568,18413,864691135976105839,True,True,dendrite_extended,axon_partially_extended,98668593331944219,864691135976105839
2070,2024-10-26 18:11:22.036261+00:00,,True,172288,167248,23985,864691135386899029,True,True,dendrite_extended,axon_partially_extended,88467806223908962,864691135386899029
2072,2024-10-26 18:11:22.037627+00:00,,True,196512,161136,22539,864691136033332155,True,True,dendrite_extended,axon_partially_extended,91774312431778759,864691136033332155
2074,2024-10-26 18:11:22.038963+00:00,,True,147536,150928,18527,864691135874914702,True,True,dendrite_extended,axon_partially_extended,85087906808627614,864691135874914702
2077,2024-10-26 18:11:22.041085+00:00,,True,239920,163408,18465,864691135741965931,True,True,dendrite_extended,axon_partially_extended,97755930027963021,864691135741965931
2078,2024-10-26 18:11:22.041899+00:00,,True,226432,156608,23509,864691135430486576,True,True,dendrite_extended,axon_partially_extended,95925449930607657,864691135430486576
2079,2024-10-26 18:11:22.042590+00:00,,True,200912,160832,22294,864691135808878621,True,True,dendrite_extended,axon_partially_extended,92407562343100153,864691135808878621
2081,2024-10-26 18:11:22.043910+00:00,,True,164320,169440,18985,864691135465130309,True,True,dendrite_extended,axon_partially_extended,87342180590492186,864691135465130309
2082,2024-10-26 18:11:22.044572+00:00,,True,250160,143904,24304,864691135583352941,True,True,dendrite_extended,axon_partially_extended,99160694309862207,864691135583352941
2084,2024-10-26 18:11:22.045900+00:00,,True,249376,150272,23472,864691136136240011,True,True,dendrite_extended,axon_partially_extended,99020850040667641,864691136136240011
2085,2024-10-26 18:11:22.046577+00:00,,True,247600,144096,19965,864691136311381338,True,True,dendrite_extended,axon_partially_extended,98808918704742422,864691136311381338
2087,2024-10-26 18:11:22.047903+00:00,,True,221984,170560,23436,864691137055405174,True,True,dendrite_extended,axon_partially_extended,95293986658816235,864691137055405174
2089,2024-10-26 18:11:22.049399+00:00,,True,251776,148880,21675,864691135726077611,True,True,dendrite_extended,axon_partially_extended,99372487401514515,864691135726077611
2107,2024-10-26 18:29:33.341819+00:00,,True,169888,143056,20600,864691135562052065,True,True,dendrite_clean,axon_partially_extended,88112732284560070,864691135562052065
2108,2024-10-26 18:29:33.361353+00:00,,True,175616,144496,21881,864691135417313722,True,True,dendrite_clean,axon_partially_extended,88886926043985578,864691135417313722
2110,2024-10-26 18:29:33.398491+00:00,,True,177696,139408,21660,864691135430460720,True,True,dendrite_clean,axon_partially_extended,89167713825683031,864691135430460720
2111,2024-10-26 18:29:33.413674+00:00,,True,174496,134704,20995,864691136674327431,True,True,dendrite_clean,axon_partially_extended,88744882818015940,864691136674327431
2112,2024-10-26 18:29:33.427979+00:00,,True,188832,147520,21519,864691136991359893,True,True,dendrite_clean,axon_partially_extended,90716925709045800,864691136991359893
2113,2024-10-26 18:29:33.444765+00:00,,True,178672,148256,22345,864691135473464114,True,True,dendrite_clean,axon_partially_extended,89309688331936148,864691135473464114
2114,2024-10-26 18:29:33.460653+00:00,,True,186864,151904,21595,864691135335937513,True,True,dendrite_clean,axon_partially_extended,90436069207709327,864691135335937513
2115,2024-10-26 18:29:33.476568+00:00,,True,191120,134432,20649,864691136488742418,True,True,dendrite_clean,axon_partially_extended,91067051308994248,864691136488742418
2116,2024-10-26 18:29:33.495957+00:00,,True,172304,139008,21894,864691135591687691,True,True,dendrite_clean,axon_partially_extended,88464026384178323,864691135591687691
2117,2024-10-26 18:29:33.513039+00:00,,True,190752,151616,21188,864691137055367798,True,True,dendrite_clean,axon_partially_extended,90998950374685809,864691137055367798
2118,2024-10-26 18:29:33.530123+00:00,,True,179120,138848,22570,864691135763593014,True,True,dendrite_clean,axon_partially_extended,89378751472802282,864691135763593014
2119,2024-10-26 18:29:33.548984+00:00,,True,181200,142848,21778,864691134941495395,True,True,dendrite_clean,axon_partially_extended,89660776071416686,864691134941495395
2120,2024-10-26 18:29:33.567903+00:00,,True,187920,136608,20472,864691136033226939,True,True,dendrite_clean,axon_partially_extended,90574744910897690,864691136033226939
2122,2024-10-26 18:29:33.602436+00:00,,True,180320,145936,21057,864691136033227451,True,True,dendrite_clean,axon_partially_extended,89590819576738450,864691136033227451
2123,2024-10-26 18:29:33.618706+00:00,,True,177328,136432,22430,864691135430290480,True,True,dendrite_clean,axon_partially_extended,89167370295678915,864691135430290480
2124,2024-10-26 18:29:33.642204+00:00,,True,176464,133552,22445,864691135741930603,True,True,dendrite_clean,axon_partially_extended,89026220490459523,864691135741930603
2125,2024-10-26 18:29:33.656804+00:00,,True,173184,157136,20453,864691135157210468,True,True,dendrite_clean,axon_partially_extended,88607168852985263,864691135157210468
2126,2024-10-26 18:29:33.675170+00:00,,True,189792,155248,22407,864691135996177834,True,True,dendrite_clean,axon_partially_extended,90858694057131474,864691135996177834
2127,2024-10-26 18:29:33.693638+00:00,,True,174128,155296,22262,864691134966005023,True,True,dendrite_clean,axon_partially_extended,88747631731597186,864691134966005023
2128,2024-10-26 18:29:33.711883+00:00,,True,190096,148864,20978,864691135595037739,True,True,dendrite_clean,axon_partially_extended,90928237966335523,864691135595037739
2129,2024-10-26 18:29:33.729059+00:00,,True,183584,136144,20422,864691136488821266,True,True,dendrite_clean,axon_partially_extended,90011726237969974,864691136488821266
2131,2024-10-26 18:29:33.765503+00:00,,True,173008,150960,21332,864691135576881950,True,True,dendrite_clean,axon_partially_extended,88535975609178648,864691135576881950
2132,2024-10-26 18:29:33.783683+00:00,,True,175888,135536,20806,864691135519240586,True,True,dendrite_clean,axon_partially_extended,88956126422782743,864691135519240586
2133,2024-10-26 18:29:33.799991+00:00,,True,175024,151040,20249,864691135976050799,True,True,dendrite_clean,axon_partially_extended,88817450451561934,864691135976050799
2134,2024-10-26 18:29:33.816652+00:00,,True,186320,140240,20241,864691134966014495,True,True,dendrite_clean,axon_partially_extended,90364119714455414,864691134966014495
2135,2024-10-26 18:29:33.833728+00:00,,True,182192,135904,22426,864691135782542416,True,True,dendrite_clean,axon_partially_extended,89800620273816136,864691135782542416
2137,2024-10-26 18:29:33.871440+00:00,,True,171760,159584,20144,864691135927258126,True,True,dendrite_clean,axon_partially_extended,88396406217513570,864691135927258126
2138,2024-10-26 18:29:33.890603+00:00,,True,181840,159280,22182,864691136419944087,True,True,dendrite_clean,axon_partially_extended,89803712649970203,864691136419944087
2139,2024-10-26 18:29:33.908087+00:00,,True,186992,152512,22541,864691135591664907,True,True,dendrite_clean,axon_partially_extended,90506506805506379,864691135591664907
2140,2024-10-26 18:29:33.926145+00:00,,True,178848,154112,21996,864691135395617525,True,True,dendrite_clean,axon_partially_extended,89380812923398283,864691135395617525
2141,2024-10-26 18:29:33.944774+00:00,,True,190688,157856,21116,864691136195566294,True,True,dendrite_clean,axon_partially_extended,90999775008327105,864691136195566294
2142,2024-10-26 18:29:33.961973+00:00,,True,184160,155568,20856,864691135725842603,True,True,dendrite_clean,axon_partially_extended,90084706389313776,864691135725842603
2143,2024-10-26 18:29:33.978074+00:00,,True,172736,162864,21811,864691135941300993,True,True,dendrite_clean,axon_partially_extended,88537556224215968,864691135941300993
2144,2024-10-26 18:29:33.994475+00:00,,True,188112,151040,21457,864691136021865976,True,True,dendrite_clean,axon_partially_extended,90647037934561149,864691136021865976
2145,2024-10-26 18:29:34.012288+00:00,,True,176336,163104,20330,864691135990004992,True,True,dendrite_clean,axon_partially_extended,89030205951658890,864691135990004992
2146,2024-10-26 18:29:34.028737+00:00,,True,187536,163936,22391,864691135916843366,True,True,dendrite_clean,axon_partially_extended,90578387311474855,864691135916843366
2147,2024-10-26 18:29:34.046110+00:00,,True,183456,149568,22510,864691135576872222,True,True,dendrite_clean,axon_partially_extended,90013513212842251,864691135576872222
2148,2024-10-26 18:29:34.063630+00:00,,True,189840,157952,20196,864691135865669246,True,True,dendrite_clean,axon_partially_extended,90859106105350713,864691135865669246
2150,2024-10-26 18:29:34.099681+00:00,,True,188976,168496,21579,864691135941112998,True,True,dendrite_clean,axon_partially_extended,90790111951845421,864691135941112998
2151,2024-10-26 18:29:34.116734+00:00,,True,181856,156096,20986,864691136012637859,True,True,dendrite_clean,axon_partially_extended,89803300132195636,864691136012637859
2154,2024-10-26 18:29:34.170985+00:00,,True,189936,170112,20867,864691136238029583,True,True,dendrite_extended,axon_partially_extended,90860686720599398,864691136238029583
2156,2024-10-26 18:29:34.208504+00:00,,True,180912,164960,21521,864691136052688115,True,True,dendrite_clean,axon_partially_extended,89663731008586818,864691136052688115
2158,2024-10-26 18:29:34.242723+00:00,,True,180800,153376,22212,864691135375351369,True,True,dendrite_clean,axon_partially_extended,89662219247426316,864691135375351369
2160,2024-10-26 18:29:34.279687+00:00,,True,186640,160640,20393,864691136144950580,True,True,dendrite_clean,axon_partially_extended,90437237237879675,864691136144950580
2161,2024-10-26 18:29:34.297385+00:00,,True,172960,173280,21905,864691136725071101,True,True,dendrite_clean,axon_partially_extended,88538999333301628,864691136725071101
2164,2024-10-26 18:29:34.354454+00:00,,True,184864,153120,20561,864691135838749331,True,True,dendrite_clean,axon_partially_extended,90154731535731595,864691135838749331
2165,2024-10-26 18:29:34.374192+00:00,,True,187136,154000,20407,864691135211568576,True,True,dendrite_clean,axon_partially_extended,90506712628886222,864691135211568576
2166,2024-10-26 18:29:34.392459+00:00,,True,178224,163456,22632,864691134965949727,True,True,dendrite_clean,axon_partially_extended,89311681263608674,864691134965949727
2169,2024-10-26 18:29:34.445450+00:00,,True,180144,154848,22152,864691135874894734,True,True,dendrite_clean,axon_partially_extended,89521687917427817,864691135874894734
2170,2024-10-26 18:29:34.460957+00:00,,True,181232,144512,21996,864691136424357167,True,True,dendrite_clean,axon_partially_extended,89660982230114829,864691136424357167
2171,2024-10-26 18:29:34.476839+00:00,,True,184576,151040,21839,864691135868386070,True,True,dendrite_clean,axon_partially_extended,90154456792327036,864691135868386070
2172,2024-10-26 18:29:34.494754+00:00,,True,176288,143856,22394,864691134886335738,True,True,dendrite_clean,axon_partially_extended,89027594879935968,864691134886335738
2173,2024-10-26 18:29:34.513020+00:00,,True,183360,169376,20619,864691135569592300,True,True,dendrite_clean,axon_partially_extended,90016193070737575,864691135569592300
2174,2024-10-26 18:29:34.529675+00:00,,True,182592,151104,20247,864691135838788755,True,True,dendrite_clean,axon_partially_extended,89872981614253289,864691135838788755
2477,2024-12-10 23:17:48.688093+00:00,,True,193972,142203,22166,864691136209328060,True,True,dendrite_extended,axon_fully_extended,91419926023312842,864691136209328060
2198,2024-10-26 18:29:34.947294+00:00,,True,190432,139120,20760,864691135059995035,True,True,dendrite_clean,axon_partially_extended,90926932296047772,864691136053465587
2177,2024-10-26 18:29:34.580793+00:00,,True,175824,166464,21524,864691135101452320,True,True,dendrite_clean,axon_partially_extended,88960249725252307,864691135101452320
1850,2024-08-21 19:28:33.748426+00:00,,True,189888,137536,21190,864691136579098388,True,True,dendrite_clean,axon_partially_extended,90856357460463313,864691136579098388
1853,2024-08-21 19:28:33.802099+00:00,,True,192912,134880,22119,864691135476267328,True,True,dendrite_clean,axon_partially_extended,91278226462236139,864691135476267328
1854,2024-08-21 19:28:33.820651+00:00,,True,187696,126560,21803,864691134941412707,True,True,dendrite_clean,axon_partially_extended,90573370722448987,864691134941412707
1855,2024-08-21 19:28:33.837663+00:00,,True,189072,142016,21337,864691135119056861,True,True,dendrite_extended,axon_partially_extended,90786538472268843,864691135119056861
1856,2024-08-21 19:28:33.854954+00:00,,True,177376,155072,20434,864691136618553563,True,True,dendrite_clean,axon_partially_extended,89169843928501249,864691136618553563
1857,2024-08-21 19:28:33.873210+00:00,,True,191360,143440,21157,864691136579129876,True,True,dendrite_clean,axon_partially_extended,91068219607203505,864691136579129876
1858,2024-08-21 19:28:33.891724+00:00,,True,193056,148640,20312,864691135271077541,True,True,dendrite_clean,axon_partially_extended,91280012900528155,864691135271077541
1859,2024-08-21 19:28:33.906674+00:00,,True,188672,146864,21221,864691135694246079,True,True,dendrite_clean,axon_partially_extended,90716856922718275,864691135694246079
1860,2024-08-21 19:28:33.923431+00:00,,True,186448,152992,22049,864691135694264511,True,True,dendrite_clean,axon_partially_extended,90436206713698388,864691135694264511
1861,2024-08-21 19:28:33.940015+00:00,,True,171392,144368,20761,864691135688446944,True,True,dendrite_clean,axon_partially_extended,88323975956240146,864691135688446944
1862,2024-08-21 19:28:33.956870+00:00,,True,186848,130128,21012,864691135014479766,True,True,dendrite_extended,axon_partially_extended,90433114203028288,864691135014479766
1863,2024-08-21 19:28:33.972208+00:00,,True,171920,140624,20945,864691135782241616,True,True,dendrite_extended,axon_partially_extended,88393863664263239,864691135782241616
1864,2024-08-21 19:28:33.989443+00:00,,True,168784,147648,21524,864691135387988609,True,True,dendrite_clean,axon_partially_extended,87972544686128827,864691135387988609
1865,2024-08-21 19:28:34.005508+00:00,,True,175648,144864,20903,864691135988557315,True,True,dendrite_extended,axon_partially_extended,88886994629275536,864691135988557315
1866,2024-08-21 19:28:34.021613+00:00,,True,180560,138128,22136,864691136311267930,True,True,dendrite_clean,axon_partially_extended,89589788918869259,864691136311267930
1867,2024-08-21 19:28:34.036402+00:00,,True,188208,150128,21664,864691136025329721,True,True,dendrite_clean,axon_partially_extended,90646900562424056,864691136025329721
1868,2024-08-21 19:28:34.054619+00:00,,True,181440,130432,20695,864691136975099164,True,True,dendrite_clean,axon_partially_extended,89729495413849922,864691136975099164
1870,2024-08-21 19:28:34.086523+00:00,,True,171520,148896,20751,864691136101340021,True,True,dendrite_clean,axon_partially_extended,88324594431547526,864691136101340021
1871,2024-08-21 19:28:34.104479+00:00,,True,188432,148736,20529,864691135510079753,True,True,dendrite_clean,axon_partially_extended,90646762989123863,864691135510079753
1872,2024-08-21 19:28:34.121557+00:00,,True,189472,127760,21804,864691135801463650,True,True,dendrite_clean,axon_partially_extended,90784683113427194,864691135801463650
1873,2024-08-21 19:28:34.136736+00:00,,True,187696,143456,21818,864691135136360217,True,True,dendrite_clean,axon_partially_extended,90575638465210654,864691135136360217
1874,2024-08-21 19:28:34.153468+00:00,,True,182880,141152,22440,864691135868210454,True,True,dendrite_clean,axon_partially_extended,89942044956983237,864691135868210454
2837,2024-12-15 02:30:56.011280+00:00,,True,149008,173568,21529,864691136267785460,True,True,dendrite_extended,axon_partially_extended,85231668356509233,864691136267785460
1876,2024-08-21 19:28:34.186745+00:00,,True,180832,143712,22612,864691136195891788,True,True,dendrite_clean,axon_partially_extended,89660913644352326,864691136195891788
1877,2024-08-21 19:28:34.204491+00:00,,True,188400,128704,22291,864691136975144988,True,True,dendrite_clean,axon_partially_extended,90644014411629504,864691136975144988
1879,2024-08-21 19:28:34.237577+00:00,,True,173904,169344,22341,864691135719900721,True,True,dendrite_clean,axon_partially_extended,88679187132830322,864691135719900721
1880,2024-08-21 19:28:34.253468+00:00,,True,174400,161696,20530,864691135562004193,True,True,dendrite_clean,axon_partially_extended,88748524883246710,864691135562004193
1881,2024-08-21 19:28:34.269008+00:00,,True,171200,159888,22030,864691136052637171,True,True,dendrite_clean,axon_partially_extended,88326037741551461,864691136052637171
1882,2024-08-21 19:28:34.286234+00:00,,True,177616,169760,20588,864691135503259997,True,True,dendrite_clean,axon_partially_extended,89171836860021217,864691135503259997
1884,2024-08-21 19:28:34.321034+00:00,,True,179056,160704,22098,864691134948973308,True,True,dendrite_clean,axon_partially_extended,89381706343249088,864691134948973308
1885,2024-08-21 19:28:34.335548+00:00,,True,175728,155040,20958,864691135546161704,True,True,dendrite_clean,axon_partially_extended,88958737763070738,864691135546161704
1886,2024-08-21 19:28:34.352287+00:00,,True,176480,163584,20145,864691136618530267,True,True,dendrite_clean,axon_partially_extended,89030274670913953,864691136618530267
1887,2024-08-21 19:28:34.370198+00:00,,True,190912,155040,22156,864691136975088156,True,True,dendrite_clean,axon_partially_extended,90999431545173178,864691136975088156
1888,2024-08-21 19:28:34.388133+00:00,,True,189440,153904,20706,864691135810773452,True,True,dendrite_clean,axon_partially_extended,90788187672462974,864691135810773452
2179,2024-10-26 18:29:34.614292+00:00,,True,179664,154192,20456,864691135510307337,True,True,dendrite_clean,axon_partially_extended,89451181466267483,864691135510307337
1893,2024-08-21 19:28:34.473469+00:00,,True,185520,161008,21625,864691135725748139,True,True,dendrite_clean,axon_partially_extended,90296568669974050,864691135725748139
1894,2024-08-21 19:28:34.490552+00:00,,True,182160,159936,20563,864691135294520844,True,True,dendrite_clean,axon_partially_extended,89803781168041578,864691135294520844
1895,2024-08-21 19:28:34.507325+00:00,,True,175328,160160,21416,864691135442076744,True,True,dendrite_clean,axon_partially_extended,88889056280708012,864691135442076744
1896,2024-08-21 19:28:34.524182+00:00,,True,191136,154912,20725,864691135694299583,True,True,dendrite_clean,axon_partially_extended,91069800088142351,864691135694299583
1898,2024-08-21 19:28:34.556396+00:00,,True,189040,164896,21017,864691135725770667,True,True,dendrite_clean,axon_partially_extended,90789630848344624,864691135725770667
1900,2024-08-21 19:28:34.589311+00:00,,True,182592,150528,21722,864691135585564280,True,True,dendrite_clean,axon_partially_extended,89872913096018075,864691135585564280
1901,2024-08-21 19:28:34.607769+00:00,,True,177024,178288,21522,864691135279806113,True,True,dendrite_clean,axon_partially_extended,89102567761569102,864691135279806113
1902,2024-08-21 19:28:34.628014+00:00,,True,187088,154912,20886,864691135119082461,True,True,dendrite_clean,axon_partially_extended,90506850134886584,864691135119082461
1904,2024-08-21 19:28:34.662516+00:00,,True,192880,156384,21831,864691135469924178,True,True,dendrite_clean,axon_partially_extended,91281112613403048,864691135469924178
1905,2024-08-21 19:28:34.680802+00:00,,True,168736,167680,20422,864691134989922682,True,True,dendrite_clean,axon_partially_extended,87975293264388067,864691134989922682
1906,2024-08-21 19:28:34.698226+00:00,,True,180640,165616,22117,864691135694406335,True,True,dendrite_clean,axon_partially_extended,89593499770557691,864691135694406335
1908,2024-08-21 19:28:34.733033+00:00,,True,169440,158128,20266,864691135694415551,True,True,dendrite_clean,axon_partially_extended,88044356338331571,864691135694415551
1910,2024-08-21 19:28:34.768442+00:00,,True,168256,169840,21646,864691135719916081,True,True,dendrite_extended,axon_partially_extended,87905199599062539,864691135719916081
2838,2024-12-15 02:30:56.028070+00:00,,True,252752,157280,23007,864691136603221201,True,True,dendrite_extended,axon_partially_extended,99514324536101777,864691136603221201
1913,2024-08-21 19:28:34.820123+00:00,,True,186160,160464,21885,864691136725020413,True,True,dendrite_clean,axon_partially_extended,90366868694989123,864691136725020413
2181,2024-10-26 18:29:34.651378+00:00,,True,169696,169232,22054,864691135694456767,True,True,dendrite_clean,axon_partially_extended,88116237179086143,864691135694456767
2182,2024-10-26 18:29:34.668328+00:00,,True,176032,148992,20310,864691135976012655,True,True,dendrite_clean,axon_partially_extended,88957913062102254,864691135976012655
2183,2024-10-26 18:29:34.686400+00:00,,True,184016,173104,22527,864691135782490704,True,True,dendrite_clean,axon_partially_extended,90087043052943561,864691135782490704
2184,2024-10-26 18:29:34.703088+00:00,,True,171552,144112,21874,864691135157198692,True,True,dendrite_clean,axon_partially_extended,88323976090543890,864691135157198692
2186,2024-10-26 18:29:34.737031+00:00,,True,174976,156880,21677,864691135782506832,True,True,dendrite_clean,axon_partially_extended,88818275286496247,864691135782506832
2187,2024-10-26 18:29:34.754148+00:00,,True,182928,164912,20727,864691135874901134,True,True,dendrite_extended,axon_partially_extended,89945205851390943,864691135874901134
2188,2024-10-26 18:29:34.770645+00:00,,True,183360,150080,22047,864691136424428079,True,True,dendrite_clean,axon_partially_extended,90013581931765078,864691136424428079
2190,2024-10-26 18:29:34.804947+00:00,,True,174448,140192,21793,864691135852344775,True,True,dendrite_clean,axon_partially_extended,88745638799717492,864691135852344775
2191,2024-10-26 18:29:34.824235+00:00,,True,185248,149360,20153,864691134966025503,True,True,dendrite_clean,axon_partially_extended,90224619176608047,864691134966025503
2192,2024-10-26 18:29:34.840914+00:00,,True,189872,163472,21278,864691135211620800,True,True,dendrite_clean,axon_partially_extended,90859793434394918,864691135211620800
2193,2024-10-26 18:29:34.858177+00:00,,True,170848,163648,22182,864691135476355136,True,True,dendrite_clean,axon_partially_extended,88256218753380966,864691135476355136
2194,2024-10-26 18:29:34.879078+00:00,,True,172208,168272,22383,864691136125339174,True,True,dendrite_clean,axon_partially_extended,88467943461428633,864691136125339174
2195,2024-10-26 18:29:34.895917+00:00,,True,185232,164304,21410,864691135976063855,True,True,dendrite_clean,axon_partially_extended,90226612175931163,864691135976063855
2839,2024-12-15 02:30:56.043562+00:00,,True,137168,144400,24081,864691136596107938,True,True,dendrite_extended,axon_partially_extended,83609270565795138,864691136596107938
2197,2024-10-26 18:29:34.930049+00:00,,True,184064,148272,21618,864691136420011415,True,True,dendrite_clean,axon_partially_extended,90083744450518295,864691136420011415
2199,2024-10-26 18:29:34.965524+00:00,,True,171456,171424,21043,864691136488758290,True,True,dendrite_clean,axon_partially_extended,88327618155356358,864691136488758290
2200,2024-10-26 18:29:34.983102+00:00,,True,182896,170528,20800,864691134949072124,True,True,dendrite_extended,axon_partially_extended,89945961765712992,864691134949072124
2201,2024-10-26 18:29:35.000608+00:00,,True,189184,151216,20142,864691135503344477,True,True,dendrite_clean,axon_partially_extended,90787775288431293,864691135503344477
2202,2024-10-26 18:29:35.019201+00:00,,True,182336,169600,21633,864691135476373568,True,True,dendrite_clean,axon_partially_extended,89875455716551167,864691135476373568
2840,2024-12-15 02:30:56.057097+00:00,,True,355744,158544,19434,864691136619882637,True,True,dendrite_extended,axon_partially_extended,113658647804453723,864691136619882637
2841,2024-12-15 02:30:56.070274+00:00,,True,292176,159072,19358,864691135464787525,True,True,dendrite_extended,axon_partially_extended,104932992245808097,864691135464787525
2206,2024-10-26 18:29:35.091652+00:00,,True,171040,168096,22526,864691135874915982,True,True,dendrite_clean,axon_partially_extended,88256768509561483,864691135874915982
2208,2024-10-26 18:29:35.125489+00:00,,True,169360,167152,21606,864691135388119169,True,True,dendrite_clean,axon_partially_extended,88045593489998044,864691135388119169
2209,2024-10-26 18:29:35.144860+00:00,,True,180064,155744,22537,864691134949081852,True,True,dendrite_clean,axon_partially_extended,89521756703842154,864691134949081852
2210,2024-10-26 18:29:35.162887+00:00,,True,177584,152000,22317,864691135214356280,True,True,dendrite_clean,axon_partially_extended,89169431879858301,864691135214356280
2212,2024-10-26 18:29:35.199135+00:00,,True,184048,160016,22117,864691135569468396,True,True,dendrite_clean,axon_partially_extended,90085325065587670,864691135569468396
2213,2024-10-26 18:29:35.217244+00:00,,True,173344,165056,20390,864691136905076146,True,True,dendrite_clean,axon_partially_extended,88608199645116764,864691136905076146
2214,2024-10-26 18:29:35.235997+00:00,,True,178016,154816,22629,864691135465113157,True,True,dendrite_clean,axon_partially_extended,89240144288331867,864691135465113157
2215,2024-10-26 18:29:35.255144+00:00,,True,187456,158496,20752,864691136274488254,True,True,dendrite_clean,axon_partially_extended,90577699915274813,864691136274488254
2216,2024-10-26 18:29:35.272840+00:00,,True,177856,163248,21678,864691135778463840,True,True,dendrite_clean,axon_partially_extended,89241312385277819,864691135778463840
2218,2024-10-26 18:29:35.307847+00:00,,True,174816,161936,21221,864691136090942775,True,True,dendrite_clean,axon_partially_extended,88818893694743933,864691136090942775
2220,2024-10-26 18:29:35.341922+00:00,,True,178416,156640,20968,864691135866360284,True,True,dendrite_clean,axon_partially_extended,89310787642426168,864691135866360284
2221,2024-10-26 18:29:35.359831+00:00,,True,189312,170352,20454,864691135360302680,True,True,dendrite_clean,axon_partially_extended,90790386628903013,864691135360302680
2222,2024-10-26 18:29:35.375847+00:00,,True,176240,164608,22531,864691135583156845,True,True,dendrite_clean,axon_partially_extended,89030412445157392,864691135583156845
2223,2024-10-26 18:29:35.392563+00:00,,True,183776,148320,20611,864691136742244188,True,True,dendrite_clean,axon_partially_extended,90013375572167849,864691136742244188
2224,2024-10-26 18:29:35.413490+00:00,,True,192304,157696,21191,864691136420045207,True,True,dendrite_clean,axon_partially_extended,91210881240956787,864691136420045207
2225,2024-10-26 18:29:35.430120+00:00,,True,190976,162720,21212,864691136067090584,True,True,dendrite_extended,axon_partially_extended,91000462203198157,864691136067090584
2226,2024-10-26 18:29:35.446002+00:00,,True,192576,164976,20306,864691136905107634,True,True,dendrite_clean,axon_partially_extended,91282211923783175,864691136905107634
2227,2024-10-26 18:29:35.462376+00:00,,True,170560,161920,20443,864691135562123489,True,True,dendrite_clean,axon_partially_extended,88255943607399568,864691135562123489
2228,2024-10-26 18:29:35.476603+00:00,,True,183200,168384,22438,864691135750287913,True,True,dendrite_clean,axon_partially_extended,89945687089226606,864691135750287913
2842,2024-12-15 02:30:56.082324+00:00,,True,167168,160096,18424,864691135655472066,True,True,dendrite_extended,axon_partially_extended,87763155971256610,864691135655472066
2230,2024-10-26 18:29:35.513183+00:00,,True,168400,170800,22039,864691136267846388,True,True,dendrite_clean,axon_partially_extended,87905337104993543,864691136267846388
2231,2024-10-26 18:29:35.531590+00:00,,True,186368,171696,22053,864691135060018843,True,True,dendrite_clean,axon_partially_extended,90368311870689341,864691135060018843
2232,2024-10-26 18:29:35.547676+00:00,,True,190032,157648,20811,864691136420056215,True,True,dendrite_clean,axon_partially_extended,90929406197281411,864691136420056215
2233,2024-10-26 18:29:35.565367+00:00,,True,170016,160336,21960,864691135014305270,True,True,dendrite_clean,axon_partially_extended,88115000161884759,864691135014305270
2234,2024-10-26 18:29:35.583490+00:00,,True,183520,154880,21847,864691136523081105,True,True,dendrite_clean,axon_partially_extended,90014269059801118,864691136523081105
2235,2024-10-26 18:29:35.603709+00:00,,True,168256,151392,20841,864691135725920939,True,True,dendrite_clean,axon_partially_extended,87902725563933512,864691135725920939
2844,2024-12-15 02:30:56.108244+00:00,,True,281008,171424,22050,864691136010028974,True,True,dendrite_extended,axon_partially_extended,103386529543553383,864691136010028974
2845,2024-12-15 02:30:56.121975+00:00,,True,164960,138320,18943,864691135195769130,True,True,dendrite_extended,axon_partially_extended,87478726124257274,864691135195769130
2846,2024-12-15 02:30:56.136452+00:00,,True,247088,114880,20544,864691136135963787,True,True,dendrite_extended,axon_partially_extended,98734564364644877,864691136135963787
2847,2024-12-15 02:30:56.150186+00:00,,True,303760,159536,22684,864691135778187360,True,True,dendrite_extended,axon_partially_extended,106551542550859358,864691135778187360
2848,2024-12-15 02:30:56.165621+00:00,,True,241232,165328,24119,864691135928129236,True,True,dendrite_extended,axon_partially_extended,97967311876627972,864691135928129236
2849,2024-12-15 02:30:56.178799+00:00,,True,281840,165760,18075,864691136298045979,True,True,dendrite_extended,axon_partially_extended,103526510580980496,864691136298045979
2851,2024-12-15 02:30:56.205091+00:00,,True,163680,111392,23197,864691135763941174,True,True,dendrite_extended,axon_partially_extended,87264047082470146,864691135763941174
2852,2024-12-15 02:30:56.223868+00:00,,True,170032,156912,23923,864691135810982860,True,True,dendrite_extended,axon_partially_extended,88184956857569417,864691135810982860
2853,2024-12-15 02:30:56.238387+00:00,,True,286704,160960,22109,864691136228538961,True,True,dendrite_extended,axon_partially_extended,104159142620564884,864691136228538961
2854,2024-12-15 02:30:56.250545+00:00,,True,206912,119632,21527,864691135066892868,True,True,dendrite_extended,axon_partially_extended,93246489647703470,864691135066892868
2855,2024-12-15 02:30:56.262585+00:00,,True,321456,115488,18919,864691135273918993,True,True,dendrite_extended,axon_partially_extended,108938169441442106,864691135273918993
2856,2024-12-15 02:30:56.274422+00:00,,True,284432,107504,24122,864691135763495478,True,True,dendrite_extended,axon_partially_extended,103870521086679041,864691135763495478
1815,2024-08-21 19:28:33.125121+00:00,,True,173088,111280,21184,864691135492080871,True,True,dendrite_clean,axon_partially_extended,88530615489814580,864691135492080871
1816,2024-08-21 19:28:33.151363+00:00,,True,187920,132096,20564,864691135183251970,True,True,dendrite_clean,axon_partially_extended,90574126502259119,864691135183251970
1817,2024-08-21 19:28:33.171508+00:00,,True,175344,124288,20315,864691135271038885,True,True,dendrite_clean,axon_partially_extended,88884245783044551,864691135271038885
1820,2024-08-21 19:28:33.229631+00:00,,True,179104,119680,20476,864691135763361078,True,True,dendrite_extended,axon_partially_extended,89376208517215013,864691135763361078
2478,2024-12-10 23:19:35.887121+00:00,,True,172368,152208,20778,864691135726140843,True,True,dendrite_extended,axon_fully_extended,88465744236769407,864691135726140843
1822,2024-08-21 19:28:33.261375+00:00,,True,185872,124320,20463,864691135417236410,True,True,dendrite_clean,axon_partially_extended,90291620666751536,864691135417236410
1823,2024-08-21 19:28:33.278157+00:00,,True,169968,118256,21919,864691135726971967,True,True,dendrite_clean,axon_partially_extended,88109365164752245,864691135726971967
1824,2024-08-21 19:28:33.295739+00:00,,True,191648,122832,20723,864691135361464135,True,True,dendrite_clean,axon_partially_extended,91135839505279120,864691135361464135
1825,2024-08-21 19:28:33.311756+00:00,,True,174896,123888,21342,864691135339208934,True,True,dendrite_clean,axon_partially_extended,88813808453597919,864691135339208934
1826,2024-08-21 19:28:33.329509+00:00,,True,187888,121568,21603,864691135566135127,True,True,dendrite_clean,axon_partially_extended,90572752246960891,864691135566135127
1828,2024-08-21 19:28:33.368475+00:00,,True,173808,127488,20965,864691135763431478,True,True,dendrite_extended,axon_partially_extended,88673551934622228,864691135763431478
1829,2024-08-21 19:28:33.385755+00:00,,True,173696,131472,20938,864691135763433270,True,True,dendrite_clean,axon_partially_extended,88674101690450393,864691135763433270
1833,2024-08-21 19:28:33.457552+00:00,,True,178192,126320,22102,864691135539536754,True,True,dendrite_clean,axon_partially_extended,89236364649948938,864691135539536754
1834,2024-08-21 19:28:33.473511+00:00,,True,172016,121168,21400,864691135865539454,True,True,dendrite_clean,axon_partially_extended,88391252391222587,864691135865539454
1835,2024-08-21 19:28:33.490391+00:00,,True,168512,126896,22073,864691135919756208,True,True,dendrite_clean,axon_partially_extended,87969795974184791,864691135919756208
1838,2024-08-21 19:28:33.540999+00:00,,True,182848,143920,20593,864691135566123607,True,True,dendrite_clean,axon_partially_extended,89942388352671324,864691135566123607
1839,2024-08-21 19:28:33.558644+00:00,,True,183072,135408,21782,864691135916714854,True,True,dendrite_extended,axon_partially_extended,89941288975444987,864691135916714854
1840,2024-08-21 19:28:33.576939+00:00,,True,179136,152704,21579,864691135640297787,True,True,dendrite_clean,axon_partially_extended,89380606764495324,864691135640297787
1841,2024-08-21 19:28:33.596912+00:00,,True,187392,140192,21954,864691135755229901,True,True,dendrite_clean,axon_partially_extended,90504857404304935,864691135755229901
1842,2024-08-21 19:28:33.614865+00:00,,True,174496,133136,22519,864691135763402550,True,True,dendrite_extended,axon_partially_extended,88744676794369404,864691135763402550
1843,2024-08-21 19:28:33.631425+00:00,,True,189312,134976,20835,864691135276234469,True,True,dendrite_clean,axon_partially_extended,90785645051964842,864691135276234469
1844,2024-08-21 19:28:33.649083+00:00,,True,170656,145840,22281,864691134948899324,True,True,dendrite_clean,axon_partially_extended,88253813571803522,864691134948899324
1847,2024-08-21 19:28:33.698202+00:00,,True,185568,148912,21272,864691135640325435,True,True,dendrite_clean,axon_partially_extended,90294919335597425,864691135640325435
1848,2024-08-21 19:28:33.714416+00:00,,True,171888,132064,21298,864691136125099814,True,True,dendrite_clean,axon_partially_extended,88392695500113733,864691136125099814
2858,2024-12-15 02:30:56.300413+00:00,,True,180256,243664,24472,864691135763447862,True,True,dendrite_extended,axon_partially_extended,89533576655636848,864691135763447862
2859,2024-12-15 02:30:56.312961+00:00,,True,180720,237360,22633,864691135989998080,True,True,dendrite_extended,axon_partially_extended,89603120564435163,864691135989998080
2860,2024-12-15 02:30:56.325193+00:00,,True,194944,238544,24036,864691136488621842,True,True,dendrite_extended,axon_partially_extended,91573582975001465,864691136488621842
2861,2024-12-15 02:30:56.337067+00:00,,True,194720,255472,23919,864691136579217172,True,True,dendrite_extended,axon_partially_extended,91575850717611646,864691136579217172
2863,2024-12-15 02:30:56.364750+00:00,,True,188384,193616,22031,864691136010027182,True,True,dendrite_extended,axon_partially_extended,90652741784873644,864691136010027182
2864,2024-12-15 02:30:56.376582+00:00,,True,191536,143552,21481,864691136228491601,True,True,dendrite_clean,axon_partially_extended,91138588351794214,864691136228491601
2865,2024-12-15 02:30:56.388746+00:00,,True,175328,127936,22400,864691135473477426,True,True,dendrite_clean,axon_partially_extended,88884727087844075,864691135473477426
2866,2024-12-15 02:30:56.402272+00:00,,True,187504,102896,21656,864691136674749575,True,True,dendrite_extended,axon_fully_extended,90570209626369807,864691136674749575
2868,2024-12-15 02:30:56.429457+00:00,,True,177232,107696,22292,864691136420507799,True,True,dendrite_clean,axon_partially_extended,89163453285353743,864691136420507799
2869,2024-12-15 02:30:56.445042+00:00,,True,172000,122128,21628,864691135919854768,True,True,dendrite_clean,axon_partially_extended,88391389896949075,864691135919854768
2871,2024-12-15 02:30:56.471803+00:00,,True,172256,107072,20992,864691135346598047,True,True,dendrite_extended,axon_partially_extended,88459696923033940,864691135346598047
2872,2024-12-15 02:30:56.483674+00:00,,True,184112,110128,20397,864691135585494648,True,True,dendrite_extended,axon_partially_extended,90078590288817549,864691135585494648
2873,2024-12-15 02:30:56.495708+00:00,,True,182368,131488,22376,864691135527472987,True,True,dendrite_clean,axon_partially_extended,89870370542667010,864691135527472987
2874,2024-12-15 02:30:56.506923+00:00,,True,168592,129152,22218,864691136042486358,True,True,dendrite_clean,axon_partially_extended,87970070852291569,864691136042486358
2875,2024-12-15 02:30:56.519421+00:00,,True,178896,255952,23903,864691135562048225,True,True,dendrite_extended,axon_partially_extended,89394488367614283,864691135562048225
2876,2024-12-15 02:30:56.533035+00:00,,True,195584,220128,23351,864691135778331232,True,True,dendrite_extended,axon_partially_extended,91641477750729499,864691135778331232
2877,2024-12-15 02:30:56.547505+00:00,,True,194176,244784,23822,864691135591548171,True,True,dendrite_extended,axon_partially_extended,91504038864310487,864691135591548171
2878,2024-12-15 02:30:56.560430+00:00,,True,187344,175424,21966,864691135996290474,True,True,dendrite_extended,axon_partially_extended,90509599048261937,864691135996290474
2879,2024-12-15 02:30:56.572396+00:00,,True,174304,164096,21325,864691135476311616,True,True,dendrite_clean,axon_partially_extended,88748868548051707,864691135476311616
2880,2024-12-15 02:30:56.584770+00:00,,True,189552,178432,20566,864691135646017007,True,True,dendrite_extended,axon_partially_extended,90861854951370151,864691135646017007
2881,2024-12-15 02:30:56.595978+00:00,,True,178416,176592,21133,864691135546339880,True,True,dendrite_extended,axon_partially_extended,89313467768719862,864691135546339880
14,2024-06-03 19:45:52.512832+00:00,,True,173184,217472,21929,864691136195284556,True,True,dendrite_extended,axon_fully_extended,88615277952475942,864691136195284556
18,2024-06-03 19:45:52.516196+00:00,,True,177437,213778,19873,864691135479404742,True,True,dendrite_extended,axon_interareal,89177746601127042,864691135479404742
19,2024-06-03 19:45:52.516972+00:00,,True,332563,120074,18680,864691135975539779,True,True,dendrite_extended,axon_interareal,110486900288339126,864691135975539779
20,2024-06-03 19:45:52.517750+00:00,,True,332044,190880,19309,864691136210344892,True,True,dendrite_extended,axon_interareal,110426014899191850,864691136210344892
23,2024-06-03 19:45:52.520103+00:00,,True,322183,176189,22803,864691135975633475,True,True,dendrite_extended,axon_interareal,109087016364643885,864691135975633475
2937,2025-01-06 21:23:53.627778+00:00,,True,170640,174448,20747,864691136664308446,True,True,dendrite_extended,axon_partially_extended,88257661661152795,864691136664308446
27,2024-06-03 19:45:52.523007+00:00,,True,332593,136702,19643,864691135497743635,True,True,dendrite_extended,axon_interareal,110489099445730084,864691135497743635
28,2024-06-03 19:45:52.523765+00:00,,True,325539,127325,19524,864691136108938168,True,True,dendrite_extended,axon_interareal,109502700076506995,864691136108938168
30,2024-06-03 19:45:52.525188+00:00,,True,168181,161960,21511,864691136023889209,True,True,dendrite_extended,axon_interareal,87904100087286054,864691136023889209
31,2024-06-03 19:45:52.525918+00:00,,True,267551,204473,25114,864691135212863360,True,True,dendrite_extended,axon_fully_extended,101561340644099748,864691135212863360
32,2024-06-03 19:45:52.526650+00:00,,True,310460,110729,19085,864691136309871706,True,True,dendrite_extended,axon_interareal,107459738685598932,864691136309871706
34,2024-06-03 19:45:52.528237+00:00,,True,152409,226078,19308,864691136903144370,True,True,dendrite_extended,axon_interareal,85731327336693119,864691136903144370
35,2024-06-03 19:45:52.528938+00:00,,True,341269,190981,20318,864691135572530981,True,True,dendrite_extended,axon_interareal,111692652428579758,864691135572530981
36,2024-06-03 19:45:52.529630+00:00,,True,278320,169248,25240,864691135857099310,True,True,dendrite_extended,axon_partially_extended,103034411347552977,864691135857099310
37,2024-06-03 19:45:52.530332+00:00,,True,332533,156951,19993,864691135915343462,True,True,dendrite_extended,axon_interareal,110491848291722972,864691135915343462
38,2024-06-03 19:45:52.531015+00:00,,True,176651,134176,25806,864691135816565839,True,True,dendrite_extended,axon_interareal,89026289679485900,864691135816565839
3438,2025-03-24 20:49:59.457604+00:00,,True,333436,104369,20076,864691134886828794,True,True,dendrite_clean,axon_interareal,110625507674057836,864691134886828794
40,2024-06-03 19:45:52.532397+00:00,,True,317058,156414,24562,864691135700409211,True,True,dendrite_extended,axon_interareal,108380717784334769,864691135700409211
42,2024-06-03 19:45:52.533760+00:00,,True,295774,123171,23440,864691135749141801,True,True,dendrite_extended,axon_interareal,105420763628551975,864691135749141801
43,2024-06-03 19:45:52.534440+00:00,,True,206577,133261,18640,864691136990522517,True,True,dendrite_extended,axon_interareal,93177907207497424,864691136990522517
45,2024-06-03 19:45:52.536143+00:00,,True,180288,191664,22600,864691135256861871,True,True,dendrite_extended,axon_fully_extended,89596935811480209,864691135256861871
47,2024-06-03 19:45:52.537810+00:00,,True,300576,115616,23080,864691136137834877,True,True,dendrite_extended,axon_interareal,106053051533554699,864691136137834877
49,2024-06-03 19:45:52.539183+00:00,,True,304080,101984,21853,864691135772053835,True,True,dendrite_extended,axon_interareal,106543777116022032,864691135772053835
50,2024-06-03 19:45:52.539855+00:00,,True,328203,118745,18982,864691135701624699,True,True,dendrite_extended,axon_interareal,109853375499143509,864691135701624699
53,2024-06-03 19:45:52.541935+00:00,,True,291803,169742,22256,864691136391623039,True,True,dendrite_extended,axon_interareal,104864067013098853,864691136391623039
54,2024-06-03 19:45:52.542605+00:00,,True,320911,155330,25498,864691135593659947,True,True,dendrite_extended,axon_interareal,108873092969256720,864691135593659947
56,2024-06-03 19:45:52.544223+00:00,,True,234301,183249,24049,864691135699487522,True,True,dendrite_extended,axon_fully_extended,96984554573223783,864691135699487522
57,2024-06-03 19:45:52.544898+00:00,,True,181440,122864,21327,864691135361314119,True,True,dendrite_extended,axon_fully_extended,89728464688927877,864691135361314119
58,2024-06-03 19:45:52.545538+00:00,,True,220387,188733,22882,864691135361291591,True,True,dendrite_extended,axon_fully_extended,95085354260331953,864691135361291591
59,2024-06-03 19:45:52.546198+00:00,,True,292612,167390,24276,864691136023980601,True,True,dendrite_extended,axon_interareal,105004461172496411,864691136023980601
7,2024-06-03 19:45:52.506448+00:00,,True,181552,188512,20422,864691135163673901,True,True,dendrite_extended,axon_fully_extended,89737260647882239,864691135163673901
9,2024-06-03 19:45:52.508002+00:00,,True,332369,118815,17518,864691136812081779,True,True,dendrite_extended,axon_interareal,110486693995521385,864691136812081779
3330,2025-03-12 23:44:50.236196+00:00,,True,177456,148592,22597,864691135809280541,True,True,dendrite_clean,axon_partially_extended,89168950910397547,864691135809280541
2479,2024-12-10 23:26:41.397825+00:00,,True,185152,185344,21255,864691135617152361,True,True,dendrite_extended,axon_fully_extended,90229429674273122,864691135617152361
2481,2024-12-10 23:29:02.748042+00:00,,True,190464,178672,21489,864691135430356784,True,True,dendrite_extended,axon_fully_extended,90932223763107267,864691135430356784
2483,2024-12-10 23:29:58.817187+00:00,,True,185568,181040,20488,864691136674495623,True,True,dendrite_extended,axon_fully_extended,90299248595218559,864691136674495623
2485,2024-12-10 23:31:01.365319+00:00,,True,191936,207024,20749,864691135849300318,True,True,dendrite_extended,axon_fully_extended,91147109499506660,864691135849300318
2487,2024-12-10 23:32:08.766654+00:00,,True,190352,200160,22227,864691135346975135,True,True,dendrite_extended,axon_fully_extended,90935110115024736,864691135346975135
2489,2024-12-10 23:37:42.272910+00:00,,True,167981,216288,21544,864691135778288573,True,True,dendrite_extended,axon_fully_extended,87911453071334473,864691135778288573
3331,2025-03-12 23:44:50.255104+00:00,,True,183728,157456,23111,864691135455819114,True,True,dendrite_extended,axon_partially_extended,90014612858208416,864691135455819114
3340,2025-03-12 23:44:50.419199+00:00,,True,175888,199648,21374,864691135375767369,True,True,dendrite_extended,axon_fully_extended,88964716424532152,864691135375767369
2901,2024-12-16 00:20:28.453774+00:00,,True,178016,186544,22452,864691135890167433,True,True,dendrite_extended,axon_fully_extended,89244404829115036,864691135890167433
2902,2024-12-16 00:20:28.479513+00:00,,True,186176,195264,21030,864691135755308493,True,True,dendrite_extended,axon_fully_extended,90371472832430555,864691135755308493
2903,2024-12-16 00:20:28.494951+00:00,,True,161072,162176,17674,864691136125440038,True,True,dendrite_extended,axon_partially_extended,86919005851714600,864691136125440038
2907,2024-12-16 00:20:28.557589+00:00,,True,213696,118448,23382,864691135518989962,True,True,dendrite_extended,axon_partially_extended,94161077365279157,864691135518989962
2908,2024-12-16 00:20:28.573078+00:00,,True,298512,119440,24380,864691136445249923,True,True,dendrite_extended,axon_partially_extended,105772057727759421,864691136445249923
2909,2024-12-16 00:20:28.589099+00:00,,True,241312,114032,24129,864691135271081125,True,True,dendrite_extended,axon_partially_extended,97960439928951067,864691135271081125
2910,2024-12-16 00:20:28.604978+00:00,,True,214064,129856,24368,864691134989865338,True,True,dendrite_extended,axon_partially_extended,94233026791598629,864691134989865338
2911,2024-12-16 00:20:28.619330+00:00,,True,331584,99424,22593,864691135468854156,True,True,dendrite_extended,axon_partially_extended,110343345838082828,864691135468854156
2912,2024-12-16 00:20:28.632657+00:00,,True,274992,141440,24152,864691136117695908,True,True,dendrite_extended,axon_partially_extended,102608419176992023,864691136117695908
2914,2024-12-16 00:20:28.662435+00:00,,True,346336,130032,19363,864691135782265424,True,True,dendrite_extended,axon_partially_extended,112388162118470795,864691135782265424
2915,2024-12-16 00:20:28.675646+00:00,,True,255232,211264,22253,864691135308553030,True,True,dendrite_extended,axon_partially_extended,99873452454110675,864691135308553030
2916,2024-12-16 00:20:28.689921+00:00,,True,274864,171248,18547,864691135397982753,True,True,dendrite_extended,axon_partially_extended,102542104143765045,864691135397982753
2917,2024-12-16 00:20:28.704623+00:00,,True,183360,236832,23859,864691135977162051,True,True,dendrite_extended,axon_partially_extended,90025264444461196,864691135977162051
2919,2024-12-16 00:20:28.733199+00:00,,True,172032,160176,22201,864691135339351014,True,True,dendrite_clean,axon_partially_extended,88396475205406121,864691135339351014
2921,2024-12-16 00:20:28.760844+00:00,,True,155888,168784,21662,864691136445557123,True,True,dendrite_extended,axon_partially_extended,86216212299871848,864691136445557123
2925,2025-01-06 21:12:53.804511+00:00,,True,175424,166160,20228,864691135760319822,True,True,dendrite_extended,axon_fully_extended,88889880780042583,864691135760319822
3126,2025-02-04 20:08:34.311159+00:00,,True,189984,240144,24063,864691135852558279,True,True,dendrite_extended,axon_partially_extended,90870101691691771,864691135852558279
3127,2025-02-04 20:08:34.311851+00:00,,True,182208,228320,23518,864691136967985870,True,True,dendrite_extended,axon_partially_extended,89812989913933490,864691136967985870
3128,2025-02-04 20:08:34.312608+00:00,,True,190720,252560,22724,864691135105881165,True,True,dendrite_extended,axon_partially_extended,91012488312925151,864691135105881165
3129,2025-02-04 20:08:34.313311+00:00,,True,193632,257648,25021,864691136725353725,True,True,dendrite_extended,axon_partially_extended,91435388241450176,864691136725353725
3460,2025-03-24 20:49:59.764479+00:00,,True,188960,184416,22034,864691136905560754,True,True,dendrite_extended,axon_partially_extended,90721873578469059,864691136905560754
3461,2025-03-24 20:49:59.777152+00:00,,True,175184,176816,21073,864691135293678006,True,True,dendrite_extended,axon_partially_extended,88891255303573839,864691135293678006
3462,2025-03-24 20:49:59.789378+00:00,,True,182384,178144,20422,864691135493031519,True,True,dendrite_extended,axon_partially_extended,89876623746754967,864691135493031519
3466,2025-03-24 20:49:59.840049+00:00,,True,189728,176128,22032,864691135164283693,True,True,dendrite_extended,axon_partially_extended,90861511555202329,864691135164283693
3467,2025-03-24 20:49:59.852001+00:00,,True,169920,182624,22621,864691136579459604,True,True,dendrite_extended,axon_partially_extended,88118023952683422,864691136579459604
3327,2025-03-12 23:44:50.180304+00:00,,True,191408,253760,23510,864691135473961522,True,True,dendrite_extended,axon_partially_extended,91083063282935716,864691135473961522
3480,2025-03-24 20:50:00.020310+00:00,,True,179872,183584,21726,864691135492991839,True,True,dendrite_extended,axon_partially_extended,89525536141152793,864691135492991839
3328,2025-03-12 23:44:50.199298+00:00,,True,188112,252944,23036,864691135294767884,True,True,dendrite_extended,axon_partially_extended,90660713311839146,864691135294767884
3329,2025-03-12 23:44:50.218217+00:00,,True,187104,112880,20725,864691135809595933,True,True,dendrite_clean,axon_partially_extended,90501215137650063,864691135809595933
3469,2025-03-24 20:49:59.877443+00:00,,True,229904,148176,24546,864691135702430587,True,True,dendrite_extended,axon_partially_extended,96346563018303745,864691135702430587
3470,2025-03-24 20:49:59.889186+00:00,,True,182464,254352,23375,864691136025624889,True,True,dendrite_extended,axon_partially_extended,89886863351269240,864691136025624889
3471,2025-03-24 20:49:59.901400+00:00,,True,182976,241744,22363,864691135343081925,True,True,dendrite_extended,axon_partially_extended,89955513974312297,864691135343081925
3472,2025-03-24 20:49:59.915175+00:00,,True,180016,204592,22798,864691135014600950,True,True,dendrite_extended,axon_partially_extended,89528353773943370,864691135014600950
3473,2025-03-24 20:49:59.928439+00:00,,True,194512,218624,22133,864691135384404954,True,True,dendrite_extended,axon_partially_extended,91500533969484144,864691135384404954
3476,2025-03-24 20:49:59.967475+00:00,,True,191312,192688,20556,864691136392254847,True,True,dendrite_extended,axon_partially_extended,91074816609731706,864691136392254847
3477,2025-03-24 20:49:59.980585+00:00,,True,178304,207200,21460,864691135885663600,True,True,dendrite_extended,axon_partially_extended,89317590937649270,864691135885663600
3117,2025-02-04 20:08:34.304501+00:00,,True,175344,217120,22839,864691135817419343,True,True,dendrite_extended,axon_partially_extended,88896684343828546,864691135817419343
3121,2025-02-04 20:08:34.307593+00:00,,True,176576,218448,22955,864691136579358228,True,True,dendrite_extended,axon_partially_extended,89037627990737034,864691136579358228
3122,2025-02-04 20:08:34.308312+00:00,,True,187392,236240,23393,864691135773635403,True,True,dendrite_extended,axon_partially_extended,90517776867205659,864691135773635403
3123,2025-02-04 20:08:34.309033+00:00,,True,190880,254192,24353,864691135778604640,True,True,dendrite_extended,axon_partially_extended,91012763392290136,864691135778604640
3124,2025-02-04 20:08:34.309728+00:00,,True,197440,238832,22224,864691135787093956,True,True,dendrite_extended,axon_partially_extended,91925495213754589,864691135787093956
2480,2024-12-10 23:27:32.768966+00:00,,True,187280,162544,22042,864691135479830982,True,True,dendrite_extended,axon_fully_extended,90507881127926748,864691135479830982
2482,2024-12-10 23:29:34.687389+00:00,,True,170912,190448,21224,864691136210743740,True,True,dendrite_extended,axon_fully_extended,88259792032018274,864691136210743740
2484,2024-12-10 23:30:32.221790+00:00,,True,176816,180272,20152,864691135572346349,True,True,dendrite_extended,axon_fully_extended,89102842438355845,864691135572346349
2486,2024-12-10 23:31:38.563617+00:00,,True,191104,183312,22101,864691134886663674,True,True,dendrite_extended,axon_fully_extended,91073579860478663,864691134886663674
2488,2024-12-10 23:32:42.487687+00:00,,True,189472,189024,21637,864691136107603673,True,True,dendrite_extended,axon_fully_extended,90792860730994376,864691136107603673
3431,2025-03-24 20:49:59.346201+00:00,,True,184384,108896,21755,864691135258083503,True,True,dendrite_clean,axon_fully_extended,90148821795140164,864691135258083503
3432,2025-03-24 20:49:59.367430+00:00,,True,191248,111408,21575,864691136335553971,True,True,dendrite_extended,axon_fully_extended,91063959066607860,864691136335553971
3433,2025-03-24 20:49:59.386657+00:00,,True,161904,168048,24326,864691135868916246,True,True,dendrite_extended,axon_partially_extended,87060500126712703,864691135868916246
3434,2025-03-24 20:49:59.401410+00:00,,True,243952,165104,19442,864691136725343485,True,True,dendrite_extended,axon_partially_extended,98319154926905916,864691136725343485
3436,2025-03-24 20:49:59.429386+00:00,,True,171104,176624,18476,864691135562474977,True,True,dendrite_extended,axon_partially_extended,88328305014564369,864691135562474977
3439,2025-03-24 20:49:59.473584+00:00,,True,179696,228992,22023,864691136058023640,True,True,dendrite_extended,axon_partially_extended,89461214777742409,864691136058023640
3486,2025-03-28 15:50:18.401516+00:00,,True,194496,266752,25204,864691136033849019,True,True,dendrite_extended,axon_partially_extended,91506994002967564,864691136033849019
3441,2025-03-24 20:49:59.502473+00:00,,True,170336,109808,21034,864691135741458324,True,True,dendrite_clean,axon_partially_extended,88178634329772691,864691135741458324
3442,2025-03-24 20:49:59.516533+00:00,,True,191600,145728,20687,864691135875121038,True,True,dendrite_clean,axon_partially_extended,91138931881705166,864691135875121038
3443,2025-03-24 20:49:59.531958+00:00,,True,170256,159232,21558,864691136006493898,True,True,dendrite_clean,axon_partially_extended,88185231466645409,864691136006493898
3445,2025-03-24 20:49:59.558980+00:00,,True,175312,148848,20723,864691135655894978,True,True,dendrite_clean,axon_partially_extended,88887544384930048,864691135655894978
3446,2025-03-24 20:49:59.572950+00:00,,True,170880,167952,21220,864691135742301291,True,True,dendrite_clean,axon_partially_extended,88256768375042549,864691135742301291
3448,2025-03-24 20:49:59.603282+00:00,,True,179920,167104,20924,864691135993550529,True,True,dendrite_clean,axon_partially_extended,89523268264453192,864691135993550529
3449,2025-03-24 20:49:59.617001+00:00,,True,169456,143168,22057,864691136967855566,True,True,dendrite_clean,axon_partially_extended,88042363741612639,864691136967855566
3450,2025-03-24 20:49:59.632994+00:00,,True,157984,151216,20191,864691137055712630,True,True,dendrite_extended,axon_partially_extended,86495281893676576,864691137055712630
3452,2025-03-24 20:49:59.660985+00:00,,True,205824,150848,23452,864691135342958789,True,True,dendrite_extended,axon_partially_extended,93039575505052682,864691135342958789
3454,2025-03-24 20:49:59.688488+00:00,,True,225216,161104,24619,864691135396115445,True,True,dendrite_extended,axon_partially_extended,95714962374210032,864691135396115445
3455,2025-03-24 20:49:59.700907+00:00,,True,179904,149920,24348,864691136196517452,True,True,dendrite_extended,axon_partially_extended,89521000991262063,864691136196517452
3456,2025-03-24 20:49:59.713454+00:00,,True,188960,176432,20155,864691135324725404,True,True,dendrite_extended,axon_partially_extended,90720842518124669,864691135324725404
3457,2025-03-24 20:49:59.725291+00:00,,True,192016,202448,22622,864691136195798504,True,True,dendrite_extended,axon_partially_extended,91146560011902989,864691136195798504
3458,2025-03-24 20:49:59.738753+00:00,,True,178096,158944,22197,864691136006519498,True,True,dendrite_clean,axon_partially_extended,89240762696564988,864691136006519498
3459,2025-03-24 20:49:59.751255+00:00,,True,241040,159440,18166,864691135809568029,True,True,dendrite_extended,axon_partially_extended,97896186413108456,864691135809568029
3487,2025-03-28 15:50:18.402231+00:00,,True,195888,265648,23830,864691135727496511,True,True,dendrite_extended,axon_partially_extended,91717962595375646,864691135727496511
3131,2025-02-04 20:15:51.240950+00:00,,True,185968,238992,22196,864691136021997560,True,True,dendrite_extended,axon_partially_extended,90377382841787307,864691136021997560
3132,2025-02-04 20:15:51.259178+00:00,,True,186720,213216,23160,864691135685952695,True,True,dendrite_extended,axon_partially_extended,90444315746294521,864691135685952695
3134,2025-02-04 20:15:51.293951+00:00,,True,178896,244624,22415,864691135476581440,True,True,dendrite_extended,axon_partially_extended,89392976337783349,864691135476581440
3135,2025-02-04 20:15:51.310672+00:00,,True,187392,235648,21906,864691135527713115,True,True,dendrite_extended,axon_partially_extended,90517639226984467,864691135527713115
3137,2025-02-04 20:15:51.343718+00:00,,True,189056,243456,22415,864691135993615041,True,True,dendrite_extended,axon_partially_extended,90800213782402531,864691135993615041
3138,2025-02-04 20:15:51.360786+00:00,,True,192752,236736,22366,864691136927119946,True,True,dendrite_extended,axon_partially_extended,91291832918895020,864691136927119946
3139,2025-02-04 20:15:51.378636+00:00,,True,174880,221440,21882,864691135350420951,True,True,dendrite_extended,axon_partially_extended,88826933940808826,864691135350420951
3140,2025-02-04 20:15:51.396871+00:00,,True,175216,228528,22110,864691135083577335,True,True,dendrite_extended,axon_partially_extended,88898196104952629,864691135083577335
3141,2025-02-04 20:15:51.414821+00:00,,True,175616,238560,22234,864691135773640699,True,True,dendrite_extended,axon_partially_extended,88899570494627098,864691135773640699
3684,2025-05-16 23:34:24.458711+00:00,,True,148636,254883,26330,864691135431441968,False,True,none,axon_fully_extended,85242595357463897,864691135431441968
3144,2025-02-04 20:15:51.473338+00:00,,True,188112,212400,22149,864691136905458866,True,True,dendrite_extended,axon_partially_extended,90655284405674894,864691136905458866
3146,2025-02-04 20:15:51.511590+00:00,,True,175408,235104,22108,864691135503293250,True,True,dendrite_extended,axon_partially_extended,88899089458137048,864691135503293250
3148,2025-02-04 20:15:51.549506+00:00,,True,185104,222400,22620,864691135369002233,True,True,dendrite_extended,axon_partially_extended,90234377677713769,864691135369002233
3149,2025-02-04 20:15:51.567690+00:00,,True,182064,221088,21879,864691135510846217,True,True,dendrite_extended,axon_partially_extended,89812027639804847,864691135510846217
3152,2025-02-04 20:15:51.622387+00:00,,True,189904,212288,21834,864691135447540882,True,True,dendrite_extended,axon_partially_extended,90866390571315951,864691135447540882
3153,2025-02-04 20:15:51.640641+00:00,,True,182384,221984,21630,864691135196037930,True,True,dendrite_extended,axon_partially_extended,89882533822646469,864691135196037930
3154,2025-02-04 20:15:51.660442+00:00,,True,186192,231456,22143,864691135866223998,True,True,dendrite_extended,axon_partially_extended,90376352049592197,864691135866223998
3156,2025-02-04 20:15:51.699677+00:00,,True,188864,236160,22245,864691135764062006,True,True,dendrite_extended,axon_partially_extended,90728814245883833,864691135764062006
3159,2025-02-04 20:15:51.753588+00:00,,True,190928,197184,20620,864691136010928046,True,True,dendrite_extended,axon_partially_extended,91005066340934762,864691136010928046
3162,2025-02-04 20:15:51.805309+00:00,,True,173376,206128,21613,864691135448127572,True,True,dendrite_extended,axon_partially_extended,88613766123653562,864691135448127572
3163,2025-02-04 20:15:51.820138+00:00,,True,190928,183216,21500,864691136523472529,True,True,dendrite_extended,axon_partially_extended,91003210982548715,864691136523472529
3164,2025-02-04 20:15:51.836501+00:00,,True,179680,201408,20426,864691135398243105,True,True,dendrite_extended,axon_partially_extended,89457503658101416,864691135398243105
3166,2025-02-04 20:15:51.870104+00:00,,True,169888,206416,21665,864691135868919318,True,True,dendrite_extended,axon_partially_extended,88121184914484399,864691135868919318
3167,2025-02-04 20:15:51.887379+00:00,,True,169200,196928,20410,864691135646292719,True,True,dendrite_extended,axon_partially_extended,88049579018705047,864691135646292719
3169,2025-02-04 20:15:51.922466+00:00,,True,170096,206400,22081,864691135716679194,True,True,dendrite_extended,axon_partially_extended,88191553725618621,864691135716679194
3170,2025-02-04 20:15:51.939164+00:00,,True,173872,207776,22584,864691136927176778,True,True,dendrite_extended,axon_partially_extended,88684341160399894,864691136927176778
3171,2025-02-04 20:15:51.956518+00:00,,True,175968,205904,21793,864691136927187786,True,True,dendrite_extended,axon_partially_extended,88965541125270891,864691136927187786
3174,2025-02-04 20:15:52.009331+00:00,,True,173648,193520,20245,864691136195652328,True,True,dendrite_extended,axon_partially_extended,88682416679757238,864691136195652328
3175,2025-02-04 20:15:52.027092+00:00,,True,186448,177008,20879,864691135324705692,True,True,dendrite_extended,axon_partially_extended,90439436328259661,864691135324705692
3179,2025-02-04 20:15:52.096919+00:00,,True,170208,210112,22512,864691135868684566,True,True,dendrite_extended,axon_partially_extended,88192034762490235,864691135868684566
3481,2025-03-28 15:50:18.397678+00:00,,True,194960,267712,23652,864691135782923600,True,True,dendrite_extended,axon_partially_extended,91577499984735769,864691135782923600
3482,2025-03-28 15:50:18.398596+00:00,,True,186048,267776,25228,864691136195906774,True,True,dendrite_extended,axon_partially_extended,90381231535058816,864691136195906774
3483,2025-03-28 15:50:18.399337+00:00,,True,199120,267648,25596,864691135492688871,True,True,dendrite_extended,axon_partially_extended,92140450139838331,864691135492688871
3484,2025-03-28 15:50:18.400086+00:00,,True,190944,265184,25537,864691135619541903,True,True,dendrite_extended,axon_partially_extended,91014206635613152,864691135619541903
3485,2025-03-28 15:50:18.400795+00:00,,True,187392,269600,25372,864691135878151251,True,True,dendrite_extended,axon_partially_extended,90522243901481308,864691135878151251
3488,2025-03-28 15:50:18.402963+00:00,,True,194576,268912,25481,864691136975583516,True,True,dendrite_extended,axon_partially_extended,91507268881070076,864691136975583516
3489,2025-03-28 15:50:18.403653+00:00,,True,185424,266032,23985,864691135662460400,True,True,dendrite_extended,axon_partially_extended,90310656431528110,864691135662460400
3490,2025-03-28 15:50:18.404354+00:00,,True,204752,273328,25043,864691135782899536,True,True,dendrite_extended,axon_partially_extended,92915262172890410,864691135782899536
3492,2025-03-28 15:50:18.405845+00:00,,True,206368,272128,24718,864691135782890064,True,True,dendrite_extended,axon_partially_extended,93126230966195906,864691135782890064
3494,2025-03-28 15:50:18.407201+00:00,,True,201280,265632,24091,864691135587260796,True,True,dendrite_extended,axon_partially_extended,92492018848169562,864691135587260796
3495,2025-03-28 15:50:18.407878+00:00,,True,188336,256128,24268,864691136392355711,True,True,dendrite_extended,axon_partially_extended,90661125829727188,864691136392355711
3496,2025-03-28 15:50:18.408552+00:00,,True,192672,254080,24636,864691136118346148,True,True,dendrite_extended,axon_partially_extended,91294169716317121,864691136118346148
3497,2025-03-28 15:50:18.409247+00:00,,True,194288,250688,24029,864691136991901845,True,True,dendrite_extended,axon_partially_extended,91504863498245500,864691136991901845
3498,2025-03-28 15:50:18.409933+00:00,,True,195744,241616,22156,864691135183693826,True,True,dendrite_extended,axon_partially_extended,91714732578520135,864691135183693826
3541,2025-04-20 19:07:27.510738+00:00,,True,187728,161520,20934,864691136742774108,True,True,dendrite_extended,axon_partially_extended,90578112232378099,864691136742774108
3524,2025-04-18 23:18:32.893293+00:00,,True,365708,206539,14860,864691135659538306,False,True,none,axon_fully_extended,115072481781352645,864691135659538306
3525,2025-04-18 23:18:32.894229+00:00,,True,194447,217359,27160,864691135470255698,False,True,none,axon_fully_extended,91500397201504223,864691135470255698
3523,2025-04-03 23:18:20.118058+00:00,,True,368712,254054,21013,864691135157622884,False,True,none,axon_fully_extended,115501017243605199,864691135157622884
3517,2025-04-02 16:01:20.831689+00:00,,True,204816,268048,24582,864691135493077855,True,True,dendrite_extended,axon_partially_extended,92914574977688139,864691135493077855
3518,2025-04-02 16:01:20.832646+00:00,,True,188576,268384,23475,864691135755693261,True,True,dendrite_extended,axon_partially_extended,90733143707295627,864691135755693261
3519,2025-04-02 16:01:20.833395+00:00,,True,198128,270400,25565,864691136620397965,True,True,dendrite_extended,axon_partially_extended,92000056248765421,864691136620397965
3520,2025-04-02 16:01:20.834129+00:00,,True,185824,267072,25428,864691135119409885,True,True,dendrite_extended,axon_partially_extended,90310794071693960,864691135119409885
3521,2025-04-02 16:01:20.834836+00:00,,True,194416,264944,25353,864691136274786494,True,True,dendrite_extended,axon_partially_extended,91506787844694886,864691136274786494
3527,2025-04-20 17:18:00.271755+00:00,,True,176304,124640,23045,864691135447638356,True,True,dendrite_extended,axon_fully_extended,89025052393080867,864691135447638356
3553,2025-04-20 22:11:03.034095+00:00,,True,184384,218256,22840,864691135339772902,True,True,dendrite_extended,axon_partially_extended,90163459177995331,864691135339772902
3552,2025-04-20 21:44:33.755160+00:00,,True,178160,223344,20216,864691135817602127,True,True,dendrite_extended,axon_partially_extended,89249352362824046,864691135817602127
3529,2025-04-20 17:32:58.361811+00:00,,True,193152,118976,21021,864691135441799752,True,True,dendrite_extended,axon_fully_extended,91346396048860133,864691135441799752
3533,2025-04-20 18:01:25.011988+00:00,,True,303659,166262,17349,864691135082864887,True,True,dendrite_extended,axon_fully_extended,106552435166206532,864691135082864887
3535,2025-04-20 18:23:11.458689+00:00,,True,187600,180944,22001,864691135779297981,True,True,dendrite_extended,axon_partially_extended,90580723706717010,864691135779297981
3538,2025-04-20 18:53:22.919516+00:00,,True,172368,209936,22622,864691135350542039,True,True,dendrite_extended,axon_fully_extended,88473509805848805,864691135350542039
3554,2025-04-20 23:04:07.298345+00:00,,True,176368,188864,21766,864691135388828289,True,True,dendrite_extended,axon_partially_extended,89033642126703313,864691135388828289
2476,2024-12-10 23:15:03.885125+00:00,,True,179456,149584,21162,864691136052828915,True,True,dendrite_extended,axon_fully_extended,89450563124843868,864691136052828915
3798,2025-07-11 16:54:43.532504+00:00,,True,172992,129088,23134,864691135375976521,True,True,dendrite_extended,axon_fully_extended,88533020939800518,864691135375976521
3799,2025-07-11 16:54:43.533300+00:00,,True,211344,194208,22416,864691135274622481,True,True,dendrite_extended,axon_fully_extended,93819403992763776,864691135274622481
3499,2025-03-28 15:51:16.769925+00:00,,True,169168,168480,21133,864691136380816597,True,True,dendrite_extended,axon_partially_extended,88045730861895569,864691136380816597
3004,2025-01-07 21:34:01.329588+00:00,,True,168144,163072,22156,864691134949237756,True,True,dendrite_clean,axon_partially_extended,87904306312961552,864691134949237756
3005,2025-01-07 21:34:01.342831+00:00,,True,181680,160112,21810,864691136006393034,True,True,dendrite_extended,axon_partially_extended,89733481277827590,864691136006393034
3006,2025-01-07 21:34:01.357179+00:00,,True,172464,175072,20483,864691135339516390,True,True,dendrite_extended,axon_partially_extended,88468836612844753,864691135339516390
3500,2025-03-28 15:51:16.795013+00:00,,True,173104,156464,22608,864691136118337956,True,True,dendrite_extended,axon_partially_extended,88607100468587301,864691136118337956
3008,2025-01-07 21:34:01.387861+00:00,,True,161168,138304,19698,864691134949221372,True,True,dendrite_extended,axon_partially_extended,86915776304724899,864691134949221372
3009,2025-01-07 21:34:01.403888+00:00,,True,194976,237360,21952,864691135211756736,True,True,dendrite_extended,axon_partially_extended,91573445267568857,864691135211756736
3010,2025-01-07 21:34:01.421567+00:00,,True,177680,141296,21464,864691135941276838,True,True,dendrite_clean,axon_partially_extended,89167988636844004,864691135941276838
3011,2025-01-07 21:34:01.438084+00:00,,True,170784,162192,20696,864691135339530726,True,True,dendrite_clean,axon_partially_extended,88256012393674444,864691135339530726
3800,2025-07-11 16:54:43.534031+00:00,,True,166192,126896,22558,864691135866558078,True,True,dendrite_extended,axon_fully_extended,87617952320375226,864691135866558078
3501,2025-03-28 15:51:16.812380+00:00,,True,184720,190048,20499,864691136118359716,True,True,dendrite_extended,axon_partially_extended,90159679337994436,864691136118359716
3705,2025-06-06 14:42:00.817977+00:00,,True,225553,214203,27154,864691135689015264,False,True,none,axon_fully_extended,95792409560019481,864691135689015264
3706,2025-06-06 14:42:00.818778+00:00,,True,209452,237942,27158,864691135294194358,False,True,none,axon_fully_extended,93614208305917568,864691135294194358
3801,2025-07-11 16:54:43.534767+00:00,,True,168400,196272,23141,864691137199419457,True,True,dendrite_extended,axon_fully_extended,87908704493685863,864691137199419457
3803,2025-07-11 16:54:43.536862+00:00,,True,165600,198736,22538,864691135948685665,True,True,dendrite_extended,axon_fully_extended,87557204302938390,864691135948685665
3804,2025-07-11 16:54:43.537712+00:00,,True,200096,197552,23523,864691135811349452,True,True,dendrite_extended,axon_fully_extended,92271772791543513,864691135811349452
3530,2025-04-20 17:35:31.119866+00:00,,True,344768,115350,19786,864691135952122147,True,True,dendrite_extended,axon_fully_extended,112175063088115757,864691135952122147
3534,2025-04-20 18:04:44.565502+00:00,,True,336825,133707,20386,864691135801604706,True,True,dendrite_extended,axon_fully_extended,111051637149688258,864691135801604706
3536,2025-04-20 18:27:21.349732+00:00,,True,178704,225616,22156,864691136967869902,True,True,dendrite_extended,axon_partially_extended,89320064972687098,864691136967869902
3539,2025-04-20 18:55:30.998928+00:00,,True,190208,236352,23153,864691135773776459,True,True,dendrite_extended,axon_partially_extended,90939989331973993,864691135773776459
3542,2025-04-20 19:09:52.756113+00:00,,True,214448,166000,21225,864691135503836253,True,True,dendrite_extended,axon_partially_extended,94237836752233945,864691135503836253
553,2024-06-03 19:45:52.884294+00:00,,True,197504,241840,23068,864691136904366770,True,True,dendrite_extended,axon_partially_extended,91925838945129942,864691136904366770
567,2024-06-03 19:45:52.893389+00:00,,True,309145,113377,18584,864691136136778621,True,True,dendrite_clean,axon_interareal,107249044702858538,864691136136778621
581,2024-06-03 19:45:52.902554+00:00,,True,348448,136208,19603,864691135927647956,True,True,dendrite_clean,axon_interareal,112670461795715735,864691135927647956
2492,2024-12-11 23:39:31.164885+00:00,,True,168640,158976,22594,864691135562001633,True,True,dendrite_extended,axon_fully_extended,87974125368373600,864691135562001633
2972,2025-01-07 21:34:00.771875+00:00,,True,180064,154512,18785,864691135384344043,True,True,dendrite_extended,axon_partially_extended,89521618728416752,864691135384344043
2974,2025-01-07 21:34:00.842661+00:00,,True,158256,148864,18812,864691135368949241,True,True,dendrite_extended,axon_partially_extended,86565375558761034,864691135368949241
2978,2025-01-07 21:34:00.914284+00:00,,True,189040,118352,21048,864691135395833333,True,True,dendrite_extended,axon_partially_extended,90783377375988057,864691135395833333
2983,2025-01-07 21:34:01.002100+00:00,,True,175264,198256,21776,864691136067205016,True,True,dendrite_extended,axon_partially_extended,88894141588921425,864691136067205016
2984,2025-01-07 21:34:01.018780+00:00,,True,217520,113904,18664,864691136924515300,True,True,dendrite_extended,axon_partially_extended,94653108214616288,864691136924515300
2985,2025-01-07 21:34:01.034882+00:00,,True,290512,135840,24733,864691135489836346,True,True,dendrite_extended,axon_partially_extended,104718725655265723,864691135489836346
2986,2025-01-07 21:34:01.051828+00:00,,True,248592,177280,19566,864691135849426270,True,True,dendrite_extended,axon_partially_extended,98954054239158953,864691135849426270
2989,2025-01-07 21:34:01.107845+00:00,,True,176272,133792,20486,864691134919349258,True,True,dendrite_clean,axon_partially_extended,89026220288670277,864691134919349258
2990,2025-01-07 21:34:01.123358+00:00,,True,177552,147120,22175,864691135990134784,True,True,dendrite_clean,axon_partially_extended,89168744684965696,864691135990134784
2991,2025-01-07 21:34:01.138486+00:00,,True,178272,117216,22234,864691135469060236,True,True,dendrite_clean,axon_partially_extended,89305496443724604,864691135469060236
2992,2025-01-07 21:34:01.153705+00:00,,True,170080,134848,21253,864691135617640041,True,True,dendrite_clean,axon_partially_extended,88181932864912744,864691135617640041
2994,2025-01-07 21:34:01.188891+00:00,,True,188240,205552,20655,864691136424640047,True,True,dendrite_extended,axon_partially_extended,90654390851161771,864691136424640047
2995,2025-01-07 21:34:01.204400+00:00,,True,192720,148432,21414,864691134949350652,True,True,dendrite_clean,axon_partially_extended,91280013034772390,864691134949350652
2996,2025-01-07 21:34:01.219255+00:00,,True,183600,154128,21236,864691134919403530,True,True,dendrite_clean,axon_partially_extended,90014131553636285,864691134919403530
2997,2025-01-07 21:34:01.232980+00:00,,True,167504,157568,22162,864691136313406781,True,True,dendrite_extended,axon_partially_extended,87833181654556615,864691136313406781
2999,2025-01-07 21:34:01.259514+00:00,,True,174592,168448,21974,864691135067197252,True,True,dendrite_clean,axon_partially_extended,88749418371135815,864691135067197252
3000,2025-01-07 21:34:01.272927+00:00,,True,173136,160032,21832,864691135996497834,True,True,dendrite_clean,axon_partially_extended,88607581371011067,864691135996497834
3002,2025-01-07 21:34:01.301756+00:00,,True,171264,163856,21889,864691135782714704,True,True,dendrite_clean,axon_partially_extended,88326587430689074,864691135782714704
3003,2025-01-07 21:34:01.315975+00:00,,True,189872,153184,20514,864691135941435393,True,True,dendrite_clean,axon_partially_extended,90858418977449568,864691135941435393
3503,2025-03-28 16:04:45.857900+00:00,,True,251881,235632,14856,864691136118294692,False,True,none,axon_fully_extended,99384100120433887,864691136118294692
3531,2025-04-20 17:38:03.270650+00:00,,True,324588,177956,19221,864691136521831825,True,True,dendrite_extended,axon_fully_extended,109368765749515987,864691136521831825
3537,2025-04-20 18:50:51.927470+00:00,,True,186608,217536,22821,864691135388828033,True,True,dendrite_extended,axon_partially_extended,90444865435207129,864691135388828033
3540,2025-04-20 18:59:11.412809+00:00,,True,188624,233168,22038,864691135577135390,True,True,dendrite_extended,axon_partially_extended,90728470648250812,864691135577135390
3543,2025-04-20 19:10:58.131460+00:00,,True,190027,121508,20685,864691136195889622,True,True,dendrite_extended,axon_fully_extended,90924527114284243,864691136195889622
3814,2025-07-18 23:19:58.326874+00:00,,True,185616,214784,24630,864691135971076965,True,True,dendrite_extended,axon_fully_extended,90303784617586571,864691135971076965
2304,2024-10-26 18:29:36.878634+00:00,,True,168816,176656,21457,864691135569636588,True,True,dendrite_clean,axon_partially_extended,87976461629724231,864691136381033173
3505,2025-03-28 16:07:37.641643+00:00,,True,180984,239473,14858,864691135465505605,False,True,none,axon_fully_extended,89673763179741039,864691135465505605
3506,2025-03-28 16:07:37.660369+00:00,,True,368129,254552,21556,864691135755605197,False,True,none,axon_fully_extended,115360348541846361,864691135755605197
3507,2025-03-28 16:07:37.679011+00:00,,True,366182,255283,20564,864691135119335645,False,True,none,axon_fully_extended,115149379614095456,864691135119335645
3508,2025-03-28 16:07:37.695353+00:00,,True,229906,218065,14865,864691135809757725,False,True,none,axon_fully_extended,96355907658588636,864691135809757725
3509,2025-03-28 16:07:37.711399+00:00,,True,146677,241042,27160,864691135388738177,False,True,none,axon_fully_extended,84959265088916175,864691135388738177
3510,2025-03-28 16:07:37.739073+00:00,,True,106443,200769,23388,864691135782873936,False,True,none,axon_fully_extended,79394704923600316,864691135782873936
3511,2025-03-28 16:07:37.756550+00:00,,True,255638,233537,14850,864691134966249759,False,True,none,axon_fully_extended,99946775195947029,864691134966249759
3512,2025-03-28 16:07:37.772438+00:00,,True,295224,234930,27160,864691136927366986,False,True,none,axon_fully_extended,105365376266733456,864691136927366986
3513,2025-03-28 16:07:37.790511+00:00,,True,271603,237429,14850,864691136091233847,False,True,none,axon_fully_extended,102128756021268579,864691136091233847
3514,2025-03-28 16:07:37.809188+00:00,,True,258033,215609,14850,864691135685030130,False,True,none,axon_fully_extended,100225844990969161,864691135685030130
3515,2025-03-28 16:07:37.826491+00:00,,True,261596,255911,27160,864691135527740251,False,True,none,axon_fully_extended,100723856649524055,864691135527740251
3532,2025-04-20 17:43:35.289669+00:00,,True,144072,119965,24049,864691135855890478,True,True,dendrite_extended,axon_fully_extended,84591134382832426,864691135855890478
3810,2025-07-18 23:19:58.323690+00:00,,True,176640,126032,23789,864691136053437683,True,True,dendrite_extended,axon_fully_extended,89025189899482397,864691136053437683
3544,2025-04-20 19:14:05.217439+00:00,,True,159296,151056,20498,864691135396410101,True,True,dendrite_extended,axon_partially_extended,86706388193052161,864691135396410101
3811,2025-07-18 23:19:58.324690+00:00,,True,181264,197504,19769,864691136196772428,True,True,dendrite_extended,axon_partially_extended,89668128787009835,864691136196772428
3812,2025-07-18 23:19:58.325440+00:00,,True,185632,125328,19972,864691135375652552,True,True,dendrite_extended,axon_partially_extended,90291758105121253,864691135360917336
4086,2025-07-29 02:55:37.628045+00:00,,True,356544,93536,25879,864691135196201514,True,True,dendrite_clean,axon_partially_extended,113790658791407488,864691135196201514
4091,2025-07-29 02:55:37.715552+00:00,,True,185968,165312,21220,864691136211190460,True,True,dendrite_extended,axon_partially_extended,90367487102979515,864691136211190460
4092,2025-07-29 02:55:37.735108+00:00,,True,246112,92720,24648,864691135755707597,True,True,dendrite_clean,axon_partially_extended,98590872475653051,864691135755707597
4093,2025-07-29 02:55:37.752009+00:00,,True,285984,152096,20033,864691136118430628,True,True,dendrite_clean,axon_partially_extended,104087605376835418,864691136118430628
4094,2025-07-29 02:55:37.769978+00:00,,True,206624,114896,18657,864691135134585248,True,True,dendrite_clean,axon_partially_extended,93175502025833232,864691135134585248
4095,2025-07-29 02:55:37.789308+00:00,,True,131120,208032,19402,864691136053263859,True,True,dendrite_clean,axon_partially_extended,82843734924356185,864691136053263859
4114,2025-07-29 02:55:38.118170+00:00,,True,193520,181024,20425,864691135726546091,True,True,dendrite_extended,axon_fully_extended,91354779691313295,864691135339982310
2804,2024-12-13 22:03:29.174803+00:00,,True,251216,163056,24740,864691136136383883,True,True,dendrite_extended,axon_partially_extended,99304043205338070,864691136136383883
2805,2024-12-13 22:03:29.175602+00:00,,True,180656,150320,18553,864691135417443514,True,True,dendrite_extended,axon_partially_extended,89591437716550816,864691135417443514
2806,2024-12-13 22:03:29.176388+00:00,,True,223920,147072,19532,864691135731889337,True,True,dendrite_extended,axon_partially_extended,95572300069482371,864691135731889337
2808,2024-12-13 22:03:29.177878+00:00,,True,158336,153120,19434,864691135417478842,True,True,dendrite_extended,axon_partially_extended,86565925381791484,864691135417478842
2810,2024-12-13 22:03:29.179344+00:00,,True,165152,156992,20952,864691135662059248,True,True,dendrite_extended,axon_partially_extended,87481269013252765,864691135662059248
2811,2024-12-13 22:03:29.180074+00:00,,True,146576,171424,19612,864691135947629348,True,True,dendrite_extended,axon_partially_extended,84949918233625117,864691135947629348
2812,2024-12-13 22:03:29.180806+00:00,,True,243552,152016,24138,864691135662059760,True,True,dendrite_extended,axon_partially_extended,98247000146964206,864691135662059760
2817,2024-12-13 22:03:29.184350+00:00,,True,220368,151280,19471,864691135576991518,True,True,dendrite_extended,axon_partially_extended,95080337335430149,864691135576991518
2818,2024-12-13 22:03:29.185030+00:00,,True,144912,172928,21746,864691135646147567,True,True,dendrite_extended,axon_partially_extended,84668649683867864,864691135646147567
3545,2025-04-20 19:15:57.861260+00:00,,True,185344,143072,20928,864691136108071129,True,True,dendrite_extended,axon_fully_extended,90223794610281566,864691136108071129
1376,2024-08-02 17:37:16.000785+00:00,,True,161920,143904,21824,864691135502873666,True,True,dendrite_extended,axon_partially_extended,87057269975820841,864691135502873666
1377,2024-08-02 17:37:16.001712+00:00,,True,310480,166256,23371,864691135755197133,True,True,dendrite_extended,axon_partially_extended,107467229645704691,864691135755197133
1378,2024-08-02 17:37:16.002537+00:00,,True,349728,153440,22479,864691136228367697,True,True,dendrite_extended,axon_partially_extended,112813536082180756,864691136228367697
1380,2024-08-02 17:37:16.004259+00:00,,True,349616,115248,22338,864691135698731541,True,True,dendrite_extended,axon_partially_extended,112808382121261197,864691135698731541
1381,2024-08-02 17:37:16.005066+00:00,,True,199040,143376,22133,864691136674190983,True,True,dendrite_extended,axon_partially_extended,92123750904021428,864691136674190983
1382,2024-08-02 17:37:16.005967+00:00,,True,208560,165184,22051,864691135582973549,True,True,dendrite_extended,axon_partially_extended,93463711980775966,864691135582973549
1384,2024-08-02 17:37:16.007502+00:00,,True,249680,138560,18817,864691135477469864,True,True,dendrite_extended,axon_partially_extended,99089637632872287,864691135477469864
1385,2024-08-02 17:37:16.008290+00:00,,True,222576,146816,24331,864691136953197279,True,True,dendrite_extended,axon_partially_extended,95361194441147077,864691136953197279
1386,2024-08-02 17:37:16.009012+00:00,,True,266528,155408,18200,864691135014099446,True,True,dendrite_extended,axon_partially_extended,101414073866245315,864691135014099446
1388,2024-08-02 17:37:16.010540+00:00,,True,243920,132560,18172,864691135342523057,True,True,dendrite_extended,axon_partially_extended,98314756745920638,864691135342523057
1389,2024-08-02 17:37:16.011255+00:00,,True,307648,119696,23502,864691135989817088,True,True,dendrite_extended,axon_partially_extended,107038763708375451,864691135989817088
1391,2024-08-02 17:37:16.012710+00:00,,True,287024,155936,20669,864691135430004016,True,True,dendrite_extended,axon_partially_extended,104228892688275984,864691135430004016
1392,2024-08-02 17:37:16.013471+00:00,,True,291328,136816,19299,864691135740860820,True,True,dendrite_extended,axon_partially_extended,104789231100433705,864691135740860820
1393,2024-08-02 17:37:16.014276+00:00,,True,260608,103520,22483,864691136117770660,True,True,dendrite_extended,axon_partially_extended,100562640086558882,864691136117770660
1394,2024-08-02 17:37:16.014969+00:00,,True,157968,141456,21648,864691134948788476,True,True,dendrite_extended,axon_partially_extended,86493976424832017,864691134948788476
1395,2024-08-02 17:37:16.015678+00:00,,True,324816,127312,20555,864691135578103301,True,True,dendrite_extended,axon_partially_extended,109432331466580520,864691135578103301
1396,2024-08-02 17:37:16.016371+00:00,,True,207504,153296,22345,864691136445062787,True,True,dendrite_extended,axon_partially_extended,93321393944810722,864691136445062787
1397,2024-08-02 17:37:16.017021+00:00,,True,136480,166464,20633,864691135477469352,True,True,dendrite_extended,axon_partially_extended,83541856289515502,864691135477469352
1398,2024-08-02 17:37:16.017764+00:00,,True,313504,148864,21739,864691135059845275,True,True,dendrite_extended,axon_partially_extended,107887105447119674,864691135059845275
2802,2024-12-13 22:03:29.173103+00:00,,True,204384,171264,20093,864691135877951571,True,True,dendrite_extended,axon_partially_extended,92901586392776963,864691135877951571
870,2024-06-03 19:45:53.094038+00:00,,True,316031,127464,20240,864691135654715586,True,True,dendrite_clean,axon_interareal,108236062748688331,864691135654715586
872,2024-06-03 19:45:53.095310+00:00,,True,172016,221216,19783,864691135463999294,True,True,dendrite_extended,axon_partially_extended,88404652487728585,864691135463999294
873,2024-06-03 19:45:53.095955+00:00,,True,175072,229600,22524,864691135477448360,True,True,dendrite_extended,axon_partially_extended,88828033519701078,864691135477448360
880,2024-06-03 19:45:53.100654+00:00,,True,174816,201840,20364,864691135498760723,True,True,dendrite_extended,axon_partially_extended,88824253679891664,864691135498760723
885,2024-06-03 19:45:53.103907+00:00,,True,171248,197696,20273,864691135969582181,True,True,dendrite_extended,axon_partially_extended,88331122714745538,864691135969582181
886,2024-06-03 19:45:53.104537+00:00,,True,192496,166560,20781,864691135954940424,True,True,dendrite_extended,axon_partially_extended,91212049405054305,864691135954940424
889,2024-06-03 19:45:53.106677+00:00,,True,178080,262912,20842,864691135684284914,True,True,dendrite_extended,axon_partially_extended,89254712549221246,864691135684284914
893,2024-06-03 19:45:53.109267+00:00,,True,180528,242928,22535,864691135082074359,True,True,dendrite_extended,axon_partially_extended,89603876478557834,864691135082074359
895,2024-06-03 19:45:53.110542+00:00,,True,347904,124800,20738,864691135572385061,True,True,dendrite_clean,axon_interareal,112598581357388512,864691135572385061
1399,2024-08-02 17:37:16.018461+00:00,,True,242768,164336,17950,864691135977134403,True,True,dendrite_extended,axon_partially_extended,98178279864886699,864691135977134403
1400,2024-08-02 17:37:16.019154+00:00,,True,226176,128544,20211,864691135346434975,True,True,dendrite_extended,axon_partially_extended,95851301212332744,864691135346434975
1402,2024-08-02 17:37:16.020545+00:00,,True,135536,134976,22338,864691135890141321,True,True,dendrite_extended,axon_partially_extended,83396927114563382,864691135890141321
1403,2024-08-02 17:37:16.021252+00:00,,True,155008,169232,22606,864691135877606483,True,True,dendrite_extended,axon_partially_extended,86075543665122280,864691135877606483
1404,2024-08-02 17:37:16.023334+00:00,,True,302560,122352,24216,864691135408560329,True,True,dendrite_extended,axon_partially_extended,106335419997843361,864691135408560329
1405,2024-08-02 17:37:16.024028+00:00,,True,262544,120496,20080,864691135610877191,True,True,dendrite_extended,axon_partially_extended,100846382537144797,864691135610877191
1406,2024-08-02 17:37:16.024716+00:00,,True,199168,157088,19607,864691135868060950,True,True,dendrite_extended,axon_partially_extended,92125605994382839,864691135868060950
1407,2024-08-02 17:37:16.025436+00:00,,True,295728,107904,17663,864691135257521583,True,True,dendrite_extended,axon_partially_extended,105418701305888176,864691135257521583
1408,2024-08-02 17:37:16.026143+00:00,,True,315744,160240,18967,864691137054934902,True,True,dendrite_extended,axon_partially_extended,108170091916471994,864691137054934902
1411,2024-08-02 17:37:16.028210+00:00,,True,315696,165920,17630,864691136311106650,True,True,dendrite_extended,axon_partially_extended,108170847629661283,864691136311106650
1412,2024-08-02 17:37:16.028865+00:00,,True,258160,130128,18398,864691135339103718,True,True,dendrite_extended,axon_partially_extended,100284737985790134,864691135339103718
1414,2024-08-02 17:37:16.030314+00:00,,True,195888,157664,20721,864691136090688823,True,True,dendrite_extended,axon_partially_extended,91703462383124252,864691136090688823
1416,2024-08-02 17:37:16.031802+00:00,,True,298256,214048,24520,864691135955060232,True,True,dendrite_extended,axon_partially_extended,105784770831089247,864691135955060232
1417,2024-08-02 17:37:16.032475+00:00,,True,261872,206512,19651,864691136033116347,True,True,dendrite_extended,axon_partially_extended,100787558598016822,864691136033116347
1419,2024-08-02 17:37:16.033798+00:00,,True,333264,162112,18030,864691136380264149,True,True,dendrite_extended,axon_partially_extended,110562903962321776,864691136380264149
1420,2024-08-02 17:37:16.034469+00:00,,True,315392,118688,22647,864691135731705273,True,True,dendrite_extended,axon_partially_extended,108094157364558561,864691135731705273
1421,2024-08-02 17:37:16.035141+00:00,,True,212624,209472,23336,864691136380264405,True,True,dendrite_extended,axon_partially_extended,94032571943729996,864691136380264405
1422,2024-08-02 17:37:16.035794+00:00,,True,309456,111232,22770,864691135989836288,True,True,dendrite_extended,axon_partially_extended,107319070386634896,864691135989836288
1423,2024-08-02 17:37:16.036455+00:00,,True,260064,156976,20808,864691135940996774,True,True,dendrite_extended,axon_partially_extended,100499486685943466,864691135940996774
1424,2024-08-02 17:37:16.037142+00:00,,True,144800,118016,19294,864691135782145872,True,True,dendrite_extended,axon_partially_extended,84661296364421261,864691135782145872
1425,2024-08-02 17:37:16.037808+00:00,,True,264528,130144,18021,864691135464143934,True,True,dendrite_extended,axon_partially_extended,101129162915469565,864691135464143934
1426,2024-08-02 17:37:16.038481+00:00,,True,242208,137216,22347,864691135570502278,True,True,dendrite_extended,axon_partially_extended,98033900781453809,864691135570502278
1427,2024-08-02 17:37:16.039287+00:00,,True,311520,164224,21564,864691135741619051,True,True,dendrite_extended,axon_partially_extended,107607692054474677,864691135741619051
1428,2024-08-02 17:37:16.039971+00:00,,True,335552,189280,22371,864691135777400237,True,True,dendrite_extended,axon_partially_extended,110918390352645344,864691135777400237
1429,2024-08-02 17:37:16.040633+00:00,,True,301072,135728,24210,864691135473383730,True,True,dendrite_extended,axon_partially_extended,106126100471728897,864691135473383730
1430,2024-08-02 17:37:16.041300+00:00,,True,214608,195728,18318,864691135778221920,True,True,dendrite_extended,axon_partially_extended,94312190823576552,864691135778221920
1435,2024-08-02 17:37:16.044599+00:00,,True,277360,169968,24651,864691135782156368,True,True,dendrite_extended,axon_partially_extended,102893742511479310,864691135782156368
1436,2024-08-02 17:37:16.045295+00:00,,True,257584,111648,21766,864691135397846049,True,True,dendrite_extended,axon_partially_extended,100211895809958811,864691135397846049
1437,2024-08-02 17:37:16.046019+00:00,,True,262496,107120,22602,864691136025184569,True,True,dendrite_extended,axon_partially_extended,100844596166284552,864691136025184569
1438,2024-08-02 17:37:16.046847+00:00,,True,202880,185696,19520,864691135955104520,True,True,dendrite_extended,axon_partially_extended,92692404238397081,864691135955104520
1439,2024-08-02 17:37:16.047514+00:00,,True,258208,139504,24438,864691136298111003,True,True,dendrite_extended,axon_partially_extended,100286044461034923,864691136298111003
1440,2024-08-02 17:37:16.048191+00:00,,True,311664,95600,24820,864691135397960481,True,True,dendrite_extended,axon_partially_extended,107598484047450467,864691135397960481
1442,2024-08-02 17:37:16.049511+00:00,,True,260784,216944,22491,864691135510191369,True,True,dendrite_extended,axon_partially_extended,100648264554562488,864691135510191369
1443,2024-08-02 17:37:16.050179+00:00,,True,222288,136352,24468,864691135195825450,True,True,dendrite_extended,axon_partially_extended,95359751332264148,864691135195825450
1445,2024-08-02 17:37:16.051485+00:00,,True,278464,106752,25010,864691136009893294,True,True,dendrite_extended,axon_partially_extended,103026027504639349,864691136009893294
1449,2024-08-02 17:37:16.054286+00:00,,True,235184,110016,21145,864691136380324821,True,True,dendrite_extended,axon_partially_extended,97115464840465621,864691136380324821
1451,2024-08-02 17:37:16.055629+00:00,,True,225632,114144,22035,864691136311059034,True,True,dendrite_extended,axon_partially_extended,95779008590949111,864691136311059034
1452,2024-08-02 17:37:16.056299+00:00,,True,341824,173344,23332,864691135585415544,True,True,dendrite_extended,axon_partially_extended,111760685113139911,864691135585415544
1454,2024-08-02 17:37:16.057613+00:00,,True,312672,160416,18824,864691136106969561,True,True,dendrite_extended,axon_partially_extended,107747879384718672,864691136106969561
1456,2024-08-02 17:37:16.058920+00:00,,True,169504,136896,17987,864691136239108156,True,True,dendrite_extended,axon_partially_extended,88041469851569718,864691136239108156
1457,2024-08-02 17:37:16.059581+00:00,,True,286992,159088,24154,864691135772987899,True,True,dendrite_extended,axon_partially_extended,104229305474768430,864691135772987899
1458,2024-08-02 17:37:16.060246+00:00,,True,147232,153744,18379,864691135519105162,True,True,dendrite_extended,axon_partially_extended,85017881595177303,864691135519105162
1460,2024-08-02 17:37:16.061699+00:00,,True,281408,129728,22126,864691136239068732,True,True,dendrite_extended,axon_partially_extended,103451263290741534,864691136239068732
1462,2024-08-02 17:37:16.063020+00:00,,True,327648,127760,24028,864691135257638575,True,True,dendrite_extended,axon_partially_extended,109784244310041353,864691135257638575
1463,2024-08-02 17:37:16.063680+00:00,,True,350288,129360,17861,864691135519106442,True,True,dendrite_extended,axon_partially_extended,112951043151139776,864691135519106442
1466,2024-08-02 17:37:16.065684+00:00,,True,180560,243504,23814,864691135136312089,True,True,dendrite_extended,axon_partially_extended,89603945332579060,864691135136312089
1467,2024-08-02 17:37:16.066346+00:00,,True,194624,228624,21593,864691137055253878,True,True,dendrite_extended,axon_partially_extended,91572277036061741,864691137055253878
1468,2024-08-02 17:37:16.066988+00:00,,True,197712,257824,23532,864691135655473858,True,True,dendrite_extended,axon_partially_extended,91998406713063870,864691135655473858
1475,2024-08-02 17:37:16.071805+00:00,,True,200192,237408,23595,864691135519178378,True,True,dendrite_extended,axon_partially_extended,92277132977339664,864691135519178378
1476,2024-08-02 17:37:16.072463+00:00,,True,193472,229440,22605,864691135257689519,True,True,dendrite_extended,axon_partially_extended,91361239657215648,864691135257689519
1477,2024-08-02 17:37:16.073121+00:00,,True,193120,227456,23700,864691135731707065,True,True,dendrite_extended,axon_partially_extended,91360964913621525,864691135731707065
1478,2024-08-02 17:37:16.073764+00:00,,True,183312,240224,24004,864691135276188133,True,True,dendrite_extended,axon_partially_extended,89955308017293835,864691135276188133
1479,2024-08-02 17:37:16.074434+00:00,,True,199632,242992,24616,864691136372012168,True,True,dendrite_extended,axon_partially_extended,92207520281586200,864691136372012168
1480,2024-08-02 17:37:16.075152+00:00,,True,191824,241024,23771,864691136380400341,True,True,dendrite_extended,axon_partially_extended,91151714107032297,864691136380400341
1481,2024-08-02 17:37:16.075840+00:00,,True,175392,228496,22919,864691135801376610,True,True,dendrite_extended,axon_partially_extended,88898196172408828,864691135801376610
1483,2024-08-02 17:37:16.077343+00:00,,True,178448,253120,24704,864691135655521986,True,True,dendrite_extended,axon_partially_extended,89323707440491903,864691135655521986
1486,2024-08-02 17:37:16.079361+00:00,,True,176752,236496,23797,864691135773074683,True,True,dendrite_extended,axon_partially_extended,89110402050629471,864691135773074683
1488,2024-08-02 17:37:16.080683+00:00,,True,177344,241984,22660,864691135688407776,True,True,dendrite_extended,axon_partially_extended,89181526574706405,864691135688407776
1490,2024-08-02 17:37:16.082016+00:00,,True,195248,240992,24166,864691135361432391,True,True,dendrite_extended,axon_partially_extended,91644295383245761,864691135361432391
1491,2024-08-02 17:37:16.082687+00:00,,True,190272,245968,24650,864691136389885047,True,True,dendrite_extended,axon_partially_extended,90941295203298524,864691136389885047
1492,2024-08-02 17:37:16.083384+00:00,,True,195200,224608,21846,864691137021162094,True,True,dendrite_extended,axon_partially_extended,91642096024751246,864691137021162094
1494,2024-08-02 17:37:16.084845+00:00,,True,192944,242624,23241,864691136311179354,True,True,dendrite_extended,axon_partially_extended,91292657686664445,864691136311179354
1501,2024-08-02 17:37:16.089543+00:00,,True,195168,240736,23665,864691136596060322,True,True,dendrite_extended,axon_partially_extended,91644226596658653,864691136596060322
1504,2024-08-02 17:37:16.091687+00:00,,True,203136,256032,25191,864691135801393250,True,True,dendrite_extended,axon_partially_extended,92701819544981435,864691135801393250
1511,2024-08-02 17:50:34.951431+00:00,,True,307744,130080,20953,864691136904761266,True,True,dendrite_extended,axon_partially_extended,107040137762348606,864691136904761266
1513,2024-08-02 17:50:35.005627+00:00,,True,342192,122272,20062,864691135801133666,True,True,dendrite_extended,axon_partially_extended,111824181506791873,864691135801133666
1514,2024-08-02 17:50:35.024737+00:00,,True,176448,192352,21250,864691135361430087,True,True,dendrite_extended,axon_partially_extended,89034123095909107,864691135361430087
1515,2024-08-02 17:50:35.042283+00:00,,True,195152,228768,23478,864691135868142870,True,True,dendrite_extended,axon_partially_extended,91642645981969769,864691135868142870
1517,2024-08-02 17:50:35.076953+00:00,,True,192384,228832,21650,864691135276189669,True,True,dendrite_extended,axon_partially_extended,91220433315260453,864691135276189669
1519,2024-08-02 17:50:35.113916+00:00,,True,188512,98944,22603,864691136389688695,True,True,dendrite_extended,axon_partially_extended,90710397493048266,864691136389688695
1520,2024-08-02 17:50:35.131179+00:00,,True,177376,123408,20764,864691135942612340,True,True,dendrite_extended,axon_partially_extended,89165583387831328,864691135942612340
3546,2025-04-20 19:17:28.276424+00:00,,True,182993,135610,21130,864691136390474359,True,True,dendrite_extended,axon_fully_extended,89941288908184714,864691136390474359
3815,2025-07-22 18:07:31.907017+00:00,,True,189280,191920,20838,864691135356839887,True,True,dendrite_extended,axon_fully_extended,90793272913857427,864691135356839887
3547,2025-04-20 19:19:58.676107+00:00,,True,205280,189984,22086,864691135878154067,True,True,dendrite_extended,axon_fully_extended,92974429306468481,864691135878154067
3816,2025-07-22 18:08:24.672722+00:00,,True,182608,110144,22029,864691135496268176,True,True,dendrite_extended,axon_fully_extended,89867484324205391,864691135496268176
4069,2025-07-29 02:55:37.282704+00:00,,True,179840,114080,20750,864691135442606920,True,True,dendrite_clean,axon_partially_extended,89516190158116270,864691135442606920
4071,2025-07-29 02:55:37.333579+00:00,,True,192704,108528,21779,864691135990520832,True,True,dendrite_clean,axon_partially_extended,91274652982531404,864691135990520832
4072,2025-07-29 02:55:37.356026+00:00,,True,189936,207872,23495,864691135409675721,True,True,dendrite_extended,axon_fully_extended,90865772297465767,864691135409675721
4073,2025-07-29 02:55:37.374266+00:00,,True,178448,119968,21422,864691136953835487,True,True,dendrite_extended,axon_fully_extended,89305839907142592,864691136953835487
4088,2025-07-29 02:55:37.663605+00:00,,True,299168,107328,26523,864691135760577870,True,True,dendrite_clean,axon_partially_extended,105911214936673765,864691135760577870
4089,2025-07-29 02:55:37.681343+00:00,,True,327088,99376,21049,864691135857976366,True,True,dendrite_clean,axon_partially_extended,109710026939149203,864691135857976366
4090,2025-07-29 02:55:37.699920+00:00,,True,321296,98544,27143,864691135503466818,True,True,dendrite_clean,axon_partially_extended,108935902838947159,864691135503466818
4070,2025-07-29 02:55:37.312831+00:00,,True,191536,200928,23247,864691136603813329,True,True,dendrite_extended,axon_fully_extended,91146353920730090,864691135756844242
3548,2025-04-20 19:23:48.488896+00:00,,True,180368,184256,21942,864691136380757461,True,True,dendrite_extended,axon_fully_extended,89595973605053445,864691136380757461
3817,2025-07-22 18:09:14.681666+00:00,,True,171408,104688,21097,864691135325071004,True,True,dendrite_extended,axon_fully_extended,88318684623440565,864691135325071004
1001,2024-06-03 19:45:53.182924+00:00,,True,335312,127112,18750,864691135359010904,True,True,dendrite_clean,axon_interareal,110839637362509738,864691135359010904
1054,2024-06-03 19:45:53.219652+00:00,,True,348303,119318,19183,864691135940685057,True,True,dendrite_clean,axon_interareal,112668193985982551,864691135940685057
1058,2024-06-03 19:45:53.223023+00:00,,True,172368,95616,20987,864691135303514791,True,True,dendrite_extended,axon_partially_extended,88458185094541797,864691135303514791
1059,2024-06-03 19:45:53.223724+00:00,,True,190896,95424,21808,864691135564891159,True,True,dendrite_extended,axon_partially_extended,90991391299446236,864691135564891159
1060,2024-06-03 19:45:53.224386+00:00,,True,189456,177392,22310,864691135867826966,True,True,dendrite_extended,axon_partially_extended,90791348969779331,864691135867826966
1067,2024-06-03 19:45:53.228989+00:00,,True,329536,124560,21387,864691136724880893,True,True,dendrite_clean,axon_interareal,110065237914785390,864691136724880893
1070,2024-06-03 19:45:53.231274+00:00,,True,183344,171360,21368,864691135754773709,True,True,dendrite_extended,axon_partially_extended,90016468015990302,864691135754773709
1071,2024-06-03 19:45:53.232028+00:00,,True,176480,101824,20540,864691136143786292,True,True,dendrite_extended,axon_partially_extended,89021959681198257,864691136143786292
1073,2024-06-03 19:45:53.233551+00:00,,True,304608,142384,19551,864691136903681458,True,True,dendrite_clean,axon_interareal,106619574430103645,864691136903681458
1077,2024-06-03 19:45:53.236488+00:00,,True,338608,135408,20251,864691135118894813,True,True,dendrite_clean,axon_interareal,111333387004147979,864691135118894813
1080,2024-06-03 19:45:53.238812+00:00,,True,330411,133448,21665,864691135491204327,True,True,dendrite_clean,axon_interareal,110207212420569191,864691135491204327
1081,2024-06-03 19:45:53.239754+00:00,,True,294375,160683,23115,864691135355708623,True,False,dendrite_extended,none,105214673917454809,864691135355708623
1084,2024-06-03 19:45:53.241990+00:00,,True,172880,133664,22221,864691135577956101,True,True,dendrite_extended,axon_partially_extended,88533639280994137,864691135577956101
1087,2024-06-03 19:45:53.244226+00:00,,True,345719,100607,18834,864691135864188286,True,True,dendrite_clean,axon_interareal,112313876297009836,864691135864188286
1093,2024-06-03 19:45:53.248872+00:00,,True,177472,182816,22269,864691135561619681,True,True,dendrite_extended,axon_partially_extended,89173555048399606,864691135561619681
1099,2024-06-03 19:45:53.253341+00:00,,True,171200,228848,22473,864691135866117340,True,False,dendrite_extended,none,88335314871419919,864691135866117340
1101,2024-06-03 19:45:53.254752+00:00,,True,170240,95424,22188,864691135915450982,True,True,dendrite_extended,axon_partially_extended,88176641599308314,864691135915450982
1105,2024-06-03 19:45:53.258184+00:00,,True,343472,127664,18016,864691136334080435,True,True,dendrite_clean,axon_partially_extended,111965605921457415,864691136334080435
1110,2024-06-03 19:45:53.261833+00:00,,True,189696,118960,21975,864691135323181212,True,True,dendrite_extended,axon_partially_extended,90853814907198518,864691135323181212
3549,2025-04-20 19:30:37.235141+00:00,,True,225872,159536,17777,864691136022214648,True,True,dendrite_extended,axon_partially_extended,95855492765000540,864691136022214648
3584,2025-04-21 16:29:39.747651+00:00,,True,225056,156944,23836,864691136953677535,True,True,dendrite_extended,axon_partially_extended,95714412484464067,864691136953677535
3585,2025-04-21 16:29:39.766681+00:00,,True,205952,143984,19368,864691135339729126,True,True,dendrite_extended,axon_partially_extended,93108981639686411,864691135339729126
3586,2025-04-21 16:29:39.786621+00:00,,True,185856,110288,20415,864691135015154582,True,True,dendrite_extended,axon_partially_extended,90289765240834294,864691135015154582
3588,2025-04-21 16:29:39.831846+00:00,,True,160416,154368,24683,864691136006826186,True,True,dendrite_extended,axon_partially_extended,86847607254704844,864691136006826186
3589,2025-04-21 16:29:39.850683+00:00,,True,189280,119376,20359,864691136813937267,True,True,dendrite_clean,axon_partially_extended,90783514681151430,864691136813937267
3590,2025-04-21 16:29:39.869715+00:00,,True,171856,137824,22239,864691135309290822,True,True,dendrite_clean,axon_partially_extended,88393451548474329,864691135309290822
3591,2025-04-21 16:29:39.886805+00:00,,True,167440,159344,22843,864691136913993713,True,True,dendrite_extended,axon_partially_extended,87763019136116567,864691136913993713
3592,2025-04-21 16:29:39.909243+00:00,,True,187056,147616,20023,864691135584008045,True,True,dendrite_extended,axon_partially_extended,90505819275232161,864691135584008045
3594,2025-04-21 16:29:39.945610+00:00,,True,190560,156720,19128,864691135405337326,True,True,dendrite_extended,axon_partially_extended,90999637301018902,864691135405337326
3294,2025-03-12 23:44:49.541612+00:00,,True,176912,218672,20909,864691136452920319,True,True,dendrite_extended,axon_partially_extended,89107996466491467,864691136452920319
3295,2025-03-12 23:44:49.560685+00:00,,True,188240,161648,21466,864691136274635966,True,True,dendrite_extended,axon_partially_extended,90648481043670501,864691136274635966
3300,2025-03-12 23:44:49.659132+00:00,,True,203520,194512,22991,864691135105879117,True,True,dendrite_extended,axon_fully_extended,92763941616807901,864691135105879117
3301,2025-03-12 23:44:49.678253+00:00,,True,189184,234896,22722,864691134886792442,True,True,dendrite_extended,axon_partially_extended,90799045618193936,864691134886792442
3336,2025-03-12 23:44:50.344341+00:00,,True,173968,172672,22530,864691135388368001,True,True,dendrite_clean,axon_partially_extended,88679599516443530,864691135388368001
3337,2025-03-12 23:44:50.364787+00:00,,True,186528,194000,21229,864691135891467401,True,True,dendrite_extended,axon_fully_extended,90441704137851347,864691135891467401
3338,2025-03-12 23:44:50.381907+00:00,,True,145200,170368,19704,864691136424704815,True,True,dendrite_extended,axon_partially_extended,84738674562233835,864691136424704815
3339,2025-03-12 23:44:50.402354+00:00,,True,164432,153776,22694,864691135492568551,True,True,dendrite_extended,axon_partially_extended,87410419500823316,864691135492568551
3342,2025-03-12 23:44:50.456899+00:00,,True,250656,146048,24657,864691136210975676,True,True,dendrite_extended,axon_partially_extended,99231337998828043,864691136210975676
3343,2025-03-12 23:44:50.473944+00:00,,True,143296,170640,20870,864691135569866988,True,True,dendrite_extended,axon_partially_extended,84457199719900527,864691135569866988
3344,2025-03-12 23:44:50.490916+00:00,,True,188464,149360,24226,864691136195834070,True,True,dendrite_extended,axon_partially_extended,90717200922686648,864691136195834070
3345,2025-03-12 23:44:50.509126+00:00,,True,191024,206656,21021,864691136195796182,True,True,dendrite_extended,axon_partially_extended,91076740822148329,864691136195796182
3347,2025-03-12 23:44:50.544868+00:00,,True,185296,245952,24347,864691135196035882,True,True,dendrite_extended,axon_partially_extended,90237538975205295,864691135196035882
3818,2025-07-22 18:10:07.755317+00:00,,True,145840,196048,20425,864691135773910603,True,True,dendrite_extended,axon_fully_extended,84812479347583136,864691135773910603
3373,2025-03-12 23:44:51.020348+00:00,,True,191888,112464,21903,864691135293999030,True,True,dendrite_clean,axon_partially_extended,91134465250137874,864691135293999030
4068,2025-07-29 02:50:04.203395+00:00,,True,232486,263076,27160,864691135518104787,False,True,none,axon_fully_extended,96784169048263695,864691135518104787
4096,2025-07-29 02:55:37.807162+00:00,,True,144576,213456,19697,864691135470235986,True,True,dendrite_clean,axon_partially_extended,84674078254074696,864691135470235986
3550,2025-04-20 19:31:35.343150+00:00,,True,251584,151072,24144,864691135569902316,True,True,dendrite_extended,axon_partially_extended,99372762614869031,864691135569902316
1216,2024-06-03 19:45:53.333250+00:00,,True,170192,268240,22283,864691135569859206,True,False,dendrite_extended,none,88199868782522676,864691135569859206
1217,2024-06-03 19:45:53.333908+00:00,,True,188752,208832,20434,864691135395225589,True,False,dendrite_extended,none,90725171845400214,864691135395225589
1227,2024-06-03 19:45:53.340485+00:00,,True,171120,222784,20995,864691135489057338,True,False,dendrite_extended,none,88334490102947562,864691135489057338
1230,2024-06-03 19:45:53.342574+00:00,,True,184032,125632,22246,864691135214160184,True,True,dendrite_extended,axon_partially_extended,90080652141322068,864691135214160184
1233,2024-06-03 19:45:53.344536+00:00,,True,168480,212096,21016,864691135989337088,True,False,dendrite_extended,none,87910834528912759,864691135989337088
1237,2024-06-03 19:45:53.347140+00:00,,True,182864,231456,20560,864691135654280386,True,False,dendrite_extended,none,89954139383136450,864691135654280386
1238,2024-06-03 19:45:53.347791+00:00,,True,341936,128768,18416,864691136136766845,True,True,dendrite_clean,axon_interareal,111754705847801880,864691136136766845
1239,2024-06-03 19:45:53.348438+00:00,,True,176752,232608,21387,864691135866477957,True,False,dendrite_extended,none,89109851959442556,864691135866477957
1240,2024-06-03 19:45:53.349113+00:00,,True,172992,247664,20488,864691135509419017,True,False,dendrite_extended,none,88548963522756782,864691135509419017
1241,2024-06-03 19:45:53.349920+00:00,,True,175664,217168,20664,864691135918528432,True,False,dendrite_extended,none,88967052819430395,864691135918528432
1242,2024-06-03 19:45:53.350562+00:00,,True,169264,265936,21424,864691135135409433,True,False,dendrite_extended,none,88058856282265578,864691135135409433
1246,2024-06-03 19:45:53.353206+00:00,,True,335884,110181,18225,864691136124247590,True,False,dendrite_extended,none,110907738296819154,864691136124247590
1247,2024-06-03 19:45:53.353861+00:00,,True,301872,195936,23624,864691136991166101,True,True,dendrite_extended,axon_interareal,106274946791085582,864691136991166101
1248,2024-06-03 19:45:53.354497+00:00,,True,178864,219776,20827,864691135516975315,True,False,dendrite_extended,none,89389608882087828,864691135516975315
1249,2024-06-03 19:45:53.355163+00:00,,True,173088,263776,20722,864691136194925132,True,False,dendrite_extended,none,88551093826796513,864691136194925132
1250,2024-06-03 19:45:53.355822+00:00,,True,156196,139535,20493,864691135590564107,True,False,dendrite_extended,none,86282663899490241,864691135590564107
1252,2024-06-03 19:45:53.357125+00:00,,True,175664,244560,20659,864691136311902269,True,False,dendrite_extended,none,88970763671157701,864691136311902269
1253,2024-06-03 19:45:53.357929+00:00,,True,180192,250784,20391,864691136990946197,True,False,dendrite_extended,none,89534538191424256,864691136990946197
1254,2024-06-03 19:45:53.358589+00:00,,True,190688,219152,20159,864691136031910331,True,False,dendrite_extended,none,91008021211399127,864691136031910331
1255,2024-06-03 19:45:53.359255+00:00,,True,172288,222528,21607,864691134885645050,True,False,dendrite_extended,none,88475227658538846,864691134885645050
1257,2024-06-03 19:45:53.360541+00:00,,True,170144,264128,20473,864691135374420809,True,False,dendrite_extended,none,88199318758477422,864691135374420809
1260,2024-06-03 19:45:53.362489+00:00,,True,178144,212672,20481,864691135947873377,True,False,dendrite_extended,none,89247909254085696,864691135947873377
1261,2024-06-03 19:45:53.363147+00:00,,True,168304,212432,22395,864691135976698691,True,False,dendrite_extended,none,87910903382997065,864691135976698691
1262,2024-06-03 19:45:53.363834+00:00,,True,170304,231920,20447,864691137019755118,True,False,dendrite_extended,none,88194989431606742,864691137019755118
1263,2024-06-03 19:45:53.364472+00:00,,True,191520,209808,20252,864691135865374940,True,False,dendrite_extended,none,91077153005127494,864691135865374940
1264,2024-06-03 19:45:53.365255+00:00,,True,184928,244816,21435,864691136042294870,True,False,dendrite_extended,none,90237401133758515,864691136042294870
1267,2024-06-03 19:45:53.367191+00:00,,True,139408,169168,17934,864691135476041792,True,True,dendrite_extended,axon_partially_extended,83964480735735914,864691135476041792
1275,2024-06-03 19:45:53.372319+00:00,,True,258560,144272,19647,864691135335635177,True,True,dendrite_extended,axon_partially_extended,100286662332109138,864691135335635177
3551,2025-04-20 19:32:53.245537+00:00,,True,172976,204624,22249,864691135375182792,True,True,dendrite_extended,axon_partially_extended,88543191288292907,864691135375182792
3620,2025-04-21 16:29:40.422350+00:00,,True,190448,178992,21020,864691136298624539,True,True,dendrite_extended,axon_partially_extended,90932292482047141,864691136298624539
2748,2024-12-13 21:58:34.220806+00:00,,True,183792,179168,20589,864691135211655360,True,True,dendrite_extended,axon_partially_extended,90017498740738953,864691135211655360
2749,2024-12-13 21:58:34.238338+00:00,,True,182112,245728,23093,864691135993274305,True,True,dendrite_extended,axon_partially_extended,89815326375643862,864691135993274305
2750,2024-12-13 21:58:34.254968+00:00,,True,189728,249696,24542,864691134949095932,True,True,dendrite_extended,axon_partially_extended,90871407428803958,864691134949095932
2751,2024-12-13 21:58:34.271074+00:00,,True,180128,241328,24103,864691136484415020,True,True,dendrite_extended,axon_partially_extended,89533233057853936,864691136484415020
2752,2024-12-13 21:58:34.285263+00:00,,True,182400,228336,23232,864691135763549238,True,True,dendrite_extended,axon_partially_extended,89883358657793819,864691135763549238
2753,2024-12-13 21:58:34.299568+00:00,,True,186448,227856,23489,864691136603306193,True,True,dendrite_extended,axon_partially_extended,90446239892001953,864691136603306193
2755,2024-12-13 21:58:34.332349+00:00,,True,170096,205632,22825,864691135430186032,True,True,dendrite_extended,axon_partially_extended,88191485073555848,864691135430186032
2756,2024-12-13 21:58:34.345880+00:00,,True,193392,213808,23060,864691135868415766,True,True,dendrite_extended,axon_partially_extended,91359178139950195,864691135868415766
2759,2024-12-13 21:58:34.391131+00:00,,True,169248,185680,20779,864691136452609023,True,True,dendrite_extended,axon_partially_extended,88048067257143692,864691136452609023
2760,2024-12-13 21:58:34.406168+00:00,,True,178256,237856,22511,864691135491891559,True,True,dendrite_extended,axon_partially_extended,89321714240520931,864691135491891559
2761,2024-12-13 21:58:34.421923+00:00,,True,180464,219056,22947,864691135503367517,True,True,dendrite_extended,axon_partially_extended,89600646663653110,864691135503367517
2762,2024-12-13 21:58:34.438243+00:00,,True,182528,149808,21290,864691135511977680,True,True,dendrite_clean,axon_partially_extended,89872844309530713,864691135511977680
2763,2024-12-13 21:58:34.454446+00:00,,True,184432,147552,22040,864691135510406921,True,True,dendrite_clean,axon_partially_extended,90153975822742226,864691135510406921
2764,2024-12-13 21:58:34.471037+00:00,,True,176688,140640,20286,864691135583421549,True,True,dendrite_clean,axon_partially_extended,89097551038796790,864691135583421549
4077,2025-07-29 02:55:37.461739+00:00,,True,334053,217766,14860,864691135741659540,False,True,none,axon_partially_extended,110711062751354443,864691135741659540
4078,2025-07-29 02:55:37.482673+00:00,,True,223489,224445,14904,864691135398570017,False,True,none,axon_partially_extended,95512307362214475,864691135398570017
4079,2025-07-29 02:55:37.499946+00:00,,True,276195,228125,14867,864691135571307654,False,True,none,axon_partially_extended,102760837768297160,864691135571307654
4080,2025-07-29 02:55:37.518625+00:00,,True,316540,205472,14865,864691136229162577,False,True,none,axon_partially_extended,108316876181877129,864691136229162577
4081,2025-07-29 02:55:37.538300+00:00,,True,182720,114128,20744,864691136725655037,True,True,dendrite_extended,axon_fully_extended,89868033879005359,864691136725655037
4082,2025-07-29 02:55:37.558769+00:00,,True,186944,141984,21399,864691136381016277,True,True,dendrite_extended,axon_partially_extended,90505063495624451,864691136381016277
4083,2025-07-29 02:55:37.574804+00:00,,True,310497,157206,14850,864691135504070837,False,True,none,axon_fully_extended,107465991620921643,864691135504070837
4084,2025-07-29 02:55:37.595868+00:00,,True,204032,194272,23462,864691135212248256,True,True,dendrite_extended,axon_fully_extended,92834310428050863,864691135212248256
4085,2025-07-29 02:55:37.611994+00:00,,True,175776,184000,21791,864691135014966262,True,True,dendrite_extended,axon_partially_extended,88962586187765743,864691135014966262
4087,2025-07-29 02:55:37.643493+00:00,,True,198192,154032,22391,864691135309486662,True,True,dendrite_extended,axon_fully_extended,92054825269160958,864691135309486662
4108,2025-07-29 02:55:38.016495+00:00,,True,312752,99376,26692,864691135778744928,True,True,dendrite_clean,axon_partially_extended,107739702840382745,864691135778744928
4109,2025-07-29 02:55:38.033488+00:00,,True,311296,135424,27107,864691135447820946,True,True,dendrite_clean,axon_partially_extended,107533475691198607,864691135447820946
4110,2025-07-29 02:55:38.050362+00:00,,True,308128,115440,18306,864691135727686463,True,True,dendrite_clean,axon_partially_extended,107108582025562738,864691135727686463
4111,2025-07-29 02:55:38.068664+00:00,,True,236112,127312,21208,864691135592360459,True,True,dendrite_clean,axon_partially_extended,97258538791116534,864691135592360459
4112,2025-07-29 02:55:38.085793+00:00,,True,353136,138064,20605,864691136335899059,True,True,dendrite_clean,axon_partially_extended,113304055505422594,864691136335899059
4113,2025-07-29 02:55:38.101469+00:00,,True,358992,176160,23236,864691136675339655,True,True,dendrite_clean,axon_partially_extended,114153566012445426,864691136675339655
4115,2025-07-29 02:55:38.136602+00:00,,True,192016,189408,20661,864691135375655880,True,True,dendrite_extended,axon_partially_extended,91144773037179520,864691135375655880
4116,2025-07-29 02:55:38.156970+00:00,,True,182384,208608,22961,864691135702887291,True,True,dendrite_extended,axon_partially_extended,89880747250804048,864691135702887291
4117,2025-07-29 02:55:38.174677+00:00,,True,165248,136752,22163,864691135928938196,True,True,dendrite_extended,axon_fully_extended,87478520435131567,864691135928938196
4118,2025-07-29 03:15:28.063193+00:00,,True,372331,260297,23266,864691135699410709,False,True,none,axon_fully_extended,115994492074611273,864691135699410709
4119,2025-07-29 03:15:28.064033+00:00,,True,259619,254158,27114,864691135928029966,False,True,none,axon_partially_extended,100512544191989396,864691135928029966
1132,2024-06-03 19:45:53.276765+00:00,,True,170736,113344,21601,864691135740724628,True,True,dendrite_extended,axon_partially_extended,88249415457993138,864691135740724628
1135,2024-06-03 19:45:53.278670+00:00,,True,203792,208032,20041,864691135356087247,True,True,dendrite_extended,axon_partially_extended,92765727987187267,864691135356087247
1137,2024-06-03 19:45:53.279958+00:00,,True,343657,118542,17932,864691135358995288,True,True,dendrite_clean,axon_interareal,112034806434426768,864691135358995288
1139,2024-06-03 19:45:53.281347+00:00,,True,174704,165104,20328,864691135359413848,True,True,dendrite_extended,axon_partially_extended,88819374597021646,864691135359413848
1148,2024-06-03 19:45:53.287096+00:00,,True,181792,92752,22125,864691135988854016,True,True,dendrite_extended,axon_partially_extended,89724410373767444,864691135988854016
1149,2024-06-03 19:45:53.287731+00:00,,True,178096,216496,20213,864691135105190989,True,False,dendrite_extended,none,89248459009627562,864691135105190989
1151,2024-06-03 19:45:53.289164+00:00,,True,169488,174880,20977,864691135586354556,True,True,dendrite_extended,axon_partially_extended,88046624148372048,864691135586354556
4074,2025-07-29 02:55:37.397117+00:00,,True,182592,122624,21768,864691136034011579,True,True,dendrite_extended,axon_fully_extended,89869202244320518,864691136034011579
4075,2025-07-29 02:55:37.417366+00:00,,True,190544,102608,23513,864691136927595082,True,True,dendrite_extended,axon_fully_extended,90992422293134112,864691136927595082
4076,2025-07-29 02:55:37.438978+00:00,,True,177072,163712,21174,864691135662626032,True,True,dendrite_clean,axon_partially_extended,89100643549328291,864691135662626032
4097,2025-07-29 02:55:37.825950+00:00,,True,311568,167216,18125,864691135993770945,True,True,dendrite_clean,axon_partially_extended,107608103901757522,864691135993770945
4098,2025-07-29 02:55:37.843515+00:00,,True,280976,108224,15156,864691135764274742,True,True,dendrite_clean,axon_partially_extended,103378007389197912,864691135764274742
4099,2025-07-29 02:55:37.861996+00:00,,True,194432,112416,21103,864691135943204724,True,True,dendrite_clean,axon_partially_extended,91486308903591898,864691135943204724
4100,2025-07-29 02:55:37.879062+00:00,,True,235552,103488,15304,864691136814060915,True,True,dendrite_clean,axon_partially_extended,97114570682278096,864691136814060915
4101,2025-07-29 02:55:37.896555+00:00,,True,164656,177904,22562,864691135656410306,True,True,dendrite_extended,axon_fully_extended,87413718035552330,864691135656410306
4102,2025-07-29 02:55:37.915083+00:00,,True,133904,99312,23184,864691135361778503,True,True,dendrite_clean,axon_partially_extended,83181010652693431,864691135361778503
4103,2025-07-29 02:55:37.931782+00:00,,True,313056,114704,19619,864691135996891050,True,True,dendrite_clean,axon_partially_extended,107812132229449571,864691135996891050
4104,2025-07-29 02:55:37.948575+00:00,,True,206032,101024,16262,864691135577349150,True,True,dendrite_clean,axon_partially_extended,93103208800942893,864691135577349150
4105,2025-07-29 02:55:37.966466+00:00,,True,111120,115984,23104,864691136275890189,True,True,dendrite_clean,axon_partially_extended,80016684907364853,864691136275890189
4106,2025-07-29 02:55:37.982376+00:00,,True,260960,104256,21765,864691136579601940,True,True,dendrite_clean,axon_partially_extended,100633146202351882,864691136579601940
4107,2025-07-29 02:55:38.000438+00:00,,True,360288,119808,18040,864691135417948090,True,True,dendrite_clean,axon_partially_extended,114286743687194341,864691135417948090
3317,2025-03-12 23:44:49.978361+00:00,,True,192320,126576,22029,864691135817462863,True,True,dendrite_extended,axon_partially_extended,91206689486835668,864691135817462863
3318,2025-03-12 23:44:49.997898+00:00,,True,185040,134992,22615,864691135928434132,True,True,dendrite_clean,axon_partially_extended,90222695366674932,864691135928434132
3319,2025-03-12 23:44:50.018070+00:00,,True,179104,242208,22824,864691135214611512,True,True,dendrite_extended,axon_partially_extended,89392632807421346,864691135214611512
3320,2025-03-12 23:44:50.038877+00:00,,True,177120,246240,24607,864691135756460754,True,True,dendrite_extended,axon_partially_extended,89111707854635096,864691135756460754
3321,2025-03-12 23:44:50.060192+00:00,,True,190432,237008,23821,864691136913691121,True,True,dendrite_extended,axon_partially_extended,90940058118754743,864691136913691121
3322,2025-03-12 23:44:50.081042+00:00,,True,187280,118848,21755,864691135809354269,True,True,dendrite_extended,axon_partially_extended,90501971186083575,864691135809354269
3323,2025-03-12 23:44:50.099247+00:00,,True,180160,137664,21669,864691135688874976,True,True,dendrite_clean,axon_partially_extended,89519351388152850,864691135688874976
3709,2025-06-21 16:34:33.864660+00:00,,True,166272,184352,22479,864691136177308422,True,True,dendrite_extended,axon_fully_extended,87625648835152958,864691136177308422
3568,2025-04-21 16:29:39.410876+00:00,,True,179504,134464,22207,864691135732058297,True,True,dendrite_extended,axon_partially_extended,89448570394253033,864691135955712776
3563,2025-04-21 16:29:39.288135+00:00,,True,190352,226944,22497,864691135124209447,True,True,dendrite_extended,axon_partially_extended,90938683528110405,864691135124209447
3567,2025-04-21 16:29:39.383292+00:00,,True,179088,119536,20781,864691135546666792,True,True,dendrite_extended,axon_partially_extended,89376208584040586,864691135546666792
3569,2025-04-21 16:29:39.433981+00:00,,True,182656,144512,21184,864691136991963797,True,True,dendrite_clean,axon_partially_extended,89872088395183272,864691136991963797
3570,2025-04-21 16:29:39.461344+00:00,,True,171248,137712,21493,864691135587371132,True,True,dendrite_clean,axon_partially_extended,88323082670416245,864691135587371132
3571,2025-04-21 16:29:39.487107+00:00,,True,209808,155216,23901,864691135646481135,True,True,dendrite_extended,axon_partially_extended,93603075281328238,864691135646481135
3572,2025-04-21 16:29:39.512493+00:00,,True,247040,146096,24550,864691135698016410,True,True,dendrite_extended,axon_partially_extended,98738756722982192,864691135698016410
3573,2025-04-21 16:29:39.530282+00:00,,True,171728,159968,21088,864691136275894285,True,True,dendrite_clean,axon_partially_extended,88396475071099877,864691136275894285
3578,2025-04-21 16:29:39.626666+00:00,,True,185568,153872,20140,864691135584019053,True,True,dendrite_extended,axon_partially_extended,90295606396048401,864691135584019053
3579,2025-04-21 16:29:39.646983+00:00,,True,194864,216128,22205,864691135750642473,True,True,dendrite_extended,axon_partially_extended,91570559116360958,864691135750642473
3580,2025-04-21 16:29:39.666760+00:00,,True,217840,155616,21123,864691136335689907,True,True,dendrite_extended,axon_partially_extended,94729043571844833,864691136335689907
3581,2025-04-21 16:29:39.687168+00:00,,True,182864,167472,24026,864691135234901849,True,True,dendrite_extended,axon_partially_extended,89945549851637426,864691135234901849
3582,2025-04-21 16:29:39.709648+00:00,,True,244368,162704,19586,864691135941708033,True,True,dendrite_extended,axon_partially_extended,98389180140419119,864691135941708033
3583,2025-04-21 16:29:39.728980+00:00,,True,249008,150288,19671,864691135866396798,True,True,dendrite_extended,axon_partially_extended,99020849570687634,864691135866396798
3783,2025-06-21 16:52:39.897121+00:00,,True,173392,206192,23061,864691136742874716,True,True,dendrite_extended,axon_fully_extended,88613766324850794,864691136742874716
2651,2024-12-13 21:58:32.716302+00:00,,True,302224,195232,22676,864691135566155351,True,True,dendrite_extended,axon_partially_extended,106345177962209650,864691135566155351
2652,2024-12-13 21:58:32.731258+00:00,,True,143616,126064,22274,864691135939008565,True,True,dendrite_extended,axon_partially_extended,84521590070766232,864691135939008565
2653,2024-12-13 21:58:32.746953+00:00,,True,267568,140736,19151,864691136052626675,True,True,dendrite_extended,axon_partially_extended,101552818623891600,864691136052626675
2654,2024-12-13 21:58:32.762510+00:00,,True,235328,170736,17842,864691135578146565,True,True,dendrite_extended,axon_partially_extended,97123641988785896,864691135578146565
2655,2024-12-13 21:58:32.781725+00:00,,True,170400,114576,24442,864691136420279191,True,True,dendrite_extended,axon_partially_extended,88179253208100248,864691136420279191
2656,2024-12-13 21:58:32.797255+00:00,,True,191184,245792,23238,864691135919749808,True,True,dendrite_extended,axon_partially_extended,91081963770996370,864691135919749808
2657,2024-12-13 21:58:32.811576+00:00,,True,186000,250704,24860,864691136742372956,True,True,dendrite_extended,axon_partially_extended,90378963725424854,864691136742372956
2658,2024-12-13 21:58:32.825705+00:00,,True,189232,249392,23277,864691135738266500,True,True,dendrite_extended,axon_partially_extended,90800969830682643,864691135738266500
2660,2024-12-13 21:58:32.855073+00:00,,True,195248,249952,24610,864691135585503864,True,True,dendrite_extended,axon_partially_extended,91645463681374200,864691135585503864
2661,2024-12-13 21:58:32.869782+00:00,,True,191632,254080,24107,864691136195537366,True,True,dendrite_extended,axon_partially_extended,91153432160851227,864691136195537366
2662,2024-12-13 21:58:32.883492+00:00,,True,191776,175824,20404,864691135763362102,True,True,dendrite_extended,axon_partially_extended,91142986263977276,864691135763362102
2663,2024-12-13 21:58:32.898850+00:00,,True,187872,257936,25376,864691135970292837,True,True,dendrite_extended,axon_partially_extended,90591032097748916,864691135970292837
2664,2024-12-13 21:58:32.914871+00:00,,True,199504,250464,24736,864691135510267401,True,True,dendrite_extended,axon_partially_extended,92208482354437867,864691135510267401
2665,2024-12-13 21:58:32.930008+00:00,,True,198576,250864,24133,864691135970293349,True,True,dendrite_extended,axon_partially_extended,92067813518326375,864691135970293349
2666,2024-12-13 21:58:32.944012+00:00,,True,195376,242512,23223,864691136287879619,True,True,dendrite_extended,axon_partially_extended,91644501407554190,864691136287879619
2667,2024-12-13 21:58:32.958526+00:00,,True,193568,236112,23009,864691135970293605,True,True,dendrite_extended,axon_partially_extended,91362133010898573,864691135970293605
2668,2024-12-13 21:58:32.972927+00:00,,True,197376,237904,23083,864691136363161570,True,True,dendrite_extended,axon_partially_extended,91925357908806207,864691136363161570
2669,2024-12-13 21:58:32.987109+00:00,,True,196384,229168,21891,864691135469807954,True,True,dendrite_extended,axon_partially_extended,91783451988374696,864691135469807954
2670,2024-12-13 21:58:33.001707+00:00,,True,193088,246416,23985,864691135763364662,True,True,dendrite_extended,axon_partially_extended,91363507534584111,864691135763364662
2671,2024-12-13 21:58:33.016670+00:00,,True,194384,262720,24777,864691135615661771,True,True,dendrite_extended,axon_partially_extended,91506444180090776,864691135615661771
2673,2024-12-13 21:58:33.047057+00:00,,True,171904,166304,20772,864691135594982187,True,True,dendrite_extended,axon_partially_extended,88397299637926388,864691135594982187
2674,2024-12-13 21:58:33.062083+00:00,,True,180096,113808,22118,864691135970442597,True,True,dendrite_clean,axon_partially_extended,89516121639791892,864691135970442597
2675,2024-12-13 21:58:33.078072+00:00,,True,190320,134992,21950,864691135842486243,True,True,dendrite_clean,axon_partially_extended,90926382674615466,864691135842486243
2676,2024-12-13 21:58:33.094434+00:00,,True,171648,127904,20594,864691135838916755,True,True,dendrite_clean,axon_partially_extended,88392145676956508,864691135838916755
2677,2024-12-13 21:58:33.110871+00:00,,True,172624,111984,21833,864691135742093675,True,True,dendrite_clean,axon_partially_extended,88530752996020251,864691135742093675
2678,2024-12-13 21:58:33.126074+00:00,,True,192032,112224,20746,864691135777521837,True,True,dendrite_extended,axon_fully_extended,91134396396288966,864691135777521837
2679,2024-12-13 21:58:33.140896+00:00,,True,186096,114176,21111,864691135738921329,True,True,dendrite_clean,axon_partially_extended,90360615155179836,864691135738921329
2680,2024-12-13 21:58:33.158116+00:00,,True,174368,120240,22427,864691136619850381,True,True,dendrite_clean,axon_partially_extended,88742958807397049,864691136619850381
2681,2024-12-13 21:58:33.173045+00:00,,True,172032,120608,20309,864691135388024449,True,True,dendrite_clean,axon_partially_extended,88391183537481077,864691135388024449
2682,2024-12-13 21:58:33.188662+00:00,,True,169040,119120,20839,864691135659152002,True,True,dendrite_clean,axon_partially_extended,88039133725295540,864691135659152002
2684,2024-12-13 21:58:33.221346+00:00,,True,192896,110208,22174,864691135591727115,True,True,dendrite_clean,axon_partially_extended,91274859207930308,864691135591727115
2685,2024-12-13 21:58:33.235833+00:00,,True,187792,111456,20239,864691135430736688,True,True,dendrite_extended,axon_partially_extended,90571377656296855,864691135430736688
2686,2024-12-13 21:58:33.251001+00:00,,True,171872,116864,21509,864691135276504549,True,True,dendrite_clean,axon_partially_extended,88390633982556382,864691135276504549
2687,2024-12-13 21:58:33.264948+00:00,,True,178416,123344,20163,864691135993374145,True,True,dendrite_clean,axon_partially_extended,89306320808998073,864691135993374145
2688,2024-12-13 21:58:33.282139+00:00,,True,191328,115920,21048,864691135685661367,True,True,dendrite_clean,axon_partially_extended,91064577474794079,864691135685661367
2690,2024-12-13 21:58:33.310853+00:00,,True,173600,122832,20719,864691137055544438,True,True,dendrite_clean,axon_partially_extended,88602564714895205,864691137055544438
2691,2024-12-13 21:58:33.325907+00:00,,True,187920,127824,22032,864691135562209249,True,True,dendrite_clean,axon_partially_extended,90573576947672080,864691135562209249
2693,2024-12-13 21:58:33.357962+00:00,,True,179760,129744,20501,864691135572581357,True,True,dendrite_clean,axon_partially_extended,89518320461596830,864691135572581357
2695,2024-12-13 21:58:33.389810+00:00,,True,183568,243072,23277,864691135417307322,True,True,dendrite_extended,axon_partially_extended,90026089010991126,864691135417307322
2696,2024-12-13 21:58:33.407848+00:00,,True,192896,221904,21701,864691135939072821,True,True,dendrite_extended,axon_partially_extended,91289908706294000,864691135939072821
2697,2024-12-13 21:58:33.423374+00:00,,True,190928,219072,21314,864691135694421439,True,True,dendrite_extended,axon_partially_extended,91008021345749751,864691135694421439
2699,2024-12-13 21:58:33.455153+00:00,,True,198224,228512,22906,864691136195901772,True,True,dendrite_extended,axon_partially_extended,92064789660394959,864691136195901772
2700,2024-12-13 21:58:33.471452+00:00,,True,188832,179408,22272,864691135447312274,True,True,dendrite_extended,axon_partially_extended,90721255103433522,864691135447312274
2701,2024-12-13 21:58:33.485269+00:00,,True,194192,234928,23897,864691135123833127,True,True,dendrite_extended,axon_partially_extended,91502733194345198,864691135123833127
2702,2024-12-13 21:58:33.500926+00:00,,True,192416,237680,23861,864691135942730612,True,True,dendrite_extended,axon_partially_extended,91221601814976196,864691135942730612
2703,2024-12-13 21:58:33.517299+00:00,,True,196256,235920,22044,864691135773240571,True,True,dendrite_extended,axon_partially_extended,91784345408293522,864691135773240571
2704,2024-12-13 21:58:33.531160+00:00,,True,180000,226864,23724,864691136335213235,True,True,dendrite_extended,axon_partially_extended,89531308845558032,864691136335213235
2705,2024-12-13 21:58:33.545795+00:00,,True,187216,176064,22456,864691135591726603,True,True,dendrite_extended,axon_partially_extended,90509667834777490,864691135591726603
2706,2024-12-13 21:58:33.565944+00:00,,True,199008,236240,24018,864691135782330192,True,True,dendrite_extended,axon_partially_extended,92136258050496869,864691135782330192
2707,2024-12-13 21:58:33.581288+00:00,,True,182000,250576,23498,864691134949041148,True,True,dendrite_extended,axon_partially_extended,89816013570905029,864691134949041148
2708,2024-12-13 21:58:33.595981+00:00,,True,200656,240128,23370,864691135948150625,True,True,dendrite_extended,axon_partially_extended,92347845252121618,864691135948150625
2709,2024-12-13 21:58:33.610593+00:00,,True,189936,242912,23983,864691135133991072,True,True,dendrite_extended,axon_partially_extended,90870514008490753,864691135133991072
2710,2024-12-13 21:58:33.624758+00:00,,True,177840,236832,24096,864691135838738579,True,True,dendrite_extended,axon_partially_extended,89251208325309942,864691135838738579
109,2024-06-03 19:45:52.580749+00:00,,True,192240,185440,20997,864691135489434682,True,True,dendrite_extended,axon_fully_extended,91214592092442360,864691135339978214
61,2024-06-03 19:45:52.547503+00:00,,True,149711,151738,17565,864691135753932237,True,True,dendrite_extended,axon_interareal,85369450370657325,864691135753932237
65,2024-06-03 19:45:52.550178+00:00,,True,324313,130732,20736,864691135848030814,True,True,dendrite_extended,axon_interareal,109362375039472981,864691135848030814
72,2024-06-03 19:45:52.554963+00:00,,True,299067,123129,22993,864691134884807418,True,True,dendrite_extended,axon_interareal,105913344770753749,864691134884807418
75,2024-06-03 19:45:52.556953+00:00,,True,290540,135491,26952,864691135440543560,True,True,dendrite_extended,axon_interareal,104718725923906897,864691135440543560
76,2024-06-03 19:45:52.557619+00:00,,True,325771,137145,19374,864691136066631832,True,True,dendrite_extended,axon_interareal,109574374424118828,864691136066631832
79,2024-06-03 19:45:52.559772+00:00,,True,298779,166548,24632,864691135233242713,True,True,dendrite_extended,axon_interareal,105848748730577131,864691135233242713
80,2024-06-03 19:45:52.560444+00:00,,True,303559,143174,21984,864691135807579933,True,True,dendrite_extended,axon_interareal,106478974649547656,864691135807579933
88,2024-06-03 19:45:52.565862+00:00,,True,324620,139328,15625,864691136925601354,True,True,dendrite_extended,axon_interareal,109363542599532907,864691136925601354
89,2024-06-03 19:45:52.566652+00:00,,True,184512,198528,21011,864691135114178969,True,True,dendrite_extended,axon_fully_extended,90160847636186223,864691135114178969
90,2024-06-03 19:45:52.567308+00:00,,True,343040,126243,18986,864691135517531786,True,True,dendrite_extended,axon_interareal,111895099872460071,864691135517531786
91,2024-06-03 19:45:52.567978+00:00,,True,181216,134624,21266,864691135938604804,True,True,dendrite_extended,axon_fully_extended,89659676492660967,864691135938604804
92,2024-06-03 19:45:52.568627+00:00,,True,184960,103440,22028,864691135655390658,True,True,dendrite_extended,axon_fully_extended,90218434691891001,864691135655390658
93,2024-06-03 19:45:52.569304+00:00,,True,115813,201464,18766,864691135118918109,True,True,dendrite_extended,axon_fully_extended,80731847898064242,864691135118918109
94,2024-06-03 19:45:52.569984+00:00,,True,204976,202048,21408,864691135738047620,True,True,dendrite_extended,axon_fully_extended,92976078440074681,864691135738047620
98,2024-06-03 19:45:52.572682+00:00,,True,188206,199294,21390,864691135572082925,True,True,dendrite_extended,axon_fully_extended,90653497565353946,864691135572082925
99,2024-06-03 19:45:52.573355+00:00,,True,320131,182362,16931,864691135782544435,True,True,dendrite_extended,axon_partially_extended,108806365283182212,864691135782544435
100,2024-06-03 19:45:52.574747+00:00,,True,313537,189832,17683,864691136089194039,True,True,dendrite_extended,axon_interareal,107892602468379661,864691136089194039
101,2024-06-03 19:45:52.575436+00:00,,True,352096,173728,19310,864691135724393131,True,True,dendrite_extended,axon_interareal,113168059459905031,864691135724393131
2495,2024-12-13 21:58:30.260803+00:00,,True,178495,188805,21083,864691136620192653,True,True,dendrite_extended,axon_fully_extended,89315117036084290,864691136620192653
107,2024-06-03 19:45:52.579433+00:00,,True,175136,212800,20750,864691136238652476,True,True,dendrite_extended,axon_fully_extended,88825765575333831,864691136238652476
111,2024-06-03 19:45:52.582070+00:00,,True,287036,125025,23889,864691135272206865,True,True,dendrite_extended,axon_interareal,104224701203002036,864691135272206865
448,2024-06-03 19:45:52.813009+00:00,,True,175472,252512,20824,864691135373601736,True,True,dendrite_extended,axon_partially_extended,88901425719334328,864691135373601736
2496,2024-12-13 21:58:30.282915+00:00,,True,129963,182932,18916,864691135375430985,True,True,dendrite_extended,axon_fully_extended,82629261370389218,864691135375430985
2497,2024-12-13 21:58:30.300866+00:00,,True,198880,188864,19763,864691136991390869,True,True,dendrite_extended,axon_interareal,92129866602107749,864691136991390869
471,2024-06-03 19:45:52.828703+00:00,,True,149878,135866,23756,864691135953985800,True,True,dendrite_extended,axon_interareal,85367320872251591,864691135953985800
478,2024-06-03 19:45:52.833497+00:00,,True,190288,240432,20878,864691136123919654,True,True,dendrite_extended,axon_partially_extended,90940538752561325,864691136123919654
491,2024-06-03 19:45:52.842313+00:00,,True,189488,244896,20217,864691136100014453,True,True,dendrite_extended,axon_partially_extended,90870719696948084,864691136100014453
3574,2025-04-21 16:29:39.549816+00:00,,True,189504,250736,24176,864691135779305405,True,True,dendrite_extended,axon_partially_extended,90871544867350903,864691135779305405
3575,2025-04-21 16:29:39.567804+00:00,,True,183552,169792,20241,864691136067382936,True,True,dendrite_clean,axon_partially_extended,90016261723242258,864691136067382936
2778,2024-12-13 21:58:34.690981+00:00,,True,135024,160560,20234,864691135276505573,True,True,dendrite_extended,axon_partially_extended,83329994075766172,864691135276505573
2779,2024-12-13 21:58:34.705582+00:00,,True,211328,147056,20359,864691135209369465,True,True,dendrite_extended,axon_partially_extended,93813081532521668,864691135209369465
2781,2024-12-13 21:58:34.737117+00:00,,True,147040,154048,19794,864691136125411622,True,True,dendrite_extended,axon_partially_extended,85017950515766963,864691136125411622
2782,2024-12-13 21:58:34.750757+00:00,,True,168816,177744,18263,864691135617440105,True,True,dendrite_extended,axon_partially_extended,87976598665846087,864691135617440105
2783,2024-12-13 21:58:34.763705+00:00,,True,172656,147632,19010,864691135134052512,True,True,dendrite_extended,axon_partially_extended,88535494304043172,864691135134052512
2784,2024-12-13 21:58:34.776442+00:00,,True,240240,163360,20694,864691135346571423,True,True,dendrite_extended,axon_partially_extended,97826299040766300,864691135346571423
2785,2024-12-13 21:58:34.791440+00:00,,True,214704,157200,23402,864691135386963541,True,True,dendrite_extended,axon_partially_extended,94307037533870715,864691135386963541
2786,2024-12-13 21:58:34.806113+00:00,,True,185312,156080,18663,864691136523216017,True,True,dendrite_extended,axon_partially_extended,90225512328514430,864691136523216017
2787,2024-12-13 21:58:34.822804+00:00,,True,158944,167456,19049,864691136025504569,True,True,dendrite_extended,axon_partially_extended,86638218270932365,864691136025504569
2788,2024-12-13 21:58:34.838907+00:00,,True,189296,163648,19149,864691135499231763,True,True,dendrite_extended,axon_partially_extended,90789493141169402,864691135499231763
2789,2024-12-13 21:58:34.854068+00:00,,True,154448,157536,20524,864691135336055529,True,True,dendrite_extended,axon_partially_extended,86003594104508828,864691135336055529
2790,2024-12-13 21:58:34.868029+00:00,,True,215184,143984,24457,864691136101464181,True,True,dendrite_extended,axon_partially_extended,94375619705965640,864691136101464181
2792,2024-12-13 21:58:34.897775+00:00,,True,191280,167840,22558,864691135808999965,True,True,dendrite_clean,axon_partially_extended,91071518343250551,864691135808999965
2793,2024-12-13 21:58:34.911790+00:00,,True,178400,143248,21238,864691136021936376,True,True,dendrite_clean,axon_partially_extended,89309001002848425,864691136021936376
2795,2024-12-13 21:58:34.940312+00:00,,True,187152,171296,22343,864691136967498702,True,True,dendrite_extended,axon_partially_extended,90509049359389970,864691136967498702
2796,2024-12-13 21:58:34.956004+00:00,,True,191376,164656,21712,864691135342591173,True,True,dendrite_clean,axon_partially_extended,91071105892389024,864691135342591173
2798,2024-12-13 21:58:34.984802+00:00,,True,185856,243616,23596,864691135927533070,True,True,dendrite_extended,axon_fully_extended,90307632774093378,864691135927533070
2799,2024-12-13 21:58:34.998375+00:00,,True,151696,157936,22118,864691135430749232,True,True,dendrite_extended,axon_partially_extended,85651819304476264,864691135430749232
2800,2024-12-13 21:58:35.013469+00:00,,True,137200,170672,18404,864691136489080850,True,True,dendrite_extended,axon_partially_extended,83612774454380799,864691136489080850
2801,2024-12-13 21:58:35.028318+00:00,,True,234064,161760,18503,864691135756319186,True,True,dendrite_extended,axon_partially_extended,96981667683630714,864691135756319186
3618,2025-04-21 16:29:40.383525+00:00,,True,241248,154608,20189,864691135732038329,True,True,dendrite_extended,axon_partially_extended,97965868230945368,864691135732038329
3619,2025-04-21 16:29:40.403683+00:00,,True,202064,253296,24490,864691136372630152,True,True,dendrite_extended,axon_partially_extended,92560738325355215,864691136372630152
3624,2025-04-21 16:29:40.500759+00:00,,True,204640,265488,24438,864691135569900780,True,True,dendrite_extended,axon_partially_extended,92914231313641886,864691135569900780
3289,2025-03-12 23:44:49.436917+00:00,,True,178032,191184,20658,864691136086206316,True,True,dendrite_extended,axon_fully_extended,89245091822286947,864691136086206316
3291,2025-03-12 23:44:49.479031+00:00,,True,195744,235728,22961,864691135503798965,True,True,dendrite_extended,axon_partially_extended,91713976731706897,864691135503798965
3292,2025-03-12 23:44:49.500597+00:00,,True,168992,203840,20211,864691135196040746,True,True,dendrite_extended,axon_fully_extended,87980103627519388,864691135196040746
3782,2025-06-21 16:52:39.896457+00:00,,True,200992,191392,22478,864691136363828194,True,True,dendrite_extended,axon_fully_extended,92411685511912737,864691136363828194
2498,2024-12-13 21:58:30.319309+00:00,,True,176064,187776,21322,864691135954021923,True,True,dendrite_extended,axon_fully_extended,88963135876504845,864691135954021923
405,2024-06-03 19:45:52.784405+00:00,,True,168410,226141,21120,864691136134678667,True,True,dendrite_extended,axon_interareal,87912758674392495,864691136134678667
2499,2024-12-13 21:58:30.337913+00:00,,True,180320,138208,21358,864691135988769027,True,True,dendrite_extended,axon_fully_extended,89589788784928533,864691135988769027
2500,2024-12-13 21:58:30.356437+00:00,,True,175792,116256,21925,864691135572576237,True,True,dendrite_extended,axon_fully_extended,88953515216995530,864691135572576237
409,2024-06-03 19:45:52.787221+00:00,,True,172752,163920,22153,864691136012173475,True,True,dendrite_extended,axon_partially_extended,88537693730046034,864691136012173475
2501,2024-12-13 21:58:30.374611+00:00,,True,183328,108400,21057,864691136445215875,True,True,dendrite_extended,axon_fully_extended,89937646775794211,864691136445215875
415,2024-06-03 19:45:52.791135+00:00,,True,323216,129600,21719,864691135416233914,True,True,dendrite_clean,axon_interareal,109221500246318069,864691135416233914
2502,2024-12-13 21:58:30.391659+00:00,,True,152032,111072,23772,864691136195400150,True,True,dendrite_extended,axon_interareal,85645497314104252,864691136195400150
2503,2024-12-13 21:58:30.410647+00:00,,True,169792,196864,21504,864691135464263742,True,True,dendrite_extended,axon_fully_extended,88119947897177369,864691135464263742
2504,2024-12-13 21:58:30.428130+00:00,,True,169856,181328,21421,864691134886404090,True,True,dendrite_extended,axon_fully_extended,88117817593324117,864691134886404090
2505,2024-12-13 21:58:30.443601+00:00,,True,206014,209727,24421,864691136620195213,True,True,dendrite_extended,axon_fully_extended,93117847123185394,864691136620195213
2506,2024-12-13 21:58:30.461099+00:00,,True,220096,153264,23800,864691135763795510,True,True,dendrite_extended,axon_partially_extended,95010175286846762,864691135763795510
2508,2024-12-13 21:58:30.491139+00:00,,True,152272,199232,21597,864691136579127060,True,True,dendrite_extended,axon_fully_extended,85727685539669706,864691136579127060
2509,2024-12-13 21:58:30.505248+00:00,,True,177936,215664,21555,864691136110765496,True,True,dendrite_extended,axon_fully_extended,89248321771759008,864691136110765496
2510,2024-12-13 21:58:30.519809+00:00,,True,142448,154800,19179,864691135890695049,True,True,dendrite_extended,axon_partially_extended,84384700470432618,864691135890695049
440,2024-06-03 19:45:52.807581+00:00,,True,335495,128652,19294,864691135502730562,True,True,dendrite_clean,axon_interareal,110910212332252975,864691135502730562
2511,2024-12-13 21:58:30.534388+00:00,,True,209568,150656,22594,864691135578360837,True,True,dendrite_extended,axon_partially_extended,93602456671476689,864691135578360837
2512,2024-12-13 21:58:30.549880+00:00,,True,187840,207232,22680,864691135517376211,True,True,dendrite_extended,axon_fully_extended,90584228533843146,864691135517376211
445,2024-06-03 19:45:52.811037+00:00,,True,176080,118192,21795,864691135503004765,True,True,dendrite_extended,axon_partially_extended,88953790094754156,864691135503004765
446,2024-06-03 19:45:52.811689+00:00,,True,307216,124304,21066,864691136118618136,True,True,dendrite_clean,axon_interareal,106969013170593765,864691136118618136
447,2024-06-03 19:45:52.812352+00:00,,True,319017,169130,19049,864691136275031565,True,True,dendrite_extended,axon_interareal,108663841356941569,864691136275031565
2513,2024-12-13 21:58:30.567479+00:00,,True,230896,162688,24650,864691135405138670,True,True,dendrite_extended,axon_partially_extended,96489224718622413,864691135405138670
2540,2024-12-13 21:58:30.990021+00:00,,True,203744,149856,19437,864691135342941105,True,True,dendrite_extended,axon_partially_extended,92757962552607747,864691136013367715
2514,2024-12-13 21:58:30.584721+00:00,,True,173008,205856,20391,864691135503182685,True,True,dendrite_extended,axon_fully_extended,88543328459028709,864691135503182685
2515,2024-12-13 21:58:30.603177+00:00,,True,308256,212976,23470,864691135569282284,True,True,dendrite_clean,axon_fully_extended,107121639397279677,864691135569282284
2516,2024-12-13 21:58:30.618943+00:00,,True,310384,190160,24525,864691135464714565,True,True,dendrite_extended,axon_fully_extended,107470459595428444,864691135464714565
2517,2024-12-13 21:58:30.633636+00:00,,True,238624,158048,21785,864691135988742147,True,True,dendrite_extended,axon_partially_extended,97544137003604226,864691135988742147
2518,2024-12-13 21:58:30.649373+00:00,,True,320875,124797,19446,864691135134155168,True,True,dendrite_clean,axon_interareal,108869037714938251,864691135134155168
2519,2024-12-13 21:58:30.666703+00:00,,True,191760,167296,23660,864691135773209163,True,True,dendrite_extended,axon_partially_extended,91141818502248678,864691135773209163
2520,2024-12-13 21:58:30.685955+00:00,,True,198016,152224,19938,864691136523288465,True,True,dendrite_extended,axon_partially_extended,91984181311672759,864691136523288465
2522,2024-12-13 21:58:30.719117+00:00,,True,192064,150336,18182,864691136967703758,True,True,dendrite_extended,axon_partially_extended,91209918765688932,864691136967703758
2523,2024-12-13 21:58:30.735614+00:00,,True,202346,167997,17807,864691136390183696,True,True,dendrite_extended,axon_interareal,92619630044487968,864691136390183696
2524,2024-12-13 21:58:30.752681+00:00,,True,218144,173504,20944,864691135773208651,True,True,dendrite_extended,axon_partially_extended,94731448686773786,864691135773208651
2526,2024-12-13 21:58:30.782765+00:00,,True,143136,165696,18256,864691136210847932,True,True,dendrite_extended,axon_partially_extended,84456580909014304,864691136210847932
2536,2024-12-13 21:58:30.930409+00:00,,True,212128,157264,23782,864691136091074615,True,True,dendrite_extended,axon_partially_extended,93955193879972070,864691136091074615
2538,2024-12-13 21:58:30.959844+00:00,,True,162544,167456,20644,864691136210848444,True,True,dendrite_extended,axon_partially_extended,87130799681540931,864691136210848444
2539,2024-12-13 21:58:30.974542+00:00,,True,169008,203792,21087,864691135511861968,True,True,dendrite_extended,axon_partially_extended,88050472505715355,864691135511861968
2544,2024-12-13 21:58:31.052798+00:00,,True,185264,198192,22188,864691135640544571,True,True,dendrite_extended,axon_partially_extended,90231147795286753,864691135640544571
2546,2024-12-13 21:58:31.082194+00:00,,True,191984,221984,23401,864691135996104618,True,True,dendrite_extended,axon_partially_extended,91149171419422593,864691135996104618
2547,2024-12-13 21:58:31.096773+00:00,,True,184256,165088,20542,864691135346954143,True,True,dendrite_extended,axon_partially_extended,90086012058979206,864691135346954143
2548,2024-12-13 21:58:31.112778+00:00,,True,172864,229616,21861,864691135801405282,True,True,dendrite_extended,axon_partially_extended,88546558475713929,864691135801405282
2549,2024-12-13 21:58:31.127320+00:00,,True,180752,135200,22612,864691136040742142,True,True,dendrite_extended,axon_partially_extended,89589376669051726,864691136040742142
2550,2024-12-13 21:58:31.142126+00:00,,True,186032,193712,21887,864691136012619939,True,True,dendrite_extended,axon_partially_extended,90371266741450926,864691136012619939
2551,2024-12-13 21:58:31.155687+00:00,,True,178464,213008,20908,864691135782220112,True,True,dendrite_extended,axon_partially_extended,89318346784751450,864691135782220112
2553,2024-12-13 21:58:31.187725+00:00,,True,187072,144336,20909,864691136311213914,True,True,dendrite_extended,axon_partially_extended,90505407025912875,864691136311213914
2554,2024-12-13 21:58:31.203835+00:00,,True,190992,142992,20657,864691135356428751,True,True,dendrite_extended,axon_partially_extended,90997782076464391,864691135356428751
2556,2024-12-13 21:58:31.236064+00:00,,True,185264,167696,20139,864691135336108265,True,True,dendrite_clean,axon_partially_extended,90227093077726740,864691135336108265
517,2024-06-03 19:45:52.860031+00:00,,True,190352,217696,21941,864691135701557115,True,True,dendrite_extended,axon_partially_extended,90937446510365662,864691135701557115
519,2024-06-03 19:45:52.861321+00:00,,True,162796,184639,19827,864691135609687047,True,True,dendrite_extended,axon_partially_extended,87133136009787684,864691135609687047
523,2024-06-03 19:45:52.864158+00:00,,True,189984,230336,22357,864691136487168530,True,True,dendrite_extended,axon_partially_extended,90868795820075763,864691136487168530
536,2024-06-03 19:45:52.873063+00:00,,True,327517,118525,20762,864691136273494206,True,True,dendrite_clean,axon_interareal,109783006956578454,864691136273494206
538,2024-06-03 19:45:52.874338+00:00,,True,317744,123952,19983,864691135946676260,True,True,dendrite_clean,axon_interareal,108446687944569190,864691135946676260
540,2024-06-03 19:45:52.875625+00:00,,True,171952,130464,21938,864691135995711402,True,True,dendrite_extended,axon_partially_extended,88392489408924775,864691135995711402
112,2024-06-03 19:45:52.582857+00:00,,True,337633,160391,20312,864691135919645872,True,True,dendrite_extended,axon_interareal,111195948050739064,864691135919645872
113,2024-06-03 19:45:52.583514+00:00,,True,176992,118496,20713,864691135492613471,True,True,dendrite_extended,axon_fully_extended,89094596168323539,864691135492613471
115,2024-06-03 19:45:52.584839+00:00,,True,188352,187088,21652,864691136974813212,True,True,dendrite_extended,axon_fully_extended,90651917084211802,864691136974813212
118,2024-06-03 19:45:52.586829+00:00,,True,325231,160860,18829,864691135462420637,True,True,dendrite_extended,axon_interareal,109507166708685677,864691135462420637
119,2024-06-03 19:45:52.587465+00:00,,True,164935,177785,21218,864691135851839687,True,True,dendrite_extended,axon_interareal,87484017859149629,864691135851839687
121,2024-06-03 19:45:52.588786+00:00,,True,299485,112395,20242,864691136066069400,True,True,dendrite_clean,axon_interareal,105911901325998145,864691136066069400
124,2024-06-03 19:45:52.590877+00:00,,True,181952,207456,20474,864691136991202453,True,True,dendrite_extended,axon_fully_extended,89810172012765492,864691136991202453
127,2024-06-03 19:45:52.592844+00:00,,True,204851,143787,19186,864691135469422674,True,True,dendrite_extended,axon_interareal,92968244151133945,864691135469422674
128,2024-06-03 19:45:52.593492+00:00,,True,192560,132784,23009,864691135782702387,True,True,dendrite_clean,axon_interareal,91277882932418368,864691135782702387
129,2024-06-03 19:45:52.594154+00:00,,True,327494,190214,20892,864691135382556378,True,True,dendrite_extended,axon_interareal,109792627683441316,864691135382556378
134,2024-06-03 19:45:52.597478+00:00,,True,295824,191984,17489,864691135446065810,True,True,dendrite_clean,axon_fully_extended,105429971299882023,864691135446065810
135,2024-06-03 19:45:52.598275+00:00,,True,188944,186048,17813,864691135360096071,True,True,dendrite_clean,axon_interareal,90722079133365436,864691135360096071
137,2024-06-03 19:45:52.599612+00:00,,True,150880,183088,18273,864691135577202181,True,True,dendrite_extended,axon_fully_extended,85514448533910582,864691135577202181
138,2024-06-03 19:45:52.600296+00:00,,True,317136,134160,20651,864691136227484753,True,True,dendrite_clean,axon_interareal,108377693657218447,864691136227484753
139,2024-06-03 19:45:52.600970+00:00,,True,298635,126619,17900,864691135940847270,True,True,dendrite_clean,axon_interareal,105843387672360686,864691135940847270
142,2024-06-03 19:45:52.603011+00:00,,True,196288,247568,24687,864691135518791818,True,True,dendrite_extended,axon_partially_extended,91785926291921300,864691135518791818
145,2024-06-03 19:45:52.605058+00:00,,True,288976,208016,26425,864691136137140093,True,True,dendrite_clean,axon_fully_extended,104517309070464921,864691136137140093
152,2024-06-03 19:45:52.610004+00:00,,True,327232,121712,21861,864691135257404079,True,True,dendrite_clean,axon_interareal,109783419407740073,864691135257404079
155,2024-06-03 19:45:52.612081+00:00,,True,337248,126832,17387,864691136451224831,True,True,dendrite_clean,axon_interareal,111121112138066845,864691136451224831
158,2024-06-03 19:45:52.614285+00:00,,True,313386,174566,26220,864691135809608652,True,True,dendrite_extended,axon_interareal,107890542024761410,864691135809608652
165,2024-06-03 19:45:52.619120+00:00,,True,304160,185008,17299,864691135273655569,True,True,dendrite_extended,axon_fully_extended,106554909067292402,864691135273655569
167,2024-06-03 19:45:52.620514+00:00,,True,302896,190304,18178,864691134886037498,True,True,dendrite_clean,axon_fully_extended,106414927627242268,864691134886037498
171,2024-06-03 19:45:52.623550+00:00,,True,170864,204560,21900,864691136175901190,True,True,dendrite_extended,axon_fully_extended,88261716244643227,864691136175901190
172,2024-06-03 19:45:52.624259+00:00,,True,149480,190770,23351,864691135492614239,True,True,dendrite_extended,axon_fully_extended,85304373764574894,864691135492614239
175,2024-06-03 19:45:52.626341+00:00,,True,301816,223456,23649,864691135099901728,True,True,dendrite_extended,axon_interareal,106278657642871284,864691135099901728
176,2024-06-03 19:45:52.627037+00:00,,True,185584,170240,21046,864691135545730856,True,True,dendrite_extended,axon_partially_extended,90297805553356549,864691135545730856
178,2024-06-03 19:45:52.628450+00:00,,True,324817,212116,23986,864691135888577417,True,True,dendrite_extended,axon_interareal,109443670583292717,864691135888577417
2560,2024-12-13 21:58:31.300892+00:00,,True,184256,217136,22396,864691135464946757,True,True,dendrite_extended,axon_partially_extended,90092952927816913,864691135464946757
180,2024-06-03 19:45:52.629864+00:00,,True,268400,200384,20293,864691136966189518,True,True,dendrite_clean,axon_fully_extended,101701527705901027,864691136966189518
185,2024-06-03 19:45:52.633471+00:00,,True,180288,258960,23956,864691135495542672,True,True,dendrite_extended,axon_partially_extended,89606006917044156,864691135495542672
187,2024-06-03 19:45:52.634880+00:00,,True,296712,168512,23849,864691135059143323,True,True,dendrite_extended,axon_interareal,105567548497849354,864691135059143323
189,2024-06-03 19:45:52.636244+00:00,,True,319813,127541,20742,864691135463695429,True,True,dendrite_clean,axon_interareal,108728644025004627,864691135463695429
190,2024-06-03 19:45:52.636939+00:00,,True,238080,196896,19088,864691135118298333,True,True,dendrite_clean,axon_fully_extended,97478990603962239,864691135118298333
195,2024-06-03 19:45:52.640558+00:00,,True,345600,123708,21017,864691135518453642,True,True,dendrite_clean,axon_interareal,112246600264389221,864691135518453642
196,2024-06-03 19:45:52.641255+00:00,,True,198007,174819,16975,864691136912172017,True,True,dendrite_extended,axon_partially_extended,91987273352108825,864691136912172017
198,2024-06-03 19:45:52.642604+00:00,,True,179456,192960,21578,864691135639556411,True,True,dendrite_extended,axon_fully_extended,89456404347350172,864691135639556411
228,2024-06-03 19:45:52.663747+00:00,,True,174592,206608,20768,864691135489514810,True,True,dendrite_extended,axon_fully_extended,88754572197488214,864691135489514810
229,2024-06-03 19:45:52.664430+00:00,,True,241892,210815,24315,864691135114295961,True,True,dendrite_extended,axon_fully_extended,98043796654473840,864691135114295961
232,2024-06-03 19:45:52.666494+00:00,,True,340046,115924,18486,864691135501703746,True,True,dendrite_clean,axon_interareal,111541881694961422,864691135501703746
234,2024-06-03 19:45:52.667885+00:00,,True,171888,209344,22995,864691135404765166,True,True,dendrite_extended,axon_fully_extended,88403072342632329,864691135404765166
236,2024-06-03 19:45:52.669727+00:00,,True,297818,159084,24458,864691135385422677,True,True,dendrite_extended,axon_interareal,105707049102838100,864691135385422677
249,2024-06-03 19:45:52.678676+00:00,,True,349040,130816,18299,864691135341198789,True,True,dendrite_clean,axon_interareal,112740143144090893,864691135341198789
257,2024-06-03 19:45:52.683997+00:00,,True,327229,192831,21771,864691135697613077,True,True,dendrite_extended,axon_interareal,109792971414921656,864691135697613077
260,2024-06-03 19:45:52.686079+00:00,,True,299964,170610,26714,864691135367033849,True,True,dendrite_extended,axon_interareal,105990036243235261,864691135367033849
269,2024-06-03 19:45:52.691982+00:00,,True,311546,157458,22902,864691135162908461,True,True,dendrite_extended,axon_interareal,107606798835887611,864691135162908461
286,2024-06-03 19:45:52.703671+00:00,,True,333888,183296,23598,864691136974876956,True,True,dendrite_extended,axon_fully_extended,110706459687342783,864691136974876956
2564,2024-12-13 21:58:31.367927+00:00,,True,192176,120944,22354,864691135928029652,True,True,dendrite_extended,axon_partially_extended,91205933573000605,864691135778161581
313,2024-06-03 19:45:52.722286+00:00,,True,275364,160058,23827,864691135113733529,True,True,dendrite_extended,axon_interareal,102610961730745211,864691135113733529
314,2024-06-03 19:45:52.722975+00:00,,True,292172,160290,25727,864691135117980637,True,True,dendrite_extended,axon_partially_extended,104933130556860850,864691135117980637
2563,2024-12-13 21:58:31.350284+00:00,,True,191744,201440,21606,864691135566168599,True,True,dendrite_extended,axon_partially_extended,91146422438749662,864691135566168599
339,2024-06-03 19:45:52.739948+00:00,,True,304352,115808,19194,864691135360017752,True,True,dendrite_clean,axon_interareal,106616000950414313,864691135360017752
2568,2024-12-13 21:58:31.431024+00:00,,True,205392,223744,22109,864691136813553523,True,True,dendrite_extended,axon_partially_extended,93049333536120642,864691136813553523
2569,2024-12-13 21:58:31.446959+00:00,,True,179360,208992,24296,864691135993185985,True,True,dendrite_extended,axon_partially_extended,89458534986854984,864691135993185985
2570,2024-12-13 21:58:31.465609+00:00,,True,175376,203728,22239,864691136335150259,True,True,dendrite_extended,axon_fully_extended,88894897570199057,864691136335150259
2571,2024-12-13 21:58:31.481292+00:00,,True,307424,200864,20925,864691135014276342,True,True,dendrite_extended,axon_partially_extended,107049621050051345,864691135014276342
2572,2024-12-13 21:58:31.496898+00:00,,True,175264,183856,20192,864691135014601110,True,True,dendrite_extended,axon_partially_extended,88892217242185427,864691135014601110
359,2024-06-03 19:45:52.753619+00:00,,True,206811,155433,20512,864691136378815445,True,True,dendrite_extended,axon_interareal,93180931132713432,864691136378815445
361,2024-06-03 19:45:52.754958+00:00,,True,342078,112989,21517,864691135700648226,True,True,dendrite_clean,axon_interareal,111822944757395583,864691135700648226
365,2024-06-03 19:45:52.757716+00:00,,True,324982,143132,19938,864691135937286404,True,True,dendrite_extended,axon_interareal,109434461636578380,864691135937286404
375,2024-06-03 19:45:52.764726+00:00,,True,337776,100192,17847,864691135428676144,True,True,dendrite_clean,axon_interareal,111187907536493639,864691135428676144
393,2024-06-03 19:45:52.776403+00:00,,True,287632,192944,19549,864691136578820884,True,True,dendrite_extended,axon_fully_extended,104304209100407554,864691136578820884
2573,2024-12-13 21:58:31.512061+00:00,,True,177120,197456,22127,864691135948123745,True,True,dendrite_extended,axon_partially_extended,89105179168917490,864691135948123745
2576,2024-12-13 21:58:31.562418+00:00,,True,184736,253008,24565,864691137055290998,True,True,dendrite_extended,axon_partially_extended,90168132303920501,864691137055290998
2579,2024-12-13 21:58:31.614799+00:00,,True,185712,231440,22586,864691135702061947,True,True,dendrite_extended,axon_partially_extended,90305983372447857,864691135702061947
2580,2024-12-13 21:58:31.629737+00:00,,True,170352,192608,20580,864691135384209131,True,True,dendrite_extended,axon_partially_extended,88189698098499323,864691135384209131
2582,2024-12-13 21:58:31.659711+00:00,,True,176064,130512,22031,864691135271343525,True,True,dendrite_extended,axon_partially_extended,88955439428956649,864691135271343525
2585,2024-12-13 21:58:31.705038+00:00,,True,169968,232176,24558,864691135276293349,True,True,dendrite_extended,axon_partially_extended,88124689943682269,864691135276293349
2586,2024-12-13 21:58:31.722291+00:00,,True,177328,184400,21991,864691135640484411,True,True,dendrite_extended,axon_partially_extended,89173761139991720,864691135640484411
2593,2024-12-13 21:58:31.829663+00:00,,True,168960,134400,21639,864691135386940245,True,True,dendrite_extended,axon_partially_extended,87970826699341642,864691135386940245
2594,2024-12-13 21:58:31.844015+00:00,,True,172624,126960,20812,864691136913261297,True,True,dendrite_extended,axon_partially_extended,88532745726627869,864691136913261297
2596,2024-12-13 21:58:31.873304+00:00,,True,173360,159856,22024,864691135566089495,True,True,dendrite_extended,axon_partially_extended,88607512718239945,864691135566089495
2602,2024-12-13 21:58:31.965781+00:00,,True,173872,214112,20324,864691135816832591,True,False,dendrite_extended,none,88685165458951492,864691135816832591
2605,2024-12-13 21:58:32.013237+00:00,,True,200224,263424,25547,864691136119883288,True,True,dendrite_extended,axon_partially_extended,92280637872332638,864691136119883288
2607,2024-12-13 21:58:32.046475+00:00,,True,136576,168512,24257,864691135335855337,True,True,dendrite_extended,axon_partially_extended,83542131637252821,864691135335855337
2608,2024-12-13 21:58:32.062810+00:00,,True,202032,128688,22839,864691136298063387,True,True,dendrite_extended,axon_partially_extended,92543970571587571,864691136298063387
2609,2024-12-13 21:58:32.078513+00:00,,True,323136,149120,18229,864691135970206821,True,True,dendrite_extended,axon_partially_extended,109224111116820796,864691135970206821
2610,2024-12-13 21:58:32.093777+00:00,,True,257888,205200,19566,864691135502902338,True,True,dendrite_extended,axon_partially_extended,100224471205577101,864691135502902338
2611,2024-12-13 21:58:32.108347+00:00,,True,149264,219312,19340,864691135594817067,True,True,dendrite_extended,axon_partially_extended,85308152798987559,864691135594817067
2613,2024-12-13 21:58:32.137880+00:00,,True,269232,144800,23267,864691136603171281,True,True,dendrite_extended,axon_partially_extended,101764475149168864,864691136603171281
2615,2024-12-13 21:58:32.166133+00:00,,True,226048,154720,23617,864691135375590217,True,True,dendrite_extended,axon_partially_extended,95854806375205551,864691135375590217
2616,2024-12-13 21:58:32.180896+00:00,,True,183824,154256,20271,864691136117626532,True,True,dendrite_extended,axon_partially_extended,90014131419471437,864691136117626532
2617,2024-12-13 21:58:32.197681+00:00,,True,289680,161264,24791,864691135741659499,True,True,dendrite_extended,axon_partially_extended,104581424140815209,864691135741659499
2618,2024-12-13 21:58:32.212264+00:00,,True,354992,142528,23231,864691135741684075,True,True,dendrite_extended,axon_partially_extended,113586080573545633,864691135741684075
2619,2024-12-13 21:58:32.226085+00:00,,True,229856,188304,23261,864691135970497125,True,True,dendrite_extended,axon_partially_extended,96351923002998076,864691135970497125
2620,2024-12-13 21:58:32.239889+00:00,,True,224336,138864,22805,864691136119885080,True,True,dendrite_extended,axon_partially_extended,95641569704922650,864691136119885080
2621,2024-12-13 21:58:32.254402+00:00,,True,345360,142864,21435,864691135498992403,True,True,dendrite_extended,axon_partially_extended,112249142885539171,864691135498992403
2622,2024-12-13 21:58:32.270161+00:00,,True,133776,152320,23219,864691135304679079,True,True,dendrite_extended,axon_partially_extended,83188157478333107,864691135304679079
2623,2024-12-13 21:58:32.285560+00:00,,True,257712,145728,24404,864691135539491442,True,True,dendrite_extended,axon_partially_extended,100216500350515119,864691135539491442
2624,2024-12-13 21:58:32.302002+00:00,,True,165968,112720,22886,864691135101431072,True,True,dendrite_extended,axon_partially_extended,87616028175454056,864691135101431072
2625,2024-12-13 21:58:32.317376+00:00,,True,236096,173168,21677,864691135477670312,True,True,dendrite_extended,axon_partially_extended,97264654891588458,864691135477670312
2626,2024-12-13 21:58:32.332669+00:00,,True,298928,142576,22481,864691135740865684,True,True,dendrite_extended,axon_partially_extended,105845587299579253,864691135740865684
2627,2024-12-13 21:58:32.345953+00:00,,True,165072,190720,22699,864691135928020948,True,True,dendrite_extended,axon_partially_extended,87485804766803619,864691135928020948
2628,2024-12-13 21:58:32.360177+00:00,,True,229264,178032,21728,864691136904488114,True,True,dendrite_extended,axon_partially_extended,96280179667962954,864691136904488114
2630,2024-12-13 21:58:32.387914+00:00,,True,233856,144880,19602,864691135927494158,True,True,dendrite_extended,axon_partially_extended,96909031331009922,864691135927494158
2730,2024-12-13 21:58:33.936068+00:00,,True,183776,165504,21045,864691135375441993,True,True,dendrite_clean,axon_partially_extended,90015643381895624,864691135215023416
2632,2024-12-13 21:58:32.423000+00:00,,True,245088,114544,23972,864691135209194617,True,True,dendrite_extended,axon_partially_extended,98453089790973114,864691135209194617
2633,2024-12-13 21:58:32.440025+00:00,,True,196976,168288,22711,864691135868466710,True,True,dendrite_extended,axon_partially_extended,91845643248865674,864691135868466710
2634,2024-12-13 21:58:32.456703+00:00,,True,199856,105456,23798,864691135408808649,True,True,dendrite_extended,axon_partially_extended,92259403352577419,864691135408808649
2635,2024-12-13 21:58:32.471839+00:00,,True,195088,162368,19534,864691135408788169,True,True,dendrite_extended,axon_partially_extended,91563343235672342,864691135408788169
2636,2024-12-13 21:58:32.487455+00:00,,True,336608,175776,18166,864691135511802576,True,True,dendrite_extended,axon_partially_extended,111057271878124171,864691135511802576
2638,2024-12-13 21:58:32.520204+00:00,,True,267040,171120,18310,864691135772920651,True,True,dendrite_extended,axon_partially_extended,101486504194835823,864691135772920651
2639,2024-12-13 21:58:32.536177+00:00,,True,289248,176048,22051,864691136090632503,True,True,dendrite_extended,axon_partially_extended,104513047925686540,864691136090632503
2640,2024-12-13 21:58:32.551649+00:00,,True,162304,218800,22158,864691135700814114,True,True,dendrite_extended,axon_partially_extended,87067303086348787,864691135700814114
2641,2024-12-13 21:58:32.568590+00:00,,True,233504,183872,22489,864691135591854347,True,True,dendrite_extended,axon_partially_extended,96843885603031131,864691135591854347
2642,2024-12-13 21:58:32.584078+00:00,,True,157104,117072,19130,864691135970180709,True,True,dendrite_extended,axon_partially_extended,86350008785571333,864691135970180709
2643,2024-12-13 21:58:32.599369+00:00,,True,250416,149712,24551,864691136380266965,True,True,dendrite_extended,axon_partially_extended,99231887688044407,864691136380266965
2644,2024-12-13 21:58:32.614521+00:00,,True,218352,127152,19357,864691135495698832,True,True,dendrite_extended,axon_partially_extended,94795563757188567,864691135495698832
2645,2024-12-13 21:58:32.631305+00:00,,True,203344,112064,19314,864691136110256824,True,True,dendrite_extended,axon_partially_extended,92752877311163849,864691136110256824
2646,2024-12-13 21:58:32.647427+00:00,,True,194464,134496,19725,864691136452602367,True,True,dendrite_extended,axon_partially_extended,91489263639928723,864691136452602367
2648,2024-12-13 21:58:32.674916+00:00,,True,286256,149568,20170,864691135778414176,True,True,dendrite_extended,axon_partially_extended,104157630523795934,864691135778414176
2650,2024-12-13 21:58:32.700544+00:00,,True,201392,182624,21666,864691135586724220,True,True,dendrite_extended,axon_partially_extended,92480885957554725,864691135586724220
2711,2024-12-13 21:58:33.638127+00:00,,True,171856,171680,21824,864691136101353333,True,True,dendrite_extended,axon_partially_extended,88397986966926137,864691136101353333
2712,2024-12-13 21:58:33.651831+00:00,,True,187632,243488,22841,864691135866279900,True,True,dendrite_extended,axon_partially_extended,90589107616886693,864691135866279900
2713,2024-12-13 21:58:33.668404+00:00,,True,177712,238736,24291,864691136904967346,True,True,dendrite_extended,axon_partially_extended,89251414483973224,864691136904967346
2714,2024-12-13 21:58:33.685372+00:00,,True,173408,182544,22502,864691136330622186,True,True,dendrite_extended,axon_partially_extended,88610605095247783,864691136330622186
2715,2024-12-13 21:58:33.701550+00:00,,True,190208,234240,23182,864691136596177570,True,True,dendrite_extended,axon_partially_extended,90939714454103193,864691136596177570
2716,2024-12-13 21:58:33.715870+00:00,,True,181680,251872,24620,864691135684809458,True,True,dendrite_extended,axon_partially_extended,89745782466493531,864691135684809458
2717,2024-12-13 21:58:33.729853+00:00,,True,190464,224176,22995,864691135786943684,True,True,dendrite_extended,axon_partially_extended,90938339997789517,864691135786943684
2718,2024-12-13 21:58:33.744138+00:00,,True,196752,250416,23397,864691135778889405,True,True,dendrite_extended,axon_partially_extended,91856638432435790,864691135778889405
2719,2024-12-13 21:58:33.758627+00:00,,True,191264,235632,21848,864691136926764362,True,True,dendrite_extended,axon_partially_extended,91080589180343914,864691136926764362
2721,2024-12-13 21:58:33.787969+00:00,,True,186160,136480,21354,864691135919956656,True,True,dendrite_clean,axon_partially_extended,90363638812455211,864691135919956656
2722,2024-12-13 21:58:33.805034+00:00,,True,171712,128336,22290,864691136975170332,True,True,dendrite_clean,axon_partially_extended,88392214597937672,864691136975170332
2723,2024-12-13 21:58:33.821554+00:00,,True,191312,121536,21896,864691136052745971,True,True,dendrite_clean,axon_partially_extended,91065264737038206,864691136052745971
2724,2024-12-13 21:58:33.838903+00:00,,True,172864,133024,21760,864691136620043149,True,True,dendrite_extended,axon_partially_extended,88533570494493324,864691136620043149
2726,2024-12-13 21:58:33.871926+00:00,,True,192272,148688,22619,864691134918921738,True,True,dendrite_clean,axon_partially_extended,91209713211022291,864691134918921738
2727,2024-12-13 21:58:33.887285+00:00,,True,170192,147984,21335,864691135209432185,True,True,dendrite_clean,axon_partially_extended,88183719571431701,864691135209432185
2731,2024-12-13 21:58:33.952678+00:00,,True,181920,154880,22579,864691135760106830,True,True,dendrite_clean,axon_partially_extended,89803162961130659,864691135760106830
2732,2024-12-13 21:58:33.969100+00:00,,True,191088,159360,21709,864691135465343045,True,True,dendrite_clean,axon_partially_extended,91070349978124936,864691135465343045
2733,2024-12-13 21:58:33.986343+00:00,,True,189408,153008,21492,864691135384292843,True,True,dendrite_clean,axon_partially_extended,90788050300919327,864691135384292843
2734,2024-12-13 21:58:34.001944+00:00,,True,170304,163664,21335,864691135939017525,True,True,dendrite_clean,axon_partially_extended,88185849875200594,864691135939017525
2735,2024-12-13 21:58:34.019033+00:00,,True,189200,241456,24426,864691135976028015,True,True,dendrite_extended,axon_partially_extended,90799939172884359,864691135976028015
2736,2024-12-13 21:58:34.034368+00:00,,True,198720,234960,22456,864691136042515798,True,True,dendrite_extended,axon_partially_extended,92136051690745412,864691136042515798
2738,2024-12-13 21:58:34.067405+00:00,,True,192272,249728,23922,864691135234582361,True,True,dendrite_extended,axon_partially_extended,91223251082455647,864691135234582361
2739,2024-12-13 21:58:34.082515+00:00,,True,196304,242192,24351,864691135059954075,True,True,dendrite_extended,axon_partially_extended,91785170310760456,864691135059954075
2740,2024-12-13 21:58:34.098947+00:00,,True,179008,243280,23124,864691135566274391,True,True,dendrite_extended,axon_partially_extended,89392770313251673,864691135566274391
2741,2024-12-13 21:58:34.114600+00:00,,True,181664,228752,22734,864691136311451226,True,True,dendrite_extended,axon_partially_extended,89742689821813768,864691136311451226
2742,2024-12-13 21:58:34.129880+00:00,,True,193280,219920,21449,864691135360300632,True,True,dendrite_extended,axon_partially_extended,91360002505734907,864691135360300632
2743,2024-12-13 21:58:34.145074+00:00,,True,171728,216752,23008,864691135817195343,True,True,dendrite_extended,axon_partially_extended,88404034415328120,864691135817195343
2745,2024-12-13 21:58:34.172963+00:00,,True,176576,223568,23383,864691135324437916,True,True,dendrite_extended,axon_partially_extended,89038315252538375,864691135324437916
2746,2024-12-13 21:58:34.187587+00:00,,True,198448,238016,22373,864691135778465376,True,True,dendrite_extended,axon_partially_extended,92066095263342786,864691135778465376
2747,2024-12-13 21:58:34.204224+00:00,,True,182992,236928,24247,864691136136287883,True,True,dendrite_extended,axon_partially_extended,89954895767267940,864691136136287883
2765,2024-12-13 21:58:34.488062+00:00,,True,183056,149488,20894,864691136618957787,True,True,dendrite_clean,axon_partially_extended,89943144267236872,864691136618957787
2766,2024-12-13 21:58:34.503007+00:00,,True,161312,162880,18264,864691136975300636,True,True,dendrite_extended,axon_partially_extended,86919074638383432,864691136975300636
2767,2024-12-13 21:58:34.517433+00:00,,True,234416,152336,20908,864691135468948364,True,True,dendrite_extended,axon_partially_extended,96980431001933355,864691135468948364
2768,2024-12-13 21:58:34.534857+00:00,,True,215600,142656,19870,864691135611141383,True,True,dendrite_extended,axon_partially_extended,94445850407198190,864691135611141383
2769,2024-12-13 21:58:34.551491+00:00,,True,225312,161104,20411,864691135619294351,True,True,dendrite_extended,axon_partially_extended,95714961770732794,864691135619294351
2770,2024-12-13 21:58:34.567465+00:00,,True,241920,151216,19302,864691136195526120,True,True,dendrite_extended,axon_partially_extended,98035755804719920,864691136195526120
2771,2024-12-13 21:58:34.585345+00:00,,True,253168,143904,18085,864691136274546622,True,True,dendrite_extended,axon_partially_extended,99582905969528046,864691136274546622
2772,2024-12-13 21:58:34.601287+00:00,,True,152080,169600,21360,864691135527555163,True,True,dendrite_extended,axon_partially_extended,85653330999060048,864691135527555163
2773,2024-12-13 21:58:34.617621+00:00,,True,214144,150208,22307,864691135342585541,True,True,dendrite_extended,axon_partially_extended,94235706582728500,864691135342585541
2774,2024-12-13 21:58:34.631517+00:00,,True,157296,153504,18933,864691135977309763,True,True,dendrite_extended,axon_partially_extended,86425256545862967,864691135977309763
2775,2024-12-13 21:58:34.647650+00:00,,True,148816,161120,19858,864691136120159768,True,True,dendrite_extended,axon_partially_extended,85230018821066638,864691136120159768
2776,2024-12-13 21:58:34.662758+00:00,,True,233712,144576,20887,864691136138131325,True,True,dendrite_extended,axon_partially_extended,96908962746082581,864691136138131325
3561,2025-04-21 16:29:39.245999+00:00,,True,182848,189392,21379,864691136968109774,True,True,dendrite_extended,axon_partially_extended,89948504453494318,864691136968109774
3614,2025-04-21 16:29:40.317714+00:00,,True,214496,155024,21399,864691135750649129,True,True,dendrite_extended,axon_partially_extended,94236393643414314,864691135750649129
3361,2025-03-12 23:44:50.806804+00:00,,True,191424,245216,24295,864691135183646466,True,True,dendrite_extended,axon_partially_extended,91081895185814765,864691135183646466
3362,2025-03-12 23:44:50.824951+00:00,,True,186272,194272,20412,864691135465503813,True,True,dendrite_extended,axon_partially_extended,90371403979164500,864691135465503813
3363,2025-03-12 23:44:50.842301+00:00,,True,169008,113040,21735,864691135685087474,True,True,dendrite_extended,axon_partially_extended,88038309225634916,864691135685087474
3367,2025-03-12 23:44:50.914755+00:00,,True,183312,171136,21746,864691135773694795,True,True,dendrite_extended,axon_partially_extended,89946030619279535,864691135773694795
3368,2025-03-12 23:44:50.932610+00:00,,True,187136,161232,20563,864691135136735001,True,True,dendrite_clean,axon_partially_extended,90507674768271850,864691135136735001
3369,2025-03-12 23:44:50.950332+00:00,,True,172624,147408,22420,864691136274655166,True,True,dendrite_clean,axon_partially_extended,88535494707130636,864691136274655166
3370,2025-03-12 23:44:50.968472+00:00,,True,186800,182960,22134,864691136125956134,True,True,dendrite_extended,axon_partially_extended,90440192443462131,864691136125956134
3616,2025-04-21 16:29:40.351322+00:00,,True,198224,259040,23805,864691135212086720,True,True,dendrite_extended,axon_partially_extended,92068912963055303,864691135212086720
3617,2025-04-21 16:29:40.366822+00:00,,True,204528,217920,25116,864691136814025587,True,True,dendrite_extended,axon_partially_extended,92907840536110085,864691136814025587
3621,2025-04-21 16:29:40.441422+00:00,,True,192240,222000,21244,864691135343499441,True,True,dendrite_extended,axon_partially_extended,91219539895062316,864691135343499441
3622,2025-04-21 16:29:40.461357+00:00,,True,179216,229440,21542,864691136177127174,True,True,dendrite_extended,axon_partially_extended,89390914685996280,864691136177127174
4012,2025-07-23 00:42:24.676611+00:00,,True,101712,120464,15401,864691136619199963,True,True,dendrite_clean,axon_partially_extended,78750596261322508,864691136619199963
3760,2025-06-21 16:34:34.734269+00:00,,True,176288,114544,23150,864691135492804327,True,True,dendrite_extended,axon_fully_extended,89023678003715706,864691135492804327
3555,2025-04-21 16:29:39.064869+00:00,,True,194928,239328,22970,864691135640929595,True,True,dendrite_extended,axon_partially_extended,91573720279725884,864691135640929595
3601,2025-04-21 16:29:40.085153+00:00,,True,187968,124368,22306,864691135474051890,True,True,dendrite_extended,axon_partially_extended,90643464655836537,864691135774041163
3556,2025-04-21 16:29:39.122993+00:00,,True,142272,169104,19714,864691135157619556,True,True,dendrite_extended,axon_partially_extended,84316255938722723,864691135157619556
3557,2025-04-21 16:29:39.150065+00:00,,True,189600,192320,21518,864691135646478063,True,True,dendrite_extended,axon_partially_extended,90863710511363593,864691135646478063
3558,2025-04-21 16:29:39.176543+00:00,,True,183744,160336,21231,864691135947969060,True,True,dendrite_extended,axon_partially_extended,90014956187351099,864691135947969060
3559,2025-04-21 16:29:39.199940+00:00,,True,190864,188784,20152,864691135839577235,True,True,dendrite_extended,axon_partially_extended,91003966762268763,864691135839577235
3564,2025-04-21 16:29:39.310067+00:00,,True,170672,217888,22192,864691135490135354,True,False,dendrite_extended,none,88263503017918441,864691135490135354
3565,2025-04-21 16:29:39.335756+00:00,,True,169088,207456,21920,864691135867667589,True,False,dendrite_extended,none,88050953609507873,864691135867667589
3296,2025-03-12 23:44:49.581554+00:00,,True,185920,257680,22934,864691135685980087,True,True,dendrite_extended,axon_partially_extended,90379856810299763,864691135685980087
3297,2025-03-12 23:44:49.600417+00:00,,True,343744,102624,20635,864691135659358850,True,True,dendrite_clean,axon_partially_extended,112032676466346817,864691135659358850
3299,2025-03-12 23:44:49.640647+00:00,,True,196320,225280,22165,864691135356708303,True,True,dendrite_extended,axon_partially_extended,91782902299435828,864691135356708303
3303,2025-03-12 23:44:49.714594+00:00,,True,155872,215136,20540,864691135756630226,True,True,dendrite_extended,axon_partially_extended,86222396918442649,864691135756630226
3304,2025-03-12 23:44:49.733080+00:00,,True,171360,138880,21195,864691135234842713,True,True,dendrite_extended,axon_partially_extended,88323220109029208,864691135234842713
3305,2025-03-12 23:44:49.752401+00:00,,True,188400,221168,20595,864691135566500439,True,False,dendrite_extended,none,90656452435402060,864691135566500439
3307,2025-03-12 23:44:49.789843+00:00,,True,208176,156000,24993,864691135764015926,True,True,dendrite_extended,axon_partially_extended,93392106622074585,864691135764015926
3308,2025-03-12 23:44:49.808766+00:00,,True,191712,230256,22994,864691135839499155,True,True,dendrite_extended,axon_partially_extended,91150270864061892,864691135839499155
3309,2025-03-12 23:44:49.827705+00:00,,True,177248,246560,23961,864691135989177347,True,True,dendrite_extended,axon_partially_extended,89182145184533568,864691135989177347
3310,2025-03-12 23:44:49.847167+00:00,,True,187312,111232,22632,864691135787154372,True,True,dendrite_clean,axon_partially_extended,90500940527985455,864691135787154372
3566,2025-04-21 16:29:39.358887+00:00,,True,175776,126048,19930,864691135356775887,True,True,dendrite_extended,axon_partially_extended,88954820618681425,864691135356775887
3312,2025-03-12 23:44:49.886718+00:00,,True,178144,111168,22503,864691135309141062,True,True,dendrite_clean,axon_partially_extended,89234303066124452,864691135309141062
3313,2025-03-12 23:44:49.904676+00:00,,True,182224,125968,20346,864691135569830124,True,True,dendrite_extended,axon_partially_extended,89799245615834818,864691135569830124
3314,2025-03-12 23:44:49.923687+00:00,,True,191504,126816,20281,864691135777789357,True,True,dendrite_clean,axon_partially_extended,91066020449891254,864691135777789357
3315,2025-03-12 23:44:49.942175+00:00,,True,181024,133952,20643,864691135105897037,True,True,dendrite_clean,axon_partially_extended,89659607705958153,864691135105897037
3316,2025-03-12 23:44:49.960520+00:00,,True,188512,130000,20748,864691136022090744,True,True,dendrite_clean,axon_partially_extended,90714589112913735,864691136022090744
3325,2025-03-12 23:44:50.136856+00:00,,True,171280,165280,20203,864691135211926464,True,True,dendrite_clean,axon_partially_extended,88326793387616101,864691135211926464
3326,2025-03-12 23:44:50.159845+00:00,,True,197280,241040,22729,864691135503350082,True,True,dendrite_extended,axon_partially_extended,91925770158746107,864691135503350082
3332,2025-03-12 23:44:50.272066+00:00,,True,235104,149344,24097,864691135405224174,True,True,dendrite_extended,axon_partially_extended,97120756642675717,864691135405224174
3333,2025-03-12 23:44:50.289309+00:00,,True,181296,150944,22284,864691135866576604,True,True,dendrite_clean,axon_partially_extended,89732244394326884,864691135866576604
3334,2025-03-12 23:44:50.307149+00:00,,True,186032,169312,20439,864691135395971573,True,True,dendrite_clean,axon_partially_extended,90368036724879412,864691135395971573
3335,2025-03-12 23:44:50.325767+00:00,,True,180832,155424,21522,864691136013053859,True,True,dendrite_clean,axon_partially_extended,89662494058008468,864691136013053859
3576,2025-04-21 16:29:39.586419+00:00,,True,216400,191344,24032,864691136067404440,True,True,dendrite_extended,axon_partially_extended,94522748038587389,864691136067404440
3349,2025-03-12 23:44:50.592834+00:00,,True,178752,204992,21876,864691136067275672,True,True,dendrite_extended,axon_partially_extended,89387616151457371,864691136067275672
3350,2025-03-12 23:44:50.612315+00:00,,True,189888,219168,20920,864691135375361480,True,True,dendrite_clean,axon_partially_extended,90867283790442087,864691135375361480
3351,2025-03-12 23:44:50.629848+00:00,,True,229648,140704,21936,864691135619463567,True,True,dendrite_extended,axon_partially_extended,96345531890546073,864691135619463567
3352,2025-03-12 23:44:50.646908+00:00,,True,187184,110432,23895,864691135476528704,True,True,dendrite_extended,axon_partially_extended,90500871943007870,864691135476528704
3353,2025-03-12 23:44:50.663441+00:00,,True,186544,225824,22828,864691135809663773,True,True,dendrite_extended,axon_partially_extended,90445964946838400,864691135809663773
3354,2025-03-12 23:44:50.682170+00:00,,True,186480,232672,23527,864691136239387708,True,True,dendrite_extended,axon_partially_extended,90446927086824998,864691136239387708
3355,2025-03-12 23:44:50.700448+00:00,,True,194816,232560,21991,864691136742623580,True,True,dendrite_extended,axon_partially_extended,91572758072851158,864691136742623580
3356,2025-03-12 23:44:50.719222+00:00,,True,184000,228080,22483,864691136125840678,True,True,dendrite_extended,axon_partially_extended,90094464756406121,864691136125840678
3357,2025-03-12 23:44:50.736654+00:00,,True,178128,147168,21609,864691135503287618,True,True,dendrite_clean,axon_partially_extended,89239182081413462,864691135503287618
3358,2025-03-12 23:44:50.753728+00:00,,True,188832,198224,22608,864691135878061395,True,True,dendrite_extended,axon_fully_extended,90723729071520237,864691135878061395
3359,2025-03-12 23:44:50.771296+00:00,,True,178560,119232,22114,864691135430853424,True,True,dendrite_clean,axon_fully_extended,89305771321490796,864691135430853424
3364,2025-03-12 23:44:50.861149+00:00,,True,172768,215824,22832,864691135124146727,True,True,dendrite_extended,axon_partially_extended,88544703183987304,864691135124146727
3365,2025-03-12 23:44:50.879142+00:00,,True,235552,163680,20813,864691136579408916,True,True,dendrite_extended,axon_partially_extended,97122680318624224,864691136579408916
3366,2025-03-12 23:44:50.896339+00:00,,True,189104,214064,22710,864691135473954354,True,True,dendrite_extended,axon_partially_extended,90796228119641351,864691135473954354
3577,2025-04-21 16:29:39.607501+00:00,,True,181616,258464,23023,864691135539971954,True,True,dendrite_extended,axon_partially_extended,89746675551826654,864691135539971954
1002,2024-06-03 19:45:53.183768+00:00,,True,191120,109792,21792,864691135940881830,True,True,dendrite_extended,axon_partially_extended,91063752908438555,864691135940881830
3595,2025-04-21 16:29:39.964175+00:00,,True,168096,152432,23318,864691136118370724,True,True,dendrite_extended,axon_partially_extended,87902863338352452,864691136118370724
3596,2025-04-21 16:29:39.983104+00:00,,True,168656,161344,23687,864691134887026938,True,True,dendrite_extended,axon_partially_extended,87974400380580497,864691134887026938
3597,2025-04-21 16:29:40.002430+00:00,,True,173712,126464,22478,864691136058291416,True,True,dendrite_clean,axon_partially_extended,88673414696959245,864691136058291416
3598,2025-04-21 16:29:40.022494+00:00,,True,187312,177632,20229,864691136274783422,True,True,dendrite_extended,axon_partially_extended,90509873724584406,864691136274783422
3600,2025-04-21 16:29:40.061446+00:00,,True,231056,157584,22404,864691135339729894,True,True,dendrite_extended,axon_partially_extended,96558905932864387,864691135339729894
1009,2024-06-03 19:45:53.188432+00:00,,True,348304,186080,19305,864691135526405723,True,True,dendrite_extended,axon_fully_extended,112677196237588267,864691135526405723
1010,2024-06-03 19:45:53.189224+00:00,,True,170528,226848,20316,864691135308347974,True,True,dendrite_clean,axon_partially_extended,88194302236603527,864691135308347974
1012,2024-06-03 19:45:53.190729+00:00,,True,354279,119538,19427,864691135772764411,True,True,dendrite_clean,axon_interareal,113442318891690431,864691135772764411
3602,2025-04-21 16:29:40.109080+00:00,,True,189856,176016,21620,864691135867644805,True,True,dendrite_extended,axon_partially_extended,90861511488208084,864691135867644805
1014,2024-06-03 19:45:53.192336+00:00,,True,173552,172112,21616,864691136021595384,True,True,dendrite_extended,axon_partially_extended,88609161918714718,864691136021595384
3603,2025-04-21 16:29:40.129604+00:00,,True,181072,190672,20169,864691134886912506,True,True,dendrite_extended,axon_partially_extended,89667235500834329,864691134886912506
3604,2025-04-21 16:29:40.148637+00:00,,True,186720,181760,21718,864691136380795861,True,True,dendrite_extended,axon_partially_extended,90440054937516458,864691136380795861
3605,2025-04-21 16:29:40.165425+00:00,,True,190368,173424,21738,864691135809954845,True,True,dendrite_extended,axon_partially_extended,90931536635158678,864691135809954845
3606,2025-04-21 16:29:40.182730+00:00,,True,200272,242176,23479,864691135493079135,True,True,dendrite_extended,axon_partially_extended,92348120130156658,864691135493079135
3607,2025-04-21 16:29:40.202738+00:00,,True,192560,249424,22976,864691135993767617,True,True,dendrite_extended,axon_partially_extended,91293550973038486,864691135993767617
1021,2024-06-03 19:45:53.197074+00:00,,True,343840,130256,18548,864691135952121379,True,True,dendrite_clean,axon_interareal,112036387049649663,864691135952121379
1027,2024-06-03 19:45:53.201309+00:00,,True,352352,112688,20122,864691135927648212,True,True,dendrite_clean,axon_interareal,113230250720332898,864691135927648212
1028,2024-06-03 19:45:53.201970+00:00,,True,341432,121686,21699,864691136084684396,True,True,dendrite_clean,axon_interareal,111683375500368075,864691136084684396
1030,2024-06-03 19:45:53.203311+00:00,,True,190416,99456,20385,864691135132887456,True,True,dendrite_extended,axon_partially_extended,90921572109929556,864691135132887456
1032,2024-06-03 19:45:53.204615+00:00,,True,315954,126002,20769,864691136194355176,True,True,dendrite_clean,axon_interareal,108235856657388239,864691136194355176
1034,2024-06-03 19:45:53.205960+00:00,,True,304944,211856,19990,864691135885194352,True,True,dendrite_extended,axon_partially_extended,106699289090119786,864691135885194352
939,2024-06-03 19:45:53.141352+00:00,,True,175616,144976,22055,864691135992790209,True,True,dendrite_extended,axon_partially_extended,88886994830159181,864691135992790209
946,2024-06-03 19:45:53.146294+00:00,,True,175280,194224,22230,864691135502190941,True,True,dendrite_extended,axon_partially_extended,88893591900128821,864691135502190941
949,2024-06-03 19:45:53.148306+00:00,,True,180704,200624,24097,864691136109199800,True,True,dendrite_extended,axon_partially_extended,89598172963348959,864691136109199800
950,2024-06-03 19:45:53.148977+00:00,,True,339456,125152,17782,864691136136766589,True,True,dendrite_clean,axon_interareal,111402381023317745,864691136136766589
953,2024-06-03 19:45:53.150964+00:00,,True,185472,130880,21521,864691135274631397,True,True,dendrite_extended,axon_partially_extended,90292514220726305,864691135274631397
956,2024-06-03 19:45:53.153115+00:00,,True,178528,89504,21709,864691136723961597,True,True,dendrite_extended,axon_partially_extended,89301785524841213,864691136723961597
957,2024-06-03 19:45:53.153773+00:00,,True,327056,114144,22102,864691135491167207,True,True,dendrite_clean,axon_interareal,109712019938215398,864691135491167207
3288,2025-03-12 23:44:49.388368+00:00,,True,179472,187760,21468,864691136040977662,True,True,dendrite_extended,axon_fully_extended,89455717085943647,864691136040977662
3608,2025-04-21 16:29:40.220901+00:00,,True,194336,253536,24343,864691135566657623,True,True,dendrite_extended,axon_partially_extended,91505207162533384,864691135566657623
3609,2025-04-21 16:29:40.238793+00:00,,True,179648,258768,23597,864691135164434989,True,True,dendrite_extended,axon_partially_extended,89465269428261699,864691135164434989
3610,2025-04-21 16:29:40.253388+00:00,,True,176080,220928,22152,864691136968094158,True,True,dendrite_extended,axon_partially_extended,88967602776531000,864691136968094158
3611,2025-04-21 16:29:40.269220+00:00,,True,187680,221552,21218,864691136664680926,True,True,dendrite_extended,axon_partially_extended,90586152477955835,864691136664680926
3612,2025-04-21 16:29:40.284580+00:00,,True,186816,235856,22184,864691135566649431,True,True,dendrite_extended,axon_partially_extended,90447339269104531,864691135566649431
3613,2025-04-21 16:29:40.300403+00:00,,True,170016,195360,22108,864691136177129478,True,True,dendrite_extended,axon_partially_extended,88119741872481362,864691136177129478
3737,2025-06-21 16:34:34.349440+00:00,,True,166976,176208,23231,864691135811260876,True,True,dendrite_extended,axon_fully_extended,87765286945830287,864691135811260876
3740,2025-06-21 16:34:34.394666+00:00,,True,192640,173632,23652,864691136438216350,True,True,dendrite_extended,axon_fully_extended,91283380624351165,864691136438216350
3741,2025-06-21 16:34:34.411251+00:00,,True,181216,173568,23283,864691135464758173,True,True,dendrite_extended,axon_fully_extended,89664899441304410,864691135464758173
3771,2025-06-21 16:52:39.888783+00:00,,True,198416,198976,19972,864691135943332212,True,True,dendrite_extended,axon_fully_extended,92060872314208771,864691135943332212
3772,2025-06-21 16:52:39.889472+00:00,,True,165584,206976,22322,864691136484748844,True,True,dendrite_extended,axon_fully_extended,87558303747778154,864691136484748844
3773,2025-06-21 16:52:39.890160+00:00,,True,191504,193776,19488,864691136619270875,True,True,dendrite_extended,axon_fully_extended,91075022633889493,864691136619270875
3745,2025-06-21 16:34:34.481172+00:00,,True,194208,167744,22608,864691135274525969,True,True,dendrite_extended,axon_fully_extended,91493730808361930,864691135274525969
3764,2025-06-21 16:34:34.802044+00:00,,True,187888,190896,19711,864691136924795876,True,True,dendrite_extended,axon_fully_extended,90582029108031261,864691136924795876
1036,2024-06-03 19:45:53.207429+00:00,,True,305097,109558,20780,864691136143696692,True,True,dendrite_clean,axon_interareal,106685545262215225,864691136143696692
1040,2024-06-03 19:45:53.210104+00:00,,True,183920,182432,22462,864691135938404612,True,True,dendrite_extended,axon_partially_extended,90088280003517620,864691135938404612
1041,2024-06-03 19:45:53.210753+00:00,,True,179792,97680,20633,864691135518510218,True,True,dendrite_extended,axon_partially_extended,89513991134704374,864691135518510218
1042,2024-06-03 19:45:53.211393+00:00,,True,310976,124752,21479,864691135270320293,True,True,dendrite_clean,axon_interareal,107532031843953767,864691135270320293
1043,2024-06-03 19:45:53.212047+00:00,,True,307568,208016,19302,864691135783909427,True,True,dendrite_extended,axon_partially_extended,107050582921399206,864691135783909427
1113,2024-06-03 19:45:53.263959+00:00,,True,168832,214032,21712,864691135754881746,True,False,dendrite_extended,none,87981478218324763,864691135754881746
1114,2024-06-03 19:45:53.264707+00:00,,True,178144,164992,22469,864691136436788382,True,True,dendrite_extended,axon_partially_extended,89241518611108019,864691136436788382
1127,2024-06-03 19:45:53.273535+00:00,,True,349584,134112,19179,864691135739733140,True,True,dendrite_clean,axon_interareal,112810924339140424,864691135739733140
1154,2024-06-03 19:45:53.291069+00:00,,True,176016,95024,22051,864691135976155459,True,True,dendrite_extended,axon_partially_extended,88950697785090494,864691135976155459
1159,2024-06-03 19:45:53.294281+00:00,,True,192656,94768,20588,864691135976729667,True,True,dendrite_extended,axon_partially_extended,91272797422269509,864691135976729667
1164,2024-06-03 19:45:53.297760+00:00,,True,319984,126368,21996,864691135233730649,True,True,dendrite_clean,axon_interareal,108728506720536935,864691135233730649
1201,2024-06-03 19:45:53.323274+00:00,,True,182000,214432,20731,864691135013667062,True,False,dendrite_extended,none,89811134152255955,864691135013667062
1203,2024-06-03 19:45:53.324573+00:00,,True,190512,90448,21434,864691135571154925,True,True,dendrite_extended,axon_partially_extended,90990772757131586,864691135571154925
1206,2024-06-03 19:45:53.326546+00:00,,True,184800,211408,20244,864691135938460676,True,False,dendrite_extended,none,90162565489162922,864691135938460676
1207,2024-06-03 19:45:53.327342+00:00,,True,344240,110757,19613,864691136419760791,True,False,dendrite_extended,none,112104075868445024,864691136419760791
1208,2024-06-03 19:45:53.328003+00:00,,True,172096,245152,21919,864691135156351588,True,False,dendrite_extended,none,88478251315889887,864691135156351588
1215,2024-06-03 19:45:53.332584+00:00,,True,189936,214736,20779,864691135778562237,True,False,dendrite_extended,none,90866734034428062,864691135778562237
1349,2024-06-03 19:45:53.421284+00:00,,True,294032,143104,18473,864691136363009250,True,True,dendrite_extended,axon_partially_extended,105212336851206602,864691136363009250
1350,2024-06-03 19:45:53.421935+00:00,,True,226912,182512,21705,864691135849088094,True,True,dendrite_extended,axon_partially_extended,95999323166475135,864691135849088094
1351,2024-06-03 19:45:53.422587+00:00,,True,329472,165040,17710,864691135014355094,True,True,dendrite_extended,axon_partially_extended,110070666283604569,864691135014355094
1352,2024-06-03 19:45:53.423285+00:00,,True,163072,118208,24597,864691135594721579,True,True,dendrite_extended,axon_partially_extended,87194571892645825,864691135594721579
1354,2024-06-03 19:45:53.424595+00:00,,True,241472,107600,19567,864691135275949029,True,True,dendrite_extended,axon_partially_extended,97959545971852843,864691135275949029
1355,2024-06-03 19:45:53.425382+00:00,,True,218272,177184,24728,864691135339088102,True,True,dendrite_extended,axon_partially_extended,94802299003830168,864691135339088102
1357,2024-06-03 19:45:53.426697+00:00,,True,147920,119584,17797,864691136488446226,True,True,dendrite_extended,axon_partially_extended,85083714786650439,864691136488446226
1358,2024-06-03 19:45:53.427340+00:00,,True,311520,155280,24059,864691135518844554,True,True,dendrite_extended,axon_partially_extended,107606455372841145,864691135518844554
1360,2024-06-03 19:45:53.428599+00:00,,True,144176,179568,24605,864691135384176619,True,True,dendrite_extended,axon_partially_extended,84599174695287374,864691135384176619
1363,2024-06-03 19:45:53.430499+00:00,,True,156000,120752,23550,864691136452447743,True,True,dendrite_extended,axon_partially_extended,86209752870797529,864691136452447743
1365,2024-06-03 19:45:53.431791+00:00,,True,240848,112848,23590,864691135209116537,True,True,dendrite_extended,axon_partially_extended,97889933678703666,864691135209116537
1366,2024-06-03 19:45:53.432434+00:00,,True,346512,155104,19337,864691136275364365,True,True,dendrite_extended,axon_partially_extended,112391529372823009,864691136275364365
1368,2024-06-03 19:45:53.433863+00:00,,True,178816,210528,22322,864691135105464653,True,True,dendrite_extended,axon_partially_extended,89388372132727995,864691135105464653
1370,2024-06-03 19:45:53.435146+00:00,,True,305952,157840,22494,864691135911276969,True,True,dendrite_extended,axon_partially_extended,106832742582909455,864691135911276969
1371,2024-06-03 19:45:53.435786+00:00,,True,295344,171040,21861,864691135778132576,True,True,dendrite_extended,axon_partially_extended,105356785594313916,864691135778132576
1372,2024-06-03 19:45:53.436415+00:00,,True,233936,119888,21294,864691135975824495,True,True,dendrite_extended,axon_partially_extended,96905664278159946,864691135975824495
1373,2024-06-03 19:45:53.437062+00:00,,True,306048,106672,23860,864691135749995049,True,True,dendrite_extended,axon_partially_extended,106825870836362183,864691135749995049
551,2024-06-03 19:45:52.882964+00:00,,True,302290,177709,16296,864691135775906989,True,True,dendrite_extended,axon_interareal,106342840627890715,864691135775906989
585,2024-06-03 19:45:52.905128+00:00,,True,337008,121888,21747,864691135455123562,True,True,dendrite_clean,axon_interareal,111120425546990027,864691135455123562
594,2024-06-03 19:45:52.911056+00:00,,True,309840,112112,20525,864691135719761713,True,True,dendrite_clean,axon_interareal,107389576301082133,864691135719761713
609,2024-06-03 19:45:52.920794+00:00,,True,289859,175441,25125,864691136084313196,True,True,dendrite_extended,axon_interareal,104653717097226174,864691136084313196
631,2024-06-03 19:45:52.935283+00:00,,True,175616,153472,20823,864691135772774651,True,True,dendrite_extended,axon_partially_extended,88888162860332363,864691135772774651
639,2024-06-03 19:45:52.940545+00:00,,True,185552,148944,20382,864691135335558377,True,True,dendrite_extended,axon_partially_extended,90294919201574839,864691135335558377
645,2024-06-03 19:45:52.944391+00:00,,True,193632,207584,21793,864691136137794941,True,True,dendrite_clean,axon_partially_extended,91428722049408248,864691136137794941
646,2024-06-03 19:45:52.945050+00:00,,True,325216,120608,20258,864691136602371025,True,True,dendrite_clean,axon_interareal,109501806790703496,864691136602371025
657,2024-06-03 19:45:52.952576+00:00,,True,306839,213638,24733,864691136227020113,True,True,dendrite_extended,axon_interareal,106980970829413237,864691136227020113
659,2024-06-03 19:45:52.953965+00:00,,True,168448,154320,20451,864691135919630768,True,True,dendrite_extended,axon_partially_extended,87903137813814547,864691135919630768
661,2024-06-03 19:45:52.955211+00:00,,True,174064,254832,22081,864691135113360025,True,True,dendrite_extended,axon_partially_extended,88690663285159822,864691135113360025
669,2024-06-03 19:45:52.960277+00:00,,True,192608,215280,22646,864691136925825354,True,True,dendrite_extended,axon_partially_extended,91289015487216490,864691136925825354
677,2024-06-03 19:45:52.965555+00:00,,True,189680,129712,22145,864691135323237532,True,True,dendrite_extended,axon_partially_extended,90855258082965395,864691135323237532
688,2024-06-03 19:45:52.972778+00:00,,True,169216,196416,20820,864691136313000765,True,True,dendrite_extended,axon_partially_extended,88049510366229524,864691136313000765
689,2024-06-03 19:45:52.973409+00:00,,True,183456,202752,20953,864691135585266808,True,True,dendrite_extended,axon_partially_extended,90020659837046869,864691135585266808
702,2024-06-03 19:45:52.981815+00:00,,True,185760,140784,22627,864691135953216547,True,True,dendrite_extended,axon_partially_extended,90293820025094730,864691135953216547
717,2024-06-03 19:45:52.991721+00:00,,True,192976,245600,22857,864691135778290109,True,True,dendrite_extended,axon_partially_extended,91293069936594481,864691135778290109
718,2024-06-03 19:45:52.992363+00:00,,True,307280,130272,17866,864691136195391208,True,True,dendrite_clean,axon_partially_extended,107040206079170588,864691136195391208
725,2024-06-03 19:45:52.996877+00:00,,True,324483,129223,18937,864691136176327430,True,True,dendrite_clean,axon_interareal,109362168612907628,864691136176327430
736,2024-06-03 19:45:53.004313+00:00,,True,340428,125495,20620,864691135429763120,True,True,dendrite_clean,axon_interareal,111543118914081739,864691135429763120
737,2024-06-03 19:45:53.004985+00:00,,True,186000,250032,24514,864691135994804394,True,True,dendrite_extended,axon_partially_extended,90378826219550458,864691135994804394
744,2024-06-03 19:45:53.009784+00:00,,True,184352,194032,21557,864691136362774498,True,True,dendrite_extended,axon_partially_extended,90089860483870716,864691136362774498
748,2024-06-03 19:45:53.012471+00:00,,True,181984,240832,24349,864691136903387826,True,True,dendrite_extended,axon_partially_extended,89814639315354911,864691136903387826
749,2024-06-03 19:45:53.013149+00:00,,True,350352,114464,19377,864691135404763374,True,True,dendrite_clean,axon_interareal,112949050487608502,864691135404763374
759,2024-06-03 19:45:53.019929+00:00,,True,191424,206112,22678,864691136273370302,True,True,dendrite_extended,axon_partially_extended,91076672304126763,864691136273370302
765,2024-06-03 19:45:53.024125+00:00,,True,186480,205552,21607,864691136419797655,True,True,dendrite_extended,axon_partially_extended,90443284752775905,864691136419797655
768,2024-06-03 19:45:53.026104+00:00,,True,328112,119856,21372,864691135692949951,True,True,dendrite_clean,axon_interareal,109853513206924864,864691135692949951
772,2024-06-03 19:45:53.028776+00:00,,True,188896,242368,23814,864691135946994785,True,True,dendrite_extended,axon_partially_extended,90729639080988355,864691135946994785
775,2024-06-03 19:45:53.030907+00:00,,True,185632,206224,22266,864691135688186080,True,True,dendrite_extended,axon_partially_extended,90302616051180901,864691135688186080
784,2024-06-03 19:45:53.037350+00:00,,True,344290,110737,19439,864691135855860782,True,True,dendrite_clean,axon_interareal,112104075801755223,864691135855860782
789,2024-06-03 19:45:53.040599+00:00,,True,285712,190768,19231,864691135397023777,True,True,dendrite_extended,axon_fully_extended,104022459178904503,864691135397023777
795,2024-06-03 19:45:53.044432+00:00,,True,180576,234992,22181,864691135279678881,True,True,dendrite_extended,axon_partially_extended,89602776899991242,864691135279678881
802,2024-06-03 19:45:53.049071+00:00,,True,186128,210288,21828,864691136228250961,True,True,dendrite_extended,axon_partially_extended,90373534484152677,864691136228250961
803,2024-06-03 19:45:53.049703+00:00,,True,179936,253344,24349,864691135693735103,True,True,dendrite_extended,axon_partially_extended,89534882325559546,864691135693735103
823,2024-06-03 19:45:53.062795+00:00,,True,343391,126947,20258,864691135565962775,True,True,dendrite_extended,axon_partially_extended,111965537470620848,864691135565962775
826,2024-06-03 19:45:53.064753+00:00,,True,181184,194560,21112,864691136024995385,True,True,dendrite_extended,axon_partially_extended,89667716671269769,864691136024995385
829,2024-06-03 19:45:53.066681+00:00,,True,183104,122128,20512,864691136005322698,True,True,dendrite_extended,axon_partially_extended,89939502134531324,864691136005322698
833,2024-06-03 19:45:53.069426+00:00,,True,184352,238080,24354,864691136913135089,True,True,dendrite_extended,axon_partially_extended,90095770694723323,864691136913135089
844,2024-06-03 19:45:53.076888+00:00,,True,192336,214912,23313,864691135387753601,True,True,dendrite_extended,axon_partially_extended,91218578090859357,864691135387753601
847,2024-06-03 19:45:53.078849+00:00,,True,190608,216960,21321,864691135697271450,True,True,dendrite_extended,axon_partially_extended,91007746467863403,864691135697271450
852,2024-06-03 19:45:53.082104+00:00,,True,325184,116528,20620,864691136389425783,True,True,dendrite_clean,axon_partially_extended,109501257101814867,864691136389425783
853,2024-06-03 19:45:53.082906+00:00,,True,178944,230480,22105,864691135565770007,True,True,dendrite_extended,axon_partially_extended,89391052192093733,864691135565770007
863,2024-06-03 19:45:53.089395+00:00,,True,175376,199104,22465,864691135214123064,True,True,dendrite_extended,axon_partially_extended,88894279095150580,864691135214123064
864,2024-06-03 19:45:53.090044+00:00,,True,188544,123584,20721,864691135660772080,True,True,dendrite_extended,axon_partially_extended,90713695759696106,864691135660772080
868,2024-06-03 19:45:53.092750+00:00,,True,340452,122973,20749,864691135885140848,True,True,dendrite_clean,axon_interareal,111542775316814282,864691135885140848
896,2024-06-03 19:45:53.111205+00:00,,True,176352,207856,22440,864691135911028905,True,True,dendrite_extended,axon_partially_extended,89036184814601672,864691135911028905
907,2024-06-03 19:45:53.118658+00:00,,True,194896,229632,21944,864691135492598623,True,True,dendrite_extended,axon_partially_extended,91572414475416305,864691135492598623
908,2024-06-03 19:45:53.119333+00:00,,True,311222,124714,20554,864691135684657079,True,True,dendrite_clean,axon_interareal,107532031776398681,864691135684657079
913,2024-06-03 19:45:53.122767+00:00,,True,185168,212544,22228,864691136052101363,True,True,dendrite_extended,axon_partially_extended,90233071940679932,864691136052101363
914,2024-06-03 19:45:53.123462+00:00,,True,184048,198528,22493,864691136330101226,True,True,dendrite_extended,axon_partially_extended,90090479026781022,864691136330101226
915,2024-06-03 19:45:53.124150+00:00,,True,169584,207744,20690,864691135495529360,True,True,dendrite_extended,axon_partially_extended,88121390938737418,864691135495529360
917,2024-06-03 19:45:53.125473+00:00,,True,190960,253120,23139,864691135293398284,True,True,dendrite_extended,axon_partially_extended,91012557099400823,864691135293398284
918,2024-06-03 19:45:53.126145+00:00,,True,341712,107936,18333,864691135122469671,True,True,dendrite_clean,axon_interareal,111751888349166396,864691135122469671
920,2024-06-03 19:45:53.127484+00:00,,True,188960,245664,24467,864691135472556082,True,True,dendrite_extended,axon_partially_extended,90730120184520118,864691135472556082
925,2024-06-03 19:45:53.131488+00:00,,True,287552,218160,23555,864691135594101291,True,True,dendrite_extended,axon_partially_extended,104307576891518822,864691135594101291
927,2024-06-03 19:45:53.132873+00:00,,True,176176,188032,20630,864691135571546917,True,True,dendrite_extended,axon_partially_extended,89033504553386216,864691135571546917
928,2024-06-03 19:45:53.133557+00:00,,True,187392,183984,22496,864691136066728600,True,True,dendrite_extended,axon_partially_extended,90510698627029028,864691136066728600
930,2024-06-03 19:45:53.134998+00:00,,True,199200,232352,23009,864691136227297105,True,True,dendrite_extended,axon_partially_extended,92135708160515030,864691136227297105
933,2024-06-03 19:45:53.137307+00:00,,True,178112,191344,22109,864691136437631902,True,True,dendrite_extended,axon_partially_extended,89245092023510260,864691136437631902
936,2024-06-03 19:45:53.139358+00:00,,True,171952,196880,21777,864691134941063523,True,True,dendrite_extended,axon_partially_extended,88401422940721723,864691134941063523
937,2024-06-03 19:45:53.140030+00:00,,True,192784,182064,21087,864691135927509716,True,True,dendrite_extended,axon_partially_extended,91284548519864543,864691135927509716
938,2024-06-03 19:45:53.140694+00:00,,True,336272,111040,20727,864691135852138183,True,True,dendrite_clean,axon_interareal,110978244815419350,864691135852138183
960,2024-06-03 19:45:53.155726+00:00,,True,193056,168768,21792,864691135162585389,True,True,dendrite_extended,axon_partially_extended,91282761880814785,864691135162585389
964,2024-06-03 19:45:53.158290+00:00,,True,180816,115200,20710,864691135807648541,True,True,dendrite_extended,axon_partially_extended,89657065085404416,864691135807648541
965,2024-06-03 19:45:53.158957+00:00,,True,170192,182624,21778,864691135594657067,True,True,dendrite_extended,axon_partially_extended,88188392562840357,864691135594657067
966,2024-06-03 19:45:53.159589+00:00,,True,190560,243792,23078,864691135105335373,True,True,dendrite_extended,axon_partially_extended,91011320148730509,864691135105335373
970,2024-06-03 19:45:53.162345+00:00,,True,330304,111296,21823,864691135585046648,True,True,dendrite_clean,axon_interareal,110204188763769913,864691135585046648
974,2024-06-03 19:45:53.164996+00:00,,True,300912,118960,17655,864691136124845606,True,True,dendrite_clean,axon_interareal,106123831856678579,864691136124845606
981,2024-06-03 19:45:53.169805+00:00,,True,318181,125385,21647,864691135468161164,True,True,dendrite_clean,axon_interareal,108517263048652719,864691135468161164
984,2024-06-03 19:45:53.171741+00:00,,True,170640,198688,20906,864691135700757026,True,True,dendrite_extended,axon_partially_extended,88260891476755845,864691135700757026
990,2024-06-03 19:45:53.175823+00:00,,True,329968,109728,20508,864691136452081151,True,True,dendrite_clean,axon_interareal,110133613726606929,864691136452081151
992,2024-06-03 19:45:53.177112+00:00,,True,172240,181184,20446,864691135561699041,True,True,dendrite_extended,axon_partially_extended,88469661180018648,864691135561699041
993,2024-06-03 19:45:53.177753+00:00,,True,290640,203104,19062,864691135014258070,True,True,dendrite_extended,axon_partially_extended,104727795887963414,864691135014258070
997,2024-06-03 19:45:53.180308+00:00,,True,313578,104470,19939,864691135851792071,True,True,dendrite_clean,axon_interareal,107881126584455677,864691135851792071
1302,2024-06-03 19:45:53.390194+00:00,,True,352192,155680,21022,864691135867905302,True,True,dendrite_extended,axon_partially_extended,113165654546259818,864691135867905302
1303,2024-06-03 19:45:53.390836+00:00,,True,209760,114448,22462,864691135741524587,True,True,dendrite_extended,axon_partially_extended,93597646241461318,864691135741524587
1305,2024-06-03 19:45:53.392107+00:00,,True,210592,129216,21975,864691135816693327,True,True,dendrite_extended,axon_partially_extended,93740307808088903,864691135816693327
1306,2024-06-03 19:45:53.392755+00:00,,True,149888,121376,23978,864691134941299811,True,True,dendrite_extended,axon_partially_extended,85365396727134600,864691134941299811
1311,2024-06-03 19:45:53.396136+00:00,,True,203168,111856,19583,864691135947139108,True,True,dendrite_extended,axon_partially_extended,92682508633814079,864691135947139108
1313,2024-06-03 19:45:53.397416+00:00,,True,263456,116464,21868,864691137198382657,True,True,dendrite_extended,axon_partially_extended,100986639190778502,864691137198382657
1314,2024-06-03 19:45:53.398058+00:00,,True,144208,142960,17999,864691135275621605,True,True,dendrite_extended,axon_partially_extended,84594226020662864,864691135275621605
1319,2024-06-03 19:45:53.401249+00:00,,True,239552,145184,19214,864691136195636044,True,True,dendrite_extended,axon_partially_extended,97683156169471437,864691136195636044
1321,2024-06-03 19:45:53.402672+00:00,,True,181664,230080,23045,864691135569128940,True,True,dendrite_extended,axon_partially_extended,89742827327621719,864691135569128940
1323,2024-06-03 19:45:53.403965+00:00,,True,263552,207584,17765,864691135157025636,True,True,dendrite_extended,axon_partially_extended,100998870720781990,864691135157025636
1324,2024-06-03 19:45:53.404588+00:00,,True,346784,205952,18162,864691136310966106,True,True,dendrite_extended,axon_partially_extended,112468701210804926,864691136310966106
1326,2024-06-03 19:45:53.405873+00:00,,True,291664,121408,22296,864691135938555908,True,True,dendrite_extended,axon_partially_extended,104857538662870594,864691135938555908
1327,2024-06-03 19:45:53.406501+00:00,,True,251328,121248,22796,864691135417045946,True,True,dendrite_extended,axon_partially_extended,99298407939931822,864691135417045946
1332,2024-06-03 19:45:53.410254+00:00,,True,165040,141872,22520,864691135778419901,True,True,dendrite_extended,axon_partially_extended,87479207630287741,864691135778419901
1334,2024-06-03 19:45:53.411547+00:00,,True,273808,127056,19368,864691135938629892,True,True,dendrite_extended,axon_partially_extended,102395388128382767,864691135938629892
1335,2024-06-03 19:45:53.412201+00:00,,True,175728,136496,23850,864691135782048080,True,True,dendrite_extended,axon_partially_extended,88956264264348323,864691135782048080
1337,2024-06-03 19:45:53.413465+00:00,,True,317616,146208,21295,864691136389607287,True,True,dendrite_extended,axon_partially_extended,108449711736105514,864691136389607287
1338,2024-06-03 19:45:53.414107+00:00,,True,309488,123536,24511,864691136663528670,True,True,dendrite_extended,axon_partially_extended,107320719855630580,864691136663528670
1341,2024-06-03 19:45:53.415995+00:00,,True,134592,133632,24457,864691135778467517,True,True,dendrite_extended,axon_partially_extended,83255983736330648,864691135778467517
1342,2024-06-03 19:45:53.416619+00:00,,True,144128,174064,19223,864691136488414994,True,True,dendrite_extended,axon_partially_extended,84598418043156294,864691136488414994
1344,2024-06-03 19:45:53.418042+00:00,,True,324176,157328,21527,864691135586414716,True,True,dendrite_extended,axon_partially_extended,109365948586190748,864691135586414716
1374,2024-06-03 19:45:53.437693+00:00,,True,138784,155200,21667,864691135808684573,True,True,dendrite_extended,axon_partially_extended,83821819571962697,864691135808684573
1375,2024-06-03 19:45:53.438323+00:00,,True,155536,123488,19491,864691135778638013,True,True,dendrite_extended,axon_partially_extended,86139727253673824,864691135778638013
4060,2025-07-23 02:32:47.975828+00:00,,True,351023,175187,27314,864691135584136301,False,True,none,axon_partially_extended,113027529203487306,864691135584136301
4061,2025-07-23 02:32:47.976578+00:00,,True,257556,91540,20805,864691136680554614,False,True,none,axon_partially_extended,100138846871993459,864691136680554614
4062,2025-07-23 02:32:47.977399+00:00,,True,307355,126627,20460,864691136603705041,False,True,none,axon_partially_extended,107039656658925177,864691136603705041
4046,2025-07-23 02:32:47.964093+00:00,,True,312046,81788,24120,864691136010187948,False,True,none,axon_partially_extended,107666997298429364,864691136010187948
4045,2025-07-23 02:32:47.962839+00:00,,True,245821,78906,24367,864691136136750219,False,True,none,axon_partially_extended,98589016982897859,864691136136750219
4049,2025-07-23 02:32:47.966939+00:00,,True,124638,97704,16489,864691135293956790,False,True,none,axon_partially_extended,81914166226592921,864691135293956790
4050,2025-07-23 02:32:47.967793+00:00,,True,113290,92515,24917,864691135885797232,False,True,none,axon_partially_extended,80365367733902709,864691135885797232
4051,2025-07-23 02:32:47.968626+00:00,,True,86218,103420,17660,864691135976536687,False,True,none,axon_partially_extended,76637266461878575,864691135976536687
4052,2025-07-23 02:32:47.969435+00:00,,True,82967,110891,15640,864691135469461644,False,True,none,axon_partially_extended,76145715776485479,864691135469461644
4053,2025-07-23 02:32:47.970268+00:00,,True,100001,116524,14899,864691136725416701,False,True,none,axon_partially_extended,78539008925294510,864691136725416701
4048,2025-07-23 02:32:47.966052+00:00,,True,126904,94411,22614,864691135360617560,False,True,none,axon_partially_extended,82195229691729392,864691135360617560
4063,2025-07-23 02:32:47.978184+00:00,,True,175153,123342,20508,864691134966216991,False,True,none,axon_partially_extended,88884108410832188,864691134966216991
4064,2025-07-23 02:32:47.978968+00:00,,True,177432,144240,22165,864691136484596012,False,True,none,axon_partially_extended,89168401087524026,864691136484596012
4047,2025-07-23 02:32:47.965126+00:00,,True,352905,138493,18430,864691136058332632,False,True,none,axon_partially_extended,113304123889747541,864691136058332632
4055,2025-07-23 02:32:47.972047+00:00,,True,232727,90562,15207,864691135465734469,False,True,none,axon_partially_extended,96761008974318986,864691135465734469
4056,2025-07-23 02:32:47.972794+00:00,,True,210037,91508,16056,864691135656043714,False,True,none,axon_partially_extended,93664921803508767,864691135656043714
4057,2025-07-23 02:32:47.973534+00:00,,True,189392,98963,16878,864691135448241748,False,True,none,axon_partially_extended,90780765432360831,864691135448241748
4058,2025-07-23 02:32:47.974325+00:00,,True,207122,115703,18576,864691135493244255,False,True,none,axon_partially_extended,93245939489372621,864691135493244255
4059,2025-07-23 02:32:47.975082+00:00,,True,210736,119234,17610,864691135384742891,False,True,none,axon_partially_extended,93739001600798073,864691135384742891
4054,2025-07-23 02:32:47.971091+00:00,,True,108339,113409,15183,864691135646342383,False,True,none,axon_partially_extended,79664496515572583,864691135646342383
3820,2025-07-22 18:26:29.630996+00:00,,True,178896,125216,20864,864691135741655956,True,True,dendrite_extended,axon_fully_extended,89376964498407119,864691135741655956
3821,2025-07-22 18:26:29.654640+00:00,,True,189792,134272,21227,864691136664845278,True,True,dendrite_extended,axon_fully_extended,90855876424176600,864691136664845278
3822,2025-07-22 18:26:29.672530+00:00,,True,180485,128477,24033,864691135294190518,True,True,dendrite_extended,axon_interareal,89588483450533458,864691135294190518
3823,2025-07-22 18:26:29.689104+00:00,,True,185744,164352,21652,864691135686283703,True,True,dendrite_clean,axon_partially_extended,90296980986886587,864691135686283703
3824,2025-07-22 18:26:29.705735+00:00,,True,174032,225648,22347,864691135474179378,True,True,dendrite_extended,axon_fully_extended,88686746275324078,864691135474179378
3825,2025-07-22 18:26:29.723056+00:00,,True,171712,189168,21053,864691136675529607,True,True,dendrite_extended,axon_partially_extended,88400392081211401,864691136675529607
3826,2025-07-22 18:26:29.742281+00:00,,True,298880,109328,17242,864691136275919117,True,True,dendrite_clean,axon_interareal,105841119862378402,864691136275919117
3827,2025-07-22 18:26:29.759282+00:00,,True,371547,260689,22531,864691135387277397,False,True,none,axon_fully_extended,115853754519007833,864691135387277397
3828,2025-07-22 18:26:29.777493+00:00,,True,176976,209584,21964,864691135503782210,True,True,dendrite_extended,axon_partially_extended,89106759650163756,864691135503782210
3829,2025-07-22 18:26:29.792843+00:00,,True,192384,216944,21284,864691136274933950,True,True,dendrite_extended,axon_partially_extended,91218852700367385,864691136274933950
3830,2025-07-22 18:26:29.810677+00:00,,True,196192,232352,22964,864691135852637127,True,True,dendrite_extended,axon_partially_extended,91783864439595349,864691135852637127
3832,2025-07-22 18:26:29.841471+00:00,,True,177152,233216,23849,864691135465795653,True,True,dendrite_extended,axon_partially_extended,89109989733809218,864691135465795653
3833,2025-07-22 18:26:29.860302+00:00,,True,174432,200608,21567,864691135566790487,True,True,dendrite_extended,axon_partially_extended,88753747697717397,864691135566790487
3834,2025-07-22 18:26:29.878431+00:00,,True,175792,131824,21078,864691136010404012,True,True,dendrite_extended,axon_partially_extended,88955645453268928,864691136010404012
3835,2025-07-22 18:26:29.896371+00:00,,True,184208,114224,21914,864691135209980025,True,True,dendrite_extended,axon_partially_extended,90079140245935801,864691135209980025
3836,2025-07-22 18:26:29.915935+00:00,,True,183072,152832,22141,864691135970982757,True,True,dendrite_extended,axon_partially_extended,89943625504555626,864691135970982757
3837,2025-07-22 18:26:29.932795+00:00,,True,172192,189648,21784,864691135294238902,True,True,dendrite_extended,axon_partially_extended,88470829612207965,864691135294238902
3838,2025-07-22 18:26:29.948684+00:00,,True,195424,223792,23343,864691135492773607,True,True,dendrite_extended,axon_partially_extended,91641958787065738,864691135492773607
3839,2025-07-22 18:26:29.968224+00:00,,True,160256,201472,21622,864691135465737029,True,True,dendrite_extended,axon_partially_extended,86783560299730233,864691135465737029
3840,2025-07-22 18:26:29.984430+00:00,,True,178176,152192,20167,864691136975639836,True,True,dendrite_extended,axon_partially_extended,89239800355525240,864691136975639836
3841,2025-07-22 18:26:30.000624+00:00,,True,344250,257048,27118,864691136120465944,False,True,none,axon_fully_extended,112123730578570271,864691136120465944
3842,2025-07-22 18:26:30.017469+00:00,,True,189824,116768,21967,864691135405478638,True,True,dendrite_extended,axon_partially_extended,90853540029286055,864691135405478638
3843,2025-07-22 18:26:30.033527+00:00,,True,189616,221376,22214,864691135811335116,True,True,dendrite_extended,axon_partially_extended,90867558869367200,864691135811335116
3844,2025-07-22 18:26:30.051564+00:00,,True,168512,127088,20650,864691135738818948,True,True,dendrite_extended,axon_partially_extended,87969795773021721,864691135738818948
3845,2025-07-22 18:26:30.067927+00:00,,True,237584,183056,22519,864691135587532924,True,True,dendrite_extended,axon_partially_extended,97406766836928860,864691135587532924
3846,2025-07-22 18:26:30.087743+00:00,,True,189296,110976,20651,864691135490326074,True,True,dendrite_clean,axon_partially_extended,90782415236377623,864691135490326074
3847,2025-07-22 18:26:30.107711+00:00,,True,185552,117744,21870,864691135584217197,True,True,dendrite_clean,axon_partially_extended,90290727514762113,864691135584217197
3848,2025-07-22 18:26:30.126822+00:00,,True,173712,110096,20501,864691135750692905,True,True,dendrite_clean,axon_partially_extended,88671215471862556,864691135750692905
3849,2025-07-22 18:26:30.142291+00:00,,True,176880,124240,22591,864691135258283183,True,True,dendrite_clean,axon_partially_extended,89095352350782638,864691135258283183
3850,2025-07-22 18:26:30.156789+00:00,,True,182864,195440,20817,864691135324963484,True,True,dendrite_extended,axon_partially_extended,89949329020077684,864691135324963484
3851,2025-07-22 18:26:30.173197+00:00,,True,180544,196352,22612,864691135699301397,True,True,dendrite_extended,axon_partially_extended,89597623006289995,864691135699301397
3852,2025-07-22 18:26:30.190344+00:00,,True,173104,113744,20436,864691136042982742,True,True,dendrite_extended,axon_fully_extended,88601327697499328,864691136042982742
3853,2025-07-22 18:26:30.207502+00:00,,True,175280,107184,21940,864691136053374451,True,True,dendrite_extended,axon_fully_extended,88881909522236355,864691136053374451
3854,2025-07-22 18:26:30.225073+00:00,,True,189152,142800,22311,864691135885911920,True,True,dendrite_extended,axon_partially_extended,90786676045362952,864691135885911920
3855,2025-07-22 18:26:30.242991+00:00,,True,187936,118400,22289,864691135777991597,True,True,dendrite_clean,axon_partially_extended,90572271277922317,864691135777991597
3856,2025-07-22 18:26:30.260212+00:00,,True,171472,108720,22630,864691135849706078,True,True,dendrite_clean,axon_partially_extended,88319165861083151,864691135849706078
3857,2025-07-22 18:26:30.274981+00:00,,True,184672,117600,22514,864691136033951163,True,True,dendrite_extended,axon_partially_extended,90149990093616639,864691136033951163
3858,2025-07-22 18:26:30.290727+00:00,,True,182400,117248,22250,864691136814180211,True,True,dendrite_clean,axon_partially_extended,89868446397156879,864691136814180211
3859,2025-07-22 18:26:30.307786+00:00,,True,188816,129840,21956,864691136013237923,True,True,dendrite_clean,axon_partially_extended,90714589247340842,864691136013237923
3860,2025-07-22 18:26:30.325718+00:00,,True,182176,139408,21783,864691135474044722,True,True,dendrite_clean,axon_partially_extended,89801032523422064,864691135474044722
3861,2025-07-22 18:26:30.342687+00:00,,True,194032,221472,23195,864691135875460494,True,True,dendrite_extended,axon_partially_extended,91430577676457925,864691135875460494
3862,2025-07-22 18:26:30.359515+00:00,,True,184944,132544,21307,864691135732210873,True,True,dendrite_clean,axon_partially_extended,90222351568226732,864691135732210873
3863,2025-07-22 18:26:30.376679+00:00,,True,173696,166912,20570,864691135802341986,True,True,dendrite_clean,axon_partially_extended,88678843333891525,864691135802341986
3864,2025-07-22 18:26:30.394212+00:00,,True,188592,157600,21926,864691136914031601,True,True,dendrite_clean,axon_partially_extended,90718300099050675,864691136914031601
3865,2025-07-22 18:26:30.411275+00:00,,True,177360,165072,21648,864691136137029259,True,True,dendrite_clean,axon_partially_extended,89171218518995616,864691136137029259
3866,2025-07-22 18:26:30.426662+00:00,,True,394525,260336,26778,864691136053350131,False,True,none,axon_fully_extended,119020348543971062,864691136053350131
3867,2025-07-22 18:26:30.442352+00:00,,True,190848,182704,21665,864691136579629844,True,True,dendrite_extended,axon_partially_extended,91003142329826665,864691136579629844
3876,2025-07-22 18:26:30.606905+00:00,,True,170608,151712,21647,864691135546797352,True,True,dendrite_extended,axon_partially_extended,88254569418806111,864691135566922839
3819,2025-07-22 18:26:29.525565+00:00,,True,192080,190064,22297,864691136093003700,True,True,dendrite_extended,axon_fully_extended,91215210702268182,864691136093003700
3868,2025-07-22 18:26:30.458928+00:00,,True,168944,153056,20924,864691134966324767,True,True,dendrite_clean,axon_partially_extended,87973300466659506,864691134966324767
3869,2025-07-22 18:26:30.476375+00:00,,True,173888,166304,22116,864691135398430241,True,True,dendrite_clean,axon_partially_extended,88678774815732555,864691135398430241
3870,2025-07-22 18:26:30.491728+00:00,,True,178992,151872,20381,864691136138520189,True,True,dendrite_clean,axon_partially_extended,89380537844096167,864691136138520189
3871,2025-07-22 18:26:30.506036+00:00,,True,169040,153744,21107,864691135540134770,True,True,dendrite_clean,axon_partially_extended,88043737997047516,864691135540134770
3872,2025-07-22 18:26:30.541121+00:00,,True,185056,158720,22583,864691135773895931,True,True,dendrite_clean,axon_partially_extended,90225856462565231,864691135773895931
3873,2025-07-22 18:26:30.557962+00:00,,True,178608,174752,22447,864691135954393891,True,True,dendrite_extended,axon_partially_extended,89313193025363909,864691135954393891
3874,2025-07-22 18:26:30.573742+00:00,,True,184240,175712,21233,864691135214869304,True,True,dendrite_clean,axon_partially_extended,90087386515838744,864691135214869304
3875,2025-07-22 18:26:30.591011+00:00,,True,187824,240512,22174,864691135106189901,True,True,dendrite_extended,axon_partially_extended,90588695232730561,864691135106189901
3877,2025-07-22 18:26:30.623697+00:00,,True,184832,188480,17848,864691135137007129,True,True,dendrite_extended,axon_fully_extended,90159472777359348,864691135137007129
3878,2025-07-22 18:26:30.640389+00:00,,True,178000,132432,22862,864691135584190829,True,True,dendrite_extended,axon_partially_extended,89237189351069787,864691135584190829
3879,2025-07-22 18:26:30.656788+00:00,,True,176816,202320,20616,864691136211068860,True,True,dendrite_extended,axon_partially_extended,89105797442885535,864691136211068860
3880,2025-07-22 18:26:30.672309+00:00,,True,174720,152224,21821,864691136330880234,True,True,dendrite_extended,axon_partially_extended,88817588091910167,864691136330880234
3881,2025-07-22 18:26:30.688448+00:00,,True,192320,161120,21368,864691135885901424,True,True,dendrite_extended,axon_partially_extended,91211362277452178,864691135885901424
3882,2025-07-22 18:26:30.704310+00:00,,True,184432,116416,21136,864691135773826043,True,True,dendrite_extended,axon_partially_extended,90149783800585863,864691135773826043
3883,2025-07-22 18:26:30.718895+00:00,,True,169520,170016,21144,864691134919715850,True,True,dendrite_extended,axon_partially_extended,88116305764513351,864691134919715850
3884,2025-07-22 18:26:30.734944+00:00,,True,171488,139312,21678,864691135577425694,True,True,dendrite_extended,axon_partially_extended,88323288895574704,864691135577425694
3885,2025-07-22 18:26:30.750812+00:00,,True,198144,213008,19717,864691135585989240,True,True,dendrite_extended,axon_partially_extended,91992358929112516,864691135585989240
3886,2025-07-22 18:26:30.767643+00:00,,True,189520,223920,22237,864691135760598606,True,True,dendrite_extended,axon_partially_extended,90867902466795021,864691135760598606
3887,2025-07-22 18:26:30.782918+00:00,,True,189584,204784,20258,864691135592502539,True,False,dendrite_extended,none,90865359577787738,864691135592502539
3888,2025-07-22 18:26:30.797608+00:00,,True,222736,169120,18967,864691135616048587,True,True,dendrite_extended,axon_partially_extended,95364148707243280,864691135616048587
3889,2025-07-22 18:26:30.812621+00:00,,True,205104,198656,18410,864691135309399110,True,True,dendrite_extended,axon_partially_extended,92975597001239106,864691135309399110
3890,2025-07-22 18:26:30.827655+00:00,,True,187904,177792,20682,864691135014860278,True,True,dendrite_extended,axon_partially_extended,90580242535818979,864691135014860278
3891,2025-07-22 18:26:30.843349+00:00,,True,179504,112352,20886,864691135448518996,True,True,dendrite_clean,axon_partially_extended,89445615255706987,864691135448518996
3892,2025-07-22 18:26:30.859306+00:00,,True,188560,239216,22498,864691135802215266,True,True,dendrite_extended,axon_partially_extended,90729226563050171,864691135802215266
3893,2025-07-22 18:26:30.877677+00:00,,True,184624,159408,23235,864691136484732972,True,True,dendrite_extended,axon_partially_extended,90155556505148244,864691136484732972
3894,2025-07-22 18:26:30.894070+00:00,,True,179024,158224,17867,864691135106176077,True,True,dendrite_extended,axon_partially_extended,89381362142317621,864691135106176077
3895,2025-07-22 18:26:30.909087+00:00,,True,179392,131872,20955,864691135939380228,True,True,dendrite_extended,axon_partially_extended,89448226595873077,864691135939380228
3896,2025-07-22 18:26:30.923308+00:00,,True,266288,196928,20478,864691135474086450,True,True,dendrite_extended,axon_partially_extended,101419640412536494,864691135474086450
3897,2025-07-22 18:26:30.939306+00:00,,True,263648,119232,19076,864691135115049881,True,True,dendrite_extended,axon_partially_extended,100986982452356620,864691135115049881
3898,2025-07-22 18:26:30.953450+00:00,,True,177312,140240,22062,864691135885921648,True,True,dendrite_clean,axon_partially_extended,89167851331589544,864691135885921648
3899,2025-07-22 18:26:30.967215+00:00,,True,191712,136928,22487,864691135388911489,True,True,dendrite_extended,axon_partially_extended,91137763852205616,864691135388911489
3900,2025-07-22 18:26:30.980639+00:00,,True,184192,200784,20797,864691135941829121,True,True,dendrite_extended,axon_partially_extended,90090753703164786,864691135941829121
3901,2025-07-22 18:26:30.995716+00:00,,True,176144,165856,20821,864691135920571056,True,True,dendrite_extended,axon_fully_extended,88960180871942348,864691135920571056
3902,2025-07-22 18:26:31.010307+00:00,,True,177232,181264,21414,864691135587519868,True,True,dendrite_extended,axon_partially_extended,89173348755958966,864691135587519868
3903,2025-07-22 18:26:31.025797+00:00,,True,177616,169296,20306,864691135572963309,True,True,dendrite_extended,axon_partially_extended,89171768073684422,864691135572963309
3904,2025-07-22 18:26:31.042594+00:00,,True,173584,145120,21127,864691136010404268,True,True,dendrite_extended,axon_partially_extended,88605588438852384,864691136010404268
3905,2025-07-22 18:26:31.057494+00:00,,True,169104,114144,20711,864691136108244441,True,True,dendrite_extended,axon_partially_extended,88038446530355858,864691136108244441
3906,2025-07-22 18:26:31.074354+00:00,,True,192880,153120,22550,864691135294187190,True,True,dendrite_extended,axon_partially_extended,91280631710937604,864691135294187190
3907,2025-07-22 18:26:31.090551+00:00,,True,172656,192784,21221,864691135866427006,True,True,dendrite_extended,axon_partially_extended,88541610606117817,864691135866427006
3908,2025-07-22 18:26:31.105517+00:00,,True,189520,193968,21684,864691135375572168,True,True,dendrite_extended,axon_partially_extended,90863916669976858,864691135375572168
3909,2025-07-22 18:26:31.122404+00:00,,True,190960,125888,22490,864691135875426190,True,True,dendrite_clean,axon_partially_extended,90995514535370826,864691135875426190
3910,2025-07-22 18:26:31.139957+00:00,,True,174112,222384,21682,864691135760635214,True,True,dendrite_extended,axon_partially_extended,88686265171688496,864691135760635214
3911,2025-07-22 18:26:31.155519+00:00,,True,188176,192800,21719,864691136196764492,True,True,dendrite_extended,axon_partially_extended,90652672998553029,864691136196764492
3912,2025-07-22 18:26:31.170970+00:00,,True,179808,216672,23361,864691136372759688,True,True,dendrite_extended,axon_partially_extended,89529934389098311,864691136372759688
3913,2025-07-22 18:26:31.188367+00:00,,True,178880,221920,21415,864691136814271603,True,True,dendrite_extended,axon_partially_extended,89389952546629218,864691136814271603
3914,2025-07-22 18:26:31.205658+00:00,,True,153088,225264,23022,864691135701340194,True,True,dendrite_extended,axon_partially_extended,85801559111812105,864691135701340194
3915,2025-07-22 18:26:31.222047+00:00,,True,168752,157248,22441,864691136975624220,True,True,dendrite_extended,axon_partially_extended,87973850423757514,864691136975624220
3916,2025-07-22 18:26:31.238035+00:00,,True,171952,157568,21637,864691135659566210,True,True,dendrite_clean,axon_partially_extended,88396131540864276,864691135659566210
3917,2025-07-22 18:26:31.258829+00:00,,True,179792,179488,20946,864691135518041555,True,True,dendrite_extended,axon_partially_extended,89524986251327318,864691135518041555
3918,2025-07-22 18:26:31.278975+00:00,,True,179792,215664,22864,864691136453183487,True,True,dendrite_extended,axon_partially_extended,89529796883025209,864691136453183487
3919,2025-07-22 18:26:31.297222+00:00,,True,171712,156048,20707,864691136042989910,True,True,dendrite_extended,axon_partially_extended,88395925248322467,864691136042989910
3920,2025-07-22 18:26:31.315314+00:00,,True,185248,109248,22072,864691136196131542,True,True,dendrite_extended,axon_fully_extended,90219190606187504,864691136196131542
3921,2025-07-22 18:26:31.331459+00:00,,True,187840,182352,20204,864691135375603400,True,True,dendrite_extended,axon_partially_extended,90580860944070714,864691135375603400
3922,2025-07-22 18:26:31.348636+00:00,,True,191728,157904,22608,864691136905758130,True,True,dendrite_clean,axon_partially_extended,91140581417423431,864691136905758130
3923,2025-07-22 18:26:31.366274+00:00,,True,173920,164768,22719,864691136927566154,True,True,dendrite_extended,axon_partially_extended,88678568724548705,864691136927566154
3924,2025-07-22 18:26:31.383732+00:00,,True,186656,186400,21142,864691135546797608,True,True,dendrite_extended,axon_partially_extended,90440673345651363,864691135546797608
3925,2025-07-22 18:26:31.400960+00:00,,True,185792,181056,20756,864691136675427975,True,True,dendrite_extended,axon_partially_extended,90299248595568184,864691136675427975
3926,2025-07-22 18:26:31.417999+00:00,,True,169696,184000,22201,864691135209947769,True,True,dendrite_extended,axon_partially_extended,88118161324609768,864691135209947769
3927,2025-07-22 18:26:31.435717+00:00,,True,191728,190720,21861,864691135350717399,True,True,dendrite_extended,axon_partially_extended,91144979330014807,864691135350717399
3928,2025-07-22 18:26:31.454186+00:00,,True,188576,204144,20882,864691136211175612,True,True,dendrite_extended,axon_partially_extended,90724553437195992,864691136211175612
3929,2025-07-22 18:26:31.471683+00:00,,True,186352,149232,22124,864691135584068717,True,True,dendrite_extended,axon_partially_extended,90365356933278098,864691135584068717
3930,2025-07-22 18:26:31.491153+00:00,,True,174448,119904,22272,864691135496262032,True,True,dendrite_extended,axon_partially_extended,88742890087722824,864691135496262032
3931,2025-07-22 18:26:31.509213+00:00,,True,182400,177392,21876,864691135106110285,True,True,dendrite_extended,axon_partially_extended,89876555228481414,864691135106110285
3932,2025-07-22 18:26:31.525166+00:00,,True,189536,153312,19923,864691135779377341,True,True,dendrite_extended,axon_partially_extended,90858487563187046,864691135779377341
3933,2025-07-22 18:26:31.540514+00:00,,True,172256,161584,23641,864691135360809560,True,True,dendrite_extended,axon_partially_extended,88467050309236669,864691135360809560
3934,2025-07-22 18:26:31.559283+00:00,,True,192736,181920,22366,864691135939655221,True,True,dendrite_extended,axon_partially_extended,91284479934902503,864691135939655221
3935,2025-07-22 18:26:31.575794+00:00,,True,204672,272096,23898,864691135689048288,True,True,dendrite_extended,axon_partially_extended,92915124599600192,864691135689048288
3936,2025-07-22 18:26:31.595210+00:00,,True,195696,200832,21084,864691136453186559,True,True,dendrite_extended,axon_fully_extended,91709234886114180,864691136453186559
3937,2025-07-22 18:26:31.615278+00:00,,True,166608,215680,23067,864691135442591048,True,True,dendrite_extended,axon_fully_extended,87700209601167814,864691135442591048
3938,2025-07-22 18:26:31.633828+00:00,,True,198624,159104,21248,864691135989392387,True,True,dendrite_extended,axon_fully_extended,92055512329576177,864691135989392387
3939,2025-07-22 18:26:31.650491+00:00,,True,164944,159008,21409,864691136011458734,True,True,dendrite_extended,axon_fully_extended,87481543958187412,864691136011458734
3940,2025-07-22 18:26:31.668672+00:00,,True,174688,157696,23299,864691136274984638,True,True,dendrite_extended,axon_fully_extended,88818344207406508,864691136274984638
3941,2025-07-22 18:26:31.691185+00:00,,True,165744,154416,22523,864691135760685390,True,True,dendrite_extended,axon_fully_extended,87551294361358628,864691135760685390
3942,2025-07-22 18:26:31.712133+00:00,,True,199920,151248,23050,864691135702846075,True,True,dendrite_extended,axon_fully_extended,92265588038094865,864691135702846075
3943,2025-07-22 18:26:31.732261+00:00,,True,175744,148128,19338,864691135106209101,True,True,dendrite_extended,axon_fully_extended,88957775488975557,864691135106209101
3944,2025-07-22 18:26:31.752575+00:00,,True,191024,147792,19680,864691135388983425,True,True,dendrite_extended,axon_fully_extended,91068837881224279,864691135388983425
3945,2025-07-22 18:26:31.769489+00:00,,True,182784,146896,19849,864691135499624723,True,True,dendrite_extended,axon_fully_extended,89872431791448093,864691135499624723
3946,2025-07-22 18:26:31.786768+00:00,,True,175056,185744,19662,864691135209982841,True,True,dendrite_extended,axon_fully_extended,88822123308786630,864691135209982841
3947,2025-07-22 18:26:31.807882+00:00,,True,174208,183552,23071,864691135102002720,True,True,dendrite_extended,axon_fully_extended,88751480156247934,864691135102002720
3948,2025-07-22 18:26:31.828085+00:00,,True,196128,145744,21051,864691135920591792,True,True,dendrite_extended,axon_fully_extended,91701881902051755,864691135920591792
3949,2025-07-22 18:26:31.844990+00:00,,True,165904,143920,23334,864691135405480430,True,True,dendrite_extended,axon_fully_extended,87549851386364541,864691135405480430
3950,2025-07-22 18:26:31.861735+00:00,,True,207680,186912,20614,864691135784866867,True,True,dendrite_extended,axon_fully_extended,93325860509270589,864691135784866867
3952,2025-07-22 18:26:31.898190+00:00,,True,207824,186992,22677,864691135732257721,True,True,dendrite_extended,axon_fully_extended,93325860777708092,864691135732257721
3953,2025-07-22 18:26:31.917025+00:00,,True,198976,188224,20638,864691136177415430,True,True,dendrite_extended,axon_fully_extended,92129798016713598,864691136177415430
3955,2025-07-22 18:26:31.952504+00:00,,True,197888,189952,23749,864691135388984961,True,True,dendrite_extended,axon_fully_extended,91989267089479318,864691135388984961
3956,2025-07-22 18:26:31.970302+00:00,,True,203712,136096,22690,864691135384619738,True,True,dendrite_extended,axon_fully_extended,92756107596088709,864691135384619738
3957,2025-07-22 18:26:31.987748+00:00,,True,202000,185744,23747,864691135134565280,True,True,dendrite_extended,axon_fully_extended,92551667287070485,864691135134565280
3958,2025-07-22 18:26:32.003890+00:00,,True,195072,160160,20233,864691135499616019,True,True,dendrite_extended,axon_fully_extended,91563068425095341,864691135499616019
3959,2025-07-22 18:26:32.020744+00:00,,True,196288,160384,21470,864691135375642824,True,True,dendrite_extended,axon_fully_extended,91774174792041702,864691135375642824
3960,2025-07-22 18:26:32.039936+00:00,,True,205648,160928,22158,864691135685250546,True,True,dendrite_extended,axon_fully_extended,93040881040579454,864691135685250546
3961,2025-07-22 18:26:32.057752+00:00,,True,165520,177104,21775,864691135778116013,True,True,dendrite_extended,axon_fully_extended,87554317951005838,864691135778116013
3962,2025-07-22 18:26:32.075692+00:00,,True,200592,176992,20095,864691135469536652,True,True,dendrite_extended,axon_fully_extended,92339392353566844,864691135469536652
3963,2025-07-22 18:26:32.090031+00:00,,True,188864,178272,24214,864691136742921308,True,True,dendrite_extended,axon_fully_extended,90721049213342540,864691136742921308
3964,2025-07-22 18:26:32.106618+00:00,,True,180096,173952,19945,864691135492888039,True,True,dendrite_extended,axon_fully_extended,89524230202937092,864691135492888039
3965,2025-07-22 18:26:32.126177+00:00,,True,184192,180656,23855,864691135891690121,True,True,dendrite_extended,axon_fully_extended,90088074046228484,864691135891690121
3966,2025-07-22 18:26:32.145148+00:00,,True,199856,180704,22947,864691135885917808,True,True,dendrite_extended,axon_fully_extended,92269504981637063,864691135885917808
3967,2025-07-22 18:26:32.161749+00:00,,True,197376,170672,23551,864691135442598728,True,True,dendrite_extended,axon_fully_extended,91916286938502678,864691135442598728
3968,2025-07-22 18:26:32.177503+00:00,,True,165808,214944,22023,864691135810098717,True,True,dendrite_extended,axon_fully_extended,87559403259060255,864691135810098717
3970,2025-07-22 18:26:32.215430+00:00,,True,188432,173856,19295,864691136120512792,True,True,dendrite_extended,axon_fully_extended,90650130042491950,864691136120512792
3971,2025-07-22 18:26:32.233908+00:00,,True,195152,170368,19792,864691135448552532,True,True,dendrite_extended,axon_fully_extended,91634811491782233,864691135448552532
3972,2025-07-22 18:26:32.254826+00:00,,True,163296,171280,21461,864691136312057178,True,True,dendrite_extended,axon_fully_extended,87201718248983586,864691136312057178
3973,2025-07-22 18:26:32.273252+00:00,,True,204096,180704,21044,864691135738824580,True,True,dendrite_extended,axon_fully_extended,92832454733302457,864691135738824580
3974,2025-07-22 18:26:32.295087+00:00,,True,178896,166176,24030,864691136523889553,True,True,dendrite_extended,axon_fully_extended,89382462459285946,864691136523889553
3975,2025-07-22 18:26:32.314834+00:00,,True,176912,181488,23609,864691136742921820,True,True,dendrite_extended,axon_fully_extended,89103049066404472,864691136742921820
3976,2025-07-22 18:26:32.331422+00:00,,True,192064,162288,23552,864691135702854011,True,True,dendrite_extended,axon_fully_extended,91211499985052381,864691135702854011
3977,2025-07-22 18:26:32.351013+00:00,,True,184784,181584,23600,864691135106209869,True,True,dendrite_extended,axon_fully_extended,90158580229047129,864691135106209869
3978,2025-07-22 18:26:32.371479+00:00,,True,171104,134752,23302,864691135586014328,True,True,dendrite_extended,axon_fully_extended,88322670621707531,864691135586014328
3979,2025-07-22 18:26:32.390714+00:00,,True,202976,164384,22930,864691135941789606,True,True,dendrite_extended,axon_fully_extended,92689518423415808,864691135941789606
3980,2025-07-22 18:26:32.408535+00:00,,True,162768,183056,21709,864691135928916180,True,True,dendrite_extended,axon_fully_extended,87132930119564965,864691135928916180
3981,2025-07-22 18:26:32.427037+00:00,,True,171824,164304,19644,864691135741641876,True,True,dendrite_extended,axon_fully_extended,88397024625699063,864691135741641876
3982,2025-07-22 18:26:32.446105+00:00,,True,207504,200624,21252,864691135912137641,True,True,dendrite_extended,axon_fully_extended,93327716002343651,864691135912137641
3983,2025-07-22 18:26:32.466841+00:00,,True,190512,113552,23696,864691135990520064,True,True,dendrite_extended,axon_fully_extended,90993865468868693,864691135990520064
3984,2025-07-22 18:26:32.488666+00:00,,True,203856,114432,21908,864691136313897789,True,True,dendrite_extended,axon_fully_extended,92823589988305884,864691136313897789
3985,2025-07-22 18:26:32.508137+00:00,,True,166352,116416,21869,864691135405488366,True,True,dendrite_extended,axon_fully_extended,87616509077581939,864691135405488366
3986,2025-07-22 18:26:32.527421+00:00,,True,205408,104592,22075,864691136007059658,True,True,dendrite_extended,axon_fully_extended,93033321898015624,864691136007059658
3987,2025-07-22 18:26:32.545660+00:00,,True,189200,143008,23495,864691135375641288,True,True,dendrite_extended,axon_fully_extended,90786676179764595,864691135375641288
3988,2025-07-22 18:26:32.563181+00:00,,True,192896,177952,23056,864691135566902615,True,True,dendrite_extended,axon_fully_extended,91283999032408003,864691135566902615
3989,2025-07-22 18:26:32.579502+00:00,,True,202240,207232,23237,864691136390677264,True,True,dendrite_extended,axon_fully_extended,92554553437982837,864691136390677264
3990,2025-07-22 18:26:32.595195+00:00,,True,194288,198976,21603,864691135750796329,True,True,dendrite_extended,axon_fully_extended,91497922562240799,864691135750796329
3991,2025-07-22 18:26:32.611775+00:00,,True,175536,119296,23004,864691135566824983,True,True,dendrite_extended,axon_fully_extended,88883558923997340,864691135566824983
3992,2025-07-22 18:26:32.628803+00:00,,True,201728,109344,22735,864691135943389556,True,True,dendrite_extended,axon_fully_extended,92471059206665397,864691135943389556
3993,2025-07-22 18:26:32.644631+00:00,,True,199648,202176,20152,864691134990847098,True,True,dendrite_extended,axon_fully_extended,92202022119669888,864691134990847098
3994,2025-07-22 18:26:32.660082+00:00,,True,205696,208208,21790,864691135492600167,True,True,dendrite_extended,axon_fully_extended,93047271884953546,864691135492600167
3995,2025-07-22 18:26:32.676448+00:00,,True,206416,208272,21410,864691135566825495,True,True,dendrite_extended,axon_fully_extended,93188009306340203,864691135566825495
3996,2025-07-22 18:26:32.692898+00:00,,True,167472,115920,22692,864691136390675216,True,True,dendrite_extended,axon_fully_extended,87827615444091119,864691136390675216
3997,2025-07-22 18:26:32.713619+00:00,,True,203184,193408,21970,864691135280633249,True,True,dendrite_extended,axon_fully_extended,92693435299439783,864691135280633249
3998,2025-07-22 18:26:32.732018+00:00,,True,190080,199008,23676,864691136312076122,True,True,dendrite_extended,axon_fully_extended,90934972877275944,864691136312076122
4000,2025-07-22 18:26:32.763822+00:00,,True,206288,194112,20873,864691135464595518,True,True,dendrite_extended,axon_fully_extended,93115716349687539,864691135464595518
4001,2025-07-22 18:26:32.778146+00:00,,True,165696,194752,22637,864691136445968259,True,True,dendrite_extended,axon_fully_extended,87556654547246989,864691136445968259
4002,2025-07-22 18:26:32.791280+00:00,,True,175920,104016,22682,864691135783113040,True,True,dendrite_extended,axon_fully_extended,88951866083486311,864691135783113040
3969,2025-07-22 18:26:32.196312+00:00,,True,171392,174480,23276,864691136313908797,True,True,dendrite_extended,axon_fully_extended,88328030740880370,864691135928941780
4003,2025-07-22 18:26:32.804932+00:00,,True,159744,119360,21687,864691135493371743,True,True,dendrite_extended,axon_fully_extended,86702127719919273,864691135442616392
3951,2025-07-22 18:26:31.880460+00:00,,True,182400,137856,23073,864691135398557473,True,True,dendrite_extended,axon_fully_extended,89871195310210159,864691135360909656
3999,2025-07-22 18:26:32.748278+00:00,,True,200256,208576,21982,864691135271848613,True,True,dendrite_extended,axon_fully_extended,92343584443356753,864691135389004929
