matrix_index,nucleus_id,pt_root_id,classification_system,cell_type,layer,brain_area,strategy_axon,strategy_dendrite,pt_position_x,pt_position_y,pt_position_z,session,scan_idx,functional_unit_id,cc_abs,h5_key
0,262198,864691135214931072,excitatory_neuron,4P,L4,V1,axon_partially_extended,dendrite_extended,595.7081749570898,335.79561296155777,759.4000000000001,8.0,5.0,8361,0.906062,8_5
1,262185,864691135134921888,excitatory_neuron,4P,L4,V1,none,none,593.6529684423592,348.27196620206075,755.6000000000001,8.0,5.0,8335,0.892317,8_5
2,396772,864691135860969064,excitatory_neuron,4P,L4,V1,axon_partially_extended,dendrite_extended,895.7132179682765,345.5318245377308,847.6000000000003,8.0,5.0,8306,0.891495,8_5
3,486386,864691135273053713,excitatory_neuron,23P,L2/3,RL,none,none,1067.680894504852,198.10278310215816,655.2400000000001,8.0,5.0,1674,0.857081,8_5
4,556649,864691134918384906,excitatory_neuron,4P,L4,RL,none,none,1189.9004116652611,348.33459329253185,870.9200000000003,8.0,5.0,7510,0.854082,8_5
5,327472,864691136371664520,excitatory_neuron,23P,L2/3,V1,none,none,758.1244921246563,201.34349682453117,663.0000000000001,8.0,5.0,2366,0.843481,8_5
6,194480,864691135778917821,excitatory_neuron,4P,L4,V1,none,none,493.94991585296253,348.22208277793396,762.6400000000001,8.0,5.0,8051,0.843108,8_5
7,294545,864691136390474359,excitatory_neuron,23P,L2/3,V1,axon_fully_extended,dendrite_extended,681.8009857055245,207.96466046008334,844.6400000000002,8.0,5.0,2039,0.839235,8_5
8,257653,864691135742123412,excitatory_neuron,23P,L2/3,V1,none,none,666.4299850708674,196.40500149065983,659.8000000000002,8.0,5.0,2003,0.835074,8_5
9,298938,864691135810492189,excitatory_neuron,4P,L4,V1,axon_fully_extended,dendrite_extended,691.4233563371827,343.97687285083515,851.1200000000002,8.0,5.0,8165,0.834933,8_5
10,191005,864691135864941694,excitatory_neuron,23P,L2/3,V1,none,none,500.5134203387788,187.28571843207004,997.3200000000003,8.0,5.0,5227,0.833433,8_5
11,397252,864691135616668777,excitatory_neuron,4P,L4,V1,none,none,878.728508408067,345.07376651157654,983.4800000000002,8.0,5.0,7798,0.811846,8_5
12,457000,864691135502738613,excitatory_neuron,4P,L4,V1,none,none,1035.106025617016,328.11041449716623,671.0000000000001,8.0,5.0,7591,0.800892,8_5
13,258382,864691135741930603,excitatory_neuron,23P,L2/3,V1,axon_partially_extended,dendrite_clean,656.6107097945063,197.02354902080174,897.8000000000003,8.0,5.0,5685,0.794313,8_5
14,228202,864691135737932164,excitatory_neuron,4P,L4,V1,none,none,552.8623305394996,340.14189046577263,859.1600000000002,8.0,5.0,8309,0.793811,8_5
15,262974,864691135463809598,excitatory_neuron,4P,L4,V1,none,none,593.4447916920868,333.0278138005448,928.4000000000002,8.0,5.0,8540,0.793524,8_5
16,263202,864691135725501867,excitatory_neuron,4P,L4,V1,none,none,605.1663851856812,331.2265636871714,968.7600000000002,8.0,5.0,8006,0.791138,8_5
17,228441,864691135495511184,excitatory_neuron,4P,L4,V1,none,none,534.7004963635942,337.7177577617071,930.1600000000002,8.0,5.0,8060,0.78812,8_5
18,195293,864691135773262587,excitatory_neuron,4P,L4,V1,none,none,512.8151808047224,325.7166590249828,959.4000000000002,8.0,5.0,8343,0.787794,8_5
19,364666,864691135685251511,excitatory_neuron,4P,L4,V1,none,none,820.0397036455474,323.4283327310568,647.9600000000002,8.0,5.0,7777,0.787132,8_5
20,586466,864691135386087509,excitatory_neuron,4P,L4,RL,none,none,1300.5671188515912,343.49742547085157,1046.3600000000004,8.0,5.0,8150,0.786864,8_5
21,258259,864691136145520692,excitatory_neuron,23P,L2/3,V1,none,none,604.1194030698891,208.81349449744303,871.0400000000003,8.0,5.0,5021,0.786806,8_5
22,369360,864691135655152834,excitatory_neuron,5P-ET,L5,V1,none,none,833.6348878915937,458.8244542313275,699.3600000000001,8.0,5.0,10147,0.785939,8_5
23,490421,864691135498273555,excitatory_neuron,4P,L4,RL,none,none,1103.936673975376,331.4982926779484,693.6800000000002,8.0,5.0,7529,0.785018,8_5
24,396510,864691137054703222,excitatory_neuron,4P,L4,V1,none,none,903.8254617130364,349.00406609407577,755.1600000000001,8.0,5.0,7715,0.785013,8_5
25,190779,864691135277506533,excitatory_neuron,23P,L2/3,V1,none,none,533.9266033695507,191.6223714908404,888.1600000000002,8.0,5.0,2408,0.784476,8_5
26,227531,864691135013727126,excitatory_neuron,4P,L4,V1,none,none,563.0026712932791,329.97900655434125,695.5600000000002,8.0,5.0,7994,0.782834,8_5
27,397436,864691135361024071,excitatory_neuron,4P,L4,V1,none,none,886.7570248179118,344.3627923511087,1032.4400000000003,8.0,5.0,8219,0.780297,8_5
28,333865,864691136619435661,excitatory_neuron,4P,L4,V1,none,none,785.9094772641886,338.3022873886858,1008.5200000000002,8.0,5.0,8376,0.77915,8_5
29,267560,864691136927578954,excitatory_neuron,5P-IT,L5,V1,none,none,608.4953342424066,478.9588667294571,983.2400000000002,8.0,5.0,10369,0.777276,8_5
30,258489,864691136373008520,excitatory_neuron,23P,L2/3,V1,axon_partially_extended,dendrite_extended,663.1217877470914,193.09608165679225,914.4800000000002,8.0,5.0,2446,0.77267,8_5
31,263149,864691135869369878,excitatory_neuron,4P,L4,V1,none,none,642.7133047355346,329.4361803994843,940.5600000000003,8.0,5.0,7983,0.768947,8_5
32,159450,864691135295295500,excitatory_neuron,4P,L4,V1,none,none,427.52282245809363,339.39097508357486,829.2000000000003,8.0,5.0,8497,0.765276,8_5
33,337019,864691135492083295,excitatory_neuron,5P-NP,L5,V1,none,none,737.8145632821654,455.51657519124757,695.5200000000001,8.0,5.0,9952,0.762925,8_5
34,582444,864691135455123562,excitatory_neuron,23P,L2/3,RL,axon_interareal,dendrite_clean,1300.4093745699058,206.5144154413534,869.8800000000002,8.0,5.0,1551,0.761224,8_5
35,557030,864691135700409211,excitatory_neuron,4P,L4,RL,axon_interareal,dendrite_extended,1208.5354771059908,336.5378561156796,983.2000000000003,8.0,5.0,8232,0.760413,8_5
36,194212,864691136913458929,excitatory_neuron,4P,L4,V1,none,none,510.85240092031785,336.4022533989695,718.8400000000001,8.0,5.0,8049,0.758943,8_5
37,490202,864691135510600457,excitatory_neuron,4P,L4,RL,none,none,1090.5637129817844,326.4736420170682,663.3200000000002,8.0,5.0,8221,0.757697,8_5
38,298610,864691135101595680,excitatory_neuron,4P,L4,V1,axon_partially_extended,dendrite_extended,715.394224888125,349.0292977056404,760.3200000000002,8.0,5.0,7880,0.75707,8_5
39,493569,864691135355708623,excitatory_neuron,4P,L4,RL,none,dendrite_extended,1116.686521090767,345.8481205004053,923.9600000000003,8.0,5.0,8659,0.756704,8_5
40,295015,864691135308196934,excitatory_neuron,23P,L2/3,V1,none,none,689.6324813001685,191.88202097674372,966.9600000000003,8.0,5.0,4965,0.754723,8_5
41,298443,864691136673938055,excitatory_neuron,4P,L4,V1,none,none,712.2278755705288,344.83336538981837,748.9600000000002,8.0,5.0,7879,0.754265,8_5
42,332251,864691136617658587,excitatory_neuron,4P,L4,V1,none,none,769.7982254330782,337.4066912550745,694.2400000000001,8.0,5.0,8388,0.753569,8_5
43,392644,864691136032232379,excitatory_neuron,23P,L2/3,V1,none,none,930.0326034965269,213.94221789281636,802.3600000000002,8.0,5.0,1815,0.753355,8_5
44,258307,864691136144674612,excitatory_neuron,23P,L2/3,V1,axon_fully_extended,dendrite_extended,649.1258863409307,212.81529603843106,844.5200000000002,8.0,5.0,5493,0.751455,8_5
45,227346,864691135468524172,excitatory_neuron,4P,L4,V1,none,none,591.9679596715157,326.40991631093254,628.2800000000001,8.0,5.0,7966,0.75002,8_5
46,155502,864691135919977904,excitatory_neuron,23P,L2/3,V1,none,none,462.34555444099993,178.54992740840368,914.8800000000002,8.0,5.0,2628,0.747221,8_5
47,232938,864691135861059176,excitatory_neuron,5P-ET,L5,V1,none,none,548.2724727637741,464.56733438139076,948.4000000000002,8.0,5.0,10143,0.746579,8_5
48,558663,864691137054934902,excitatory_neuron,4P,L4,RL,axon_partially_extended,dendrite_extended,1202.3066501455817,351.9255328310671,758.6800000000002,8.0,5.0,7473,0.746439,8_5
49,199064,864691136195690984,excitatory_neuron,5P-ET,L5,V1,none,none,502.9194908172952,476.27511318705484,786.4800000000002,8.0,5.0,10069,0.746038,8_5
50,393344,864691136419267223,excitatory_neuron,23P,L2/3,V1,none,none,894.2731480196833,206.31655805253837,1039.0400000000002,8.0,5.0,5321,0.742812,8_5
51,297901,864691135701210235,excitatory_neuron,4P,L4,V1,none,none,677.0987882471132,335.14278811992153,668.6800000000002,8.0,5.0,8356,0.741628,8_5
52,228826,864691135942798452,excitatory_neuron,4P,L4,V1,none,none,550.0752251924642,326.4709561968748,1012.5200000000002,8.0,5.0,8066,0.741153,8_5
53,261426,864691136709773422,excitatory_neuron,4P,L4,V1,none,none,598.0040144078307,319.1001773812435,609.8000000000002,8.0,5.0,7964,0.74025,8_5
54,423557,864691135133180320,excitatory_neuron,23P,L2/3,V1,none,none,981.2417001979903,210.19914121444216,724.4400000000002,8.0,5.0,4682,0.739395,8_5
55,427825,864691136444566915,excitatory_neuron,4P,L4,V1,none,none,972.7531030497806,331.45673297040355,692.2400000000001,8.0,5.0,7657,0.738248,8_5
56,158997,864691135397159201,excitatory_neuron,4P,L4,V1,none,none,457.9632665492095,335.1157661371425,713.5600000000002,8.0,5.0,8685,0.737423,8_5
57,224512,864691136052791027,excitatory_neuron,23P,L2/3,V1,none,none,576.295863906933,186.84893148227147,933.8000000000003,8.0,5.0,2844,0.736502,8_5
58,332749,864691135562918113,excitatory_neuron,4P,L4,V1,none,none,745.911199860805,346.81660737104335,782.7600000000001,8.0,5.0,8410,0.736422,8_5
59,517806,864691135348718551,excitatory_neuron,23P,L2/3,RL,none,none,1135.781551626107,203.22564047409787,652.5600000000002,8.0,5.0,1618,0.736063,8_5
60,586024,864691135576013598,excitatory_neuron,4P,L4,RL,none,none,1287.4819289958346,344.72966507369114,883.2800000000002,8.0,5.0,8300,0.735599,8_5
61,190978,864691135778467517,excitatory_neuron,23P,L2/3,V1,axon_partially_extended,dendrite_extended,489.73216236283673,182.7447902828714,978.2800000000002,8.0,5.0,2496,0.734693,8_5
62,263583,864691135491076583,excitatory_neuron,4P,L4,V1,none,none,633.7539324354175,329.0378037085325,1066.2000000000003,8.0,5.0,8115,0.733847,8_5
63,396763,864691135335385065,excitatory_neuron,4P,L4,V1,none,none,886.8710408082893,348.9341247995244,859.7600000000002,8.0,5.0,7754,0.733603,8_5
64,154768,864691136451703551,excitatory_neuron,23P,L2/3,V1,none,none,447.66512369186734,203.15607739209517,728.4400000000002,8.0,5.0,2627,0.730489,8_5
65,258108,864691135686885856,excitatory_neuron,23P,L2/3,V1,none,none,627.7419809939481,211.97235825230317,791.9200000000003,8.0,5.0,4988,0.728655,8_5
66,198666,864691135809355293,excitatory_neuron,5P-ET,L5,V1,none,none,489.9887499229735,463.25859307129747,705.0000000000001,8.0,5.0,10317,0.726901,8_5
67,610174,864691136175789574,excitatory_neuron,23P,L2/3,AL,none,none,1342.2816469521372,229.4511054717005,716.6800000000002,8.0,5.0,4409,0.723897,8_5
68,361037,864691135762589238,excitatory_neuron,23P,L2/3,V1,none,none,864.4152113700794,204.6679941234644,731.1600000000001,8.0,5.0,1842,0.722724,8_5
69,299259,864691136210345404,excitatory_neuron,4P,L4,V1,none,none,673.8900983632597,321.8846812705537,950.7600000000002,8.0,5.0,8469,0.719992,8_5
70,428190,864691135655046594,excitatory_neuron,4P,L4,V1,none,none,941.3898954974661,345.5448588936922,801.8000000000003,8.0,5.0,8442,0.71913,8_5
71,526393,864691135395204853,excitatory_neuron,5P-IT,L5,RL,none,none,1110.772054903753,464.1186960537637,713.0800000000002,8.0,5.0,9812,0.71828,8_5
72,294684,864691136742067804,excitatory_neuron,23P,L2/3,V1,axon_partially_extended,dendrite_clean,703.7858087043185,210.0165721813073,894.2000000000003,8.0,5.0,4934,0.718151,8_5
73,455971,864691135345567391,excitatory_neuron,23P,L2/3,RL,none,none,1032.9959348759062,208.30260307794256,920.5600000000003,8.0,5.0,4665,0.718148,8_5
74,424563,864691135490983911,excitatory_neuron,23P,L2/3,V1,none,none,935.3736376430129,199.8902477019118,1039.3200000000002,8.0,5.0,5221,0.717882,8_5
75,361817,864691136335289523,excitatory_neuron,23P,L2/3,V1,none,none,857.6259575507935,205.16616736372393,979.8000000000003,8.0,5.0,5412,0.717669,8_5
76,299218,864691134942614115,excitatory_neuron,4P,L4,V1,none,none,712.5792297034103,335.6771457401318,923.5200000000002,8.0,5.0,8638,0.717541,8_5
77,369534,864691135915943014,excitatory_neuron,5P-ET,L5,V1,none,none,784.0104543672057,490.71675972001236,771.9200000000002,8.0,5.0,10142,0.717306,8_5
78,267205,864691137021264750,excitatory_neuron,5P-IT,L5,V1,axon_partially_extended,dendrite_extended,641.4669618621233,479.53070945848077,855.4000000000002,8.0,5.0,10013,0.715932,8_5
79,190656,864691136437135006,excitatory_neuron,23P,L2/3,V1,none,none,525.1808701434876,196.12526548676536,860.7200000000003,8.0,5.0,2161,0.715641,8_5
80,519163,864691135565539863,excitatory_neuron,23P,L2/3,RL,none,none,1164.6209455688027,201.8298478612728,1043.5200000000002,8.0,5.0,2690,0.714983,8_5
81,459546,864691135335508969,excitatory_neuron,4P,L4,V1,none,none,1012.7715247930324,342.53873861826486,819.0000000000002,8.0,5.0,8451,0.714452,8_5
82,423868,864691136106008281,excitatory_neuron,23P,L2/3,V1,none,none,950.114327946119,218.65438672793476,820.6400000000002,8.0,5.0,5259,0.713473,8_5
83,299166,864691135463662749,excitatory_neuron,4P,L4,V1,none,none,689.8515832247482,328.16370993878536,934.2400000000002,8.0,5.0,8770,0.713385,8_5
84,614119,864691136057353432,excitatory_neuron,4P,L4,AL,none,none,1350.879607799966,336.7849046463278,725.5200000000001,8.0,5.0,7378,0.713133,8_5
85,293776,864691135545285672,excitatory_neuron,23P,L2/3,V1,none,none,678.7112250913697,210.97080938307738,662.3600000000001,8.0,5.0,4917,0.712571,8_5
86,262262,864691136108329689,excitatory_neuron,4P,L4,V1,none,none,617.2530610306434,336.2671679186902,759.9200000000002,8.0,5.0,7975,0.710014,8_5
87,298102,864691135777103277,excitatory_neuron,4P,L4,V1,none,none,668.7825006994336,329.5968720166697,702.7600000000001,8.0,5.0,8386,0.709684,8_5
88,190514,864691135847938398,excitatory_neuron,23P,L2/3,V1,none,none,489.0008417493028,207.9931290432773,823.2400000000002,8.0,5.0,5114,0.707449,8_5
89,193978,864691135454606698,excitatory_neuron,4P,L4,V1,none,none,468.1666412535754,331.57557735089034,688.6800000000002,8.0,5.0,8080,0.706787,8_5
90,228856,864691135512034000,excitatory_neuron,4P,L4,V1,none,none,579.9873808534888,330.4370645804954,1004.7200000000003,8.0,5.0,8064,0.705274,8_5
91,401319,864691135502992565,excitatory_neuron,5P-IT,L5,V1,none,none,874.6170264639954,487.52951437814585,793.0400000000003,8.0,5.0,9903,0.704915,8_5
92,224402,864691135384353003,excitatory_neuron,23P,L2/3,V1,none,none,560.6046937705802,193.6351796174363,890.2800000000002,8.0,5.0,2322,0.704879,8_5
93,154664,864691135876956499,excitatory_neuron,23P,L2/3,V1,none,none,436.83779695545496,212.35943524360627,719.3600000000001,8.0,5.0,2395,0.704496,8_5
94,194078,864691136914514929,excitatory_neuron,4P,L4,V1,none,none,515.3813928024761,327.226062875046,686.0400000000001,8.0,5.0,8637,0.704065,8_5
95,331679,864691135719722545,excitatory_neuron,4P,L4,V1,none,none,783.1072565003603,327.0070760674767,621.6000000000001,8.0,5.0,7809,0.703989,8_5
96,224188,864691134949221372,excitatory_neuron,23P,L2/3,V1,axon_partially_extended,dendrite_extended,594.0028770283134,210.62668087785687,787.9200000000003,8.0,5.0,2091,0.703699,8_5
97,331567,864691136741514844,excitatory_neuron,4P,L4,V1,none,none,749.794534707111,326.6623693434853,614.0000000000001,8.0,5.0,7810,0.703384,8_5
98,488526,864691136196377420,excitatory_neuron,23P,L2/3,RL,none,none,1068.8390020439108,209.8323533810719,726.9600000000002,8.0,5.0,1677,0.702176,8_5
99,194594,864691136742800476,excitatory_neuron,4P,L4,V1,none,none,471.63827594358264,340.3595760177355,806.0400000000003,8.0,5.0,8429,0.70129,8_5
100,332430,864691135546001860,excitatory_neuron,4P,L4,V1,none,none,738.8095220376345,345.745579782283,722.1200000000001,8.0,5.0,7850,0.701161,8_5
101,370005,864691135397781537,excitatory_neuron,5P-ET,L5,V1,none,none,781.3771332933907,474.5537455171417,891.4000000000002,8.0,5.0,9957,0.701113,8_5
102,333152,864691135702695547,excitatory_neuron,4P,L4,V1,none,none,740.6799331135901,341.9903069017933,888.2400000000002,8.0,5.0,8423,0.698818,8_5
103,299180,864691136010247596,excitatory_neuron,4P,L4,V1,none,none,695.286835953006,329.9241223279617,927.7600000000002,8.0,5.0,8359,0.698448,8_5
104,364803,864691135584480888,excitatory_neuron,4P,L4,V1,none,none,817.2337546875063,334.9395819441035,681.9200000000002,8.0,5.0,7779,0.69816,8_5
105,365790,864691136176411910,excitatory_neuron,4P,L4,V1,none,none,848.7215272989326,342.19151795947954,843.3200000000003,8.0,5.0,8357,0.697761,8_5
106,364868,864691135325437084,excitatory_neuron,4P,L4,V1,none,none,792.0156467606861,329.456815435192,715.3200000000002,8.0,5.0,7815,0.696162,8_5
107,159138,864691135762624310,excitatory_neuron,4P,L4,V1,none,none,457.22691701260015,338.39205631964103,748.3600000000001,8.0,5.0,8597,0.695787,8_5
108,365335,864691135616048587,excitatory_neuron,4P,L4,V1,axon_partially_extended,dendrite_extended,828.5945722427165,354.8856432213891,758.6800000000002,8.0,5.0,7785,0.695651,8_5
109,464155,864691135730941369,excitatory_neuron,5P-IT,L5,V1,none,none,1004.7374309423958,485.0367692292145,914.2000000000003,8.0,5.0,10471,0.69523,8_5
110,526185,864691134989290874,excitatory_neuron,5P-IT,L5,RL,none,none,1119.003661318918,451.5402630899236,647.7600000000001,8.0,5.0,10571,0.6945,8_5
111,456933,864691135738524273,excitatory_neuron,4P,L4,V1,none,none,1000.782795724055,330.5040564325712,664.1200000000001,8.0,5.0,8457,0.69449,8_5
112,223941,864691135397535009,excitatory_neuron,23P,L2/3,V1,none,none,555.4822119774697,224.28134381916402,734.4400000000002,8.0,5.0,5612,0.693434,8_5
113,392804,864691136952921311,excitatory_neuron,23P,L2/3,V1,none,none,896.9518731657539,220.49196603932342,850.3200000000003,8.0,5.0,5487,0.693357,8_5
114,556700,864691135992497089,excitatory_neuron,5P-IT,L4,RL,none,none,1228.6619409396237,351.01909851933624,859.1600000000002,8.0,5.0,7480,0.69289,8_5
115,195201,864691135618595471,excitatory_neuron,4P,L4,V1,none,none,518.0034422974653,333.2374647453111,922.2800000000002,8.0,5.0,8061,0.692537,8_5
116,360571,864691136135728779,excitatory_neuron,23P,L2/3,V1,none,none,833.0893154609469,205.84624600239138,647.1200000000001,8.0,5.0,4776,0.692012,8_5
117,258656,864691135511519440,excitatory_neuron,23P,L2/3,V1,none,none,616.5987619945132,194.67935763556122,973.0400000000003,8.0,5.0,5028,0.69145,8_5
118,365556,864691135479024582,excitatory_neuron,4P,L4,V1,none,none,838.945372920798,350.39468549250466,792.4800000000002,8.0,5.0,7789,0.691185,8_5
119,492917,864691135502556085,excitatory_neuron,4P,L4,RL,none,none,1057.037699045744,352.0650403680843,803.8800000000002,8.0,5.0,8505,0.691057,8_5
120,391136,864691135510883081,excitatory_neuron,23P,L2/3,V1,none,none,896.8949662271642,191.76970941488068,895.0400000000003,8.0,5.0,1858,0.690472,8_5
121,201300,864691135808286237,excitatory_neuron,5P-ET,L5,V1,none,none,457.32905508455815,491.4313188368599,862.4800000000002,8.0,5.0,10280,0.69014,8_5
122,224421,864691135857834542,excitatory_neuron,23P,L2/3,V1,none,none,576.1550275202305,206.8166399414858,880.0400000000003,8.0,5.0,5056,0.689887,8_5
123,614094,864691136423611951,excitatory_neuron,5P-IT,L4,AL,none,none,1337.5913857607666,355.0241656795203,738.3600000000001,8.0,5.0,7376,0.689484,8_5
124,263219,864691136124832806,excitatory_neuron,4P,L4,V1,none,none,617.9940347371885,318.98598792523455,966.4400000000003,8.0,5.0,8007,0.688961,8_5
125,294810,864691135294476214,excitatory_neuron,23P,L2/3,V1,none,none,682.0342487225529,186.20619313435273,925.3600000000002,8.0,5.0,2403,0.688513,8_5
126,585549,864691135969484645,excitatory_neuron,4P,L4,AL,none,none,1286.0617726263451,346.2757737005988,726.0800000000002,8.0,5.0,8550,0.688404,8_5
127,155309,864691135278726305,excitatory_neuron,23P,L2/3,V1,none,none,469.1039705603627,199.69944247512655,872.6000000000003,8.0,5.0,5333,0.688113,8_5
128,267514,864691135741340779,excitatory_neuron,5P-IT,L5,V1,none,none,630.7518591646426,475.70225831181017,939.3200000000003,8.0,5.0,10017,0.687524,8_5
129,298946,864691135567059223,excitatory_neuron,4P,L4,V1,axon_fully_extended,dendrite_extended,699.6152522913819,343.60141489636425,846.0000000000002,8.0,5.0,8731,0.687431,8_5
130,432584,864691135100918816,excitatory_neuron,5P-ET,L5,V1,none,none,948.8804709109525,486.83134328613113,886.4000000000002,8.0,5.0,10284,0.686942,8_5
131,257585,864691135373539016,excitatory_neuron,23P,L2/3,V1,none,none,616.5176647648902,211.76129146166386,663.3600000000001,8.0,5.0,5157,0.686837,8_5
132,257579,864691135737465988,excitatory_neuron,23P,L2/3,V1,none,none,613.3504772934483,203.903351049524,663.1600000000001,8.0,5.0,2057,0.686286,8_5
133,224817,864691134918533130,excitatory_neuron,23P,L2/3,V1,none,none,604.1303277174526,188.1277310681645,1004.0400000000003,8.0,5.0,2133,0.685363,8_5
134,464040,864691135777451360,excitatory_neuron,5P-ET,L5,V1,none,none,1005.0139305014046,481.14204716032856,879.3600000000002,8.0,5.0,10308,0.684618,8_5
135,487569,864691135498332947,excitatory_neuron,23P,L2/3,RL,none,none,1082.6673331364873,171.46758231184648,973.7200000000003,8.0,5.0,1716,0.684364,8_5
136,424911,864691136009905070,excitatory_neuron,4P,L4,V1,none,none,941.7098915335306,311.78026390816194,623.6400000000001,8.0,5.0,7653,0.684362,8_5
137,159253,864691135584768888,excitatory_neuron,4P,L4,V1,none,none,451.8449873200402,330.14761766171273,776.0800000000002,8.0,5.0,8265,0.683527,8_5
138,333922,864691135848300126,excitatory_neuron,4P,L4,V1,none,none,758.9771413524164,334.7896128612837,1042.4400000000003,8.0,5.0,8474,0.683406,8_5
139,585888,864691136195114828,excitatory_neuron,4P,L4,RL,none,none,1268.5884850970099,341.85605799512814,868.1200000000002,8.0,5.0,7450,0.683172,8_5
140,493557,864691135065276996,excitatory_neuron,4P,L4,RL,none,none,1110.4893699841268,343.25011700512823,908.0800000000003,8.0,5.0,7574,0.682847,8_5
141,337991,864691135470680658,excitatory_neuron,5P-IT,L5,V1,none,none,752.6269868312688,474.92943475912085,906.8800000000002,8.0,5.0,10465,0.681439,8_5
142,232117,864691135293449398,excitatory_neuron,5P-IT,L5,V1,none,none,529.0020680684181,461.59650303693485,720.8800000000001,8.0,5.0,10045,0.681245,8_5
143,333290,864691136194605782,excitatory_neuron,4P,L4,V1,none,none,764.869845240491,336.4615581018553,906.6000000000003,8.0,5.0,8545,0.681085,8_5
144,154855,864691135619348111,excitatory_neuron,23P,L2/3,V1,none,none,431.58103918834445,208.55881611273793,753.6400000000001,8.0,5.0,2316,0.680078,8_5
145,553869,864691135214043704,excitatory_neuron,23P,L2/3,RL,none,none,1227.721315785842,189.9401636572007,1026.5600000000002,8.0,5.0,1610,0.679164,8_5
146,258301,864691135493686111,excitatory_neuron,23P,L2/3,V1,axon_partially_extended,dendrite_clean,645.2477247090211,196.92883921644645,859.0800000000003,8.0,5.0,2694,0.677118,8_5
147,524509,864691136390072439,excitatory_neuron,4P,L4,RL,none,none,1166.949704307042,348.5109785452809,698.5200000000001,8.0,5.0,8730,0.676092,8_5
148,262847,864691135441883720,excitatory_neuron,4P,L4,V1,none,none,596.8614270387044,340.9718225435059,889.2000000000003,8.0,5.0,8004,0.675889,8_5
149,455687,864691136618181339,excitatory_neuron,23P,L2/3,V1,none,none,1027.8627305484301,206.76134990847908,825.6000000000003,8.0,5.0,1736,0.674773,8_5
150,365303,864691136195574760,excitatory_neuron,5P-IT,L4,V1,none,none,817.4013828229674,358.72470125867085,759.4400000000002,8.0,5.0,7819,0.673092,8_5
151,393972,864691136683855990,excitatory_neuron,4P,L4,V1,none,none,904.6564054102465,324.08566557213067,678.5200000000001,8.0,5.0,8549,0.672819,8_5
152,328981,864691135940623526,excitatory_neuron,23P,L2/3,V1,none,none,792.3975781316719,204.66322566220788,1029.2400000000002,8.0,5.0,4900,0.672584,8_5
153,228242,864691135698622741,excitatory_neuron,4P,L4,V1,none,none,570.8694844664615,336.2565323805123,869.0800000000003,8.0,5.0,8025,0.6723,8_5
154,228434,864691136335208883,excitatory_neuron,4P,L4,V1,none,none,528.261931988975,340.8163911369043,909.8800000000002,8.0,5.0,8058,0.671648,8_5
155,365633,864691135408187081,excitatory_neuron,4P,L4,V1,none,none,824.3498254173783,340.25200374281843,815.7200000000003,8.0,5.0,7824,0.67008,8_5
156,397290,864691135786211268,excitatory_neuron,4P,L4,V1,none,none,911.6124492111476,343.71060355012054,990.2000000000003,8.0,5.0,8329,0.669785,8_5
157,333924,864691136927733322,excitatory_neuron,4P,L4,V1,none,none,759.4458062691818,339.71319541830366,1053.6400000000003,8.0,5.0,8297,0.66971,8_5
158,585812,864691136741534044,excitatory_neuron,4P,L4,RL,none,none,1268.8691176033715,351.13181378085113,823.1600000000002,8.0,5.0,8341,0.668193,8_5
159,333162,864691135585146744,excitatory_neuron,4P,L4,V1,none,none,748.1266645920147,340.58598845918823,885.6000000000003,8.0,5.0,7886,0.667773,8_5
160,459303,864691135987843843,excitatory_neuron,4P,L4,V1,none,none,997.7282948665612,350.7308080380953,778.0000000000001,8.0,5.0,8170,0.667183,8_5
161,360937,864691135360101208,excitatory_neuron,23P,L2/3,V1,none,none,830.249118365722,219.21758851016818,749.2800000000001,8.0,5.0,4804,0.666606,8_5
162,556863,864691137197537601,excitatory_neuron,5P-IT,L4,RL,none,none,1209.0455287914137,336.58247985596637,933.5200000000002,8.0,5.0,7482,0.666276,8_5
163,262726,864691135518173395,excitatory_neuron,4P,L4,V1,axon_partially_extended,dendrite_clean,658.6851073782489,331.9256880500424,836.9600000000003,8.0,5.0,7945,0.665629,8_5
164,397225,864691136952404959,excitatory_neuron,4P,L4,V1,none,none,866.2050747876165,337.6821500202958,995.8000000000003,8.0,5.0,7800,0.665385,8_5
165,422456,864691135464449605,excitatory_neuron,23P,L2/3,V1,none,none,973.6384965191764,187.69082742112403,943.5200000000002,8.0,5.0,1790,0.665128,8_5
166,427914,864691135455701354,excitatory_neuron,4P,L4,V1,axon_partially_extended,dendrite_extended,946.2720334639516,344.81559016667927,738.8400000000001,8.0,5.0,8439,0.664749,8_5
167,327859,864691136990522517,excitatory_neuron,23P,L2/3,V1,axon_interareal,dendrite_extended,776.7342400111213,205.99112886700274,745.8000000000002,8.0,5.0,2597,0.664466,8_5
168,332931,864691135645451247,excitatory_neuron,4P,L4,V1,none,none,762.713339334392,341.28395691126127,830.8800000000002,8.0,5.0,8521,0.664356,8_5
169,228652,864691135279603617,excitatory_neuron,4P,L4,V1,none,none,583.6215569340045,335.8945713570195,959.7600000000002,8.0,5.0,8536,0.662961,8_5
170,583659,864691135359010904,excitatory_neuron,23P,L2/3,AL,axon_interareal,dendrite_clean,1289.7200520017063,227.35809609120463,748.9200000000002,8.0,5.0,2624,0.662843,8_5
171,338007,864691135997042858,excitatory_neuron,5P-IT,L5,V1,none,none,761.7745650074213,486.3943261023119,911.0400000000003,8.0,5.0,9959,0.662483,8_5
172,489152,864691135754741453,excitatory_neuron,23P,L2/3,RL,none,none,1120.7248247686578,215.97788640727236,898.2800000000002,8.0,5.0,5758,0.661813,8_5
173,299161,864691135715955994,excitatory_neuron,4P,L4,V1,none,none,687.1204888405796,334.4134615710316,914.8400000000003,8.0,5.0,7951,0.66072,8_5
174,614643,864691135118814429,excitatory_neuron,4P,L4,AL,none,none,1330.2567626775194,333.1175498699824,875.8400000000003,8.0,5.0,7403,0.660489,8_5
175,369927,864691135066025540,excitatory_neuron,5P-IT,L5,V1,none,none,783.2245099891112,477.6706156370068,843.9600000000003,8.0,5.0,10344,0.659719,8_5
176,610857,864691135800918882,excitatory_neuron,23P,L2/3,AL,none,none,1376.4325667178248,212.137671405705,899.9600000000003,8.0,5.0,5634,0.659283,8_5
177,364850,864691135104627789,excitatory_neuron,4P,L4,V1,none,none,855.9067011695099,326.8875107571298,667.0800000000002,8.0,5.0,8440,0.658768,8_5
178,258467,864691135157942116,excitatory_neuron,23P,L2/3,V1,none,none,643.7789272956466,196.09364692812943,914.5600000000003,8.0,5.0,4992,0.658548,8_5
179,159217,864691135386357077,excitatory_neuron,4P,L4,V1,none,none,437.3611726329687,334.1484945794111,751.2000000000002,8.0,5.0,8202,0.658532,8_5
180,393356,864691135725145515,excitatory_neuron,23P,L2/3,V1,none,none,905.0303599959132,198.648933224832,1043.7200000000003,8.0,5.0,5137,0.657526,8_5
181,558857,864691135683237618,excitatory_neuron,4P,L4,RL,none,none,1232.4738316493178,355.9139530848312,815.6400000000002,8.0,5.0,8162,0.656914,8_5
182,159577,864691135777507168,excitatory_neuron,4P,L4,V1,none,none,455.24884824577146,336.0346857603744,868.2000000000003,8.0,5.0,8562,0.655324,8_5
183,328555,864691135349326551,excitatory_neuron,23P,L2/3,V1,none,none,800.9400478867838,196.60910258871323,910.4400000000003,8.0,5.0,4871,0.654648,8_5
184,360948,864691135468556172,excitatory_neuron,23P,L2/3,V1,none,none,844.3360592039022,216.08141220428067,728.7600000000001,8.0,5.0,2556,0.652102,8_5
185,224979,864691135105524813,excitatory_neuron,23P,L2/3,V1,none,none,596.5154190591065,187.78273523478774,1060.2000000000003,8.0,5.0,2391,0.651762,8_5
186,224664,864691135418018746,excitatory_neuron,23P,L2/3,V1,none,none,591.6987716828677,200.9811607489532,941.0000000000002,8.0,5.0,5063,0.651304,8_5
187,302096,864691135429598512,excitatory_neuron,5P-IT,L5,V1,none,none,710.8685569737838,441.14538929624746,616.6000000000001,8.0,5.0,9965,0.65095,8_5
188,299084,864691135504203357,excitatory_neuron,4P,L4,V1,axon_fully_extended,dendrite_extended,703.6956079528887,338.81884219167796,902.3200000000003,8.0,5.0,8390,0.650758,8_5
189,224565,864691135953985800,excitatory_neuron,23P,L2/3,V1,axon_interareal,dendrite_extended,549.7055759662936,197.0502543001164,950.1200000000002,8.0,5.0,5094,0.650462,8_5
190,232687,864691135470700626,excitatory_neuron,5P-ET,L5,V1,none,none,564.9401919720403,482.60064401646315,862.7600000000002,8.0,5.0,10054,0.649694,8_5
191,227822,864691135756743634,excitatory_neuron,4P,L4,V1,none,none,585.1867982813034,337.830357379468,772.5200000000001,8.0,5.0,8369,0.649615,8_5
192,258352,864691136238679567,excitatory_neuron,23P,L2/3,V1,axon_fully_extended,dendrite_extended,626.9217884786697,200.7863074640275,881.1200000000002,8.0,5.0,5427,0.648487,8_5
193,263083,864691135990911488,excitatory_neuron,4P,L4,V1,none,none,655.143415749936,329.81698503398263,921.3600000000002,8.0,5.0,8139,0.648445,8_5
194,365110,864691135658297986,excitatory_neuron,4P,L4,V1,none,none,810.3178839225876,344.22816997259,731.8000000000002,8.0,5.0,8384,0.647935,8_5
195,518872,864691135861069928,excitatory_neuron,23P,L2/3,RL,none,none,1173.6838426124402,195.1703901373719,929.6800000000003,8.0,5.0,2225,0.646847,8_5
196,556823,864691135162908461,excitatory_neuron,4P,L4,RL,axon_interareal,dendrite_extended,1186.3929103522553,339.2262343547614,916.7200000000003,8.0,5.0,8350,0.645653,8_5
197,582390,864691135429763120,excitatory_neuron,23P,L2/3,AL,axon_interareal,dendrite_clean,1312.5320326816209,222.15850519775873,824.7600000000002,8.0,5.0,1528,0.64467,8_5
198,337724,864691136297696283,excitatory_neuron,5P-ET,L5,V1,none,none,770.0365178999258,479.34357249705556,826.9600000000003,8.0,5.0,9955,0.644492,8_5
199,294992,864691136903658162,excitatory_neuron,23P,L2/3,V1,none,none,675.8165198753385,196.32679430140374,987.9600000000003,8.0,5.0,4998,0.644435,8_5
200,618215,864691135755887058,excitatory_neuron,5P-NP,L5,RL,none,none,1309.3256270252843,482.7747721090301,896.3600000000002,8.0,5.0,9777,0.644337,8_5
201,455985,864691135469679442,excitatory_neuron,23P,L2/3,RL,none,none,1047.3594330949727,206.4112673301497,928.7600000000002,8.0,5.0,4669,0.644214,8_5
202,328096,864691135429400880,excitatory_neuron,23P,L2/3,V1,none,none,754.7814397973589,216.7909126969984,791.9200000000003,8.0,5.0,5565,0.644182,8_5
203,298827,864691135478316200,excitatory_neuron,4P,L4,V1,axon_fully_extended,dendrite_extended,706.001273962272,345.5092532592564,813.0800000000003,8.0,5.0,8633,0.643392,8_5
204,614059,864691136175772934,excitatory_neuron,4P,L4,AL,none,none,1317.430009101735,354.15969635521776,736.3200000000002,8.0,5.0,7397,0.642906,8_5
205,190761,864691135817552463,excitatory_neuron,23P,L2/3,V1,none,none,522.8147424669328,198.93774620994233,875.0800000000003,8.0,5.0,2523,0.642325,8_5
206,298070,864691135118351837,excitatory_neuron,4P,L4,V1,none,none,723.5524217496006,328.478128007314,673.2400000000001,8.0,5.0,8120,0.642054,8_5
207,262946,864691136438717086,excitatory_neuron,4P,L4,V1,axon_fully_extended,dendrite_extended,646.0781198885148,335.76954372289106,891.4000000000002,8.0,5.0,8748,0.641016,8_5
208,195623,864691135335163369,excitatory_neuron,4P,L4,V1,none,none,517.4271775117038,327.34080137551535,1031.2800000000002,8.0,5.0,8116,0.640059,8_5
209,369942,864691135119053789,excitatory_neuron,5P-ET,L5,V1,none,none,793.5323632345978,481.0137257861812,866.3200000000003,8.0,5.0,10330,0.638947,8_5
210,263447,864691136057123800,excitatory_neuron,4P,L4,V1,none,none,613.2817502583159,328.7885871208652,1031.5600000000002,8.0,5.0,8243,0.637258,8_5
211,227808,864691135890229129,excitatory_neuron,4P,L4,V1,none,none,572.8324378164973,340.9896258874677,757.8000000000002,8.0,5.0,7999,0.636935,8_5
212,486484,864691136039712510,excitatory_neuron,23P,L2/3,RL,none,none,1083.8240534772399,201.57094953302766,668.1200000000001,8.0,5.0,2372,0.636815,8_5
213,366799,864691136297777947,excitatory_neuron,5P-IT,L5,V1,none,none,808.8470059751255,441.8153230925764,628.9200000000001,8.0,5.0,10419,0.636714,8_5
214,360704,864691135473089586,excitatory_neuron,23P,L2/3,V1,none,none,830.1144089910158,217.08573547011912,683.0000000000001,8.0,5.0,4801,0.636679,8_5
215,224453,864691136924049892,excitatory_neuron,23P,L2/3,V1,none,none,596.4016921781143,208.9092159212755,886.0000000000002,8.0,5.0,5022,0.635072,8_5
216,556835,864691135684334578,excitatory_neuron,4P,L4,RL,none,none,1196.8250395474681,338.21159330769706,915.6000000000003,8.0,5.0,8520,0.634706,8_5
217,190196,864691135615114443,excitatory_neuron,23P,L2/3,V1,none,none,479.2388489903608,199.87944027833424,751.1200000000001,8.0,5.0,2180,0.634095,8_5
218,422356,864691135446432146,excitatory_neuron,23P,L2/3,V1,none,none,953.3974676507053,190.6740576076372,910.8400000000003,8.0,5.0,2427,0.633802,8_5
219,303341,864691135280864417,excitatory_neuron,5P-ET,L5,V1,none,none,697.6954203663163,488.17624138209624,945.8400000000003,8.0,5.0,10303,0.632793,8_5
220,496718,864691135104516941,excitatory_neuron,5P-ET,L5,RL,none,none,1080.7318950987894,487.3167994006375,760.6800000000002,8.0,5.0,10165,0.632596,8_5
221,266333,864691135699964962,excitatory_neuron,5P-IT,L5,V1,none,none,594.306082393381,455.3603926269876,689.4400000000002,8.0,5.0,10008,0.632413,8_5
222,397330,864691135480031430,excitatory_neuron,4P,L4,V1,none,none,875.8754790700784,351.24860574807315,1008.3600000000002,8.0,5.0,7801,0.631416,8_5
223,227371,864691136273753790,excitatory_neuron,4P,L4,V1,none,none,536.4345795790289,329.6461782755132,671.7200000000001,8.0,5.0,8605,0.630508,8_5
224,332664,864691136268629236,excitatory_neuron,4P,L4,V1,none,none,755.4276464044156,347.45645515185134,771.2400000000001,8.0,5.0,8407,0.630122,8_5
225,582388,864691135885140848,excitatory_neuron,23P,L2/3,AL,axon_interareal,dendrite_clean,1313.2388160728592,211.87698112601396,830.2400000000002,8.0,5.0,4433,0.629866,8_5
226,610827,864691135211318976,excitatory_neuron,23P,L2/3,RL,none,none,1343.6107638896071,211.32195876904163,903.9200000000003,8.0,5.0,4436,0.628955,8_5
227,194442,864691136124225830,excitatory_neuron,4P,L4,V1,none,none,478.32556568328573,343.96412813100306,771.7200000000001,8.0,5.0,8382,0.628451,8_5
228,298763,864691135447857298,excitatory_neuron,4P,L4,V1,none,none,718.1062443737794,347.40347904741606,783.0800000000002,8.0,5.0,7883,0.62838,8_5
229,154681,864691136489013266,excitatory_neuron,23P,L2/3,V1,none,none,454.88315850132204,204.36577383728286,708.7200000000001,8.0,5.0,2335,0.628322,8_5
230,428213,864691135502606173,excitatory_neuron,4P,L4,V1,none,none,955.0337780825306,346.73854394636413,808.3200000000003,8.0,5.0,8581,0.628079,8_5
231,195056,864691135646504687,excitatory_neuron,4P,L4,V1,none,none,477.89912568902344,337.8235948535675,878.7600000000002,8.0,5.0,8238,0.627873,8_5
232,493086,864691136287404483,excitatory_neuron,4P,L4,RL,none,none,1070.0902014282537,349.7377849986492,823.2400000000002,8.0,5.0,7602,0.625343,8_5
233,364932,864691135565560855,excitatory_neuron,4P,L4,V1,none,none,811.4159053733043,328.0061391227313,689.5200000000001,8.0,5.0,7778,0.624844,8_5
234,531202,864691136991166101,excitatory_neuron,5P-ET,L5,RL,axon_interareal,dendrite_extended,1134.5853531653852,489.33009874981684,944.9600000000003,8.0,5.0,10247,0.624131,8_5
235,267319,864691135779049056,excitatory_neuron,5P-ET,L5,V1,axon_partially_extended,dendrite_extended,647.0334557059497,458.4958172484729,898.0000000000002,8.0,5.0,10485,0.622195,8_5
236,333478,864691135699607829,excitatory_neuron,4P,L4,V1,none,none,724.8164528499634,333.85676290636746,990.0800000000003,8.0,5.0,8420,0.622066,8_5
237,232803,864691136274035469,excitatory_neuron,5P-ET,L5,V1,none,none,574.619064262405,469.6348746529887,903.2800000000002,8.0,5.0,10115,0.621051,8_5
238,155281,864691136108743352,excitatory_neuron,23P,L2/3,V1,none,none,456.7090614807452,211.39967789617756,853.8000000000003,8.0,5.0,5132,0.620457,8_5
239,262937,864691135396940021,excitatory_neuron,4P,L4,V1,axon_fully_extended,dendrite_extended,641.1282081577531,333.60188188172054,899.6800000000003,8.0,5.0,7981,0.619265,8_5
240,257531,864691135441377608,excitatory_neuron,23P,L2/3,V1,none,none,649.1991802508657,210.50890751895605,655.8800000000001,8.0,5.0,4950,0.619179,8_5
241,267650,864691135212424384,excitatory_neuron,5P-ET,L5,V1,none,none,606.958763064756,475.22674387295666,1003.4000000000002,8.0,5.0,10575,0.618023,8_5
242,400871,864691136108479705,excitatory_neuron,5P-IT,L5,V1,none,none,850.9522236174333,485.5876013437012,781.5200000000001,8.0,5.0,10537,0.617983,8_5
243,586444,864691135383334106,excitatory_neuron,4P,L4,RL,none,none,1276.3293460127743,345.1673188249022,1048.2000000000003,8.0,5.0,8244,0.617781,8_5
244,453378,864691135684968631,excitatory_neuron,23P,L2/3,V1,none,none,1038.3609572002274,201.31962323696243,656.4800000000001,8.0,5.0,4622,0.617699,8_5
245,259094,864691135778859104,excitatory_neuron,23P,L2/3,V1,none,none,660.3809824480346,186.23911189510738,1001.5200000000002,8.0,5.0,5032,0.617277,8_5
246,554012,864691136952851679,excitatory_neuron,23P,L2/3,RL,none,none,1216.8821106042665,205.888151587711,1088.3600000000004,8.0,5.0,2766,0.617147,8_5
247,422300,864691136379807445,excitatory_neuron,23P,L2/3,V1,none,none,981.5929965089946,195.90335893777484,881.6400000000002,8.0,5.0,2731,0.617077,8_5
248,303676,864691135719395121,excitatory_neuron,5P-ET,L5,V1,none,none,698.7943377927558,480.7557812555363,1063.5600000000002,8.0,5.0,9999,0.616762,8_5
249,486593,864691135865839580,excitatory_neuron,23P,L2/3,RL,none,none,1091.7147391845033,204.63834045516194,708.9200000000002,8.0,5.0,2291,0.61608,8_5
250,365581,864691136362042082,inhibitory_neuron,NGC,L4,V1,none,none,844.9193475041269,350.4033847879157,784.6000000000001,8.0,5.0,7787,0.615242,8_5
251,328093,864691134887526650,excitatory_neuron,23P,L2/3,V1,none,none,752.6988346675325,202.4106805753245,791.5200000000002,8.0,5.0,2486,0.615146,8_5
252,190176,864691135560492001,excitatory_neuron,23P,L2/3,V1,none,none,538.2908863309252,205.6240243301682,730.3200000000002,8.0,5.0,2114,0.614907,8_5
253,328275,864691135295303180,excitatory_neuron,23P,L2/3,V1,none,none,739.4224332516194,208.7657489025372,846.7600000000002,8.0,5.0,2684,0.614387,8_5
254,459108,864691135374212552,excitatory_neuron,4P,L4,V1,none,none,1051.1791276510987,338.2538765788213,712.7600000000001,8.0,5.0,7593,0.614059,8_5
255,333085,864691135488734010,excitatory_neuron,4P,L4,V1,none,none,775.3657887182587,340.5920576493075,870.3200000000003,8.0,5.0,7857,0.613827,8_5
256,303145,864691135688186080,excitatory_neuron,5P-ET,L5,V1,axon_partially_extended,dendrite_extended,667.8080332150954,489.8015688177371,890.6400000000002,8.0,5.0,9995,0.6138,8_5
257,265957,864691135491125351,excitatory_neuron,5P-ET,L5,V1,none,none,634.1711532641187,436.6195479162748,608.8800000000001,8.0,5.0,10354,0.613519,8_5
258,487620,864691135582505325,excitatory_neuron,23P,L2/3,RL,none,none,1125.8459771853393,208.84508177479293,981.1200000000002,8.0,5.0,4605,0.612615,8_5
259,154647,864691135784964403,excitatory_neuron,23P,L2/3,V1,none,none,432.78203633812103,207.31475588661218,713.8400000000001,8.0,5.0,2431,0.61207,8_5
260,402160,864691136237481999,excitatory_neuron,5P-ET,L5,V1,none,none,885.2859447572516,494.82312627156483,1053.2800000000002,8.0,5.0,10139,0.61195,8_5
261,582343,864691135475821376,excitatory_neuron,23P,L2/3,RL,none,none,1283.7196326008816,214.43394478389604,818.0000000000002,8.0,5.0,5790,0.611924,8_5
262,424126,864691136009822892,excitatory_neuron,23P,L2/3,V1,none,none,974.4316373506214,202.85766860910698,894.8800000000002,8.0,5.0,2415,0.610958,8_5
263,488568,864691135123125031,excitatory_neuron,23P,L2/3,RL,none,none,1093.6325197497915,231.9172906861257,738.3200000000002,8.0,5.0,5461,0.610276,8_5
264,332754,864691135396910325,excitatory_neuron,4P,L4,V1,none,none,748.8615112865634,345.4043699649961,795.0400000000003,8.0,5.0,8480,0.609623,8_5
265,553842,864691135386077269,excitatory_neuron,23P,L2/3,RL,none,none,1200.2504314846299,203.597890104506,1015.7600000000002,8.0,5.0,4549,0.60954,8_5
266,427751,864691135867966230,excitatory_neuron,4P,L4,V1,none,none,929.661047728644,340.08584927510753,708.3200000000002,8.0,5.0,8700,0.609381,8_5
267,519187,864691135278563489,excitatory_neuron,23P,L2/3,RL,none,none,1190.4247400868874,200.61818599900772,1040.5600000000002,8.0,5.0,5542,0.609,8_5
268,610563,864691135213241216,excitatory_neuron,23P,L2/3,AL,none,none,1380.8589876540625,223.96044864691333,788.8800000000002,8.0,5.0,2386,0.608914,8_5
269,522809,864691136124593702,excitatory_neuron,4P,L4,RL,none,none,1153.4596059951978,344.8252135586362,1022.7200000000003,8.0,5.0,8569,0.608749,8_5
270,164504,864691135472952114,excitatory_neuron,5P-ET,L5,V1,none,none,402.06619183040493,454.8596768043676,755.8000000000002,8.0,5.0,10091,0.608387,8_5
271,294927,864691135388882561,excitatory_neuron,23P,L2/3,V1,none,none,697.0203117753593,197.02548526356853,965.1600000000003,8.0,5.0,5512,0.608345,8_5
272,518909,864691135740166548,excitatory_neuron,23P,L2/3,RL,none,none,1151.1309050788354,203.28364550160867,937.3600000000002,8.0,5.0,5717,0.607815,8_5
273,263063,864691135737494385,excitatory_neuron,4P,L4,V1,none,none,643.8354300078406,330.5622651535115,930.0000000000002,8.0,5.0,7982,0.607678,8_5
274,455631,864691135947525985,excitatory_neuron,23P,L2/3,RL,none,none,1048.8921026127791,217.53116283996397,809.8800000000002,8.0,5.0,4634,0.606919,8_5
275,224752,864691135954520611,excitatory_neuron,23P,L2/3,V1,none,none,598.5477646592333,197.59721287558187,977.5200000000002,8.0,5.0,5064,0.606489,8_5
276,658800,864691135211107264,excitatory_neuron,4P,L4,AL,none,none,1400.798517692956,340.44555419190596,895.8400000000003,8.0,5.0,8580,0.606343,8_5
277,365516,864691136143876404,excitatory_neuron,4P,L4,V1,none,none,822.5034025192576,351.0762669732327,801.8000000000003,8.0,5.0,8666,0.605955,8_5
278,231586,864691135395987701,excitatory_neuron,5P-ET,L5,V1,none,none,536.5761390025672,444.7846526484595,640.9200000000002,8.0,5.0,10433,0.605237,8_5
279,294808,864691135889344137,excitatory_neuron,23P,L2/3,V1,none,none,679.5845671767147,200.25414602165895,927.1600000000002,8.0,5.0,5371,0.6051,8_5
280,298408,864691135755751885,excitatory_neuron,4P,L4,V1,none,none,692.4666097320181,347.47310258501517,739.5600000000002,8.0,5.0,7909,0.604925,8_5
281,159679,864691135497940243,excitatory_neuron,4P,L4,V1,none,none,443.8651119540805,333.2398927374051,884.3200000000003,8.0,5.0,8122,0.604732,8_5
282,224566,864691135430204720,excitatory_neuron,23P,L2/3,V1,none,none,551.0571782395382,194.084769635688,936.3600000000002,8.0,5.0,5093,0.604054,8_5
283,232835,864691135726179135,excitatory_neuron,5P-ET,L5,V1,none,none,532.669769776026,471.81103367637246,923.3200000000003,8.0,5.0,10075,0.603477,8_5
284,395727,864691135954929416,excitatory_neuron,4P,L4,V1,none,none,919.8766852776815,327.08762372589524,607.4000000000001,8.0,5.0,7675,0.603063,8_5
285,194010,864691136021299448,excitatory_neuron,4P,L4,V1,none,none,490.13707134566835,329.38609486215967,685.4400000000002,8.0,5.0,8047,0.60298,8_5
286,361352,864691135397136161,excitatory_neuron,23P,L2/3,V1,none,none,859.8766242167871,211.01658850741822,838.0800000000003,8.0,5.0,4810,0.602898,8_5
287,266411,864691135015004662,excitatory_neuron,5P-ET,L5,V1,none,none,620.5044675863275,462.8562563718806,703.4000000000001,8.0,5.0,10148,0.602701,8_5
288,333888,864691136041941846,excitatory_neuron,4P,L4,V1,none,none,734.2660216050208,340.40125084229066,1039.5600000000002,8.0,5.0,8203,0.602321,8_5
289,361768,864691136106440409,excitatory_neuron,23P,L2/3,V1,none,none,820.4741777202622,193.62827121998353,993.9200000000003,8.0,5.0,1955,0.602185,8_5
290,586126,864691135082811639,excitatory_neuron,4P,L4,RL,none,none,1304.5008866932283,343.32762980511546,925.6800000000003,8.0,5.0,7425,0.600603,8_5
291,392508,864691135928156372,excitatory_neuron,23P,L2/3,V1,none,none,922.8472561603185,213.82753721422418,780.1600000000001,8.0,5.0,2543,0.600307,8_5
292,293693,864691135383426010,excitatory_neuron,23P,L2/3,V1,none,none,693.8205524744252,198.35165433879448,644.7600000000001,8.0,5.0,2502,0.59911,8_5
293,337184,864691135856966190,excitatory_neuron,5P-IT,L5,V1,none,none,752.4387809552333,463.8629201068816,725.2400000000001,8.0,5.0,9953,0.597345,8_5
294,487578,864691136134774923,excitatory_neuron,23P,L2/3,RL,none,none,1092.5481973432513,190.70596422217082,966.8000000000003,8.0,5.0,2466,0.597286,8_5
295,267547,864691135014728182,excitatory_neuron,5P-IT,L5,V1,none,none,598.1819608512614,480.8190756679412,985.4000000000002,8.0,5.0,10059,0.597057,8_5
296,227596,864691136723548413,excitatory_neuron,4P,L4,V1,none,none,543.8630743127856,336.5278009032481,743.0400000000001,8.0,5.0,8393,0.596862,8_5
297,423852,864691135867057174,excitatory_neuron,23P,L2/3,V1,none,none,939.4444558552626,197.4196414842364,819.9600000000003,8.0,5.0,1817,0.596742,8_5
298,262710,864691136488999186,excitatory_neuron,4P,L4,V1,axon_partially_extended,dendrite_clean,648.4498833544826,338.032869166017,841.9200000000003,8.0,5.0,8146,0.596414,8_5
299,397441,864691136379970005,excitatory_neuron,4P,L4,V1,none,none,893.1446071527395,343.3155216526753,1044.7200000000003,8.0,5.0,8136,0.596194,8_5
300,224514,864691135570219244,excitatory_neuron,23P,L2/3,V1,none,none,577.690587078404,191.46806682072634,926.0400000000003,8.0,5.0,5060,0.595623,8_5
301,558709,864691135462420637,excitatory_neuron,4P,L4,RL,axon_interareal,dendrite_extended,1240.8617946211175,356.9690271029529,753.1600000000001,8.0,5.0,7446,0.59522,8_5
302,224373,864691135865308542,excitatory_neuron,23P,L2/3,V1,none,none,603.0663809382885,187.07098074235122,869.3600000000002,8.0,5.0,2093,0.594857,8_5
303,263412,864691135502284381,excitatory_neuron,4P,L4,V1,none,none,652.5031873321559,337.2310868610381,1026.7600000000002,8.0,5.0,8535,0.593579,8_5
304,261780,864691135618690703,excitatory_neuron,4P,L4,V1,none,none,630.1262302981606,332.3181111946292,686.9200000000002,8.0,5.0,7935,0.593136,8_5
305,198985,864691136274522893,excitatory_neuron,5P-ET,L5,V1,none,none,456.89614114703704,476.5529712968036,794.8400000000003,8.0,5.0,10401,0.592727,8_5
306,155492,864691136009073582,excitatory_neuron,23P,L2/3,V1,none,none,451.5518111535569,197.64987174980897,922.0800000000003,8.0,5.0,2288,0.592221,8_5
307,303174,864691136195798504,excitatory_neuron,5P-ET,L5,V1,axon_partially_extended,dendrite_extended,694.563261364027,476.98065314456375,904.8800000000002,8.0,5.0,10107,0.591902,8_5
308,557265,864691136741438556,excitatory_neuron,4P,L4,RL,none,none,1199.2151554018578,342.4681029344445,1063.5600000000002,8.0,5.0,8141,0.591699,8_5
309,190697,864691135940269313,excitatory_neuron,23P,L2/3,V1,none,none,478.65076358131296,205.8669696145183,904.0000000000002,8.0,5.0,5486,0.591594,8_5
310,459601,864691135807340829,excitatory_neuron,4P,L4,RL,none,none,1049.1239211363682,350.7302298193243,816.2400000000002,8.0,5.0,8239,0.590581,8_5
311,582601,864691135867370262,excitatory_neuron,23P,L2/3,RL,none,none,1281.3389385519945,197.5863434161761,908.3600000000002,8.0,5.0,2534,0.5897,8_5
312,518038,864691135947722337,excitatory_neuron,23P,L2/3,RL,none,none,1174.3375342554891,211.93114284230157,702.6400000000001,8.0,5.0,2320,0.588808,8_5
313,496464,864691135802015330,excitatory_neuron,5P-IT,L5,RL,none,none,1069.9369667262379,471.91735988384073,707.6000000000001,8.0,5.0,10347,0.588516,8_5
314,517923,864691135615516363,excitatory_neuron,23P,L2/3,RL,none,none,1152.652360839693,209.3914913057979,674.1600000000001,8.0,5.0,1620,0.588099,8_5
315,337609,864691135741466516,excitatory_neuron,5P-ET,L5,V1,none,none,763.1882474336521,476.11040321278347,805.8400000000003,8.0,5.0,10315,0.587682,8_5
316,257655,864691135395447029,excitatory_neuron,23P,L2/3,V1,none,none,666.9513083351161,206.6012375635524,675.1200000000001,8.0,5.0,2005,0.587664,8_5
317,294257,864691135511220745,excitatory_neuron,23P,L2/3,V1,none,none,691.3763910742457,207.19628813844227,752.9600000000002,8.0,5.0,2008,0.587415,8_5
318,457108,864691136091710900,excitatory_neuron,4P,L4,V1,none,none,1037.4298705491906,321.37532186742413,707.6400000000001,8.0,5.0,7592,0.58727,8_5
319,333285,864691136032337595,excitatory_neuron,4P,L4,V1,none,none,762.3769271526722,332.64576573231693,917.0800000000003,8.0,5.0,8209,0.587143,8_5
320,518623,864691136118618136,excitatory_neuron,23P,L2/3,RL,axon_interareal,dendrite_clean,1180.8525716897955,205.7554654519591,842.6400000000002,8.0,5.0,1626,0.587004,8_5
321,429192,864691135359923032,excitatory_neuron,4P,L4,V1,none,none,935.8693547703558,342.5563398490287,1059.1200000000003,8.0,5.0,8134,0.586175,8_5
322,223987,864691135885433200,excitatory_neuron,23P,L2/3,V1,none,none,593.9400165433584,219.42267363361975,747.0800000000002,8.0,5.0,5194,0.585748,8_5
323,257634,864691135975456111,excitatory_neuron,23P,L2/3,V1,none,none,655.0311911842606,201.12549404236006,665.9200000000002,8.0,5.0,2321,0.585684,8_5
324,396492,864691136137542013,excitatory_neuron,4P,L4,V1,none,none,891.0964236257282,342.4938841172135,753.7200000000001,8.0,5.0,8489,0.584686,8_5
325,459406,864691135645538543,excitatory_neuron,4P,L4,V1,none,none,997.6158973619982,348.34392915533465,786.4000000000001,8.0,5.0,7662,0.583619,8_5
326,257615,864691135270451109,excitatory_neuron,23P,L2/3,V1,none,none,636.6383193434791,205.74803981807565,682.3200000000002,8.0,5.0,4952,0.583092,8_5
327,267561,864691135917432166,excitatory_neuron,5P-IT,L5,V1,none,none,610.8001042760669,476.8477070737368,969.0400000000003,8.0,5.0,10037,0.581165,8_5
328,455448,864691135687677920,excitatory_neuron,23P,L2/3,RL,none,none,1061.241607620141,207.81853363499866,719.6800000000002,8.0,5.0,2536,0.581097,8_5
329,157107,864691136194925270,excitatory_neuron,23P,L2/3,V1,none,none,430.95234734260805,217.9477497349927,782.7600000000001,8.0,5.0,5257,0.580224,8_5
330,263052,864691135611646215,excitatory_neuron,4P,L4,V1,none,none,638.0239968150203,327.22707396777935,918.8400000000003,8.0,5.0,7984,0.579844,8_5
331,425087,864691135777857213,excitatory_neuron,4P,L4,V1,none,none,968.8184392324207,322.82495791284106,652.0400000000001,8.0,5.0,7651,0.579754,8_5
332,199698,864691135275348453,excitatory_neuron,5P-IT,L5,V1,none,none,492.37178496776716,475.67353084702887,991.6800000000003,8.0,5.0,10088,0.579178,8_5
333,224513,864691136009349804,excitatory_neuron,23P,L2/3,V1,none,none,576.0186418378324,197.36077070880094,919.6400000000002,8.0,5.0,5477,0.578398,8_5
334,328429,864691136814419571,excitatory_neuron,23P,L2/3,V1,none,none,781.8585715775549,198.08766873885313,874.9200000000003,8.0,5.0,1949,0.57737,8_5
335,364938,864691135645387759,excitatory_neuron,4P,L4,V1,none,none,813.0863477718153,330.208106922963,717.0000000000001,8.0,5.0,7781,0.576862,8_5
336,428231,864691135183367170,excitatory_neuron,4P,L4,V1,none,none,959.6736646271912,348.04390399350723,789.1200000000002,8.0,5.0,7686,0.57656,8_5
337,194372,864691135645381359,excitatory_neuron,4P,L4,V1,none,none,515.2148919302465,332.80076479170003,724.7200000000001,8.0,5.0,8673,0.576317,8_5
338,223541,864691135491369959,excitatory_neuron,23P,L2/3,V1,none,none,570.6591974810472,204.27999408910324,608.3600000000001,8.0,5.0,5010,0.576042,8_5
339,154544,864691136389171575,excitatory_neuron,23P,L2/3,V1,none,none,411.69928341619715,197.8894065968984,667.7200000000001,8.0,5.0,2255,0.575935,8_5
340,224418,864691135475797568,excitatory_neuron,23P,L2/3,V1,none,none,576.9183709187961,194.41999673229952,883.2800000000002,8.0,5.0,2547,0.575821,8_5
341,293700,864691136137371261,excitatory_neuron,23P,L2/3,V1,none,none,696.4592202282679,193.89266157306457,654.7600000000001,8.0,5.0,2688,0.575633,8_5
342,332961,864691136446086787,excitatory_neuron,4P,L4,V1,none,none,778.3297705406267,350.0383316108583,817.1200000000002,8.0,5.0,7856,0.575385,8_5
343,453366,864691135841697251,excitatory_neuron,23P,L2/3,V1,none,none,1029.388868301101,204.00386852869187,641.6800000000002,8.0,5.0,4621,0.574754,8_5
344,190274,864691135585095032,excitatory_neuron,23P,L2/3,V1,none,none,511.0843918560504,201.57340827966382,776.8800000000001,8.0,5.0,2152,0.574624,8_5
345,489218,864691135492129887,excitatory_neuron,23P,L2/3,RL,none,none,1115.6370823353145,217.58858964870387,914.1200000000002,8.0,5.0,4603,0.574423,8_5
346,194602,864691135772732411,excitatory_neuron,4P,L4,V1,none,none,480.14805822544827,331.21043717764525,788.5200000000002,8.0,5.0,8084,0.57343,8_5
347,583792,864691135502730562,excitatory_neuron,23P,L2/3,AL,axon_interareal,dendrite_clean,1291.8965866039193,231.85289765805595,771.8400000000001,8.0,5.0,2515,0.573372,8_5
348,392793,864691135977458755,excitatory_neuron,23P,L2/3,V1,none,none,888.4130737829778,200.6000659515815,853.2400000000002,8.0,5.0,2572,0.573265,8_5
349,493263,864691135969919589,excitatory_neuron,4P,L4,RL,none,none,1099.7975329543897,353.1077733660257,845.5200000000002,8.0,5.0,7572,0.573186,8_5
350,359984,864691135463802174,excitatory_neuron,23P,L2/3,V1,none,none,855.0674910508509,183.7416555800526,1010.1200000000002,8.0,5.0,1922,0.5731,8_5
351,338092,864691135570156934,excitatory_neuron,5P-ET,L5,V1,none,none,771.0565634488947,474.29325735064845,951.1600000000003,8.0,5.0,10188,0.573043,8_5
352,486655,864691136389780240,excitatory_neuron,23P,L2/3,RL,none,none,1105.3108188795284,207.11273268892717,709.0400000000001,8.0,5.0,2689,0.572977,8_5
353,195085,864691136106783705,excitatory_neuron,4P,L4,V1,none,none,498.6796567445342,331.6110970426264,891.9200000000003,8.0,5.0,8380,0.572609,8_5
354,327847,864691135490495802,excitatory_neuron,23P,L2/3,V1,none,none,765.0605072294431,211.65123442626344,725.2000000000002,8.0,5.0,2842,0.572363,8_5
355,328749,864691135013326230,excitatory_neuron,23P,L2/3,V1,none,none,787.2045190033621,195.72862187189475,976.9200000000003,8.0,5.0,5622,0.572043,8_5
356,396474,864691135994112961,excitatory_neuron,4P,L4,V1,none,none,874.9613570824138,349.9479855146199,779.1200000000001,8.0,5.0,7748,0.571971,8_5
357,228123,864691135807935517,excitatory_neuron,4P,L4,V1,none,none,570.7897744351449,334.9646692643474,816.3200000000003,8.0,5.0,8220,0.571553,8_5
358,261962,864691136523118481,excitatory_neuron,4P,L4,V1,axon_partially_extended,dendrite_extended,623.8422305287304,331.44711010519063,707.0400000000001,8.0,5.0,8142,0.57107,8_5
359,427884,864691136905203378,excitatory_neuron,4P,L4,V1,axon_partially_extended,dendrite_extended,923.1897958807785,342.0894668837091,727.7600000000001,8.0,5.0,7683,0.570452,8_5
360,190838,864691135884841328,excitatory_neuron,23P,L2/3,V1,none,none,514.9039702416785,181.41359228456992,922.7600000000002,8.0,5.0,2426,0.570123,8_5
361,614213,864691136991259541,excitatory_neuron,5P-IT,L4,AL,none,none,1347.8234884566577,354.8272026861966,764.1600000000001,8.0,5.0,8291,0.569782,8_5
362,190620,864691135468467852,excitatory_neuron,23P,L2/3,V1,none,none,497.75125696717873,194.6249078633758,868.5600000000003,8.0,5.0,2186,0.569775,8_5
363,299662,864691135577918213,excitatory_neuron,4P,L4,V1,none,none,692.8618072732174,339.2843857805684,1034.0000000000002,8.0,5.0,8185,0.569768,8_5
364,396017,864691136673511303,excitatory_neuron,4P,L4,V1,none,none,899.5790964018832,332.1859730498498,689.5200000000001,8.0,5.0,7711,0.56931,8_5
365,198522,864691135156270948,excitatory_neuron,5P-ET,L5,V1,none,none,499.90764828301104,462.9699837796167,670.9200000000002,8.0,5.0,10420,0.569137,8_5
366,556712,864691135586414716,excitatory_neuron,4P,L4,RL,axon_partially_extended,dendrite_extended,1236.9214950143448,343.2614458790874,861.0800000000003,8.0,5.0,8418,0.567962,8_5
367,582661,864691135952500771,excitatory_neuron,23P,L2/3,RL,none,none,1277.74476204183,205.62367476518622,940.1200000000002,8.0,5.0,5560,0.567954,8_5
368,361585,864691135772430155,excitatory_neuron,23P,L2/3,V1,none,none,814.9799661668936,193.27607893325614,911.4000000000002,8.0,5.0,5675,0.567881,8_5
369,556571,864691136194985942,excitatory_neuron,4P,L4,RL,none,none,1203.6024727434678,349.59761277341744,827.6400000000002,8.0,5.0,7478,0.567392,8_5
370,228834,864691136051255539,excitatory_neuron,4P,L4,V1,none,none,559.5000254377175,327.4240083135364,1017.8400000000003,8.0,5.0,8065,0.567258,8_5
371,261509,864691135800635746,excitatory_neuron,4P,L4,V1,none,none,648.2305506691383,322.91622968585665,626.6800000000002,8.0,5.0,7933,0.566993,8_5
372,395763,864691135135669529,excitatory_neuron,4P,L4,V1,none,none,881.0314864902813,325.3594654092589,653.9600000000002,8.0,5.0,7707,0.566986,8_5
373,460510,864691135761521462,excitatory_neuron,4P,L4,RL,none,none,1016.2988813365213,345.5456100513506,1046.0400000000002,8.0,5.0,8452,0.566849,8_5
374,366007,864691135976624451,excitatory_neuron,4P,L4,V1,none,none,795.1804354143445,336.60785681233943,952.4400000000003,8.0,5.0,8345,0.566536,8_5
375,258571,864691135782237008,excitatory_neuron,23P,L2/3,V1,none,none,646.427074676869,184.183125048408,963.6800000000003,8.0,5.0,2311,0.566376,8_5
376,328623,864691135082583287,excitatory_neuron,23P,L2/3,V1,none,none,799.3476392118976,188.37498171201062,935.6000000000003,8.0,5.0,1952,0.566294,8_5
377,610398,864691135113471897,excitatory_neuron,23P,L2/3,AL,none,none,1347.1023694538515,224.2835951851635,762.1200000000001,8.0,5.0,1497,0.56622,8_5
378,553469,864691135468161164,excitatory_neuron,23P,L2/3,RL,axon_interareal,dendrite_clean,1224.6317864591958,213.50456308811746,865.9200000000003,8.0,5.0,1601,0.565621,8_5
379,299668,864691135397213473,excitatory_neuron,4P,L4,V1,none,none,702.1351064192799,333.1572916122338,1033.2400000000002,8.0,5.0,8430,0.5655,8_5
380,487700,864691136057177560,excitatory_neuron,23P,L2/3,RL,none,none,1131.4292049317728,187.61892018275168,1014.4000000000002,8.0,5.0,2788,0.565389,8_5
381,582411,864691135737724292,excitatory_neuron,23P,L2/3,RL,none,none,1261.4568072010181,224.37142681986415,853.5600000000003,8.0,5.0,5583,0.564951,8_5
382,463842,864691135989148163,excitatory_neuron,5P-ET,L5,V1,none,none,1002.8295347576266,486.28322827312394,827.4400000000003,8.0,5.0,9871,0.564622,8_5
383,520379,864691136444381059,excitatory_neuron,23P,L2/3,RL,none,none,1176.1969628620045,223.72207076410956,884.7600000000002,8.0,5.0,4544,0.56462,8_5
384,366439,864691135737747844,excitatory_neuron,4P,L4,V1,none,none,813.6363990275893,343.74756878878395,1064.5200000000002,8.0,5.0,8302,0.564529,8_5
385,332599,864691136424439855,excitatory_neuron,4P,L4,V1,axon_partially_extended,dendrite_extended,728.4410914812222,341.6262361699024,765.3600000000001,8.0,5.0,7881,0.56445,8_5
386,228219,864691136445557123,excitatory_neuron,4P,L4,V1,axon_partially_extended,dendrite_extended,562.3372168488213,330.242009182372,866.4800000000002,8.0,5.0,8026,0.564168,8_5
387,259067,864691135739143812,excitatory_neuron,23P,L2/3,V1,none,none,640.5033596232398,188.74018023387674,1015.5200000000002,8.0,5.0,2099,0.563883,8_5
388,582088,864691135584663928,excitatory_neuron,23P,L2/3,AL,none,none,1307.743939831276,223.28146862391063,732.8800000000001,8.0,5.0,5600,0.563753,8_5
389,365897,864691135274405905,excitatory_neuron,4P,L4,V1,none,none,847.3635089043064,341.558750988268,897.7200000000003,8.0,5.0,8726,0.563461,8_5
390,492807,864691135847940446,excitatory_neuron,5P-IT,L4,RL,none,none,1071.216344004158,353.75522235332403,761.4000000000001,8.0,5.0,7597,0.563235,8_5
391,463473,864691135163103533,inhibitory_neuron,MC,L5,V1,none,none,987.2547216075577,493.20814526471617,729.0000000000001,8.0,5.0,10408,0.563077,8_5
392,531511,864691135972219338,excitatory_neuron,5P-IT,L5,RL,none,none,1126.1152235226082,481.1366999535572,1059.4800000000002,8.0,5.0,10384,0.562782,8_5
393,553767,864691135719641393,excitatory_neuron,23P,L2/3,RL,none,none,1261.834374863887,207.57240867415229,957.6400000000002,8.0,5.0,4491,0.561616,8_5
394,257756,864691135760233038,excitatory_neuron,23P,L2/3,V1,none,none,647.532032645861,217.81540947701555,715.6400000000001,8.0,5.0,4953,0.56135,8_5
395,428303,864691135502100829,excitatory_neuron,4P,L4,V1,none,none,953.0405360770319,341.6173337078057,814.7200000000003,8.0,5.0,7688,0.560903,8_5
396,497768,864691135233964121,inhibitory_neuron,MC,L5,RL,none,none,1068.0675672697594,494.75332874159045,1047.8000000000002,8.0,5.0,10324,0.560845,8_5
397,190888,864691135374121545,excitatory_neuron,23P,L2/3,V1,none,none,477.3187852510428,182.17271626633936,938.2800000000002,8.0,5.0,2520,0.560824,8_5
398,262038,864691136210453436,excitatory_neuron,4P,L4,V1,none,none,593.4089828909653,337.84301615660013,724.8800000000001,8.0,5.0,8479,0.559364,8_5
399,294539,864691136914414321,excitatory_neuron,23P,L2/3,V1,axon_fully_extended,dendrite_extended,675.1726547909323,202.95188824436667,850.6400000000002,8.0,5.0,2740,0.559272,8_5
400,397459,864691135345986719,excitatory_neuron,4P,L4,V1,none,none,908.5887860535771,342.28966684866214,1030.0000000000002,8.0,5.0,8274,0.559221,8_5
401,333265,864691135466346565,excitatory_neuron,4P,L4,V1,none,none,747.1878319164231,338.8334950334541,928.0400000000003,8.0,5.0,7889,0.558606,8_5
402,266319,864691135294507190,inhibitory_neuron,MC,L5,V1,none,none,586.1469895561822,467.1099916020154,707.7200000000001,8.0,5.0,10138,0.558315,8_5
403,294549,864691135646775791,excitatory_neuron,23P,L2/3,V1,axon_partially_extended,dendrite_clean,686.4854381685948,203.6204061948227,851.6400000000002,8.0,5.0,2450,0.558264,8_5
404,582010,864691135387690069,excitatory_neuron,23P,L2/3,AL,axon_fully_extended,dendrite_extended,1325.6737825447049,218.81114645747778,700.9600000000002,8.0,5.0,2251,0.558252,8_5
405,224141,864691134919213834,excitatory_neuron,23P,L2/3,V1,none,none,565.8735612703628,211.2494191772283,792.2800000000002,8.0,5.0,2120,0.558157,8_5
406,429543,864691135123289383,excitatory_neuron,5P-IT,L5,V1,none,none,946.0825852076746,435.8334290190613,607.8800000000001,8.0,5.0,9863,0.557969,8_5
407,610537,864691135841778403,excitatory_neuron,23P,L2/3,AL,none,none,1365.4467158945022,227.5588737481847,803.4000000000002,8.0,5.0,5430,0.557779,8_5
408,337091,864691135718955569,excitatory_neuron,5P-ET,L5,V1,none,none,766.6714714594373,452.45195866572595,704.5600000000002,8.0,5.0,10150,0.557609,8_5
409,459451,864691136273462206,excitatory_neuron,4P,L4,V1,none,none,1021.35561260431,350.16390723595947,791.3200000000003,8.0,5.0,7634,0.557421,8_5
410,424095,864691136923754212,excitatory_neuron,23P,L2/3,V1,none,none,962.2764652312912,201.53725096704818,884.6400000000002,8.0,5.0,1788,0.557269,8_5
411,159698,864691135213615672,excitatory_neuron,4P,L4,V1,none,none,452.9632687543792,343.80103769603426,880.9600000000003,8.0,5.0,8109,0.556983,8_5
412,232526,864691135495051152,excitatory_neuron,5P-IT,L5,V1,none,none,528.0840444209092,467.6836554567954,827.9200000000003,8.0,5.0,10071,0.556942,8_5
413,365616,864691135615588811,excitatory_neuron,4P,L4,V1,none,none,802.7643907290131,348.3214156987373,830.1600000000002,8.0,5.0,7825,0.556697,8_5
414,361993,864691136274781197,excitatory_neuron,23P,L2/3,V1,none,none,859.5592869335811,197.75446435445215,1041.7200000000003,8.0,5.0,4848,0.556188,8_5
415,361856,864691135583126893,excitatory_neuron,23P,L2/3,V1,none,none,818.0099298020916,188.0161420163932,1011.8000000000003,8.0,5.0,1956,0.556048,8_5
416,520182,864691136904761266,excitatory_neuron,23P,L2/3,RL,axon_partially_extended,dendrite_extended,1180.9428886117232,228.95562068535384,838.1200000000002,8.0,5.0,4542,0.55583,8_5
417,267294,864691135774389755,excitatory_neuron,5P-ET,L5,V1,axon_fully_extended,dendrite_extended,627.8103048561725,476.28008376150933,889.5600000000003,8.0,5.0,10481,0.555626,8_5
418,525152,864691136091850164,excitatory_neuron,4P,L4,RL,none,none,1156.5271703829633,352.35321573231494,857.0000000000002,8.0,5.0,7540,0.555563,8_5
419,428575,864691135688235744,excitatory_neuron,4P,L4,V1,none,none,966.4699992560736,339.3873026042636,875.6400000000002,8.0,5.0,7689,0.555323,8_5
420,456976,864691135066282564,excitatory_neuron,4P,L4,V1,none,none,1019.9542998458261,326.5278323809226,665.5200000000001,8.0,5.0,8222,0.555185,8_5
421,610600,864691135304484263,excitatory_neuron,23P,L2/3,AL,none,none,1331.7752122275124,213.69143906097995,826.6400000000002,8.0,5.0,1530,0.554656,8_5
422,366283,864691136451572991,excitatory_neuron,4P,L4,V1,none,none,836.9433737980111,346.10788721029445,1010.8000000000003,8.0,5.0,7833,0.55457,8_5
423,460048,864691135988475651,excitatory_neuron,4P,L4,RL,none,none,1035.6249500634815,337.59975153506633,964.4400000000003,8.0,5.0,7640,0.553226,8_5
424,194133,864691135518374794,excitatory_neuron,4P,L4,V1,none,none,474.1278414160178,329.52733600200196,701.2000000000002,8.0,5.0,8164,0.552015,8_5
425,493924,864691136084973676,excitatory_neuron,5P-IT,L4,RL,none,none,1069.5904675240565,345.90364024068873,1034.2800000000002,8.0,5.0,8246,0.550908,8_5
426,369463,864691136487546642,excitatory_neuron,5P-ET,L5,V1,none,none,821.028969843214,486.88856850841694,746.1600000000001,8.0,5.0,9918,0.550596,8_5
427,189942,864691135468919948,excitatory_neuron,23P,L2/3,V1,none,none,475.7993527291393,214.22626241667015,715.9600000000002,8.0,5.0,2177,0.550584,8_5
428,491676,864691136267400948,excitatory_neuron,4P,L4,RL,none,none,1092.3554256459008,340.50720199767346,1017.7600000000002,8.0,5.0,8270,0.550507,8_5
429,257489,864691135360823879,excitatory_neuron,23P,L2/3,V1,none,none,620.8084803506987,212.65064493952465,651.0400000000001,8.0,5.0,5485,0.549262,8_5
430,428893,864691135212700800,excitatory_neuron,4P,L4,V1,none,none,961.4396549839036,342.5448948045716,976.5600000000003,8.0,5.0,8642,0.548707,8_5
431,583739,864691136334080435,excitatory_neuron,23P,L2/3,AL,axon_partially_extended,dendrite_clean,1324.1533384033241,231.78399663054856,720.6400000000001,8.0,5.0,5506,0.548396,8_5
432,154691,864691135616421225,excitatory_neuron,23P,L2/3,V1,none,none,457.94592525352056,210.4799779409769,691.3600000000001,8.0,5.0,2174,0.54801,8_5
433,258534,864691135083969527,excitatory_neuron,23P,L2/3,V1,none,none,619.8136367122402,190.97746561264648,957.5600000000003,8.0,5.0,5355,0.546981,8_5
434,299091,864691135717457946,excitatory_neuron,4P,L4,V1,axon_fully_extended,dendrite_extended,709.1922761459178,345.01749614037846,895.2000000000003,8.0,5.0,7920,0.546513,8_5
435,257750,864691136619099867,excitatory_neuron,23P,L2/3,V1,none,none,643.6993329080841,205.08090906592582,710.5200000000001,8.0,5.0,2034,0.546192,8_5
436,232788,864691135839929235,excitatory_neuron,5P-ET,L5,V1,none,none,563.1781032751722,480.71188055208506,898.0400000000003,8.0,5.0,10056,0.545588,8_5
437,333766,864691136453121279,excitatory_neuron,4P,L4,V1,none,none,755.7049262953933,342.0841785523026,1010.9200000000003,8.0,5.0,7894,0.545475,8_5
438,328058,864691135134091424,excitatory_neuron,23P,L2/3,V1,none,none,741.7303824350321,205.8839337511465,781.5200000000001,8.0,5.0,1974,0.545222,8_5
439,258181,864691135661257200,excitatory_neuron,23P,L2/3,V1,none,none,605.3730007452721,207.70252516020886,828.0800000000003,8.0,5.0,2092,0.545092,8_5
440,262355,864691137199038273,excitatory_neuron,4P,L4,V1,axon_partially_extended,dendrite_extended,640.3903557790833,344.97284375252514,771.5600000000002,8.0,5.0,8437,0.544571,8_5
441,392779,864691135273258257,excitatory_neuron,23P,L2/3,V1,none,none,872.148875832493,205.85855784826103,868.3200000000003,8.0,5.0,4812,0.544253,8_5
442,392777,864691135910628265,excitatory_neuron,23P,L2/3,V1,none,none,871.5654724152581,202.98076000046876,848.1600000000002,8.0,5.0,1887,0.543612,8_5
443,487564,864691135489161786,excitatory_neuron,23P,L2/3,RL,none,none,1075.7629074160259,206.32647055388063,973.7200000000003,8.0,5.0,4642,0.54311,8_5
444,369598,864691135610489863,excitatory_neuron,5P-IT,L5,V1,none,none,818.0833404092684,479.4354787304877,765.9600000000002,8.0,5.0,9920,0.542935,8_5
445,518808,864691136370815368,excitatory_neuron,23P,L2/3,RL,none,none,1179.2292096712317,208.8899076282776,898.9200000000003,8.0,5.0,5782,0.542848,8_5
446,423560,864691135339103718,excitatory_neuron,23P,L2/3,V1,axon_partially_extended,dendrite_extended,983.3448830683913,211.86076867378787,735.9200000000002,8.0,5.0,2438,0.542693,8_5
447,496612,864691135941629441,excitatory_neuron,5P-IT,L5,RL,none,none,1094.6507165789253,487.57087144574894,746.4400000000002,8.0,5.0,9826,0.542296,8_5
448,396490,864691136813512563,excitatory_neuron,4P,L4,V1,none,none,886.9523115035436,347.270878854364,779.9600000000002,8.0,5.0,7749,0.542205,8_5
449,458900,864691135876942163,excitatory_neuron,4P,L4,V1,none,none,1005.0466174479071,340.51376293712,685.7200000000001,8.0,5.0,7625,0.541869,8_5
450,518914,864691135884302192,excitatory_neuron,23P,L2/3,RL,none,none,1158.6174626619797,199.9554773035958,953.1600000000003,8.0,5.0,1662,0.54179,8_5
451,333926,864691135591363339,excitatory_neuron,4P,L4,V1,none,none,760.6364856377328,342.25865620985155,1032.7600000000002,8.0,5.0,8674,0.541323,8_5
452,421421,864691135837969811,excitatory_neuron,23P,L2/3,V1,none,none,982.8473745163462,193.31483506987774,612.5200000000001,8.0,5.0,1725,0.541173,8_5
453,297700,864691136124234534,excitatory_neuron,4P,L4,V1,none,none,660.2000891958478,329.2957195916109,653.0000000000001,8.0,5.0,7902,0.541169,8_5
454,224748,864691136904069042,excitatory_neuron,23P,L2/3,V1,none,none,597.2151216407485,185.65963931202685,974.7600000000002,8.0,5.0,2131,0.539973,8_5
455,361897,864691135464775237,excitatory_neuron,23P,L2/3,V1,none,none,838.7118780895172,209.87160232050852,1023.2800000000002,8.0,5.0,5466,0.539862,8_5
456,327805,864691135489077562,excitatory_neuron,23P,L2/3,V1,none,none,742.0556386816802,214.64963785144647,735.0400000000001,8.0,5.0,2324,0.539724,8_5
457,396314,864691135781368656,excitatory_neuron,4P,L4,V1,none,none,915.9200565214406,349.5482502729283,745.7600000000001,8.0,5.0,8275,0.537799,8_5
458,393056,864691135013532918,excitatory_neuron,23P,L2/3,V1,none,none,868.2773037875962,208.98904054285848,952.4000000000002,8.0,5.0,4817,0.537746,8_5
459,459657,864691135940062209,excitatory_neuron,4P,L4,V1,none,none,1035.6680709617078,345.18437153794963,848.0800000000003,8.0,5.0,8331,0.536745,8_5
460,361845,864691135502996661,excitatory_neuron,23P,L2/3,V1,none,none,804.3413943509771,191.51014639842109,1015.7200000000003,8.0,5.0,2587,0.536719,8_5
461,610615,864691135572385061,excitatory_neuron,23P,L2/3,AL,axon_interareal,dendrite_clean,1342.8123342000117,221.91668717663998,829.5200000000002,8.0,5.0,5336,0.536322,8_5
462,361289,864691136724539389,excitatory_neuron,23P,L2/3,V1,none,none,813.8963376228781,213.73950399306946,821.4000000000002,8.0,5.0,4838,0.53605,8_5
463,228113,864691136194985036,excitatory_neuron,4P,L4,V1,none,none,560.4876148009483,341.83692790845646,825.3600000000002,8.0,5.0,8024,0.5359,8_5
464,614824,864691136227884369,excitatory_neuron,4P,L4,RL,none,none,1340.7415502202157,337.3755623387905,948.6000000000003,8.0,5.0,8724,0.535883,8_5
465,397308,864691135688249312,excitatory_neuron,4P,L4,V1,none,none,855.4311289087792,345.5410442300358,1011.5200000000002,8.0,5.0,8693,0.535351,8_5
466,159178,864691136297520155,excitatory_neuron,4P,L4,V1,none,none,408.260394548057,337.0632863134335,756.7200000000001,8.0,5.0,8508,0.534962,8_5
467,361421,864691135618703759,excitatory_neuron,23P,L2/3,V1,none,none,828.5498901538087,208.53283229002724,849.0400000000003,8.0,5.0,1912,0.534287,8_5
468,391536,864691135491021287,excitatory_neuron,23P,L2/3,V1,none,none,880.1875943798093,191.07893741615823,1053.6800000000003,8.0,5.0,2229,0.534274,8_5
469,459252,864691136903945394,excitatory_neuron,5P-IT,L4,V1,none,none,1036.5998228277033,355.09529311266783,746.3200000000002,8.0,5.0,8634,0.53415,8_5
470,396692,864691135969505637,excitatory_neuron,4P,L4,V1,none,none,899.6070440614396,337.00675337344126,839.2400000000002,8.0,5.0,7750,0.533962,8_5
471,327715,864691135885005424,excitatory_neuron,23P,L2/3,V1,none,none,794.5222925402475,207.547381809505,706.2400000000001,8.0,5.0,2541,0.533318,8_5
472,332133,864691136194961896,excitatory_neuron,4P,L4,V1,none,none,727.8424570034402,330.8450360158374,693.6400000000001,8.0,5.0,8332,0.532706,8_5
473,266219,864691135639419195,excitatory_neuron,5P-IT,L5,V1,none,none,590.3181533622002,458.35220646515774,658.2000000000002,8.0,5.0,10007,0.532534,8_5
474,428669,864691136108715960,excitatory_neuron,4P,L4,V1,none,none,953.9776924449318,336.045810940904,919.7600000000002,8.0,5.0,8224,0.532512,8_5
475,195059,864691136273625022,excitatory_neuron,4P,L4,V1,none,none,480.7346407924355,333.31757952976733,897.9600000000003,8.0,5.0,8090,0.532462,8_5
476,558492,864691135183025410,excitatory_neuron,5P-IT,L4,RL,none,none,1201.4969488771605,352.3686489060599,745.0000000000001,8.0,5.0,7475,0.532025,8_5
477,392373,864691134918370826,excitatory_neuron,23P,L2/3,V1,none,none,904.4177373645696,219.6032772496773,720.8800000000001,8.0,5.0,4747,0.53197,8_5
478,228338,864691135561539553,excitatory_neuron,4P,L4,V1,none,none,556.4176347425445,347.9695422224497,899.5600000000003,8.0,5.0,8311,0.531603,8_5
479,460518,864691135759554382,excitatory_neuron,4P,L4,RL,none,none,1026.5580935381226,346.5074192853003,1030.0800000000002,8.0,5.0,8112,0.531391,8_5
480,365681,864691135565468951,excitatory_neuron,4P,L4,V1,none,none,855.0214806390017,344.34880419754734,825.5600000000003,8.0,5.0,7790,0.531324,8_5
481,361739,864691135346616479,excitatory_neuron,23P,L2/3,V1,none,none,865.5730876216298,195.8393138944554,939.7600000000002,8.0,5.0,4816,0.53093,8_5
482,423687,864691135213413248,excitatory_neuron,23P,L2/3,V1,none,none,990.3557527470506,216.9070086947197,759.1200000000001,8.0,5.0,1759,0.530654,8_5
483,159214,864691135856296238,excitatory_neuron,4P,L4,V1,none,none,435.3831616880171,336.93068664712524,770.0800000000002,8.0,5.0,8104,0.530463,8_5
484,392800,864691135383852011,excitatory_neuron,23P,L2/3,V1,none,none,895.7180150770998,205.2223226179117,853.1600000000002,8.0,5.0,1851,0.530165,8_5
485,299523,864691135408058569,excitatory_neuron,5P-ET,L4,V1,none,none,666.8021487585755,336.81172767637213,1026.0000000000002,8.0,5.0,8406,0.529748,8_5
486,553339,864691135684657079,excitatory_neuron,23P,L2/3,RL,axon_interareal,dendrite_clean,1196.6825263263297,209.13198558447144,822.3200000000003,8.0,5.0,2696,0.529709,8_5
487,293956,864691135800569186,excitatory_neuron,23P,L2/3,V1,none,none,701.0754655263557,218.9664070321675,704.6400000000001,8.0,5.0,5647,0.529512,8_5
488,258273,864691136101499765,excitatory_neuron,23P,L2/3,V1,none,none,620.0775931378712,205.5840534073838,845.7600000000002,8.0,5.0,2272,0.529065,8_5
489,299435,864691135684580338,excitatory_neuron,4P,L4,V1,none,none,680.6825891541752,325.7554151616045,974.5200000000002,8.0,5.0,7954,0.52899,8_5
490,293157,864691135447444114,excitatory_neuron,23P,L2/3,V1,none,none,705.4334766576694,171.35706480840483,967.0000000000002,8.0,5.0,2352,0.527913,8_5
491,497104,864691135658414210,excitatory_neuron,5P-ET,L5,RL,none,none,1051.4652230079857,478.9100506397091,867.0000000000002,8.0,5.0,10492,0.526866,8_5
492,258344,864691135343882673,excitatory_neuron,23P,L2/3,V1,none,none,616.2490263474465,206.02003085090308,891.9600000000003,8.0,5.0,5421,0.526504,8_5
493,370559,864691135355998671,inhibitory_neuron,MC,L5,V1,none,none,842.5005620068329,489.6665119850245,1014.8800000000002,8.0,5.0,10099,0.526356,8_5
494,258372,864691136314491965,excitatory_neuron,23P,L2/3,V1,axon_partially_extended,dendrite_extended,648.9136922870601,194.6797910362675,900.7600000000002,8.0,5.0,2070,0.526123,8_5
495,553216,864691135134155168,excitatory_neuron,23P,L2/3,RL,axon_interareal,dendrite_clean,1234.7953350588418,211.8882240572732,777.8000000000002,8.0,5.0,1573,0.525959,8_5
496,369573,864691135122458151,excitatory_neuron,5P-IT,L5,V1,none,none,804.7830086373972,483.8611193347567,753.5200000000001,8.0,5.0,9936,0.525836,8_5
497,525697,864691135568563180,excitatory_neuron,5P-IT,L4,RL,none,none,1150.7197544937412,351.9093771472304,1054.8400000000001,8.0,5.0,8348,0.525063,8_5
498,338073,864691135995716010,excitatory_neuron,5P-ET,L5,V1,none,none,750.8801291949475,480.9440736010154,947.0400000000003,8.0,5.0,9974,0.524555,8_5
499,492997,864691135492216415,excitatory_neuron,4P,L4,RL,none,none,1085.8755323245016,353.62435681658457,794.2400000000002,8.0,5.0,7567,0.524472,8_5
500,227311,864691135610420487,excitatory_neuron,4P,L4,V1,none,none,573.4100319786882,323.3729296880152,655.6400000000001,8.0,5.0,8698,0.524284,8_5
501,195251,864691136194348264,excitatory_neuron,4P,L4,V1,none,none,481.0685385126177,330.9697464197579,951.4800000000002,8.0,5.0,8137,0.524265,8_5
502,258402,864691135294442678,excitatory_neuron,23P,L2/3,V1,axon_partially_extended,dendrite_extended,668.4064931737583,201.7174811112519,888.2800000000002,8.0,5.0,5164,0.524115,8_5
503,455295,864691136904238002,excitatory_neuron,23P,L2/3,V1,none,none,1041.9043251362318,210.752342445658,705.0800000000002,8.0,5.0,5338,0.523178,8_5
504,332691,864691135693750463,excitatory_neuron,4P,L4,V1,none,none,775.7890495627687,347.5032464224133,752.4400000000002,8.0,5.0,8558,0.522999,8_5
505,360682,864691135919161008,excitatory_neuron,23P,L2/3,V1,none,none,809.6389898422848,212.46761175114156,659.5200000000001,8.0,5.0,4799,0.522595,8_5
506,299128,864691136020919032,excitatory_neuron,4P,L4,V1,none,none,664.7148616369362,331.2968227386748,912.8000000000003,8.0,5.0,7949,0.522531,8_5
507,370626,864691135585101944,excitatory_neuron,5P-ET,L5,V1,none,none,840.6978090513987,486.0395901797363,1040.9600000000003,8.0,5.0,10215,0.522111,8_5
508,332596,864691136976002076,excitatory_neuron,4P,L4,V1,none,none,727.0933908678217,337.20394818101715,776.2800000000001,8.0,5.0,8669,0.521982,8_5
509,390143,864691135970053989,excitatory_neuron,23P,L2/3,V1,none,none,900.3417745854904,189.82270963548362,618.1600000000001,8.0,5.0,1800,0.521965,8_5
510,257885,864691136267242996,excitatory_neuron,23P,L2/3,V1,none,none,669.0329596673427,207.04033633494686,719.2000000000002,8.0,5.0,2658,0.521592,8_5
511,223820,864691136286627011,excitatory_neuron,23P,L2/3,V1,none,none,537.7834069289171,221.70498750581575,708.5200000000001,8.0,5.0,5048,0.521549,8_5
512,556192,864691135308163654,excitatory_neuron,5P-IT,L4,RL,none,none,1209.4257843814516,346.1881738801504,738.0400000000001,8.0,5.0,8237,0.521206,8_5
513,428483,864691135526556763,excitatory_neuron,4P,L4,V1,none,none,977.3939433920414,346.70322636782606,850.9600000000003,8.0,5.0,8135,0.521098,8_5
514,258641,864691135210016121,excitatory_neuron,23P,L2/3,V1,none,none,672.9815538163868,178.79700458661844,946.7600000000002,8.0,5.0,2567,0.520507,8_5
515,393135,864691136011919011,excitatory_neuron,23P,L2/3,V1,none,none,871.0425884870715,195.73963298890175,974.7200000000003,8.0,5.0,4818,0.52045,8_5
516,159056,864691136194092502,excitatory_neuron,4P,L4,V1,none,none,412.64039979256205,331.7929737934676,732.5200000000001,8.0,5.0,8103,0.520006,8_5
517,582514,864691135926721806,excitatory_neuron,23P,L2/3,RL,none,none,1281.5820281276654,199.213722738338,884.7200000000003,8.0,5.0,1552,0.519942,8_5
518,393974,864691136914332913,excitatory_neuron,4P,L4,V1,none,none,910.0692884464839,320.96154117703793,666.0800000000002,8.0,5.0,8193,0.519309,8_5
519,338356,864691135731223737,excitatory_neuron,5P-IT,L5,V1,none,none,763.76211340163,481.3001675475869,1028.3200000000002,8.0,5.0,10400,0.519242,8_5
520,154560,864691136042105942,excitatory_neuron,23P,L2/3,V1,none,none,424.3581489214455,200.79575897058467,668.8800000000001,8.0,5.0,2274,0.519227,8_5
521,233094,864691135469089362,excitatory_neuron,5P-IT,L5,V1,none,none,534.4247198414208,476.7186626627539,1002.7200000000003,8.0,5.0,10428,0.519099,8_5
522,392695,864691135582150509,excitatory_neuron,23P,L2/3,V1,none,none,889.5473087879556,215.53977113453223,824.0400000000003,8.0,5.0,4784,0.519074,8_5
523,397388,864691135491895399,excitatory_neuron,4P,L4,V1,none,none,920.3845694328294,346.9835989391124,993.6000000000003,8.0,5.0,8554,0.518521,8_5
524,554010,864691135919211696,excitatory_neuron,23P,L2/3,RL,none,none,1211.5290245469857,211.26606397667277,1074.1600000000003,8.0,5.0,5147,0.518225,8_5
525,190890,864691135215236920,excitatory_neuron,23P,L2/3,V1,none,none,479.2889928763063,194.16606950525284,963.8400000000003,8.0,5.0,5169,0.518118,8_5
526,227463,864691135939814822,excitatory_neuron,4P,L4,V1,none,none,591.4587461399387,330.02730066696364,666.0400000000001,8.0,5.0,7969,0.518096,8_5
527,328509,864691136011969187,excitatory_neuron,23P,L2/3,V1,none,none,757.3975065716726,186.8891326390765,932.1600000000002,8.0,5.0,2757,0.517919,8_5
528,557225,864691135816436047,excitatory_neuron,5P-IT,L4,RL,none,none,1241.8020723168927,345.4872862134,1042.1600000000003,8.0,5.0,8327,0.517791,8_5
529,401746,864691135545440808,excitatory_neuron,5P-ET,L5,V1,none,none,886.3043718204059,487.5883575595025,901.2400000000002,8.0,5.0,9905,0.517752,8_5
530,334024,864691135866583685,excitatory_neuron,4P,L4,V1,none,none,764.2148242210129,343.21416496617377,1067.4400000000003,8.0,5.0,8175,0.517751,8_5
531,610313,864691135941699700,excitatory_neuron,23P,L2/3,AL,none,none,1347.246674099692,229.24304436518224,741.4400000000002,8.0,5.0,5325,0.517672,8_5
532,190547,864691135778931296,excitatory_neuron,23P,L2/3,V1,none,none,517.401252564358,218.95811301663989,826.1200000000002,8.0,5.0,5089,0.516547,8_5
533,526427,864691136923661540,excitatory_neuron,5P-IT,L5,RL,none,none,1130.966957189877,469.7401892409798,705.8400000000001,8.0,5.0,10569,0.516536,8_5
534,395836,864691135464252741,excitatory_neuron,4P,L4,V1,none,none,898.0863686325505,329.4213530385892,658.8800000000001,8.0,5.0,7709,0.516352,8_5
535,333645,864691135491684583,excitatory_neuron,4P,L4,V1,none,none,770.750555039648,334.5990081674646,976.4000000000002,8.0,5.0,7891,0.515952,8_5
536,614771,864691136812736371,excitatory_neuron,5P-IT,L4,RL,none,none,1366.72227903551,337.07880279615887,929.2000000000003,8.0,5.0,8377,0.515815,8_5
537,232834,864691135940146598,excitatory_neuron,5P-ET,L5,V1,none,none,528.9120980777527,469.23372356542427,912.8400000000003,8.0,5.0,10073,0.515791,8_5
538,227763,864691136578290708,excitatory_neuron,4P,L4,V1,none,none,533.9522683818216,347.7386780232047,776.6000000000001,8.0,5.0,8354,0.515378,8_5
539,525326,864691136040153854,excitatory_neuron,5P-IT,L5,RL,none,none,1126.935588976774,366.0181386329708,931.3200000000003,8.0,5.0,7576,0.51474,8_5
540,191112,864691135502522178,excitatory_neuron,23P,L2/3,V1,none,none,500.2240307151292,178.84437460269518,1012.1600000000003,8.0,5.0,2414,0.514714,8_5
541,455500,864691135270418085,excitatory_neuron,23P,L2/3,V1,none,none,1032.313139662503,225.65311749961188,778.4800000000001,8.0,5.0,5351,0.514604,8_5
542,610432,864691135355545295,excitatory_neuron,23P,L2/3,AL,none,none,1365.6451817298862,229.6963047557696,770.4800000000001,8.0,5.0,5641,0.514365,8_5
543,327886,864691135661352432,excitatory_neuron,23P,L2/3,V1,none,none,794.0769511131024,221.44946938703333,742.1200000000001,8.0,5.0,4833,0.514216,8_5
544,463999,864691135066507076,excitatory_neuron,5P-IT,L5,V1,none,none,986.7469530961641,483.5912953054605,895.6000000000003,8.0,5.0,10374,0.514124,8_5
545,299304,864691136335121331,excitatory_neuron,4P,L4,V1,none,none,701.0439923125284,325.8022064321663,936.6000000000003,8.0,5.0,8500,0.513421,8_5
546,294900,864691136211276220,excitatory_neuron,23P,L2/3,V1,none,none,675.8665481175299,180.3342982743609,937.8400000000003,8.0,5.0,2042,0.512891,8_5
547,614235,864691136619882637,excitatory_neuron,5P-IT,L4,AL,axon_partially_extended,dendrite_extended,1362.2890663990609,359.11226683883797,777.3600000000001,8.0,5.0,8749,0.51261,8_5
548,391273,864691135688277216,excitatory_neuron,23P,L2/3,V1,none,none,869.7522282129671,187.72467133191222,955.2000000000003,8.0,5.0,1892,0.511803,8_5
549,560217,864691136089194039,excitatory_neuron,5P-ET,L5,RL,axon_interareal,dendrite_extended,1182.9116809178577,469.33793953775063,707.6800000000002,8.0,5.0,10257,0.511735,8_5
550,365108,864691136604110801,excitatory_neuron,4P,L4,V1,none,none,810.9123854530172,341.838892272046,738.0400000000001,8.0,5.0,8149,0.511376,8_5
551,488739,864691135800896610,excitatory_neuron,23P,L2/3,RL,none,none,1094.9147297729457,223.87042188785873,805.0400000000003,8.0,5.0,5688,0.510713,8_5
552,164588,864691135995361194,excitatory_neuron,5P-IT,L5,V1,none,none,442.1394972732923,456.50254712215155,779.2400000000001,8.0,5.0,10129,0.510581,8_5
553,423958,864691135210662592,excitatory_neuron,23P,L2/3,V1,none,none,947.9178224696692,209.9819474118065,861.1200000000002,8.0,5.0,5559,0.510426,8_5
554,611171,864691136904074930,excitatory_neuron,23P,L2/3,RL,none,none,1349.9167864197952,186.2401208808652,1011.2000000000003,8.0,5.0,5700,0.5092,8_5
555,453398,864691135526647387,excitatory_neuron,23P,L2/3,V1,none,none,1050.8731192418518,198.5596273956374,658.1200000000001,8.0,5.0,2611,0.508809,8_5
556,391659,864691135404851182,excitatory_neuron,23P,L2/3,V1,none,none,923.0853168129141,193.48286795847847,1071.3200000000002,8.0,5.0,2396,0.508787,8_5
557,327868,864691135942004993,excitatory_neuron,23P,L2/3,V1,none,none,777.0563749298941,220.6670510899537,749.2800000000001,8.0,5.0,5408,0.50824,8_5
558,496972,864691136522623377,inhibitory_neuron,MC,L5,RL,none,none,1070.8440657261833,486.51597089325867,826.3600000000002,8.0,5.0,9842,0.506869,8_5
559,360775,864691135689548000,excitatory_neuron,23P,L2/3,V1,none,none,811.8313045495051,202.83001058567996,710.9200000000002,8.0,5.0,1880,0.506548,8_5
560,228943,864691136090107191,excitatory_neuron,4P,L4,V1,none,none,584.3810564946033,336.0252634281277,1029.0000000000002,8.0,5.0,8363,0.50607,8_5
561,460202,864691135059450779,excitatory_neuron,4P,L4,RL,none,none,1050.8404901172264,344.3274742458268,966.8800000000002,8.0,5.0,7641,0.505376,8_5
562,298701,864691135295127052,excitatory_neuron,4P,L4,V1,none,none,703.1689380086124,349.2446130873862,788.4800000000002,8.0,5.0,7914,0.505269,8_5
563,267732,864691135429097264,excitatory_neuron,5P-IT,L5,V1,none,none,602.8002002139931,470.6227817731717,1057.8000000000002,8.0,5.0,10061,0.505238,8_5
564,360702,864691136135414411,excitatory_neuron,23P,L2/3,V1,none,none,827.2532872239537,212.3383068783398,665.3600000000001,8.0,5.0,5344,0.504849,8_5
565,525264,864691135304186791,excitatory_neuron,4P,L4,RL,none,none,1144.823033302068,347.3460793060112,886.4000000000002,8.0,5.0,8662,0.504814,8_5
566,395933,864691135702310523,excitatory_neuron,4P,L4,V1,none,none,868.5479946183048,326.3231244165318,665.3200000000002,8.0,5.0,8143,0.504459,8_5
567,299652,864691135468561036,excitatory_neuron,4P,L4,V1,none,none,684.3972555979764,331.0272305236308,1032.6800000000003,8.0,5.0,8245,0.504151,8_5
568,611315,864691135837783187,excitatory_neuron,23P,L2/3,RL,none,none,1341.3250109325836,203.66962282375928,1051.7600000000002,8.0,5.0,5142,0.503768,8_5
569,488297,864691135477179304,excitatory_neuron,23P,L2/3,RL,none,none,1066.3558526928573,224.26284503244545,685.6000000000001,8.0,5.0,4586,0.503427,8_5
570,455864,864691135441630792,excitatory_neuron,23P,L2/3,RL,none,none,1023.449199676833,207.2746385655314,889.4800000000002,8.0,5.0,5175,0.503387,8_5
571,391199,864691136379715029,excitatory_neuron,23P,L2/3,V1,none,none,887.2517870941667,189.6411511683382,925.6000000000003,8.0,5.0,2287,0.502561,8_5
572,556866,864691136297315099,excitatory_neuron,4P,L4,RL,none,none,1214.1276932572212,335.0355330752127,923.3200000000003,8.0,5.0,8247,0.502398,8_5
573,392792,864691136926422602,excitatory_neuron,23P,L2/3,V1,none,none,887.1373377030828,217.38474901246937,843.9200000000003,8.0,5.0,4782,0.501584,8_5
574,487711,864691135781943632,excitatory_neuron,23P,L2/3,RL,none,none,1074.4317094177245,181.15466267503885,1047.2400000000002,8.0,5.0,2353,0.501559,8_5
575,224536,864691136106323161,excitatory_neuron,23P,L2/3,V1,none,none,600.7816396007424,198.49934077432897,929.2800000000002,8.0,5.0,5155,0.501163,8_5
576,360804,864691135447404372,excitatory_neuron,23P,L2/3,V1,none,none,835.0730778390657,218.4189853549414,690.4800000000001,8.0,5.0,5527,0.501152,8_5
577,393241,864691135339496422,excitatory_neuron,23P,L2/3,V1,none,none,868.3362047908299,202.44125781342882,1009.0400000000003,8.0,5.0,5330,0.501122,8_5
578,154558,864691135463371421,excitatory_neuron,23P,L2/3,V1,none,none,422.42086005693665,210.45567200618953,659.0800000000002,8.0,5.0,5206,0.500949,8_5
579,395932,864691135698360597,excitatory_neuron,4P,L4,V1,none,none,868.809436582398,329.9436879223153,684.0000000000001,8.0,5.0,8585,0.500756,8_5
580,190622,864691135645354479,excitatory_neuron,23P,L2/3,V1,none,none,499.3021632296534,197.4588623028503,853.2800000000002,8.0,5.0,2531,0.500596,8_5
581,302951,864691136991202453,excitatory_neuron,5P-ET,L5,V1,axon_fully_extended,dendrite_extended,652.7145437589246,493.4278837566877,818.9600000000003,8.0,5.0,9992,0.500589,8_5
582,195070,864691135684853175,excitatory_neuron,4P,L4,V1,none,none,484.87574723049903,344.72992816922925,885.7200000000003,8.0,5.0,8089,0.500251,8_5
583,460053,864691135113733529,excitatory_neuron,4P,L4,RL,axon_interareal,dendrite_extended,1041.621236516954,337.3534249877659,953.0800000000003,8.0,5.0,8583,0.499741,8_5
584,518873,864691135234068313,excitatory_neuron,23P,L2/3,RL,none,none,1173.7509516885018,209.82400049017946,908.6000000000003,8.0,5.0,5618,0.498899,8_5
585,395870,864691136311439962,excitatory_neuron,4P,L4,V1,none,none,913.814243545748,326.6214732706673,651.3600000000001,8.0,5.0,7678,0.498647,8_5
586,293942,864691135566342679,excitatory_neuron,23P,L2/3,V1,none,none,695.4449839343431,219.4374707667166,719.1200000000001,8.0,5.0,4921,0.497283,8_5
587,190841,864691136975076636,excitatory_neuron,23P,L2/3,V1,none,none,514.6762851921858,203.10830314962257,923.8800000000002,8.0,5.0,5119,0.497093,8_5
588,198378,864691136423695151,excitatory_neuron,5P-IT,L5,V1,none,none,472.91300093074443,446.2174969693918,636.3200000000002,8.0,5.0,10261,0.496884,8_5
589,522888,864691135889558153,excitatory_neuron,4P,L4,RL,none,none,1146.6376647026655,344.22837103230023,1039.2400000000002,8.0,5.0,8283,0.496193,8_5
590,518776,864691136009495470,excitatory_neuron,23P,L2/3,RL,none,none,1143.6404458358472,213.99958635293524,897.0400000000003,8.0,5.0,4570,0.495902,8_5
591,155775,864691136091526836,excitatory_neuron,23P,L2/3,V1,none,none,472.51485447381316,192.28851979782345,971.8800000000002,8.0,5.0,5425,0.495767,8_5
592,429893,864691135738572401,excitatory_neuron,5P-IT,L5,V1,none,none,970.7317982677152,452.9589171440965,697.2400000000001,8.0,5.0,10489,0.494892,8_5
593,610811,864691135584931960,excitatory_neuron,23P,L2/3,RL,none,none,1331.8747196674346,203.74225204547955,890.0000000000002,8.0,5.0,5457,0.493811,8_5
594,396693,864691135346571423,excitatory_neuron,4P,L4,V1,axon_partially_extended,dendrite_extended,900.3522085372141,338.0356138615753,827.7600000000002,8.0,5.0,7752,0.493176,8_5
595,199484,864691136391096191,excitatory_neuron,5P-IT,L5,V1,none,none,498.8176036176138,479.8351572037899,916.6800000000003,8.0,5.0,10515,0.493008,8_5
596,261933,864691135469504850,excitatory_neuron,4P,L4,V1,none,none,609.0452115058055,335.356340724532,706.9600000000002,8.0,5.0,8534,0.492738,8_5
597,422556,864691135582306157,excitatory_neuron,23P,L2/3,RL,none,none,983.3510679022645,194.9007698015052,992.8400000000003,8.0,5.0,1793,0.492684,8_5
598,401874,864691134940504419,excitatory_neuron,5P-IT,L5,V1,none,none,861.6290608741318,488.38479318445405,963.3600000000002,8.0,5.0,9928,0.492409,8_5
599,490161,864691136371580552,excitatory_neuron,4P,L4,RL,none,none,1064.813357143152,331.48040286454284,678.4400000000002,8.0,5.0,7559,0.49228,8_5
600,428660,864691135134114976,excitatory_neuron,4P,L4,V1,axon_partially_extended,dendrite_extended,949.0349771675205,335.99884620471084,929.0800000000003,8.0,5.0,8622,0.492034,8_5
601,396446,864691136092769460,excitatory_neuron,4P,L4,V1,none,none,866.3350443486329,343.5397676173406,770.3200000000002,8.0,5.0,8686,0.491243,8_5
602,493655,864691136066231960,excitatory_neuron,4P,L4,RL,none,none,1086.1663091464575,343.6919037036919,937.6000000000003,8.0,5.0,7609,0.491131,8_5
603,257624,864691135118502877,excitatory_neuron,23P,L2/3,V1,none,none,646.7564638708697,206.119307003317,673.3600000000001,8.0,5.0,2031,0.490826,8_5
604,361440,864691135988018691,excitatory_neuron,23P,L2/3,V1,none,none,846.6168988816045,212.0408248256165,852.0400000000003,8.0,5.0,5580,0.490716,8_5
605,585366,864691135940629414,excitatory_neuron,4P,L4,AL,none,none,1288.620788170748,345.6644804456846,698.8000000000002,8.0,5.0,8199,0.49056,8_5
606,497247,864691135490213946,excitatory_neuron,5P-ET,L5,RL,none,none,1106.4910658765873,486.6151892237955,855.0800000000003,8.0,5.0,9828,0.490465,8_5
607,587457,864691135568146156,excitatory_neuron,4P,L5,RL,none,none,1258.105547327637,360.34074959989806,820.2400000000002,8.0,5.0,7449,0.490109,8_5
608,423571,864691135572136229,excitatory_neuron,23P,L2/3,V1,none,none,992.5752347818585,213.56774238351227,742.1200000000001,8.0,5.0,2504,0.489903,8_5
609,232101,864691136238595900,excitatory_neuron,5P-ET,L5,V1,none,none,583.2977462342836,455.61793293123674,693.9200000000002,8.0,5.0,10219,0.489862,8_5
610,582526,864691135888505993,excitatory_neuron,23P,L2/3,RL,none,none,1288.1188862095319,219.95838717085036,899.7600000000002,8.0,5.0,5532,0.489076,8_5
611,155650,864691135395740405,excitatory_neuron,23P,L2/3,V1,none,none,463.9992629369034,180.9431645906688,961.9200000000003,8.0,5.0,2708,0.489052,8_5
612,393146,864691135594468395,excitatory_neuron,23P,L2/3,V1,none,none,885.2070140044162,208.60710864512885,967.0000000000002,8.0,5.0,5654,0.488719,8_5
613,228391,864691135852060871,excitatory_neuron,4P,L4,V1,none,none,573.0181870528721,346.2096788777337,885.9600000000003,8.0,5.0,8029,0.488637,8_5
614,337815,864691135498826771,excitatory_neuron,5P-ET,L5,V1,none,none,758.906362430763,489.8053256595167,869.0400000000003,8.0,5.0,10494,0.488302,8_5
615,364982,864691135947597409,excitatory_neuron,4P,L4,V1,none,none,829.1147682437339,335.7220580630601,692.3200000000002,8.0,5.0,7780,0.488099,8_5
616,611181,864691136362277090,excitatory_neuron,23P,L2/3,RL,none,none,1358.7671138307328,198.89965107432818,1027.5600000000002,8.0,5.0,4421,0.48791,8_5
617,454396,864691136990302357,excitatory_neuron,23P,L2/3,RL,none,none,1057.3140246123774,191.02833042845216,953.5200000000002,8.0,5.0,1739,0.487808,8_5
618,337819,864691135579303685,excitatory_neuron,5P-ET,L5,V1,none,none,763.4002680218914,478.8272203340051,863.9600000000003,8.0,5.0,10291,0.487239,8_5
619,336988,864691135590909963,excitatory_neuron,5P-ET,L5,V1,none,none,721.7902757575991,463.17310190575927,707.8400000000001,8.0,5.0,10244,0.487007,8_5
620,190877,864691136725041917,excitatory_neuron,23P,L2/3,V1,none,none,537.0595427038087,201.34040519771034,911.2800000000002,8.0,5.0,5091,0.486928,8_5
621,487493,864691135455053162,excitatory_neuron,23P,L2/3,RL,none,none,1074.9482350464064,189.9371006779464,942.5200000000002,8.0,5.0,1713,0.486722,8_5
622,396153,864691135476852392,excitatory_neuron,4P,L4,V1,none,none,891.9028301006429,332.54229828392965,693.1200000000001,8.0,5.0,7710,0.48667,8_5
623,364651,864691135762956598,excitatory_neuron,4P,L4,V1,none,none,813.6106188983082,319.0754369922623,644.6800000000002,8.0,5.0,7774,0.486657,8_5
624,392497,864691136031893691,excitatory_neuron,23P,L2/3,V1,none,none,922.8344817394321,211.7705965699247,769.3600000000001,8.0,5.0,2706,0.486277,8_5
625,228758,864691135868916246,excitatory_neuron,4P,L4,V1,axon_partially_extended,dendrite_extended,586.5662325703502,329.4065277846696,973.0400000000003,8.0,5.0,8034,0.485963,8_5
626,552726,864691135687763168,excitatory_neuron,23P,L2/3,AL,none,none,1245.4721723155405,214.68541589802592,634.0000000000001,8.0,5.0,4453,0.485892,8_5
627,554935,864691136724602621,excitatory_neuron,23P,L2/3,RL,none,none,1258.0843043721038,243.0927340570462,814.7200000000003,8.0,5.0,4484,0.485276,8_5
628,396283,864691135719185713,excitatory_neuron,4P,L4,V1,none,none,893.8962455717729,353.08219640343015,735.3200000000002,8.0,5.0,7712,0.485237,8_5
629,553411,864691135210671808,excitatory_neuron,23P,L2/3,RL,none,none,1258.5868126729138,210.17928493047162,814.6400000000002,8.0,5.0,2236,0.485162,8_5
630,583754,864691135509881097,excitatory_neuron,23P,L2/3,AL,none,none,1261.9526394453712,235.5933442311383,777.3200000000002,8.0,5.0,4480,0.485088,8_5
631,299647,864691135307396934,excitatory_neuron,4P,L4,V1,none,none,681.1273815368597,333.8891326226616,1050.4000000000003,8.0,5.0,8446,0.485008,8_5
632,298654,864691135369208825,excitatory_neuron,4P,L4,V1,none,none,662.5600898604063,348.5828003676973,804.1600000000002,8.0,5.0,7942,0.484795,8_5
633,429704,864691135859636840,excitatory_neuron,5P-IT,L5,V1,none,none,915.1178121681888,446.10174526921367,668.6400000000001,8.0,5.0,10228,0.484656,8_5
634,365905,864691136195031510,excitatory_neuron,4P,L4,V1,none,none,851.8017504638304,341.4973355234965,888.1200000000002,8.0,5.0,8413,0.484505,8_5
635,190191,864691135576008222,excitatory_neuron,23P,L2/3,V1,none,none,477.83710283117057,208.5582957158442,775.2000000000002,8.0,5.0,2600,0.484294,8_5
636,195405,864691135526916443,excitatory_neuron,4P,L4,V1,none,none,516.3049944175207,321.07515399450745,974.1200000000002,8.0,5.0,8631,0.484176,8_5
637,257458,864691135987849731,excitatory_neuron,23P,L2/3,V1,none,none,607.247313481072,196.55947962640522,650.0800000000002,8.0,5.0,2052,0.484127,8_5
638,224575,864691136362531554,excitatory_neuron,23P,L2/3,V1,none,none,560.0157702076866,195.96070085730258,939.4800000000002,8.0,5.0,5413,0.483937,8_5
639,393292,864691137197722689,excitatory_neuron,23P,L2/3,V1,none,none,916.8372414883597,198.07578976694572,1000.7200000000003,8.0,5.0,5317,0.4837,8_5
640,361544,864691135941264038,excitatory_neuron,23P,L2/3,V1,none,none,848.4131778937794,206.92993236828403,889.5200000000002,8.0,5.0,5172,0.482753,8_5
641,460147,864691135856072494,excitatory_neuron,4P,L4,RL,none,none,1019.2427766408978,340.53512100966327,986.5200000000002,8.0,5.0,8552,0.482408,8_5
642,366116,864691135472997938,excitatory_neuron,4P,L4,V1,none,none,806.9116241790729,337.63420283893595,991.8800000000002,8.0,5.0,8664,0.482358,8_5
643,303227,864691136906083250,excitatory_neuron,5P-IT,L5,V1,none,none,685.8788279589812,475.64266344605136,927.6400000000002,8.0,5.0,9996,0.482326,8_5
644,423978,864691136040892158,excitatory_neuron,23P,L2/3,V1,none,none,956.7409247311424,211.20358012403483,870.8000000000003,8.0,5.0,5819,0.482253,8_5
645,337980,864691135429266224,excitatory_neuron,5P-ET,L5,V1,none,none,745.9159980231158,489.9537054308323,918.2800000000002,8.0,5.0,9973,0.481919,8_5
646,327832,864691135807716893,excitatory_neuron,23P,L2/3,V1,none,none,753.6035348496944,216.30239254974998,741.3600000000001,8.0,5.0,2630,0.481818,8_5
647,423843,864691135123341607,excitatory_neuron,23P,L2/3,V1,none,none,933.5559427364176,214.0577367252545,838.8000000000003,8.0,5.0,4754,0.480969,8_5
648,332342,864691136814569075,excitatory_neuron,5P-IT,L4,V1,none,none,726.6280785664397,346.92839800926873,743.4000000000001,8.0,5.0,7882,0.480891,8_5
649,487676,864691136194957032,excitatory_neuron,23P,L2/3,RL,none,none,1097.8066314180535,201.83059954567491,1000.0400000000003,8.0,5.0,5701,0.48063,8_5
650,464067,864691135777684320,excitatory_neuron,5P-ET,L5,RL,none,none,1017.6950500549193,478.65381106432267,899.6000000000003,8.0,5.0,10208,0.479912,8_5
651,223910,864691135517952906,excitatory_neuron,23P,L2/3,V1,none,none,599.1942020270544,207.0977058485534,693.3600000000001,8.0,5.0,4981,0.478669,8_5
652,522520,864691135778187360,excitatory_neuron,4P,L4,RL,axon_partially_extended,dendrite_extended,1154.798491669433,344.942350876889,907.3600000000002,8.0,5.0,7543,0.478545,8_5
653,397287,864691135716302618,excitatory_neuron,4P,L4,V1,none,none,910.0192023824154,331.8144745771002,973.9200000000003,8.0,5.0,7765,0.478503,8_5
654,488697,864691135489182266,excitatory_neuron,23P,L2/3,RL,none,none,1065.4648807291817,226.36920705259877,805.6400000000002,8.0,5.0,5820,0.478196,8_5
655,459655,864691135724803755,excitatory_neuron,4P,L4,RL,none,none,1034.851953571905,342.0292359773023,870.4000000000002,8.0,5.0,7638,0.478055,8_5
656,259167,864691135816565839,excitatory_neuron,23P,L2/3,V1,axon_interareal,dendrite_extended,657.2690256074907,199.77941191477427,1032.2000000000003,8.0,5.0,5031,0.47787,8_5
657,332696,864691135726062251,excitatory_neuron,4P,L4,V1,none,none,776.4130015948152,341.84007735715454,780.2800000000001,8.0,5.0,7855,0.47761,8_5
658,558641,864691136106969561,excitatory_neuron,4P,L4,RL,axon_partially_extended,dendrite_extended,1190.0040520525358,351.5558841316405,752.9600000000002,8.0,5.0,8541,0.477182,8_5
659,258461,864691136992347541,excitatory_neuron,23P,L2/3,V1,none,none,639.4443839452741,204.5159158589902,909.6000000000003,8.0,5.0,4993,0.477181,8_5
660,391423,864691136008452268,excitatory_neuron,23P,L2/3,V1,none,none,926.207707078438,186.4321721750992,980.3200000000003,8.0,5.0,2716,0.477154,8_5
661,582425,864691135492201823,excitatory_neuron,23P,L2/3,RL,none,none,1284.1554365787697,202.84382369337854,865.8800000000002,8.0,5.0,1553,0.476779,8_5
662,558634,864691135441651784,excitatory_neuron,4P,L4,RL,none,none,1187.1405892895675,351.2411191318493,766.3600000000001,8.0,5.0,7474,0.476651,8_5
663,397359,864691135274940901,excitatory_neuron,4P,L4,V1,none,none,892.0082046174866,348.2271679426549,1020.2400000000002,8.0,5.0,8408,0.475761,8_5
664,328661,864691135546254632,excitatory_neuron,23P,L2/3,V1,none,none,768.9740729093348,186.74555050332782,968.2800000000002,8.0,5.0,2860,0.475669,8_5
665,581920,864691136296849691,excitatory_neuron,23P,L2/3,AL,none,none,1325.2880068090083,214.40877152095229,675.5200000000001,8.0,5.0,1493,0.47518,8_5
666,198829,864691135464476741,excitatory_neuron,5P-ET,L5,V1,none,none,503.89095314425606,473.98305975240385,743.2800000000001,8.0,5.0,10480,0.475085,8_5
667,392757,864691137197964097,excitatory_neuron,23P,L2/3,V1,none,none,925.4468203195331,204.67527704625874,814.1200000000002,8.0,5.0,2484,0.474991,8_5
668,232880,864691136288592323,excitatory_neuron,5P-ET,L5,V1,none,none,571.8177972961769,472.2807966820589,935.2400000000002,8.0,5.0,10211,0.473902,8_5
669,518867,864691135777517245,excitatory_neuron,23P,L2/3,RL,none,none,1168.7883233587306,210.73896063169016,918.9200000000003,8.0,5.0,4546,0.473541,8_5
670,428595,864691135013711766,excitatory_neuron,4P,L4,V1,none,none,980.9594497325579,340.46223185286794,896.1200000000002,8.0,5.0,8566,0.473481,8_5
671,392265,864691136116854948,excitatory_neuron,23P,L2/3,V1,none,none,923.3102274657941,208.5357509779607,709.2400000000001,8.0,5.0,2648,0.473057,8_5
672,588983,864691135572530981,excitatory_neuron,5P-ET,L5,AL,axon_interareal,dendrite_extended,1293.3857315238479,482.85783475573044,812.6000000000003,8.0,5.0,9774,0.472941,8_5
673,518938,864691135492438879,excitatory_neuron,23P,L2/3,RL,none,none,1180.4151492260928,215.16113297682134,957.3200000000003,8.0,5.0,4547,0.472909,8_5
674,154596,864691135195175978,excitatory_neuron,23P,L2/3,V1,none,none,461.4268661052764,196.3937596128883,666.9200000000002,8.0,5.0,2173,0.472533,8_5
675,293664,864691135374474313,excitatory_neuron,23P,L2/3,V1,none,none,674.6371699074906,209.0725084694423,645.1600000000001,8.0,5.0,4914,0.472111,8_5
676,583817,864691135209039737,excitatory_neuron,23P,L2/3,AL,none,none,1317.086746871183,232.51488384337614,769.6800000000002,8.0,5.0,5463,0.472002,8_5
677,553492,864691135134695328,excitatory_neuron,23P,L2/3,RL,axon_fully_extended,dendrite_extended,1255.6769920400898,197.91099279648688,865.0400000000003,8.0,5.0,1577,0.471204,8_5
678,610724,864691136724687613,excitatory_neuron,23P,L2/3,AL,none,none,1334.997341220467,217.24980677002313,865.0400000000003,8.0,5.0,4435,0.470527,8_5
679,583329,864691136966457806,excitatory_neuron,23P,L2/3,AL,none,none,1263.0603139890989,227.33847214823012,673.9200000000002,8.0,5.0,4454,0.469875,8_5
680,553378,864691135272843537,excitatory_neuron,23P,L2/3,RL,none,none,1236.2633521402477,214.2009708762529,827.7600000000002,8.0,5.0,5374,0.469104,8_5
681,224043,864691135455072106,excitatory_neuron,23P,L2/3,V1,none,none,577.2692338290941,212.43914474817907,779.2400000000001,8.0,5.0,2528,0.468926,8_5
682,518983,864691135293594892,excitatory_neuron,23P,L2/3,RL,none,none,1149.8119902788371,207.34414593263256,969.4400000000003,8.0,5.0,4573,0.468829,8_5
683,524616,864691135469253202,excitatory_neuron,5P-IT,L4,RL,none,none,1174.026729264163,354.2696955687409,748.1200000000001,8.0,5.0,8743,0.468613,8_5
684,614097,864691135693559743,excitatory_neuron,5P-IT,L4,AL,none,none,1339.987802092784,352.59980168794647,730.7600000000001,8.0,5.0,7377,0.467646,8_5
685,582810,864691135304660135,excitatory_neuron,23P,L2/3,RL,none,none,1265.7839228105315,193.27021027610317,1025.1200000000003,8.0,5.0,4495,0.467581,8_5
686,610532,864691136005335498,excitatory_neuron,23P,L2/3,AL,none,none,1355.7199250703443,231.5262250387909,794.0400000000003,8.0,5.0,2448,0.467344,8_5
687,258689,864691136392754047,excitatory_neuron,23P,L2/3,V1,none,none,630.3032218905033,196.64927615143935,975.5200000000002,8.0,5.0,5029,0.466943,8_5
688,370076,864691134918284042,excitatory_neuron,5P-IT,L5,V1,none,none,829.6847330786117,490.0228950409813,888.5600000000003,8.0,5.0,9938,0.466682,8_5
689,337961,864691136287554499,excitatory_neuron,5P-ET,L5,V1,none,none,734.7329529189615,474.5845545694984,927.2000000000003,8.0,5.0,9972,0.466547,8_5
690,261715,864691136437428894,excitatory_neuron,4P,L4,V1,none,none,600.4986088033413,330.2399859434177,677.9600000000002,8.0,5.0,7970,0.465513,8_5
691,294111,864691135970062693,excitatory_neuron,23P,L2/3,V1,none,none,676.9930376246965,215.18911139091972,722.6400000000001,8.0,5.0,4920,0.465509,8_5
692,337942,864691135917380710,excitatory_neuron,5P-IT,L5,V1,none,none,721.403893155565,475.6669693808386,918.1600000000002,8.0,5.0,10427,0.465223,8_5
693,518628,864691135782615632,excitatory_neuron,23P,L2/3,RL,none,none,1186.9230480289255,212.00432110848226,813.8000000000003,8.0,5.0,1624,0.465176,8_5
694,423711,864691136084626284,excitatory_neuron,23P,L2/3,V1,none,none,936.7708752760215,215.4954073293204,793.2800000000002,8.0,5.0,2610,0.465109,8_5
695,327808,864691136120476440,excitatory_neuron,23P,L2/3,V1,none,none,743.794519532682,207.9918564352374,744.6000000000001,8.0,5.0,1973,0.46396,8_5
696,423289,864691136194733800,excitatory_neuron,23P,L2/3,V1,none,none,941.6767701328341,201.27687844430918,680.4400000000002,8.0,5.0,2686,0.46391,8_5
697,455349,864691135464143934,excitatory_neuron,23P,L2/3,V1,axon_partially_extended,dendrite_extended,1008.7143764506483,214.14455621373415,720.8400000000001,8.0,5.0,1730,0.463595,8_5
698,298502,864691136420303511,excitatory_neuron,4P,L4,V1,axon_partially_extended,dendrite_extended,676.0230208446629,345.970230500088,765.1200000000001,8.0,5.0,8707,0.463487,8_5
699,397200,864691136067784600,excitatory_neuron,4P,L4,V1,none,none,921.837239809934,331.1138181978581,960.1200000000002,8.0,5.0,7726,0.463069,8_5
700,610831,864691135700801915,excitatory_neuron,23P,L2/3,AL,none,none,1348.2005065483222,218.34068958926613,901.6000000000003,8.0,5.0,4437,0.462958,8_5
701,224677,864691135540508018,excitatory_neuron,23P,L2/3,V1,none,none,601.3833954063995,203.37032280574303,945.7200000000003,8.0,5.0,5025,0.462829,8_5
702,332861,864691135015224566,excitatory_neuron,4P,L4,V1,none,none,788.9857987692423,344.9958776060164,790.5200000000002,8.0,5.0,8591,0.46199,8_5
703,294446,864691135717271834,excitatory_neuron,23P,L2/3,V1,axon_fully_extended,dendrite_extended,672.8360354378715,207.6300402298093,817.4400000000003,8.0,5.0,2035,0.461965,8_5
704,294557,864691135732210873,excitatory_neuron,23P,L2/3,V1,axon_partially_extended,dendrite_clean,690.7530459085369,195.96321479209647,852.2800000000002,8.0,5.0,2012,0.461188,8_5
705,459039,864691135511325648,excitatory_neuron,4P,L4,V1,none,none,1016.1258486991558,337.24293507840315,690.4400000000002,8.0,5.0,8517,0.46113,8_5
706,553964,864691135234046553,excitatory_neuron,23P,L2/3,RL,none,none,1242.103339858962,205.46069997397151,1053.2800000000002,8.0,5.0,5138,0.460649,8_5
707,522610,864691136422859823,excitatory_neuron,4P,L4,RL,none,none,1165.701626777318,344.41862879485655,956.9600000000003,8.0,5.0,8463,0.460313,8_5
708,224741,864691135947166305,excitatory_neuron,23P,L2/3,V1,none,none,591.064154938333,179.59647507000162,975.1200000000002,8.0,5.0,2130,0.460227,8_5
709,190914,864691135082286839,excitatory_neuron,23P,L2/3,V1,none,none,505.92156356132614,187.88735859397303,942.1600000000003,8.0,5.0,2190,0.459426,8_5
710,554048,864691136032431803,excitatory_neuron,23P,L2/3,RL,none,none,1255.8690417540922,196.45017216843164,1070.3200000000002,8.0,5.0,5389,0.459247,8_5
711,422363,864691135545464104,excitatory_neuron,23P,L2/3,V1,none,none,958.3816853405282,196.12118878105835,921.0400000000003,8.0,5.0,2344,0.459236,8_5
712,396826,864691136811826547,excitatory_neuron,4P,L4,V1,none,none,910.4178681827527,348.5529154118864,853.0800000000003,8.0,5.0,8233,0.458734,8_5
713,224323,864691135463681086,excitatory_neuron,23P,L2/3,V1,none,none,559.2620220802551,211.18494020645863,851.5600000000003,8.0,5.0,5387,0.45872,8_5
714,336924,864691135491557351,excitatory_neuron,5P-IT,L5,V1,none,none,752.479503035676,470.7406410747724,687.6000000000001,8.0,5.0,9951,0.458409,8_5
715,228240,864691135658689922,excitatory_neuron,4P,L4,V1,none,none,570.5674360656797,336.03737316079946,852.1200000000002,8.0,5.0,8461,0.458128,8_5
716,328234,864691135582108269,excitatory_neuron,23P,L2/3,V1,none,none,784.9970888793489,207.741945985045,831.9600000000003,8.0,5.0,1944,0.457919,8_5
717,459975,864691136024395321,excitatory_neuron,4P,L4,RL,none,none,1004.2345173617023,340.24997997712035,948.4000000000002,8.0,5.0,7667,0.457234,8_5
718,518826,864691135114035865,excitatory_neuron,23P,L2/3,RL,none,none,1194.6598916410917,212.4242293376086,894.3200000000003,8.0,5.0,5468,0.457105,8_5
719,158920,864691136297768987,excitatory_neuron,4P,L4,V1,none,none,416.71925261200823,335.1050727770876,708.2800000000001,8.0,5.0,8212,0.456716,8_5
720,393105,864691135590942219,excitatory_neuron,23P,L2/3,V1,none,none,919.6163122281988,205.96401883454848,961.2400000000002,8.0,5.0,5187,0.455456,8_5
721,487744,864691136041512790,excitatory_neuron,23P,L2/3,RL,none,none,1114.4749574926573,202.96766676914245,1030.4400000000003,8.0,5.0,4609,0.455396,8_5
722,328513,864691136120658712,excitatory_neuron,23P,L2/3,V1,axon_partially_extended,dendrite_extended,760.1892360886437,186.55517709701724,913.5600000000003,8.0,5.0,1982,0.455299,8_5
723,582266,864691135342027717,excitatory_neuron,23P,L2/3,AL,none,none,1301.0087893796565,215.8180610647556,802.4400000000003,8.0,5.0,2495,0.454445,8_5
724,428415,864691135948237921,excitatory_neuron,4P,L4,V1,none,none,940.1785227445865,345.438877510511,844.2000000000003,8.0,5.0,8159,0.454301,8_5
725,370073,864691135762653750,excitatory_neuron,5P-NP,L5,V1,none,none,826.9948519974694,475.974999975552,899.2000000000003,8.0,5.0,9940,0.453659,8_5
726,190126,864691135463211677,excitatory_neuron,23P,L2/3,V1,none,none,505.39992254012526,220.2851780675889,732.5200000000001,8.0,5.0,5080,0.453589,8_5
727,422502,864691135654043586,excitatory_neuron,23P,L2/3,V1,none,none,942.1204930741644,185.19033730112557,991.7200000000003,8.0,5.0,2840,0.453387,8_5
728,369643,864691136310693466,excitatory_neuron,5P-IT,L5,V1,none,none,793.6575351600472,485.45754531324127,807.4400000000003,8.0,5.0,9956,0.453292,8_5
729,392338,864691135778046909,excitatory_neuron,23P,L2/3,V1,none,none,885.3895262691616,209.45825450408464,733.3600000000001,8.0,5.0,1841,0.453178,8_5
730,583729,864691136136766845,excitatory_neuron,23P,L2/3,AL,axon_interareal,dendrite_clean,1317.6478384182747,235.6477075338801,736.6400000000001,8.0,5.0,5181,0.453008,8_5
731,460585,864691135257122479,excitatory_neuron,4P,L4,RL,none,none,1005.4005438642034,347.48313020336786,1060.1600000000003,8.0,5.0,8349,0.4526,8_5
732,518791,864691135338802150,excitatory_neuron,23P,L2/3,RL,none,none,1157.4045870670395,207.9441676087209,897.8400000000003,8.0,5.0,2667,0.452016,8_5
733,224594,864691135947907876,excitatory_neuron,23P,L2/3,V1,none,none,574.2636339505606,187.31357909543888,961.2400000000002,8.0,5.0,2269,0.451899,8_5
734,553556,864691135720638769,excitatory_neuron,23P,L2/3,RL,axon_fully_extended,dendrite_extended,1230.7141990653663,218.1483512926222,880.0000000000002,8.0,5.0,5370,0.451688,8_5
735,666285,864691136024618041,excitatory_neuron,5P-IT,L5,AL,none,none,1387.618502915834,484.4849536160734,944.9600000000003,8.0,5.0,10241,0.451613,8_5
736,658789,864691135800741986,excitatory_neuron,4P,L4,AL,none,none,1390.7688403141701,340.53173816648143,885.6400000000002,8.0,5.0,8125,0.451405,8_5
737,257911,864691135800856418,excitatory_neuron,23P,L2/3,V1,none,none,614.6464733569657,216.99411887281627,771.0400000000001,8.0,5.0,5396,0.451391,8_5
738,557031,864691135569225196,excitatory_neuron,4P,L4,RL,none,none,1209.8058665058584,340.3751800233924,993.2800000000002,8.0,5.0,7517,0.450955,8_5
739,400914,864691135479411910,excitatory_neuron,5P-ET,L5,V1,none,none,886.3569145241349,482.58188582141344,760.8800000000001,8.0,5.0,9902,0.45089,8_5
740,327915,864691135463221661,excitatory_neuron,23P,L2/3,V1,none,none,738.8216890654393,222.9754628483832,762.2400000000001,8.0,5.0,4889,0.450048,8_5
741,258532,864691135539306098,excitatory_neuron,23P,L2/3,V1,none,none,617.4977685653852,198.3557008167032,946.6400000000002,8.0,5.0,5026,0.449976,8_5
742,328953,864691135618911887,excitatory_neuron,23P,L2/3,V1,none,none,774.4405680906553,202.8352129743866,1043.4000000000003,8.0,5.0,5139,0.449839,8_5
743,164598,864691135885652848,excitatory_neuron,5P-ET,L5,V1,none,none,449.7370073408161,468.7954921221861,763.0400000000001,8.0,5.0,10385,0.449303,8_5
744,293627,864691135455035242,excitatory_neuron,23P,L2/3,V1,none,none,717.2343467818741,203.16260810374334,628.0400000000001,8.0,5.0,2546,0.44928,8_5
745,258809,864691135274694673,excitatory_neuron,23P,L2/3,V1,none,none,634.6959437340175,188.2963416487922,966.2800000000002,8.0,5.0,5178,0.449258,8_5
746,159219,864691134918409738,excitatory_neuron,4P,L4,V1,none,none,437.0368701839206,339.3239238293905,777.4800000000001,8.0,5.0,8130,0.449001,8_5
747,328465,864691135816693327,excitatory_neuron,23P,L2/3,V1,axon_partially_extended,dendrite_extended,794.114869622622,191.64335293106683,879.0000000000002,8.0,5.0,1948,0.44833,8_5
748,298688,864691135463993669,excitatory_neuron,4P,L4,V1,none,none,699.1849106372757,344.8486542722425,802.4800000000002,8.0,5.0,7912,0.448143,8_5
749,401541,864691135511543561,excitatory_neuron,5P-ET,L5,V1,none,none,879.1485328076914,489.33934814317615,836.8800000000002,8.0,5.0,10504,0.44805,8_5
750,583842,864691135446939476,excitatory_neuron,23P,L2/3,RL,none,none,1270.9525603603,227.45075400903886,796.6800000000003,8.0,5.0,5561,0.447586,8_5
751,262985,864691135545644584,excitatory_neuron,4P,L4,V1,none,none,607.687135289302,329.5840111263396,925.9600000000003,8.0,5.0,8005,0.446667,8_5
752,299661,864691135463875653,excitatory_neuron,4P,L4,V1,none,none,692.3916395143914,342.4554749118544,1048.2000000000003,8.0,5.0,8189,0.446519,8_5
753,453451,864691135698285077,excitatory_neuron,23P,L2/3,V1,none,none,1014.9423652572115,195.09487140202867,663.7200000000001,8.0,5.0,1729,0.446427,8_5
754,223855,864691135509643017,excitatory_neuron,23P,L2/3,V1,none,none,559.7847325428103,203.0073793370835,713.4800000000001,8.0,5.0,2638,0.44642,8_5
755,392668,864691136662935518,excitatory_neuron,23P,L2/3,V1,none,none,878.5349553252602,212.90595883813378,832.4800000000002,8.0,5.0,5735,0.44639,8_5
756,455700,864691135618458217,excitatory_neuron,23P,L2/3,V1,none,none,1041.7275643046535,225.25612800696638,822.6800000000003,8.0,5.0,4662,0.446334,8_5
757,397167,864691135466283333,excitatory_neuron,4P,L4,V1,axon_partially_extended,dendrite_extended,903.6190190923326,346.2234925121762,964.7600000000002,8.0,5.0,7764,0.445926,8_5
758,454482,864691136287519939,excitatory_neuron,23P,L2/3,RL,none,none,1042.6779863160234,194.56617821879783,979.6000000000003,8.0,5.0,5769,0.445897,8_5
759,455543,864691136085059180,excitatory_neuron,23P,L2/3,V1,none,none,1045.3051803778421,232.828753920932,763.1600000000001,8.0,5.0,4629,0.445885,8_5
760,190483,864691136389683216,excitatory_neuron,23P,L2/3,V1,none,none,532.3056979906476,200.60327532913217,787.0000000000002,8.0,5.0,2612,0.445819,8_5
761,109255,864691136324904087,excitatory_neuron,23P,L2/3,V1,none,none,405.3803129994915,205.49561595983332,680.3200000000002,8.0,5.0,5129,0.445797,8_5
762,294313,864691135725191083,excitatory_neuron,23P,L2/3,V1,none,none,721.3515228639794,212.64552902026153,775.9600000000002,8.0,5.0,2582,0.445508,8_5
763,299253,864691135325413788,excitatory_neuron,4P,L4,V1,axon_partially_extended,dendrite_extended,670.2880028896527,334.41843267222987,961.0400000000003,8.0,5.0,7955,0.44448,8_5
764,155512,864691135213932160,excitatory_neuron,23P,L2/3,V1,none,none,465.0290194007606,188.99957083819288,925.4400000000003,8.0,5.0,2258,0.443824,8_5
765,428864,864691136136383883,excitatory_neuron,4P,L4,V1,axon_partially_extended,dendrite_extended,944.1951219454153,340.6507268382889,989.6000000000003,8.0,5.0,7727,0.443351,8_5
766,425296,864691135346786719,excitatory_neuron,4P,L4,V1,none,none,964.9348730986064,322.4209454324763,684.6400000000001,8.0,5.0,7658,0.443251,8_5
767,486659,864691135783848499,excitatory_neuron,23P,L2/3,RL,none,none,1110.136396838687,208.49858309935564,689.4400000000002,8.0,5.0,1651,0.443141,8_5
768,531143,864691135915709030,excitatory_neuron,5P-ET,L5,RL,none,none,1148.0921853798372,492.824594354428,927.1600000000002,8.0,5.0,9816,0.442354,8_5
769,337250,864691135697586586,excitatory_neuron,5P-ET,L5,V1,none,none,771.3035546844097,468.5328640194967,724.7200000000001,8.0,5.0,10363,0.442291,8_5
770,190513,864691135066232644,excitatory_neuron,23P,L2/3,V1,none,none,489.23349789999384,203.13090412915156,817.4000000000002,8.0,5.0,2183,0.441995,8_5
771,327501,864691135640519995,excitatory_neuron,23P,L2/3,V1,none,none,771.6393011244273,205.48113500345679,666.6400000000001,8.0,5.0,2468,0.44173,8_5
772,424210,864691136137658493,excitatory_neuron,23P,L2/3,V1,none,none,966.1137891390041,200.26686156718065,932.0800000000003,8.0,5.0,4727,0.440807,8_5
773,224016,864691135719395377,excitatory_neuron,23P,L2/3,V1,none,none,554.9297619039122,210.03498291835055,751.9600000000002,8.0,5.0,2118,0.440797,8_5
774,190676,864691135749458217,excitatory_neuron,23P,L2/3,V1,none,none,536.7128705627401,201.63129766342027,851.3200000000003,8.0,5.0,5339,0.440213,8_5
775,582671,864691136175784966,excitatory_neuron,23P,L2/3,RL,none,none,1288.1163717479944,208.9723628818965,950.6000000000003,8.0,5.0,5704,0.440076,8_5
776,666122,864691135594246187,excitatory_neuron,5P-ET,L5,AL,none,none,1385.0666260029043,482.07738134898426,896.3200000000003,8.0,5.0,9751,0.439896,8_5
777,488589,864691135213714560,excitatory_neuron,23P,L2/3,RL,none,none,1112.7060192737013,229.7955819616712,738.1200000000001,8.0,5.0,5657,0.439733,8_5
778,261761,864691136362342626,excitatory_neuron,4P,L4,V1,none,none,621.411508237652,330.5920047645138,673.0000000000001,8.0,5.0,8254,0.439072,8_5
779,614654,864691136228367697,excitatory_neuron,4P,L4,RL,axon_partially_extended,dendrite_extended,1340.0960088281176,336.6766400891173,899.1600000000002,8.0,5.0,7405,0.438927,8_5
780,190156,864691136913401841,excitatory_neuron,23P,L2/3,V1,none,none,529.9333276583424,215.23619229761098,740.7600000000001,8.0,5.0,2227,0.438735,8_5
781,487512,864691135272206865,excitatory_neuron,23P,L2/3,RL,axon_interareal,dendrite_extended,1100.0022409187804,201.70146813850448,955.3200000000003,8.0,5.0,2491,0.438659,8_5
782,582873,864691135360132423,excitatory_neuron,23P,L2/3,RL,none,none,1269.1830439225726,202.8830429317607,1050.2000000000003,8.0,5.0,5507,0.438511,8_5
783,658802,864691136391341439,excitatory_neuron,4P,L4,AL,none,none,1405.1936383542538,332.79951872425136,892.8000000000003,8.0,5.0,7365,0.438334,8_5
784,557067,864691135777319341,excitatory_neuron,4P,L4,RL,none,none,1248.5027433438197,334.2525365593624,987.7200000000003,8.0,5.0,8198,0.438264,8_5
785,488667,864691135356163279,excitatory_neuron,23P,L2/3,RL,none,none,1114.0145584705965,224.38503992134036,763.0800000000002,8.0,5.0,4562,0.437836,8_5
786,392364,864691135940346534,excitatory_neuron,23P,L2/3,V1,none,none,897.7257656330536,224.864052320386,731.6000000000001,8.0,5.0,4748,0.437388,8_5
787,583930,864691135841940963,excitatory_neuron,23P,L2/3,RL,none,none,1270.102194833313,226.15571174312157,842.2000000000003,8.0,5.0,5434,0.437201,8_5
788,361732,864691137054683510,excitatory_neuron,23P,L2/3,V1,none,none,857.1956158966871,206.41340673960215,959.8400000000003,8.0,5.0,5696,0.436947,8_5
789,194722,864691136724748797,excitatory_neuron,4P,L4,V1,none,none,515.995200518928,340.77110270840285,799.6800000000003,8.0,5.0,8052,0.436403,8_5
790,361558,864691135335382249,excitatory_neuron,23P,L2/3,V1,none,none,860.89583161191,202.30426526469324,901.6000000000003,8.0,5.0,4814,0.435863,8_5
791,257545,864691136389166199,excitatory_neuron,23P,L2/3,V1,none,none,657.8405505795623,209.40183984156576,646.8800000000001,8.0,5.0,5536,0.435546,8_5
792,257659,864691135741421931,excitatory_neuron,23P,L2/3,V1,none,none,669.6872003548518,201.7652840012911,683.5200000000001,8.0,5.0,2002,0.435391,8_5
793,589444,864691136109459384,excitatory_neuron,5P-IT,L5,RL,none,none,1257.921966148281,476.9926451265058,1027.5600000000002,8.0,5.0,10435,0.435199,8_5
794,392849,864691136136073867,excitatory_neuron,23P,L2/3,V1,none,none,868.0756009805826,202.48270240396337,891.3200000000003,8.0,5.0,4813,0.434921,8_5
795,396646,864691135749099561,excitatory_neuron,4P,L4,V1,none,none,919.677670397837,346.9859977568959,805.9200000000003,8.0,5.0,8548,0.434852,8_5
796,224345,864691135865245054,excitatory_neuron,23P,L2/3,V1,none,none,572.6914274374195,203.81534647593583,873.6000000000003,8.0,5.0,5058,0.434648,8_5
797,553613,864691135293480972,excitatory_neuron,23P,L2/3,RL,none,none,1203.3929660900221,216.14351995134558,915.4000000000002,8.0,5.0,5761,0.434543,8_5
798,487684,864691135776924333,excitatory_neuron,23P,L2/3,RL,none,none,1108.3693948624975,194.91689631103137,1016.4800000000002,8.0,5.0,2818,0.434449,8_5
799,392334,864691135082714871,excitatory_neuron,23P,L2/3,V1,none,none,882.0823405648629,225.2300306474771,720.8800000000001,8.0,5.0,5490,0.434033,8_5
800,294583,864691135743102827,excitatory_neuron,23P,L2/3,V1,axon_fully_extended,dendrite_extended,709.46883300006,204.5390367086691,849.0800000000003,8.0,5.0,2557,0.433842,8_5
801,518734,864691136009511596,excitatory_neuron,23P,L2/3,RL,none,none,1176.4924216757731,204.92429046724033,850.3200000000003,8.0,5.0,2835,0.433772,8_5
802,365356,864691136066746264,excitatory_neuron,4P,L4,V1,none,none,846.671840929861,349.4645521123241,762.0800000000002,8.0,5.0,7782,0.433649,8_5
803,460213,864691135926601998,excitatory_neuron,5P-ET,L4,RL,none,none,1051.8072126304974,345.7611853681715,979.8400000000003,8.0,5.0,7642,0.433635,8_5
804,428905,864691135926593294,excitatory_neuron,4P,L4,V1,none,none,967.1210607938305,334.8829057662781,975.6000000000003,8.0,5.0,7694,0.433397,8_5
805,586137,864691135719446833,excitatory_neuron,4P,L4,RL,none,none,1313.611644448782,340.527027527102,934.4400000000003,8.0,5.0,8713,0.433232,8_5
806,455151,864691135842107363,excitatory_neuron,23P,L2/3,V1,none,none,1018.4092601335288,207.60463462586964,665.4400000000002,8.0,5.0,5195,0.433074,8_5
807,360872,864691136090181175,excitatory_neuron,23P,L2/3,V1,none,none,805.0605187623956,215.60049326352245,719.9600000000002,8.0,5.0,1907,0.432574,8_5
808,194144,864691135614842827,excitatory_neuron,4P,L4,V1,none,none,484.03480350901486,330.8437941623397,718.0400000000001,8.0,5.0,8632,0.432421,8_5
809,397152,864691135874501774,excitatory_neuron,4P,L4,V1,none,none,888.2687696638812,337.36391676136697,954.5200000000002,8.0,5.0,7763,0.432068,8_5
810,556964,864691135738382212,excitatory_neuron,4P,L4,RL,none,none,1227.7508824579572,338.66869753625133,963.5200000000002,8.0,5.0,7483,0.43197,8_5
811,267459,864691135566519639,inhibitory_neuron,MC,L5,V1,none,none,584.1259155348814,467.447126293827,944.4000000000002,8.0,5.0,10151,0.431421,8_5
812,553323,864691135570243974,excitatory_neuron,23P,L2/3,RL,none,none,1254.7758757608196,219.22556371525587,788.9200000000003,8.0,5.0,1575,0.431204,8_5
813,553589,864691135257404079,excitatory_neuron,23P,L2/3,RL,axon_interareal,dendrite_clean,1261.5155347386205,202.40495620949235,874.4400000000003,8.0,5.0,1578,0.431125,8_5
814,262010,864691135918884272,excitatory_neuron,4P,L4,V1,none,none,656.2257149175223,332.86691954341757,717.0800000000002,8.0,5.0,7938,0.430643,8_5
815,337889,864691135123043111,excitatory_neuron,5P-ET,L5,V1,none,none,749.1833576226949,476.10577904284776,881.1200000000002,8.0,5.0,10319,0.430629,8_5
816,587352,864691135341019845,excitatory_neuron,4P,L5,AL,none,none,1294.2482640786397,361.3827600877478,773.4000000000001,8.0,5.0,8399,0.43049,8_5
817,397372,864691135213462656,excitatory_neuron,4P,L4,V1,none,none,906.4019914920156,346.7239489264652,1014.6400000000002,8.0,5.0,7766,0.430443,8_5
818,618276,864691135307460422,excitatory_neuron,5P-ET,L5,AL,none,none,1364.1822810944875,469.64990043987467,895.9600000000003,8.0,5.0,9764,0.430224,8_5
819,228316,864691135874469006,excitatory_neuron,4P,L4,V1,none,none,542.5448820228788,333.9711841766285,884.6000000000003,8.0,5.0,8140,0.430222,8_5
820,361101,864691136119177752,excitatory_neuron,23P,L2/3,V1,none,none,840.9099442299047,215.5889325753111,764.1600000000001,8.0,5.0,1881,0.429103,8_5
821,224309,864691135257459887,excitatory_neuron,23P,L2/3,V1,none,none,555.8946346438601,188.72598996711739,870.4000000000002,8.0,5.0,2577,0.42815,8_5
822,455372,864691135693713087,excitatory_neuron,23P,L2/3,V1,none,none,1041.0627745484103,213.7624508503732,735.4400000000002,8.0,5.0,2538,0.427745,8_5
823,391296,864691135696626074,excitatory_neuron,23P,L2/3,V1,none,none,888.8655538415964,183.67911285204983,958.3600000000002,8.0,5.0,1859,0.427732,8_5
824,460521,864691135938721333,excitatory_neuron,4P,L4,RL,none,none,1030.6289695722494,349.1763756946056,1053.3600000000004,8.0,5.0,8183,0.427414,8_5
825,391370,864691135927455700,excitatory_neuron,23P,L2/3,V1,none,none,876.3597500994764,184.89779770203418,992.4400000000003,8.0,5.0,1895,0.426731,8_5
826,531162,864691136578257428,excitatory_neuron,5P-IT,L5,RL,none,none,1163.0557630968688,488.48022444541317,912.4400000000003,8.0,5.0,10205,0.426307,8_5
827,428736,864691135348849623,excitatory_neuron,4P,L4,V1,none,none,983.7049370234276,338.45387443057666,907.4800000000002,8.0,5.0,8485,0.426241,8_5
828,391404,864691135693630143,excitatory_neuron,23P,L2/3,V1,none,none,909.3171004562462,191.5073714750645,967.4400000000003,8.0,5.0,2719,0.426115,8_5
829,459565,864691136390184311,excitatory_neuron,4P,L4,V1,none,none,1022.7055385698627,339.87440637889523,842.2400000000002,8.0,5.0,7635,0.426109,8_5
830,224191,864691135281088929,excitatory_neuron,23P,L2/3,V1,none,none,597.5421698388427,212.02848485892412,781.1200000000001,8.0,5.0,2319,0.425903,8_5
831,487678,864691135133383840,excitatory_neuron,23P,L2/3,RL,none,none,1100.5177549279852,191.40321016415203,1026.5200000000002,8.0,5.0,2661,0.425688,8_5
832,424107,864691135083245559,excitatory_neuron,23P,L2/3,V1,none,none,964.9249017218992,215.32454222223006,885.1600000000002,8.0,5.0,4725,0.425535,8_5
833,610638,864691135940833958,excitatory_neuron,23P,L2/3,AL,none,none,1368.008737123026,210.7582371166582,828.0000000000002,8.0,5.0,1499,0.425169,8_5
834,522589,864691135213717120,excitatory_neuron,4P,L4,RL,none,none,1145.8637722353656,339.8562847512374,959.5600000000003,8.0,5.0,8760,0.425091,8_5
835,327452,864691135489438522,excitatory_neuron,23P,L2/3,V1,none,none,739.9387275927928,196.98993639752194,664.6000000000001,8.0,5.0,2418,0.424978,8_5
836,223832,864691135610249479,excitatory_neuron,23P,L2/3,V1,none,none,550.7776729964082,214.16883508118644,692.2800000000001,8.0,5.0,5359,0.424508,8_5
837,293695,864691135856753198,excitatory_neuron,23P,L2/3,V1,none,none,692.8132813463428,205.45891012950108,654.0400000000001,8.0,5.0,5372,0.424467,8_5
838,190243,864691135526892891,excitatory_neuron,23P,L2/3,V1,none,none,499.05439166216956,204.69681016466492,758.6000000000001,8.0,5.0,2633,0.423687,8_5
839,258284,864691135455400554,excitatory_neuron,23P,L2/3,V1,axon_partially_extended,dendrite_clean,631.6181772087806,194.83698574674847,857.8800000000002,8.0,5.0,2331,0.423285,8_5
840,487867,864691135726325311,excitatory_neuron,23P,L2/3,RL,none,none,1080.9782205926022,209.8664858745016,1086.2400000000002,8.0,5.0,5384,0.423095,8_5
841,261987,864691136391314047,excitatory_neuron,4P,L4,V1,none,none,638.9381766245622,333.66725682821317,698.4800000000001,8.0,5.0,7937,0.423091,8_5
842,360826,864691135397188641,excitatory_neuron,23P,L2/3,V1,none,none,846.0041606065068,222.71604359650047,697.2400000000001,8.0,5.0,4778,0.422932,8_5
843,582136,864691136119594520,excitatory_neuron,23P,L2/3,AL,none,none,1268.2149920328725,224.9626913786643,769.2800000000001,8.0,5.0,2841,0.421998,8_5
844,396285,864691136379209429,excitatory_neuron,4P,L4,V1,none,none,897.789291332967,346.03467976980323,720.4000000000001,8.0,5.0,7713,0.421296,8_5
845,396656,864691136267162868,excitatory_neuron,4P,L4,V1,none,none,861.0528533835036,345.90439245183484,816.6000000000003,8.0,5.0,8414,0.420829,8_5
846,518863,864691136974910236,excitatory_neuron,23P,L2/3,RL,none,none,1162.7433958613733,208.6039862637659,927.4000000000002,8.0,5.0,5488,0.420267,8_5
847,190597,864691135304040359,excitatory_neuron,23P,L2/3,V1,none,none,483.90104740516483,200.92977448276588,867.8400000000003,8.0,5.0,5245,0.419266,8_5
848,263275,864691136334772403,excitatory_neuron,4P,L4,V1,none,none,639.118290071524,333.81150365217644,992.6800000000003,8.0,5.0,8008,0.419183,8_5
849,156918,864691135545137960,excitatory_neuron,23P,L2/3,V1,none,none,447.0517207285551,225.58797594760318,731.7200000000001,8.0,5.0,5376,0.418911,8_5
850,490386,864691136418979223,excitatory_neuron,4P,L4,RL,none,none,1082.0531503679504,337.10033538782125,702.3600000000001,8.0,5.0,8456,0.418873,8_5
851,294410,864691136814478451,excitatory_neuron,23P,L2/3,V1,none,none,711.8486310732243,212.5850673530902,804.5600000000003,8.0,5.0,2010,0.418776,8_5
852,262388,864691135568834796,excitatory_neuron,4P,L4,V1,none,none,598.864148671583,338.6415036680727,798.2800000000002,8.0,5.0,8531,0.418765,8_5
853,525154,864691136422858543,excitatory_neuron,4P,L4,RL,none,none,1156.6666773932368,355.89886684234887,874.5200000000002,8.0,5.0,7541,0.418672,8_5
854,518939,864691135989817088,excitatory_neuron,23P,L2/3,RL,axon_partially_extended,dendrite_extended,1184.1804507784227,187.54420990019997,940.0800000000003,8.0,5.0,1631,0.418437,8_5
855,519219,864691135468879186,excitatory_neuron,23P,L2/3,RL,none,none,1157.402130427379,202.09770594674774,1078.6000000000004,8.0,5.0,5322,0.418204,8_5
856,262094,864691135294155020,excitatory_neuron,4P,L4,V1,none,none,628.0375559782149,345.1770031991994,738.4000000000001,8.0,5.0,8207,0.417849,8_5
857,461253,864691135469024338,excitatory_neuron,5P-ET,L5,V1,none,none,1002.0626074561691,463.4735885891157,701.1600000000001,8.0,5.0,10359,0.417257,8_5
858,231933,864691135502644317,excitatory_neuron,5P-ET,L5,V1,none,none,522.8671705803954,467.0987491975,710.2000000000002,8.0,5.0,10047,0.416553,8_5
859,459767,864691135213268608,excitatory_neuron,4P,L4,RL,none,none,1027.5143826264136,341.45152617135733,876.7600000000002,8.0,5.0,8744,0.416441,8_5
860,488509,864691135865822078,excitatory_neuron,23P,L2/3,RL,none,none,1127.73659042304,229.82569715150277,694.2800000000001,8.0,5.0,4557,0.416252,8_5
861,189871,864691136137411709,excitatory_neuron,23P,L2/3,V1,none,none,492.7154503712269,208.12538177832303,676.6400000000001,8.0,5.0,2145,0.414321,8_5
862,392982,864691135916541542,excitatory_neuron,23P,L2/3,V1,none,none,890.7139421567941,205.876678949175,934.2800000000002,8.0,5.0,4788,0.414133,8_5
863,455350,864691135866603141,excitatory_neuron,23P,L2/3,V1,none,none,1010.4819852931754,210.83000059045358,734.6800000000002,8.0,5.0,2660,0.413968,8_5
864,521303,864691135490944359,excitatory_neuron,4P,L4,RL,none,none,1129.782028727749,340.82635987989204,685.8400000000001,8.0,5.0,8608,0.412837,8_5
865,455353,864691135447581268,excitatory_neuron,23P,L2/3,V1,none,none,1010.0302855665255,226.27339915932257,735.4000000000001,8.0,5.0,5547,0.412551,8_5
866,614746,864691136041672534,excitatory_neuron,4P,L4,RL,none,none,1345.1646185410698,334.55030719472705,907.0400000000003,8.0,5.0,7404,0.412417,8_5
867,190561,864691135397212449,excitatory_neuron,23P,L2/3,V1,none,none,525.8575961667715,206.01387519134005,835.3200000000003,8.0,5.0,5087,0.412349,8_5
868,365191,864691136483775788,excitatory_neuron,4P,L4,V1,none,none,838.6345095808508,345.87037560215924,740.6400000000001,8.0,5.0,7784,0.412017,8_5
869,194440,864691135848916574,excitatory_neuron,4P,L4,V1,none,none,475.78640536936547,338.4739338812327,765.4800000000001,8.0,5.0,8083,0.411567,8_5
870,365951,864691136111461560,excitatory_neuron,4P,L4,V1,none,none,831.9869881239905,335.20241110650306,927.6000000000003,8.0,5.0,8606,0.411549,8_5
871,190813,864691135701350267,excitatory_neuron,23P,L2/3,V1,none,none,493.888326395816,186.64185334766373,933.0000000000002,8.0,5.0,2720,0.411159,8_5
872,553992,864691136724607229,excitatory_neuron,23P,L2/3,RL,none,none,1261.6510822671728,208.1988173458593,1034.6000000000004,8.0,5.0,4494,0.41113,8_5
873,519642,864691135544378664,excitatory_neuron,23P,L2/3,RL,none,none,1178.1542226007502,218.2397954777814,674.7200000000001,8.0,5.0,4505,0.410761,8_5
874,396734,864691135869526550,excitatory_neuron,4P,L4,V1,none,none,856.4694690242933,337.3443506402695,864.6000000000003,8.0,5.0,7792,0.410752,8_5
875,365971,864691135572282917,excitatory_neuron,4P,L4,V1,none,none,848.4759810836013,334.7176769753446,928.5600000000003,8.0,5.0,8676,0.409813,8_5
876,432763,864691135546276904,excitatory_neuron,5P-ET,L5,V1,none,none,969.6833138366068,480.36381963247845,937.2400000000002,8.0,5.0,10484,0.409555,8_5
877,496558,864691136101017973,excitatory_neuron,5P-IT,L5,RL,none,none,1073.9323234982776,491.60449365857073,748.4800000000001,8.0,5.0,10550,0.409209,8_5
878,611005,864691135616851817,excitatory_neuron,23P,L2/3,RL,none,none,1362.4116655143516,205.70719946015936,945.5600000000003,8.0,5.0,1505,0.409111,8_5
879,266239,864691136272926654,inhibitory_neuron,MC,L5,V1,none,none,608.5190333108565,460.3300439444781,675.7600000000001,8.0,5.0,10351,0.40798,8_5
880,487505,864691136065296792,excitatory_neuron,23P,L2/3,RL,none,none,1088.0550720840915,200.20651501701954,941.7200000000003,8.0,5.0,1714,0.407477,8_5
881,586241,864691135416835514,excitatory_neuron,4P,L4,RL,none,none,1253.092486002535,341.2712673795869,973.2800000000002,8.0,5.0,8503,0.407454,8_5
882,328026,864691135133494944,excitatory_neuron,23P,L2/3,V1,none,none,791.2493549731327,221.45906465816736,756.8000000000002,8.0,5.0,4831,0.407312,8_5
883,454361,864691135082723063,excitatory_neuron,23P,L2/3,RL,none,none,1043.4597977467654,194.44184444719443,948.2000000000003,8.0,5.0,1740,0.407027,8_5
884,531378,864691135697234842,excitatory_neuron,5P-IT,L5,RL,none,none,1151.1229871688809,491.22666553388285,1022.6800000000003,8.0,5.0,10311,0.406416,8_5
885,190442,864691135839150739,excitatory_neuron,23P,L2/3,V1,none,none,509.5854214309672,210.62922451370505,797.4400000000003,8.0,5.0,5084,0.406389,8_5
886,223713,864691136195103308,excitatory_neuron,23P,L2/3,V1,none,none,599.7034155586314,203.4803214925223,634.3200000000002,8.0,5.0,4979,0.406266,8_5
887,294955,864691135279338913,excitatory_neuron,23P,L2/3,V1,none,none,726.8892887162806,188.26741101732532,947.6800000000003,8.0,5.0,2017,0.405703,8_5
888,258299,864691135850033758,excitatory_neuron,23P,L2/3,V1,axon_fully_extended,dendrite_extended,642.4495790706682,193.66454312286567,870.4000000000002,8.0,5.0,2068,0.404955,8_5
889,459651,864691135341766065,excitatory_neuron,4P,L4,V1,none,none,1025.5833942395323,344.43056558864106,859.9200000000003,8.0,5.0,7636,0.404948,8_5
890,366352,864691136013489827,excitatory_neuron,4P,L4,V1,none,none,830.2042638646707,340.8926896774724,1040.4400000000003,8.0,5.0,8128,0.40466,8_5
891,392597,864691135700682107,excitatory_neuron,23P,L2/3,V1,none,none,909.5676177727761,215.81369841012645,799.6000000000003,8.0,5.0,5664,0.404632,8_5
892,487699,864691135374144841,excitatory_neuron,23P,L2/3,RL,none,none,1128.6950470416061,204.91845256462943,1016.7600000000002,8.0,5.0,4608,0.404529,8_5
893,553325,864691136108938168,excitatory_neuron,23P,L2/3,RL,axon_interareal,dendrite_extended,1254.241171209347,223.86862940966878,781.0400000000001,8.0,5.0,2760,0.40425,8_5
894,455637,864691135640227131,excitatory_neuron,23P,L2/3,V1,none,none,1051.6201913128268,227.4707545843302,789.4000000000002,8.0,5.0,4632,0.404065,8_5
895,365720,864691135503836253,excitatory_neuron,4P,L4,V1,axon_partially_extended,dendrite_extended,796.6564292810697,339.5637462056338,849.0000000000002,8.0,5.0,8173,0.403657,8_5
896,610745,864691136066690456,excitatory_neuron,23P,L2/3,AL,none,none,1349.6333216949438,208.57239635269664,872.4800000000002,8.0,5.0,4418,0.403632,8_5
897,228125,864691135441917512,excitatory_neuron,4P,L4,V1,none,none,573.1296885817121,339.79498703719577,833.5600000000003,8.0,5.0,8425,0.403601,8_5
898,392790,864691136451377407,excitatory_neuron,23P,L2/3,V1,none,none,885.7163431797475,215.26884954305908,861.9200000000003,8.0,5.0,4786,0.403352,8_5
899,401797,864691135585875836,excitatory_neuron,5P-ET,L5,V1,none,none,864.3298666028376,481.7469248206048,926.0800000000003,8.0,5.0,9926,0.403124,8_5
900,421645,864691135781751632,excitatory_neuron,23P,L2/3,V1,none,none,963.1235937866487,198.46338610165503,675.4800000000001,8.0,5.0,1756,0.402673,8_5
901,299584,864691135431658800,excitatory_neuron,4P,L4,V1,none,none,716.9736856764935,339.78779005710123,1018.2400000000002,8.0,5.0,7924,0.402563,8_5
902,164013,864691135386226517,excitatory_neuron,5P-IT,L5,V1,none,none,440.53503668761124,439.59436844350626,634.1200000000001,8.0,5.0,10529,0.402535,8_5
903,558773,864691136419115159,excitatory_neuron,5P-IT,L4,RL,none,none,1226.0104987648945,353.42115064076665,806.9600000000003,8.0,5.0,8227,0.4017,8_5
904,522760,864691135489512250,excitatory_neuron,4P,L4,RL,none,none,1129.0480780089235,344.8095490973829,1016.3600000000002,8.0,5.0,8527,0.401538,8_5
905,582210,864691135517531786,excitatory_neuron,23P,L2/3,AL,axon_interareal,dendrite_extended,1323.449560696207,225.87617732568103,759.6000000000001,8.0,5.0,1524,0.401282,8_5
906,327485,864691135509390345,excitatory_neuron,23P,L2/3,V1,none,none,764.7225343837857,205.96815230864468,671.2000000000002,8.0,5.0,2330,0.40116,8_5
907,456986,864691135687826400,excitatory_neuron,4P,L4,V1,none,none,1024.3009529288702,331.9191838789853,685.0400000000001,8.0,5.0,8486,0.400919,8_5
908,190826,864691135943147380,excitatory_neuron,23P,L2/3,V1,none,none,508.4081811715173,198.38402458183253,910.4800000000002,8.0,5.0,5118,0.400858,8_5
909,487475,864691136389302135,excitatory_neuron,23P,L2/3,RL,none,none,1128.5538637236411,194.04878526195972,925.3200000000003,8.0,5.0,2463,0.400268,8_5
910,361516,864691136067612824,excitatory_neuron,23P,L2/3,V1,none,none,837.2628780847484,197.7953599005262,898.7600000000002,8.0,5.0,1917,0.400194,8_5
911,328256,864691135689457632,excitatory_neuron,23P,L2/3,V1,none,none,800.3313847371613,215.3152365872253,824.7600000000002,8.0,5.0,2845,0.399579,8_5
912,328653,864691136052151283,excitatory_neuron,23P,L2/3,V1,none,none,760.0641219850716,187.25092019693793,979.5600000000003,8.0,5.0,1987,0.399169,8_5
913,423573,864691136091886516,excitatory_neuron,23P,L2/3,V1,none,none,995.2928900569261,217.01772989159073,732.0000000000001,8.0,5.0,5391,0.398632,8_5
914,459990,864691135655141058,excitatory_neuron,4P,L4,RL,none,none,1011.9259569016127,342.65749442233243,960.3200000000003,8.0,5.0,7668,0.398303,8_5
915,556646,864691136085320300,excitatory_neuron,4P,L4,RL,none,none,1190.2367082032267,346.6936592175146,862.7200000000003,8.0,5.0,7507,0.397444,8_5
916,518848,864691134884807418,excitatory_neuron,23P,L2/3,RL,axon_interareal,dendrite_extended,1148.8547473929461,198.4589056962962,919.5600000000003,8.0,5.0,1661,0.397022,8_5
917,154643,864691136297668379,excitatory_neuron,23P,L2/3,V1,none,none,425.61749802999555,215.03972105361458,696.7600000000001,8.0,5.0,5476,0.396889,8_5
918,331979,864691135293045174,excitatory_neuron,4P,L4,V1,none,none,753.1345813502872,327.40429684763046,666.4800000000001,8.0,5.0,7848,0.396598,8_5
919,425022,864691136311742013,excitatory_neuron,4P,L4,V1,none,none,934.3118589208681,320.70544589297225,655.0800000000002,8.0,5.0,7679,0.396206,8_5
920,232771,864691136032774075,excitatory_neuron,5P-ET,L5,V1,none,none,546.0642623077921,478.0582130252039,893.3200000000003,8.0,5.0,10518,0.395803,8_5
921,154911,864691135866142334,excitatory_neuron,23P,L2/3,V1,none,none,466.359379245216,210.50937062071665,756.1200000000001,8.0,5.0,5804,0.395664,8_5
922,164098,864691135012916118,excitatory_neuron,5P-ET,L5,V1,none,none,419.09624764099306,448.1905659874556,662.9200000000002,8.0,5.0,10252,0.395652,8_5
923,611322,864691135749574953,excitatory_neuron,23P,L2/3,RL,none,none,1351.8065615036505,203.55872816125694,1044.7600000000002,8.0,5.0,5453,0.395532,8_5
924,517899,864691136091534772,excitatory_neuron,23P,L2/3,RL,none,none,1138.2633137788541,207.16894576499186,666.7600000000001,8.0,5.0,2735,0.395516,8_5
925,393274,864691135693125567,excitatory_neuron,23P,L2/3,V1,none,none,897.1047036413742,204.05875275507123,1025.4000000000003,8.0,5.0,5616,0.395286,8_5
926,455341,864691135569140716,excitatory_neuron,23P,L2/3,V1,none,none,1002.0759012204613,228.33999289663328,739.8800000000001,8.0,5.0,4657,0.395226,8_5
927,294804,864691136484965164,excitatory_neuron,23P,L2/3,V1,none,none,678.3762579298333,189.0983838888462,916.4400000000003,8.0,5.0,2041,0.394525,8_5
928,294865,864691135817862735,excitatory_neuron,23P,L2/3,V1,none,none,726.5721248987061,190.42397474530125,919.3600000000002,8.0,5.0,2864,0.394217,8_5
929,582412,864691136724880893,excitatory_neuron,23P,L2/3,RL,axon_interareal,dendrite_clean,1269.7035868548528,214.556833535316,855.4800000000002,8.0,5.0,2349,0.394128,8_5
930,400317,864691135355935183,excitatory_neuron,5P-ET,L5,V1,none,none,891.414917346476,458.54726080979344,658.8000000000002,8.0,5.0,9890,0.393793,8_5
931,227784,864691136966611918,excitatory_neuron,4P,L4,V1,none,none,552.0215602836467,341.674444339825,751.6400000000001,8.0,5.0,8379,0.393307,8_5
932,327370,864691136009254318,excitatory_neuron,23P,L2/3,V1,none,none,756.5991347039542,202.62342367365554,637.8800000000001,8.0,5.0,5418,0.39254,8_5
933,327885,864691135576098334,excitatory_neuron,23P,L2/3,V1,none,none,793.2289265820219,215.72176352912766,748.9200000000002,8.0,5.0,4832,0.392352,8_5
934,258462,864691135344013233,excitatory_neuron,23P,L2/3,V1,none,none,640.9728048719742,192.18620826023417,922.6000000000003,8.0,5.0,2242,0.392255,8_5
935,261968,864691136923703780,excitatory_neuron,4P,L4,V1,none,none,629.6272767259321,327.0064119060059,701.4000000000001,8.0,5.0,8375,0.392122,8_5
936,190173,864691135292802230,excitatory_neuron,23P,L2/3,V1,none,none,537.2844533566887,216.3932882171927,719.4400000000002,8.0,5.0,5046,0.391417,8_5
937,428871,864691135811529420,excitatory_neuron,4P,L4,V1,none,none,946.0392616695066,339.39868982684374,973.3200000000003,8.0,5.0,7723,0.391294,8_5
938,392994,864691135693706687,excitatory_neuron,23P,L2/3,V1,none,none,900.6526957473145,199.48658215280955,912.8000000000003,8.0,5.0,1857,0.39119,8_5
939,455130,864691135616717673,excitatory_neuron,23P,L2/3,V1,none,none,998.9022398057608,211.74423822187265,667.5600000000002,8.0,5.0,5465,0.390912,8_5
940,614846,864691135700222754,excitatory_neuron,4P,L4,RL,none,none,1366.0878357566062,331.11280499814944,948.2800000000002,8.0,5.0,8259,0.390319,8_5
941,329040,864691136334995379,excitatory_neuron,23P,L2/3,V1,none,none,772.3181946779863,195.5183932351013,1064.6000000000004,8.0,5.0,2022,0.38987,8_5
942,553799,864691135446543762,excitatory_neuron,23P,L2/3,RL,none,none,1225.2501027018293,202.7655878565559,976.4800000000002,8.0,5.0,4521,0.389614,8_5
943,582986,864691135778128573,excitatory_neuron,23P,L2/3,RL,none,none,1317.2498373061521,207.15258691446968,1070.0800000000002,8.0,5.0,5429,0.389611,8_5
944,392341,864691135590799371,excitatory_neuron,23P,L2/3,V1,none,none,886.3371160620416,210.37633597347053,744.9600000000002,8.0,5.0,1845,0.389407,8_5
945,487667,864691135838036627,excitatory_neuron,23P,L2/3,RL,none,none,1093.2041143384522,192.75492808115092,1003.8400000000003,8.0,5.0,2494,0.388961,8_5
946,190465,864691135939322677,excitatory_neuron,23P,L2/3,V1,none,none,519.2086875116047,213.71970763795153,786.1200000000001,8.0,5.0,5085,0.388719,8_5
947,490222,864691135463826333,inhibitory_neuron,MC,L4,RL,none,none,1097.1705701800793,335.40344817181426,662.8800000000001,8.0,5.0,7527,0.3886,8_5
948,488651,864691136451988991,excitatory_neuron,23P,L2/3,RL,none,none,1099.9259413247246,220.1972000345919,756.4000000000001,8.0,5.0,4593,0.388055,8_5
949,326774,864691135639271483,excitatory_neuron,23P,L2/3,V1,none,none,787.9534694952265,179.09058445275372,1025.2800000000002,8.0,5.0,1989,0.387992,8_5
950,454671,864691135463681598,excitatory_neuron,23P,L2/3,RL,none,none,1021.5180378243205,194.83499010187302,1042.1200000000003,8.0,5.0,2710,0.387778,8_5
951,328215,864691134887418874,excitatory_neuron,23P,L2/3,V1,none,none,770.2574101957199,208.05850293628225,833.6000000000003,8.0,5.0,1947,0.387641,8_5
952,556774,864691135307796806,excitatory_neuron,4P,L4,RL,none,none,1214.5789017612874,346.76750217191,877.0000000000002,8.0,5.0,8537,0.387226,8_5
953,328485,864691135409737161,excitatory_neuron,23P,L2/3,V1,none,none,741.4872928593611,204.2565544289846,908.4000000000002,8.0,5.0,4895,0.387205,8_5
954,159311,864691135416554170,excitatory_neuron,4P,L4,V1,none,none,422.2038688942428,332.6296689238451,802.2400000000002,8.0,5.0,8595,0.386979,8_5
955,295278,864691136024757817,excitatory_neuron,23P,L2/3,V1,none,none,695.966682777421,192.17921392008145,1065.0800000000002,8.0,5.0,5375,0.386924,8_5
956,337846,864691136043384406,excitatory_neuron,5P-IT,L5,V1,none,none,721.2134619273774,479.31224357454903,899.8000000000003,8.0,5.0,10488,0.386184,8_5
957,456033,864691136090113591,excitatory_neuron,23P,L2/3,RL,none,none,1001.080219428157,203.00480547343713,939.2000000000003,8.0,5.0,5780,0.385892,8_5
958,393082,864691136912677873,excitatory_neuron,23P,L2/3,V1,none,none,894.5918725011956,201.2048852632369,959.1200000000002,8.0,5.0,4789,0.385875,8_5
959,428718,864691136390418815,excitatory_neuron,4P,L4,V1,none,none,975.1855594704281,344.775417130697,923.2000000000003,8.0,5.0,7693,0.385765,8_5
960,486857,864691135338692070,excitatory_neuron,23P,L2/3,RL,none,none,1089.0704934631246,209.16108968156968,759.6400000000001,8.0,5.0,1681,0.385563,8_5
961,360879,864691135294539446,excitatory_neuron,23P,L2/3,V1,none,none,810.4152233054909,212.40703444021597,734.2800000000001,8.0,5.0,2278,0.385122,8_5
962,610950,864691134965345055,excitatory_neuron,23P,L2/3,AL,none,none,1387.5633868752022,189.91923845861976,928.2400000000002,8.0,5.0,2533,0.385112,8_5
963,393805,864691135594359595,excitatory_neuron,4P,L4,V1,none,none,891.6173999587145,321.8527444282219,644.2400000000001,8.0,5.0,7708,0.384998,8_5
964,257762,864691135277396709,excitatory_neuron,23P,L2/3,V1,none,none,654.1410573744309,206.89386415883138,707.1600000000001,8.0,5.0,2380,0.384933,8_5
965,455752,864691135341401285,excitatory_neuron,23P,L2/3,V1,none,none,1011.3498072328615,205.3166563166938,870.8000000000003,8.0,5.0,1766,0.384579,8_5
966,257850,864691135456466026,excitatory_neuron,23P,L2/3,V1,none,none,643.6651425927772,212.08056498763648,745.9600000000002,8.0,5.0,2733,0.384332,8_5
967,294910,864691135163326765,excitatory_neuron,23P,L2/3,V1,none,none,680.7351891530374,184.16520606069193,949.8400000000003,8.0,5.0,2043,0.384211,8_5
968,361291,864691136741531228,excitatory_neuron,23P,L2/3,V1,none,none,811.5858739779277,205.63529485550634,843.1200000000002,8.0,5.0,2679,0.383927,8_5
969,423544,864691135082526199,excitatory_neuron,23P,L2/3,V1,none,none,971.4462974557101,207.60755384054693,746.2000000000002,8.0,5.0,1761,0.383704,8_5
970,190077,864691136391264383,excitatory_neuron,23P,L2/3,V1,none,none,478.50021627972217,212.72795667980162,728.5200000000001,8.0,5.0,5818,0.383688,8_5
971,557111,864691136811814771,excitatory_neuron,4P,L4,RL,none,none,1209.5285287930033,340.6078939959604,1011.6400000000002,8.0,5.0,8368,0.38368,8_5
972,361616,864691135658879874,excitatory_neuron,23P,L2/3,V1,none,none,831.607743626686,202.954113069775,920.7600000000002,8.0,5.0,4843,0.383656,8_5
973,582474,864691135976706115,excitatory_neuron,23P,L2/3,AL,none,none,1323.2763545932103,202.15481447179155,862.8400000000003,8.0,5.0,1533,0.383498,8_5
974,332243,864691136314441789,excitatory_neuron,4P,L4,V1,none,none,766.0677210623924,341.1277159983804,707.2800000000001,8.0,5.0,8466,0.382889,8_5
975,519002,864691135408560329,excitatory_neuron,23P,L2/3,RL,axon_partially_extended,dendrite_extended,1162.9799536719083,196.35398869632633,968.6400000000002,8.0,5.0,1664,0.382841,8_5
976,489227,864691135182658818,excitatory_neuron,23P,L2/3,RL,none,none,1129.7534736751113,211.1785219781014,925.8000000000003,8.0,5.0,5414,0.382738,8_5
977,553903,864691135182359554,excitatory_neuron,23P,L2/3,RL,none,none,1257.1896906836594,204.85325055702432,997.8800000000002,8.0,5.0,5225,0.382736,8_5
978,397320,864691135754615757,excitatory_neuron,4P,L4,V1,none,none,864.3840850875146,342.3411692853475,1018.6400000000002,8.0,5.0,7802,0.382731,8_5
979,589247,864691136144613428,excitatory_neuron,5P-IT,L5,RL,none,none,1271.7212514923806,477.87870381086015,928.8000000000003,8.0,5.0,9792,0.38267,8_5
980,519033,864691136663528670,excitatory_neuron,23P,L2/3,RL,axon_partially_extended,dendrite_extended,1190.173731547774,203.48722672951203,980.4400000000003,8.0,5.0,4548,0.382453,8_5
981,525140,864691136557075618,excitatory_neuron,4P,L4,RL,none,none,1137.9605433947245,355.2902036927265,871.9200000000003,8.0,5.0,7542,0.382272,8_5
982,589508,864691135700148002,excitatory_neuron,5P-IT,L5,RL,none,none,1245.220153210438,481.9203606308783,1041.9200000000003,8.0,5.0,10123,0.382222,8_5
983,327537,864691136444523395,excitatory_neuron,23P,L2/3,V1,none,none,800.1831206095999,212.60399743353955,659.7600000000001,8.0,5.0,5420,0.381853,8_5
984,455495,864691135968897381,excitatory_neuron,23P,L2/3,V1,none,none,1025.6347226838425,231.49327868395736,780.4800000000001,8.0,5.0,4659,0.381756,8_5
985,258472,864691135778624685,excitatory_neuron,23P,L2/3,V1,none,none,648.8921029270084,188.3176997213355,927.5600000000003,8.0,5.0,4995,0.381686,8_5
986,361584,864691136968447438,excitatory_neuron,23P,L2/3,V1,none,none,814.5981499129181,186.62549397039768,932.7200000000003,8.0,5.0,2228,0.381345,8_5
987,487459,864691135572151589,excitatory_neuron,23P,L2/3,RL,none,none,1113.8350518899724,207.34455068577216,929.8000000000003,8.0,5.0,4604,0.381038,8_5
988,455781,864691135987888643,excitatory_neuron,23P,L2/3,V1,none,none,1025.0026204008454,221.09461729395966,853.2400000000002,8.0,5.0,5621,0.380432,8_5
989,365051,864691135572001061,excitatory_neuron,4P,L4,V1,none,none,845.8133829738006,337.2472420181308,709.4400000000002,8.0,5.0,7740,0.380427,8_5
990,190502,864691135911505833,excitatory_neuron,23P,L2/3,V1,none,none,477.90487659544675,211.45522628402762,841.2000000000003,8.0,5.0,5581,0.380078,8_5
991,425311,864691136237472316,excitatory_neuron,4P,L4,V1,none,none,971.6053711138247,321.0772043007969,676.6000000000001,8.0,5.0,7655,0.379539,8_5
992,422500,864691135992010945,excitatory_neuron,23P,L2/3,V1,none,none,941.0263154614148,188.88503287068983,970.2400000000002,8.0,5.0,1825,0.379487,8_5
993,261611,864691135689516256,excitatory_neuron,4P,L4,V1,none,none,628.205501870628,326.3680669672584,653.7600000000001,8.0,5.0,7931,0.379172,8_5
994,457156,864691136333770675,excitatory_neuron,4P,L4,V1,none,none,1001.4991743864273,323.050128500796,726.2800000000001,8.0,5.0,7627,0.37908,8_5
995,581998,864691135616363211,excitatory_neuron,23P,L2/3,AL,axon_fully_extended,dendrite_extended,1309.026207676307,220.37416245262423,711.2800000000001,8.0,5.0,1522,0.379025,8_5
996,519169,864691136371701384,excitatory_neuron,23P,L2/3,RL,none,none,1174.4744111604705,194.21164440942027,1045.6000000000004,8.0,5.0,2270,0.378967,8_5
997,360550,864691136314391869,excitatory_neuron,23P,L2/3,V1,none,none,820.4081959074323,208.33448209839727,647.6000000000001,8.0,5.0,4798,0.378404,8_5
998,328340,864691135683223026,excitatory_neuron,23P,L2/3,V1,none,none,784.039961637212,209.13583100267005,844.3200000000003,8.0,5.0,1946,0.378069,8_5
999,154799,864691135685707959,excitatory_neuron,23P,L2/3,V1,none,none,466.121029483235,205.15622674155892,742.5600000000002,8.0,5.0,2179,0.377246,8_5
1000,228185,864691135975613295,excitatory_neuron,4P,L4,V1,none,none,536.3318929893543,340.36602078668386,854.8800000000002,8.0,5.0,8126,0.376775,8_5
1001,393325,864691135874038926,excitatory_neuron,23P,L2/3,V1,none,none,877.3242472605953,201.0432976703286,1045.9200000000003,8.0,5.0,5764,0.376307,8_5
1002,423334,864691135698203925,excitatory_neuron,23P,L2/3,V1,none,none,977.230505499066,199.50484754504433,666.7600000000001,8.0,5.0,2357,0.376167,8_5
1003,337012,864691135448233812,excitatory_neuron,5P-IT,L5,V1,none,none,730.5048821743536,454.62008308191326,714.0800000000002,8.0,5.0,9968,0.375958,8_5
1004,582233,864691136602354129,excitatory_neuron,23P,L2/3,RL,none,none,1263.9520084628662,218.61499297043338,790.2800000000002,8.0,5.0,4485,0.375659,8_5
1005,199337,864691135940600742,excitatory_neuron,5P-IT,L5,V1,none,none,456.25132226503075,469.23693188948715,885.4000000000002,8.0,5.0,10366,0.375652,8_5
1006,464382,864691135565518167,excitatory_neuron,5P-ET,L5,RL,none,none,1007.3355500814267,489.11874337653603,974.9600000000003,8.0,5.0,10406,0.37528,8_5
1007,295293,864691136484779308,excitatory_neuron,23P,L2/3,V1,none,none,710.5111904191724,199.23369571955055,1068.6000000000004,8.0,5.0,5229,0.375179,8_5
1008,493463,864691136423468079,excitatory_neuron,4P,L4,RL,none,none,1068.6509123383732,350.76826397259805,932.5600000000003,8.0,5.0,7608,0.374876,8_5
1009,191018,864691135355913679,excitatory_neuron,23P,L2/3,V1,none,none,509.67047814231137,191.29908066126944,966.2400000000002,8.0,5.0,5385,0.374789,8_5
1010,332711,864691136093202356,excitatory_neuron,4P,L4,V1,none,none,784.092504867685,345.852659254385,755.1600000000001,8.0,5.0,7818,0.374495,8_5
1011,487840,864691135476471720,excitatory_neuron,23P,L2/3,RL,none,none,1128.6448453337837,205.49226071073028,1070.2800000000002,8.0,5.0,2500,0.374092,8_5
1012,224333,864691135645401583,excitatory_neuron,23P,L2/3,V1,none,none,568.7639600734101,197.30426852335077,870.4800000000002,8.0,5.0,2126,0.373531,8_5
1013,459894,864691135700855419,excitatory_neuron,4P,L4,RL,none,none,1015.3504533897952,340.9655204856466,912.4800000000002,8.0,5.0,8236,0.373298,8_5
1014,392699,864691136437339038,excitatory_neuron,23P,L2/3,V1,none,none,893.9463889309745,205.64552564054455,818.8000000000003,8.0,5.0,1853,0.373019,8_5
1015,298432,864691135494939536,excitatory_neuron,4P,L4,V1,none,none,703.8534095297072,339.21811485835275,727.4000000000001,8.0,5.0,7877,0.37268,8_5
1016,494528,864691136109748664,excitatory_neuron,5P-NP,L5,RL,none,none,1060.3527464183512,468.38058153484917,712.5200000000001,8.0,5.0,10557,0.372641,8_5
1017,298841,864691136145573684,excitatory_neuron,4P,L4,V1,none,none,718.3150858122665,350.8909516643079,829.3200000000003,8.0,5.0,7884,0.372543,8_5
1018,490124,864691136926434378,excitatory_neuron,4P,L4,RL,none,none,1116.4448765352795,330.9865068629564,651.0800000000002,8.0,5.0,7526,0.37103,8_5
1019,401345,864691135720038961,excitatory_neuron,5P-ET,L5,V1,none,none,889.4076293655387,480.0220321231645,784.2000000000002,8.0,5.0,10491,0.370354,8_5
1020,553627,864691135685003703,excitatory_neuron,23P,L2/3,RL,none,none,1222.9875575906722,203.65979679186077,922.8000000000003,8.0,5.0,2796,0.370296,8_5
1021,486433,864691135755623122,excitatory_neuron,23P,L2/3,RL,none,none,1117.4172921330967,200.91228678878065,646.7600000000001,8.0,5.0,1647,0.370091,8_5
1022,531113,864691136878498158,excitatory_neuron,5P-NP,L5,RL,none,none,1112.1414026990826,480.0426379845618,923.8000000000003,8.0,5.0,9829,0.369835,8_5
1023,612285,864691135475355712,excitatory_neuron,23P,L2/3,AL,none,none,1358.129173645125,236.2983643184973,765.4000000000001,8.0,5.0,4411,0.369454,8_5
1024,361429,864691135760391502,excitatory_neuron,23P,L2/3,V1,none,none,833.6201183525756,208.59095296129217,843.6000000000003,8.0,5.0,4839,0.36928,8_5
1025,555006,864691136195242454,excitatory_neuron,23P,L2/3,RL,none,none,1237.8581596329175,223.14199078794772,865.8000000000003,8.0,5.0,5568,0.368882,8_5
1026,298407,864691135865279358,excitatory_neuron,4P,L4,V1,none,none,693.0076147611185,336.149163272281,725.5600000000002,8.0,5.0,7908,0.368774,8_5
1027,455672,864691135865559004,excitatory_neuron,23P,L2/3,V1,none,none,1014.8789557277962,225.92666919637688,820.0000000000002,8.0,5.0,4663,0.36856,8_5
1028,227611,864691136391279231,excitatory_neuron,4P,L4,V1,none,none,558.5358173859842,336.9763214801454,728.2400000000001,8.0,5.0,8464,0.368433,8_5
1029,190053,864691137021753710,excitatory_neuron,23P,L2/3,V1,none,none,535.344592208765,209.92761433686312,693.9600000000002,8.0,5.0,5044,0.368304,8_5
1030,258093,864691135592023563,excitatory_neuron,23P,L2/3,V1,none,none,616.1327271830395,211.02092462145626,785.5600000000002,8.0,5.0,4987,0.368245,8_5
1031,614904,864691135441585224,excitatory_neuron,4P,L4,RL,none,none,1345.1240699262585,343.0912741077784,968.6400000000002,8.0,5.0,7406,0.368222,8_5
1032,614382,864691135808579869,excitatory_neuron,4P,L4,AL,none,none,1357.2442713983128,352.8889022022107,787.5600000000003,8.0,5.0,8432,0.368204,8_5
1033,298791,864691135569592300,excitatory_neuron,4P,L4,V1,axon_partially_extended,dendrite_clean,671.6006750339005,342.17836848650796,824.7600000000002,8.0,5.0,7946,0.36807,8_5
1034,263472,864691135654692034,excitatory_neuron,4P,L4,V1,none,none,629.3748809885126,348.24924957877766,1030.2800000000002,8.0,5.0,8467,0.366642,8_5
1035,517824,864691136092745908,excitatory_neuron,23P,L2/3,RL,none,none,1153.2835671469672,210.988581972497,649.9600000000002,8.0,5.0,2762,0.366363,8_5
1036,581781,864691135502729309,excitatory_neuron,23P,L2/3,AL,none,none,1289.6242149341197,209.36125994546833,633.6400000000001,8.0,5.0,2307,0.365865,8_5
1037,522408,864691135911276969,excitatory_neuron,4P,L4,RL,axon_partially_extended,dendrite_extended,1164.1243913411017,338.948347597446,899.7600000000002,8.0,5.0,7545,0.365361,8_5
1038,487526,864691135462783806,excitatory_neuron,23P,L2/3,RL,none,none,1112.3557054078635,189.74062890720617,952.4000000000002,8.0,5.0,1687,0.364869,8_5
1039,224353,864691136925049316,excitatory_neuron,23P,L2/3,V1,none,none,584.0153089282768,199.21678887805558,858.2800000000002,8.0,5.0,2776,0.36441,8_5
1040,294828,864691136211336380,excitatory_neuron,23P,L2/3,V1,none,none,694.2500559746857,193.44240686659836,933.3600000000002,8.0,5.0,4963,0.364278,8_5
1041,190892,864691135113715353,excitatory_neuron,23P,L2/3,V1,none,none,489.49794554820807,190.5621242583226,960.0000000000002,8.0,5.0,5226,0.364225,8_5
1042,223829,864691136273791934,excitatory_neuron,23P,L2/3,V1,none,none,548.0281684019404,213.28583990283025,707.2000000000002,8.0,5.0,2112,0.364156,8_5
1043,190073,864691136601595857,excitatory_neuron,23P,L2/3,V1,none,none,473.89787266575195,219.07097309621955,732.9600000000002,8.0,5.0,5110,0.363712,8_5
1044,154760,864691136989989525,excitatory_neuron,23P,L2/3,V1,none,none,434.0716162802567,216.80727207426443,742.4800000000001,8.0,5.0,2199,0.363681,8_5
1045,189782,864691135841699299,excitatory_neuron,23P,L2/3,V1,none,none,496.905746897636,199.8832262944241,657.4800000000001,8.0,5.0,2140,0.36349,8_5
1046,562404,864691135889307529,excitatory_neuron,5P-NP,L5,RL,none,none,1193.474733471687,488.1220494380105,769.2400000000001,8.0,5.0,10179,0.363456,8_5
1047,361331,864691135387545473,excitatory_neuron,23P,L2/3,V1,none,none,847.0297841230115,217.60197198941555,831.7600000000002,8.0,5.0,4811,0.363085,8_5
1048,488645,864691135572914213,excitatory_neuron,23P,L2/3,RL,none,none,1095.2360265378727,234.88433601449168,757.2800000000001,8.0,5.0,4594,0.363009,8_5
1049,488349,864691135498503187,excitatory_neuron,23P,L2/3,RL,none,none,1105.2447792448213,216.6793809403602,671.1200000000001,8.0,5.0,5726,0.362991,8_5
1050,666110,864691136334765747,excitatory_neuron,5P-ET,L5,AL,none,none,1378.1052355219758,483.07445033959505,876.2400000000002,8.0,5.0,9752,0.362727,8_5
1051,155114,864691135917122662,excitatory_neuron,23P,L2/3,V1,none,none,437.8433917758457,197.9281632602638,828.3200000000003,8.0,5.0,2664,0.362231,8_5
1052,194171,864691135342848433,excitatory_neuron,4P,L4,V1,axon_partially_extended,dendrite_extended,498.5736753613531,332.8224697955059,714.7200000000001,8.0,5.0,8048,0.362065,8_5
1053,328618,864691135118831325,excitatory_neuron,23P,L2/3,V1,none,none,791.1080560114134,200.3102721015362,964.4000000000002,8.0,5.0,5215,0.361634,8_5
1054,486568,864691135867571478,excitatory_neuron,23P,L2/3,RL,none,none,1081.2770320217544,205.7167379629041,714.6000000000001,8.0,5.0,1678,0.361416,8_5
1055,199561,864691136775479918,excitatory_neuron,5P-IT,L5,V1,none,none,475.72097312773974,472.86763971086503,950.1600000000003,8.0,5.0,10375,0.361259,8_5
1056,423185,864691135502971829,excitatory_neuron,23P,L2/3,V1,none,none,960.704865584488,201.1427759359404,653.2400000000001,8.0,5.0,1755,0.36088,8_5
1057,586176,864691135618877839,excitatory_neuron,4P,L4,RL,none,none,1272.5565588977079,344.96573166164285,942.8400000000003,8.0,5.0,7451,0.360789,8_5
1058,224517,864691135442668872,excitatory_neuron,23P,L2/3,V1,none,none,579.2749611460937,193.9194824961335,914.7600000000002,8.0,5.0,5059,0.360716,8_5
1059,518946,864691135867616534,excitatory_neuron,23P,L2/3,RL,none,none,1194.2763412575468,193.31006555513358,952.4400000000003,8.0,5.0,1630,0.360401,8_5
1060,486555,864691135416660154,excitatory_neuron,23P,L2/3,RL,none,none,1068.1942409837814,207.65587660073612,713.4000000000001,8.0,5.0,2359,0.359947,8_5
1061,582633,864691136009241262,excitatory_neuron,23P,L2/3,RL,none,none,1318.1950282812484,207.36376934886312,911.4000000000002,8.0,5.0,4438,0.359698,8_5
1062,553667,864691136423247407,excitatory_neuron,23P,L2/3,RL,none,none,1258.654528615313,207.93665287167434,933.5600000000003,8.0,5.0,2615,0.359065,8_5
1063,496596,864691135772836603,excitatory_neuron,5P-IT,L5,RL,none,none,1087.9753052843855,477.2216892534821,729.3200000000002,8.0,5.0,9824,0.358924,8_5
1064,327817,864691135738287985,excitatory_neuron,23P,L2/3,V1,none,none,746.3011080171102,222.66616017237382,748.1200000000001,8.0,5.0,4890,0.358859,8_5
1065,496681,864691135394869237,excitatory_neuron,5P-IT,L5,RL,none,none,1069.482145671713,493.2709765753607,768.1600000000001,8.0,5.0,10332,0.358085,8_5
1066,460372,864691136008919214,excitatory_neuron,4P,L4,RL,none,none,1038.071683747076,344.880704651353,997.0800000000003,8.0,5.0,8757,0.357641,8_5
1067,491639,864691136117423524,excitatory_neuron,4P,L4,RL,none,none,1064.926592801561,337.52928984362126,1011.3200000000003,8.0,5.0,8515,0.356677,8_5
1068,456847,864691136106548441,excitatory_neuron,4P,L4,V1,none,none,1019.8267291025934,321.3771138188701,647.6400000000001,8.0,5.0,7589,0.356502,8_5
1069,396178,864691135977134403,excitatory_neuron,4P,L4,V1,axon_partially_extended,dendrite_extended,910.0854733046311,342.80607683358977,718.0000000000001,8.0,5.0,8609,0.356426,8_5
1070,198484,864691135374498633,excitatory_neuron,5P-ET,L5,V1,none,none,473.52039252581443,456.1642851671086,666.3200000000002,8.0,5.0,10066,0.355046,8_5
1071,294431,864691136452602367,excitatory_neuron,23P,L2/3,V1,axon_partially_extended,dendrite_extended,728.0076279724968,207.0603936786275,789.0000000000002,8.0,5.0,1975,0.355017,8_5
1072,491655,864691135012878230,excitatory_neuron,4P,L4,RL,none,none,1077.0825452528597,337.3721529550173,1028.2400000000002,8.0,5.0,7614,0.354681,8_5
1073,392860,864691136109443000,excitatory_neuron,23P,L2/3,V1,none,none,880.4371000768621,196.30456837396028,884.0000000000002,8.0,5.0,2247,0.354606,8_5
1074,190112,864691135516483795,excitatory_neuron,23P,L2/3,V1,none,none,496.77210696428386,221.97163185861584,735.5200000000001,8.0,5.0,5167,0.354113,8_5
1075,455655,864691136451694079,excitatory_neuron,23P,L2/3,V1,none,none,1001.1416927148056,212.58260965994194,813.2800000000002,8.0,5.0,2428,0.353796,8_5
1076,423306,864691136195447766,excitatory_neuron,23P,L2/3,V1,none,none,951.8236426517498,204.99137142247912,678.3200000000002,8.0,5.0,5740,0.353547,8_5
1077,361705,864691136021841400,excitatory_neuron,23P,L2/3,V1,none,none,833.122783266162,205.46370723832416,964.8000000000003,8.0,5.0,5650,0.35318,8_5
1078,154461,864691136595448738,excitatory_neuron,23P,L2/3,V1,none,none,430.25882959483954,203.11084678547078,653.6800000000002,8.0,5.0,2518,0.353026,8_5
1079,553738,864691135359812952,excitatory_neuron,23P,L2/3,RL,none,none,1242.363943669209,205.4192553834371,962.7600000000002,8.0,5.0,5698,0.352924,8_5
1080,223958,864691135013387766,excitatory_neuron,23P,L2/3,V1,none,none,573.1744274390093,207.84076061593004,741.8800000000001,8.0,5.0,2253,0.352889,8_5
1081,455619,864691136266440948,excitatory_neuron,23P,L2/3,V1,none,none,1042.1666630760483,223.17447667474002,790.2000000000003,8.0,5.0,5528,0.352708,8_5
1082,262527,864691135275664613,excitatory_neuron,4P,L4,V1,none,none,638.6776884580689,343.98782667270905,803.5600000000003,8.0,5.0,8153,0.352298,8_5
1083,488558,864691135841757923,excitatory_neuron,23P,L2/3,RL,none,none,1085.8916588340276,228.60602985635174,748.3200000000002,8.0,5.0,4595,0.352136,8_5
1084,610991,864691135856683822,excitatory_neuron,23P,L2/3,RL,none,none,1353.1947529099853,194.30048661011034,938.0400000000003,8.0,5.0,1536,0.35157,8_5
1085,337689,864691135463505821,excitatory_neuron,5P-ET,L5,V1,none,none,741.5095479611151,482.30856593890064,833.2800000000002,8.0,5.0,9969,0.351535,8_5
1086,530586,864691136741435740,excitatory_neuron,5P-IT,L5,RL,none,none,1125.99496487648,488.3858037504435,777.3600000000001,8.0,5.0,10473,0.34948,8_5
1087,294989,864691135538730610,excitatory_neuron,23P,L2/3,V1,none,none,672.8056889605315,202.10236087122553,965.9600000000003,8.0,5.0,5188,0.348356,8_5
1088,493029,864691136021364728,excitatory_neuron,4P,L4,RL,none,none,1102.592441621113,352.00316232829607,803.8000000000003,8.0,5.0,8419,0.348185,8_5
1089,228145,864691135866905110,excitatory_neuron,4P,L4,V1,none,none,584.9237956532725,337.16490293501,838.3200000000003,8.0,5.0,8261,0.347622,8_5
1090,487694,864691135940945153,excitatory_neuron,23P,L2/3,RL,none,none,1126.5661996856784,188.8638185627234,1005.1600000000003,8.0,5.0,1691,0.347592,8_5
1091,558578,864691136602994385,excitatory_neuron,5P-IT,L4,AL,none,none,1234.9587151299402,353.9470402530741,727.7200000000001,8.0,5.0,7443,0.347426,8_5
1092,257894,864691136390788215,excitatory_neuron,23P,L2/3,V1,axon_partially_extended,dendrite_extended,609.1075802414332,212.01241564453133,757.7200000000001,8.0,5.0,5588,0.346907,8_5
1093,489114,864691134989835898,excitatory_neuron,23P,L2/3,RL,none,none,1103.7353175728813,214.1060303111332,898.2000000000003,8.0,5.0,4638,0.346821,8_5
1094,490042,864691136137749117,excitatory_neuron,4P,L4,RL,none,none,1064.5039966452655,318.86142128589125,653.6800000000002,8.0,5.0,7557,0.346787,8_5
1095,391467,864691134948665340,excitatory_neuron,23P,L2/3,V1,none,none,883.6894020815253,189.9719275606451,1001.2000000000003,8.0,5.0,2412,0.346614,8_5
1096,454367,864691135395510005,excitatory_neuron,23P,L2/3,RL,none,none,1046.258781538964,201.3681486370932,938.6400000000002,8.0,5.0,4667,0.346371,8_5
1097,328977,864691136005640906,excitatory_neuron,23P,L2/3,V1,none,none,788.9204811178829,206.22210871000186,1037.9600000000003,8.0,5.0,5454,0.345806,8_5
1098,262881,864691135398868257,excitatory_neuron,4P,L4,V1,axon_fully_extended,dendrite_extended,617.2028593228208,336.84097606479105,882.1600000000002,8.0,5.0,8124,0.345526,8_5
1099,493872,864691136991307157,excitatory_neuron,5P-IT,L4,RL,none,none,1091.1457870225904,352.86479943410893,1003.1600000000003,8.0,5.0,7613,0.345216,8_5
1100,552618,864691135995383978,excitatory_neuron,23P,L2/3,AL,none,none,1221.4933848011563,214.129411095887,618.2800000000001,8.0,5.0,2360,0.345198,8_5
1101,392824,864691135946646113,excitatory_neuron,23P,L2/3,V1,none,none,916.8683682976686,202.12591459486686,853.5600000000003,8.0,5.0,2263,0.344174,8_5
1102,553640,864691136663396574,excitatory_neuron,23P,L2/3,RL,none,none,1239.7658245301782,201.33728123611567,908.5200000000002,8.0,5.0,2847,0.342961,8_5
1103,154666,864691136195116876,excitatory_neuron,23P,L2/3,V1,none,none,441.562017701368,200.95176859595725,698.4800000000001,8.0,5.0,2211,0.342548,8_5
1104,361468,864691135860412776,excitatory_neuron,23P,L2/3,V1,none,none,806.9253518708156,211.90897684371058,880.4400000000003,8.0,5.0,4869,0.341798,8_5
1105,553677,864691135655276738,excitatory_neuron,23P,L2/3,RL,none,none,1197.8300847966543,204.0928263731361,957.9600000000003,8.0,5.0,5762,0.341299,8_5
1106,423689,864691136210062012,excitatory_neuron,23P,L2/3,V1,none,none,991.6818640003995,214.96720536867304,777.6800000000002,8.0,5.0,2573,0.340254,8_5
1107,553617,864691135658865026,excitatory_neuron,23P,L2/3,RL,none,none,1208.5227599802377,197.89717810855672,925.6800000000003,8.0,5.0,2817,0.340084,8_5
1108,556824,864691135946339876,excitatory_neuron,4P,L4,RL,none,none,1186.6392368995557,345.2225208082337,910.9600000000003,8.0,5.0,7512,0.339904,8_5
1109,423239,864691136176339718,excitatory_neuron,23P,L2/3,V1,none,none,988.3943022390753,204.07924349945813,654.4000000000001,8.0,5.0,4651,0.33983,8_5
1110,648268,864691135335746281,excitatory_neuron,23P,L2/3,AL,none,none,1409.432575397804,185.21536416577297,955.3200000000003,8.0,5.0,1483,0.339736,8_5
1111,525600,864691136175540742,excitatory_neuron,4P,L4,RL,none,none,1147.2338425407868,349.1631095243921,1006.1200000000002,8.0,5.0,7549,0.339702,8_5
1112,361561,864691135781887568,excitatory_neuron,23P,L2/3,V1,none,none,865.1124573120608,196.69843653873045,883.4800000000002,8.0,5.0,1890,0.339475,8_5
1113,428797,864691136021902840,excitatory_neuron,4P,L4,V1,none,none,967.2654232615479,344.98191757327754,942.2800000000002,8.0,5.0,7692,0.339369,8_5
1114,224363,864691135843077603,excitatory_neuron,23P,L2/3,V1,none,none,591.5800737006772,205.2751554845139,872.9600000000003,8.0,5.0,5340,0.339294,8_5
1115,298413,864691136010830510,excitatory_neuron,4P,L4,V1,none,none,695.9293138391059,341.67282532726654,733.1200000000001,8.0,5.0,7878,0.338704,8_5
1116,362033,864691136119346712,excitatory_neuron,23P,L2/3,V1,none,none,820.903854686154,204.13771162872953,1073.8800000000003,8.0,5.0,5318,0.33839,8_5
1117,328445,864691135361165895,excitatory_neuron,23P,L2/3,V1,none,none,789.662292978274,192.60293681286433,894.8800000000002,8.0,5.0,2767,0.338324,8_5
1118,583043,864691135274965477,excitatory_neuron,23P,L2/3,RL,none,none,1314.1168979718939,197.43455320759986,1097.3200000000002,8.0,5.0,2440,0.337478,8_5
1119,154663,864691135509476617,excitatory_neuron,23P,L2/3,V1,none,none,438.34959962330174,210.50012228084512,698.6800000000002,8.0,5.0,5141,0.336495,8_5
1120,391667,864691135013421302,excitatory_neuron,23P,L2/3,V1,none,none,932.9508343153767,194.5387223085687,1068.0400000000002,8.0,5.0,2512,0.336399,8_5
1121,295062,864691135783449907,excitatory_neuron,23P,L2/3,V1,none,none,730.5362970395599,200.92142106512952,980.1600000000003,8.0,5.0,4938,0.336294,8_5
1122,553656,864691136391508095,excitatory_neuron,23P,L2/3,RL,none,none,1246.595020097938,209.1943834944097,928.4400000000003,8.0,5.0,5179,0.335737,8_5
1123,364702,864691134918478602,excitatory_neuron,4P,L4,V1,none,none,838.7402018546466,318.9611897143763,629.3200000000002,8.0,5.0,8462,0.335121,8_5
1124,611013,864691135987920387,excitatory_neuron,23P,L2/3,RL,none,none,1368.3121727221146,192.60359939410347,937.1600000000002,8.0,5.0,1504,0.334575,8_5
1125,267163,864691135868919318,excitatory_neuron,5P-IT,L5,V1,axon_partially_extended,dendrite_extended,605.0047402976395,485.07792629059503,866.6000000000003,8.0,5.0,10031,0.334451,8_5
1126,361751,864691134989865338,excitatory_neuron,23P,L2/3,V1,axon_partially_extended,dendrite_extended,807.7269028882862,195.40403031346116,974.7200000000003,8.0,5.0,4874,0.333623,8_5
1127,257553,864691136195087592,excitatory_neuron,23P,L2/3,V1,none,none,666.0052213842968,197.58848440586024,632.7600000000001,8.0,5.0,4915,0.333242,8_5
1128,164570,864691136106216153,excitatory_neuron,5P-ET,L5,V1,none,none,435.39264184214085,471.2024575229379,754.4800000000001,8.0,5.0,10229,0.332718,8_5
1129,459897,864691135293586956,excitatory_neuron,4P,L4,RL,none,none,1017.3022508047598,345.8261269139578,923.6400000000002,8.0,5.0,8750,0.332606,8_5
1130,488541,864691135737661828,excitatory_neuron,23P,L2/3,RL,none,none,1078.1570983958911,218.61389540825638,721.3600000000001,8.0,5.0,4589,0.332221,8_5
1131,517751,864691135685050295,excitatory_neuron,23P,L2/3,LM,none,none,1157.4659447099339,207.24284654126427,622.3600000000001,8.0,5.0,4501,0.331655,8_5
1132,488490,864691135942396020,excitatory_neuron,23P,L2/3,RL,none,none,1112.870843838239,216.8968638523813,696.6000000000001,8.0,5.0,5715,0.331528,8_5
1133,423605,864691135890608009,excitatory_neuron,23P,L2/3,V1,none,none,945.8481652263604,213.07734381537412,761.5200000000001,8.0,5.0,1783,0.331212,8_5
1134,459758,864691135155548260,excitatory_neuron,4P,L4,V1,none,none,1020.3346132577412,341.2730890320873,881.6000000000003,8.0,5.0,8155,0.331057,8_5
1135,190925,864691136578060820,excitatory_neuron,23P,L2/3,V1,none,none,520.841355691917,187.71504846669913,950.1600000000003,8.0,5.0,2191,0.330808,8_5
1136,328969,864691135502326594,excitatory_neuron,23P,L2/3,V1,none,none,783.5949957888961,185.5834256606708,1034.4000000000003,8.0,5.0,1990,0.330739,8_5
1137,159554,864691135614159307,excitatory_neuron,4P,L4,V1,none,none,441.2980039806038,322.9289181640434,846.7200000000003,8.0,5.0,8526,0.330204,8_5
1138,614226,864691136124469542,excitatory_neuron,4P,L4,AL,none,none,1359.166502667906,350.7442747412751,769.3200000000002,8.0,5.0,7379,0.330186,8_5
1139,424030,864691135503979842,excitatory_neuron,23P,L2/3,V1,none,none,984.3099292739703,205.97046360349674,844.0000000000002,8.0,5.0,2517,0.330064,8_5
1140,531119,864691135518370186,excitatory_neuron,5P-IT,L5,RL,none,none,1118.0486151376124,496.23510268904926,931.4400000000003,8.0,5.0,9830,0.330029,8_5
1141,293834,864691136011622563,excitatory_neuron,23P,L2/3,V1,none,none,700.854572177074,206.8048766133327,666.1600000000001,8.0,5.0,1969,0.329726,8_5
1142,585864,864691135876931923,excitatory_neuron,5P-IT,L4,RL,none,none,1250.8419928021724,350.8395341168347,851.8400000000003,8.0,5.0,8547,0.329338,8_5
1143,453857,864691135762574646,excitatory_neuron,23P,L2/3,V1,none,none,1049.449841544487,206.01595414519608,791.6400000000002,8.0,5.0,2646,0.328538,8_5
1144,459874,864691135012499702,excitatory_neuron,4P,L4,V1,none,none,1003.1179700569323,339.06013876241536,922.6400000000002,8.0,5.0,7666,0.328439,8_5
1145,295225,864691135346553503,excitatory_neuron,23P,L2/3,V1,none,none,718.190578048288,192.96715236281972,1029.9200000000003,8.0,5.0,5674,0.328169,8_5
1146,560613,864691134989053818,inhibitory_neuron,MC,L5,RL,none,none,1220.053142967163,484.6653566991647,807.4000000000002,8.0,5.0,10543,0.328117,8_5
1147,327976,864691135866030044,excitatory_neuron,23P,L2/3,V1,none,none,773.1927218484396,219.30111373188504,763.2800000000001,8.0,5.0,4863,0.325753,8_5
1148,422539,864691135082303223,excitatory_neuron,23P,L2/3,V1,none,none,970.9391358106541,181.09446146968642,996.8800000000002,8.0,5.0,2299,0.325388,8_5
1149,328274,864691135566419991,excitatory_neuron,23P,L2/3,V1,none,none,740.1714415653609,197.2672741103769,865.2400000000002,8.0,5.0,1978,0.324186,8_5
1150,224398,864691135759529294,excitatory_neuron,23P,L2/3,V1,none,none,555.1473026378104,207.54848095191358,885.5600000000003,8.0,5.0,5170,0.323891,8_5
1151,257573,864691136195122152,excitatory_neuron,23P,L2/3,V1,none,none,608.5720375361145,212.99347324262624,660.4000000000001,8.0,5.0,4982,0.323729,8_5
1152,365669,864691135927185876,excitatory_neuron,4P,L4,V1,none,none,846.7394990503828,342.08235742654614,833.1600000000002,8.0,5.0,7791,0.322934,8_5
1153,496827,864691136106193369,excitatory_neuron,5P-IT,L5,RL,none,none,1078.9722630415818,491.27449759823264,797.5200000000002,8.0,5.0,10250,0.322722,8_5
1154,223712,864691135517951114,excitatory_neuron,23P,L2/3,V1,none,none,598.826720857903,199.54895246866886,645.3600000000001,8.0,5.0,2054,0.322698,8_5
1155,488329,864691136267257076,excitatory_neuron,23P,L2/3,RL,none,none,1091.0350652989755,216.07863675418014,670.8000000000002,8.0,5.0,5649,0.321213,8_5
1156,359980,864691136578499604,excitatory_neuron,23P,L2/3,V1,none,none,850.1622030603759,181.0639420534592,997.7600000000002,8.0,5.0,1921,0.320401,8_5
1157,454641,864691135081649143,excitatory_neuron,23P,L2/3,RL,none,none,1058.8029085437431,206.3202857200072,994.8400000000003,8.0,5.0,5773,0.319916,8_5
1158,582758,864691136274783245,excitatory_neuron,23P,L2/3,RL,none,none,1299.104679210977,199.39762220138982,971.8400000000003,8.0,5.0,1561,0.319872,8_5
1159,266431,864691135639884347,excitatory_neuron,5P-IT,L5,V1,none,none,623.9138486577174,463.54000538288363,693.2800000000001,8.0,5.0,9990,0.318384,8_5
1160,360137,864691135503150429,excitatory_neuron,23P,L2/3,V1,none,none,815.9234808342982,186.16324517501386,1043.6800000000003,8.0,5.0,2822,0.318342,8_5
1161,294781,864691135518374538,excitatory_neuron,23P,L2/3,V1,none,none,733.0274809978099,192.27363461505126,888.7200000000003,8.0,5.0,2298,0.317889,8_5
1162,327848,864691135517647827,excitatory_neuron,23P,L2/3,V1,none,none,765.2676723602384,207.81469085051953,738.2400000000001,8.0,5.0,1941,0.316819,8_5
1163,195305,864691135565882903,excitatory_neuron,4P,L4,V1,none,none,517.3523229378313,332.6022989563158,940.8000000000003,8.0,5.0,8347,0.31611,8_5
1164,190323,864691136926428234,excitatory_neuron,23P,L2/3,V1,none,none,528.6607129063227,226.11065723584784,749.6400000000001,8.0,5.0,5328,0.315571,8_5
1165,424567,864691136923742692,excitatory_neuron,23P,L2/3,V1,none,none,937.418699842149,206.62210336002457,1030.3600000000004,8.0,5.0,5342,0.31515,8_5
1166,402111,864691136912866289,excitatory_neuron,5P-ET,L5,V1,none,none,899.7379101249228,493.3892416835888,1012.2000000000003,8.0,5.0,10281,0.315133,8_5
1167,328302,864691135502982581,excitatory_neuron,23P,L2/3,V1,none,none,757.2437801203293,194.52077520003002,857.9600000000003,8.0,5.0,1979,0.315088,8_5
1168,227385,864691135685084343,excitatory_neuron,4P,L4,V1,none,none,547.3449111402643,331.24315329845825,675.4000000000001,8.0,5.0,7996,0.314967,8_5
1169,194533,864691136488414994,excitatory_neuron,4P,L4,V1,axon_partially_extended,dendrite_extended,513.6354889637549,347.1818350672199,768.9200000000002,8.0,5.0,8648,0.314564,8_5
1170,267272,864691135741910164,excitatory_neuron,5P-IT,L5,V1,axon_fully_extended,dendrite_extended,609.5409286331484,478.0224328716489,876.0000000000002,8.0,5.0,10225,0.313907,8_5
1171,610825,864691134940805731,excitatory_neuron,23P,L2/3,AL,none,none,1343.7701261303632,208.7661223743909,882.2400000000002,8.0,5.0,4434,0.313806,8_5
1172,293932,864691135195558698,excitatory_neuron,23P,L2/3,V1,none,none,687.6658575777969,215.09495063102497,717.6000000000001,8.0,5.0,2006,0.313568,8_5
1173,154583,864691135270576037,excitatory_neuron,23P,L2/3,V1,none,none,446.0759519886105,199.29086364670314,676.2000000000002,8.0,5.0,2437,0.313545,8_5
1174,615159,864691136005821642,excitatory_neuron,5P-IT,L4,RL,none,none,1324.3003601506439,336.57958928885563,1037.7600000000002,8.0,5.0,8428,0.313117,8_5
1175,556861,864691135416294074,excitatory_neuron,4P,L4,RL,none,none,1208.6398978252341,338.28159242412545,909.9600000000003,8.0,5.0,8611,0.312872,8_5
1176,459677,864691136418647191,excitatory_neuron,4P,L4,RL,none,none,1042.8287076099896,344.8471790242609,867.0800000000003,8.0,5.0,7637,0.312746,8_5
1177,328399,864691135083949303,excitatory_neuron,23P,L2/3,V1,none,none,753.0573274318874,190.23559540363453,878.1200000000002,8.0,5.0,1980,0.312686,8_5
1178,618230,864691136274982413,excitatory_neuron,5P-IT,L5,RL,none,none,1321.9700418019547,476.30016764578113,890.4400000000003,8.0,5.0,10318,0.312467,8_5
1179,581654,864691135195337002,excitatory_neuron,23P,L2/3,AL,none,none,1270.2893312679942,213.0019677911201,612.4400000000002,8.0,5.0,4424,0.312266,8_5
1180,530965,864691135976518467,excitatory_neuron,5P-ET,L5,RL,none,none,1146.300588359475,489.0701596277841,873.4800000000002,8.0,5.0,10497,0.311203,8_5
1181,459028,864691136673704071,excitatory_neuron,4P,L4,V1,none,none,1006.7177823565099,336.0986135797081,716.3600000000001,8.0,5.0,7626,0.311131,8_5
1182,337537,864691135566725655,excitatory_neuron,5P-IT,L5,V1,none,none,722.074087413713,471.678202195812,802.2800000000002,8.0,5.0,10458,0.311011,8_5
1183,658779,864691135498548499,excitatory_neuron,4P,L4,AL,none,none,1383.1012733083412,334.91408881723237,894.9200000000003,8.0,5.0,7386,0.310839,8_5
1184,190942,864691135470728786,excitatory_neuron,23P,L2/3,V1,none,none,531.2815194943263,192.48311262093026,961.0800000000003,8.0,5.0,5149,0.310341,8_5
1185,262365,864691137199871553,excitatory_neuron,4P,L4,V1,none,none,651.7103356100963,347.76205880795857,764.1200000000001,8.0,5.0,7940,0.309376,8_5
1186,261949,864691135375107272,excitatory_neuron,4P,L4,V1,axon_partially_extended,dendrite_extended,616.3237658043087,332.20270800594517,711.1600000000001,8.0,5.0,7974,0.309156,8_5
1187,360579,864691135387326081,excitatory_neuron,23P,L2/3,V1,none,none,835.0610837501481,214.8844901799793,656.4800000000001,8.0,5.0,5353,0.309099,8_5
1188,648105,864691135867642134,excitatory_neuron,23P,L2/3,AL,none,none,1419.1619385053768,197.37359979110124,890.8400000000003,8.0,5.0,1479,0.308846,8_5
1189,422632,864691136912996337,excitatory_neuron,23P,L2/3,V1,none,none,958.7634437726266,197.63221111693625,1006.1600000000003,8.0,5.0,4764,0.308354,8_5
1190,553696,864691136724803581,excitatory_neuron,23P,L2/3,RL,none,none,1212.624705001796,199.4766967188024,955.9600000000003,8.0,5.0,1606,0.307959,8_5
1191,423344,864691135738435441,excitatory_neuron,23P,L2/3,V1,none,none,982.1542036998403,209.3153078822401,680.6000000000001,8.0,5.0,4681,0.307566,8_5
1192,293886,864691135585436284,excitatory_neuron,23P,L2/3,V1,none,none,723.8380248304165,212.8630697541597,684.6800000000002,8.0,5.0,1968,0.307384,8_5
1193,455744,864691135256546479,excitatory_neuron,23P,L2/3,V1,none,none,1006.8270580064537,202.67241059531545,854.6400000000002,8.0,5.0,2619,0.307099,8_5
1194,610387,864691135737334404,excitatory_neuron,23P,L2/3,AL,none,none,1337.7038983823397,225.96686982643809,769.8400000000001,8.0,5.0,2683,0.306996,8_5
1195,295000,864691135742895467,excitatory_neuron,23P,L2/3,V1,none,none,683.063947364533,189.123036754896,979.1200000000002,8.0,5.0,4964,0.306899,8_5
1196,454255,864691135919409328,excitatory_neuron,23P,L2/3,RL,none,none,1047.1936547328346,205.3688520891604,909.2800000000002,8.0,5.0,4664,0.306811,8_5
1197,328534,864691134940636259,excitatory_neuron,23P,L2/3,V1,none,none,781.3062371477515,194.12043309200095,908.7200000000003,8.0,5.0,1951,0.306451,8_5
1198,294897,864691135294190518,excitatory_neuron,23P,L2/3,V1,axon_interareal,dendrite_extended,674.4511315617303,178.15464234427276,960.9600000000003,8.0,5.0,2224,0.305924,8_5
1199,455576,864691136620029581,excitatory_neuron,23P,L2/3,V1,none,none,1010.8750731259765,227.6321978859178,782.0000000000001,8.0,5.0,5592,0.305721,8_5
1200,460397,864691135490809959,excitatory_neuron,4P,L4,RL,none,none,988.0620235314516,350.334830164927,1046.6400000000003,8.0,5.0,8401,0.305559,8_5
1201,393361,864691136135667595,excitatory_neuron,23P,L2/3,V1,none,none,910.5461030874562,200.22365419951063,1034.3600000000004,8.0,5.0,4792,0.305198,8_5
1202,524444,864691135807342621,excitatory_neuron,4P,L4,RL,none,none,1127.1457597916901,345.9922516806144,709.8400000000001,8.0,5.0,8578,0.305136,8_5
1203,190714,864691136040052222,excitatory_neuron,23P,L2/3,V1,none,none,493.19515557931,202.64232616002607,896.8000000000003,8.0,5.0,5120,0.304487,8_5
1204,614132,864691135740159892,excitatory_neuron,4P,L4,AL,none,none,1361.8202858385414,343.9095590278564,734.9200000000002,8.0,5.0,8169,0.303583,8_5
1205,223748,864691135292824758,excitatory_neuron,23P,L2/3,V1,none,none,546.8206973089049,205.79208586633538,687.2400000000001,8.0,5.0,2803,0.301173,8_5
1206,361563,864691135754226381,excitatory_neuron,23P,L2/3,V1,none,none,864.9339045290363,193.59908065344166,904.2400000000002,8.0,5.0,1891,0.300158,8_5
1207,422858,864691135568643308,excitatory_neuron,23P,L2/3,RL,none,none,975.3671174108296,189.96212964956933,1088.2800000000002,8.0,5.0,2234,0.300059,8_5
1208,359871,864691136024237881,excitatory_neuron,23P,L2/3,V1,none,none,824.6668730644548,186.09301477107704,966.1200000000002,8.0,5.0,2561,0.299925,8_5
1209,614677,864691135275197669,excitatory_neuron,4P,L4,AL,none,none,1361.5779765948391,340.8046251750318,891.0400000000003,8.0,5.0,8190,0.299653,8_5
1210,327363,864691135974843759,excitatory_neuron,23P,L2/3,V1,none,none,745.5422153228491,205.63922568966083,645.5600000000002,8.0,5.0,4859,0.298905,8_5
1211,303206,864691135520041610,excitatory_neuron,5P-ET,L5,V1,none,none,669.8871122639069,474.1150806731972,919.5200000000002,8.0,5.0,10519,0.298646,8_5
1212,154576,864691135655103682,excitatory_neuron,23P,L2/3,V1,none,none,439.9841175769371,207.23816718317073,663.2400000000001,8.0,5.0,5201,0.297858,8_5
1213,424878,864691136618334171,excitatory_neuron,4P,L4,V1,none,none,924.8288801824727,319.6830593480969,620.2800000000001,8.0,5.0,7676,0.297542,8_5
1214,454479,864691135013599382,excitatory_neuron,23P,L2/3,RL,none,none,1038.566503845208,195.29862609556324,969.2800000000002,8.0,5.0,5292,0.297019,8_5
1215,582556,864691136110005176,excitatory_neuron,23P,L2/3,RL,none,none,1313.832652915074,221.244383210094,887.4800000000002,8.0,5.0,5441,0.296513,8_5
1216,392468,864691135919392944,excitatory_neuron,23P,L2/3,V1,none,none,896.566877762026,214.6120365721351,766.6000000000001,8.0,5.0,2544,0.295879,8_5
1217,424232,864691136989941653,excitatory_neuron,23P,L2/3,V1,none,none,978.4674270937184,203.72471021682438,908.6800000000003,8.0,5.0,4726,0.295818,8_5
1218,455545,864691135890037385,excitatory_neuron,23P,L2/3,V1,none,none,1050.6964740540277,223.34253821090732,777.3200000000002,8.0,5.0,5212,0.295561,8_5
1219,190908,864691135719688241,excitatory_neuron,23P,L2/3,V1,none,none,495.0846993756569,199.40268293249508,963.5200000000002,8.0,5.0,5123,0.2953,8_5
1220,257700,864691136239108156,excitatory_neuron,23P,L2/3,V1,axon_partially_extended,dendrite_extended,627.7108541846394,207.9222334243821,719.4800000000001,8.0,5.0,4954,0.293946,8_5
1221,455568,864691135645470959,excitatory_neuron,23P,L2/3,V1,none,none,1006.2510823300777,222.4735603604231,804.3600000000002,8.0,5.0,4686,0.293917,8_5
1222,454494,864691135517475539,excitatory_neuron,23P,L2/3,RL,none,none,1049.079123403706,194.09829363400112,973.8400000000003,8.0,5.0,4670,0.293123,8_5
1223,525251,864691135684185586,excitatory_neuron,4P,L4,RL,none,none,1131.8957028450072,354.11715420250624,879.2800000000002,8.0,5.0,8197,0.292508,8_5
1224,257931,864691135565747287,excitatory_neuron,23P,L2/3,V1,none,none,638.0458169358363,212.4241158008299,759.0800000000002,8.0,5.0,2580,0.291577,8_5
1225,361623,864691135456006762,excitatory_neuron,23P,L2/3,V1,none,none,840.1749818916018,200.49142581554193,926.6000000000003,8.0,5.0,5223,0.291061,8_5
1226,556341,864691135324623004,excitatory_neuron,4P,L4,RL,none,none,1221.3490806820596,350.8932619056723,750.0400000000001,8.0,5.0,7447,0.289021,8_5
1227,303095,864691135566168599,excitatory_neuron,5P-ET,L5,V1,axon_partially_extended,dendrite_extended,693.8308134872617,472.86917067374833,864.2400000000002,8.0,5.0,10443,0.288662,8_5
1228,397274,864691136926312266,excitatory_neuron,4P,L4,V1,none,none,897.4712315396695,339.38967277448063,988.4000000000002,8.0,5.0,8381,0.287604,8_5
1229,487450,864691134964790303,excitatory_neuron,23P,L2/3,RL,none,none,1102.268861155413,208.8381744308279,929.8400000000003,8.0,5.0,5270,0.286672,8_5
1230,610983,864691135491867999,excitatory_neuron,23P,L2/3,RL,none,none,1339.8482367338897,202.19128796112776,945.6400000000002,8.0,5.0,1535,0.283588,8_5
1231,422794,864691134917977610,excitatory_neuron,23P,L2/3,RL,none,none,990.4456070939618,198.99066291226896,1048.6000000000004,8.0,5.0,1794,0.283295,8_5
1232,455643,864691136912527089,excitatory_neuron,23P,L2/3,RL,none,none,1063.8094959255864,216.65195367769763,797.8000000000003,8.0,5.0,1709,0.282445,8_5
1233,531133,864691135566155351,excitatory_neuron,5P-ET,L5,RL,axon_partially_extended,dendrite_extended,1136.2334258718759,486.6475297657792,907.0400000000003,8.0,5.0,10186,0.281758,8_5
1234,460013,864691137197751617,excitatory_neuron,4P,L4,RL,none,none,1022.9310560890805,338.03104698677276,952.1600000000003,8.0,5.0,8195,0.281753,8_5
1235,328339,864691135346115999,excitatory_neuron,23P,L2/3,V1,none,none,782.1768048364838,220.1513636151178,855.4800000000002,8.0,5.0,5771,0.28066,8_5
1236,294516,864691135281097889,excitatory_neuron,23P,L2/3,V1,none,none,726.7396952122899,209.06953143288783,818.4000000000002,8.0,5.0,2305,0.280369,8_5
1237,293731,864691136675780743,excitatory_neuron,23P,L2/3,V1,none,none,712.8007872141628,194.35869638453826,649.0000000000001,8.0,5.0,1966,0.280354,8_5
1238,588597,864691135782938163,excitatory_neuron,5P-ET,L5,AL,none,none,1285.2964643374462,467.3738875720499,704.2400000000001,8.0,5.0,10459,0.278946,8_5
1239,497575,864691135182508802,excitatory_neuron,5P-ET,L5,RL,none,none,1073.867006373662,494.55402475236036,988.9600000000003,8.0,5.0,9847,0.278876,8_5
1240,521147,864691135866784389,excitatory_neuron,4P,L4,LM,none,none,1162.495335711248,331.86742098048126,628.4400000000002,8.0,5.0,7466,0.278857,8_5
1241,396219,864691135114974361,excitatory_neuron,4P,L4,V1,none,none,863.2054576297585,348.46976629574255,745.8800000000001,8.0,5.0,7743,0.278768,8_5
1242,428833,864691135337730534,excitatory_neuron,4P,L4,V1,none,none,922.5043705620836,338.17483176246316,974.6400000000002,8.0,5.0,8394,0.278563,8_5
1243,361498,864691135568283116,excitatory_neuron,23P,L2/3,V1,none,none,823.6979251990316,199.37109249468202,886.9600000000003,8.0,5.0,1914,0.278505,8_5
1244,423904,864691136238372412,excitatory_neuron,23P,L2/3,V1,none,none,975.367464342092,220.79950541145337,836.2000000000003,8.0,5.0,5551,0.278482,8_5
1245,365192,864691135953844003,excitatory_neuron,4P,L4,V1,none,none,838.7477452392596,351.91926258123766,749.4400000000002,8.0,5.0,7786,0.277671,8_5
1246,190728,864691136991502997,excitatory_neuron,23P,L2/3,V1,none,none,502.7067466654764,196.72881324386847,882.0000000000002,8.0,5.0,2185,0.277626,8_5
1247,293755,864691135495069072,excitatory_neuron,23P,L2/3,V1,none,none,736.8664233913373,193.18769878083893,654.6800000000002,8.0,5.0,1934,0.277238,8_5
1248,553367,864691135777413728,excitatory_neuron,23P,L2/3,RL,none,none,1219.6523664049403,209.47122998468117,843.6000000000003,8.0,5.0,2856,0.276906,8_5
1249,294252,864691136336021683,excitatory_neuron,23P,L2/3,V1,none,none,682.2895636746499,211.92631813939957,752.6400000000001,8.0,5.0,2007,0.276903,8_5
1250,257493,864691136419477399,excitatory_neuron,23P,L2/3,V1,none,none,625.6123533060513,197.39527878105983,645.1200000000001,8.0,5.0,2028,0.275835,8_5
1251,294576,864691136389921911,excitatory_neuron,23P,L2/3,V1,axon_partially_extended,dendrite_clean,704.6016948066131,192.6134572340318,864.2000000000003,8.0,5.0,2014,0.275387,8_5
1252,522282,864691135865629660,excitatory_neuron,4P,L4,RL,none,none,1127.0125532590444,335.7657269522592,866.2400000000002,8.0,5.0,7573,0.274729,8_5
1253,582092,864691136138838141,excitatory_neuron,23P,L2/3,AL,none,none,1311.007455592888,221.9608775162205,722.5200000000001,8.0,5.0,2576,0.27447,8_5
1254,295011,864691134948843772,excitatory_neuron,23P,L2/3,V1,none,none,688.567031678944,198.91994233923657,981.7200000000003,8.0,5.0,4967,0.274307,8_5
1255,530786,864691135257507247,inhibitory_neuron,MC,L5,RL,none,none,1112.7288234199157,485.81178843300177,839.5200000000002,8.0,5.0,10476,0.274152,8_5
1256,658916,864691135565370967,excitatory_neuron,4P,L4,AL,none,none,1409.4142813580027,330.0850425989362,926.0800000000003,8.0,5.0,7367,0.273984,8_5
1257,158902,864691136923532260,excitatory_neuron,4P,L4,V1,none,none,412.0186731126679,322.7443540127769,689.8400000000001,8.0,5.0,8733,0.273274,8_5
1258,423470,864691135397359137,excitatory_neuron,23P,L2/3,V1,none,none,994.1587128738255,207.21758733562083,703.8400000000001,8.0,5.0,2230,0.272205,8_5
1259,582468,864691136084684396,excitatory_neuron,23P,L2/3,RL,axon_interareal,dendrite_clean,1318.2922525471417,206.9868085523317,868.2800000000002,8.0,5.0,1532,0.271029,8_5
1260,361799,864691136025407033,excitatory_neuron,23P,L2/3,V1,none,none,848.3723979914597,194.9126487734125,974.9200000000003,8.0,5.0,4846,0.270293,8_5
1261,189848,864691135584763000,excitatory_neuron,23P,L2/3,V1,none,none,473.22103099871396,198.9032381376833,683.5200000000001,8.0,5.0,2175,0.269772,8_5
1262,154451,864691135575864606,excitatory_neuron,23P,L2/3,V1,none,none,416.2093738654726,208.75583692793867,651.9200000000002,8.0,5.0,5362,0.269149,8_5
1263,392476,864691135940406273,excitatory_neuron,23P,L2/3,V1,none,none,903.2884734607901,221.49605801765347,780.6400000000001,8.0,5.0,5256,0.268203,8_5
1264,454686,864691135517752458,excitatory_neuron,23P,L2/3,RL,none,none,1036.9958001741277,203.70572178775404,1054.0400000000002,8.0,5.0,5189,0.267362,8_5
1265,423916,864691135123205927,excitatory_neuron,23P,L2/3,V1,none,none,987.4341114909403,216.52290926671478,827.8800000000002,8.0,5.0,4688,0.267079,8_5
1266,337804,864691135738047620,excitatory_neuron,5P-IT,L5,V1,axon_fully_extended,dendrite_extended,746.3454437014992,479.90489533165544,856.3200000000003,8.0,5.0,9970,0.265973,8_5
1267,259011,864691136389532023,excitatory_neuron,23P,L2/3,V1,none,none,649.0762914994457,196.49286177292717,966.5600000000003,8.0,5.0,4997,0.265339,8_5
1268,614851,864691135777162336,excitatory_neuron,4P,L4,RL,none,none,1367.0871879212464,328.5019692601091,963.8000000000003,8.0,5.0,7390,0.265234,8_5
1269,586448,864691135565447959,excitatory_neuron,4P,L4,RL,none,none,1282.006850162857,344.8931024399226,1028.3600000000004,8.0,5.0,8273,0.264909,8_5
1270,556966,864691136913075953,excitatory_neuron,4P,L4,RL,none,none,1229.7767541148248,339.74536091442457,954.4800000000002,8.0,5.0,8416,0.264556,8_5
1271,423914,864691135945468452,excitatory_neuron,23P,L2/3,V1,none,none,987.9782956697929,204.42831445831033,822.4000000000002,8.0,5.0,1765,0.264109,8_5
1272,155406,864691135463537214,excitatory_neuron,23P,L2/3,V1,none,none,460.06075528157646,184.83872481340072,885.2000000000003,8.0,5.0,2208,0.263988,8_5
1273,522798,864691136009461422,excitatory_neuron,4P,L4,RL,none,none,1148.3040319757015,338.39942360490335,1017.9200000000003,8.0,5.0,7548,0.263974,8_5
1274,364956,864691136423283503,excitatory_neuron,4P,L4,V1,none,none,817.8785157476358,337.1160587244394,703.8400000000001,8.0,5.0,8319,0.263853,8_5
1275,658820,864691135731129017,excitatory_neuron,4P,L4,AL,none,none,1415.5150463525956,336.7220149870625,892.8400000000003,8.0,5.0,7364,0.263111,8_5
1276,491440,864691135952487459,excitatory_neuron,4P,L4,RL,none,none,1079.5610704339774,336.94655111460094,956.3200000000003,8.0,5.0,7610,0.262513,8_5
1277,338029,864691136419952535,excitatory_neuron,5P-IT,L5,V1,none,none,776.4855156995251,482.73454335814614,928.6800000000003,8.0,5.0,9960,0.262297,8_5
1278,189881,864691136379307477,excitatory_neuron,23P,L2/3,V1,none,none,502.16652196834474,206.57519802594004,679.6400000000001,8.0,5.0,5078,0.261924,8_5
1279,553213,864691136452374271,excitatory_neuron,23P,L2/3,RL,none,none,1227.5327921528544,221.46770455146972,776.2000000000002,8.0,5.0,2267,0.260893,8_5
1280,611082,864691136040339198,excitatory_neuron,23P,L2/3,RL,none,none,1361.7180899447062,185.73073388365685,980.5200000000002,8.0,5.0,2614,0.260592,8_5
1281,154797,864691135658416002,excitatory_neuron,23P,L2/3,V1,none,none,464.78225945275386,215.31821467726743,738.0400000000001,8.0,5.0,5108,0.260203,8_5
1282,428781,864691135498496531,excitatory_neuron,4P,L4,V1,none,none,947.3119342434034,333.6637875155876,943.0000000000002,8.0,5.0,8670,0.260177,8_5
1283,423624,864691135586077052,excitatory_neuron,23P,L2/3,V1,none,none,956.4397723060835,219.7859916276206,772.7600000000001,8.0,5.0,1785,0.260119,8_5
1284,359728,864691135655168706,excitatory_neuron,23P,L2/3,V1,none,none,845.9623112628327,186.47850139738824,924.0000000000002,8.0,5.0,2318,0.259559,8_5
1285,422487,864691137198306113,excitatory_neuron,23P,L2/3,RL,none,none,998.7801313863096,196.25063794518093,957.2400000000002,8.0,5.0,2367,0.259347,8_5
1286,423437,864691135360959815,excitatory_neuron,23P,L2/3,V1,none,none,981.4879111015364,205.91630241395296,699.2800000000001,8.0,5.0,2650,0.259075,8_5
1287,424578,864691135383766763,excitatory_neuron,23P,L2/3,V1,none,none,945.6408844518108,206.63476213715674,1044.7600000000002,8.0,5.0,4765,0.258755,8_5
1288,553700,864691137054807414,excitatory_neuron,23P,L2/3,RL,none,none,1216.9243933486468,209.81076349427627,946.6800000000003,8.0,5.0,4519,0.258538,8_5
1289,464050,864691135477298240,excitatory_neuron,5P-ET,L5,V1,none,none,1006.5991427229403,487.2554709320536,891.4400000000003,8.0,5.0,9873,0.257281,8_5
1290,423883,864691135518159498,excitatory_neuron,23P,L2/3,V1,none,none,960.5536535946825,219.76044278584777,825.9600000000003,8.0,5.0,4721,0.257279,8_5
1291,521528,864691135341626545,excitatory_neuron,4P,L4,RL,none,none,1142.8011211269213,344.0212059015049,701.3600000000001,8.0,5.0,8492,0.257126,8_5
1292,223708,864691135342089649,excitatory_neuron,23P,L2/3,V1,none,none,591.5578196524109,210.66974395420618,658.0000000000001,8.0,5.0,5768,0.257124,8_5
1293,400851,864691135941858164,excitatory_neuron,5P-IT,L5,V1,none,none,845.8134413224215,484.1101046349157,767.8000000000002,8.0,5.0,9921,0.256609,8_5
1294,365764,864691135859681896,excitatory_neuron,4P,L4,V1,none,none,827.8484539693418,339.91564938297574,843.5200000000002,8.0,5.0,7826,0.256167,8_5
1295,361876,864691136020242680,excitatory_neuron,23P,L2/3,V1,none,none,827.8883373691947,201.40806226474436,1017.2400000000002,8.0,5.0,4876,0.254587,8_5
1296,519146,864691135468907090,excitatory_neuron,23P,L2/3,RL,none,none,1143.2577914280257,203.68699329375877,1055.1600000000003,8.0,5.0,5233,0.254494,8_5
1297,531227,864691136040495614,excitatory_neuron,5P-IT,L5,RL,none,none,1158.450066867515,480.17520847655953,958.0800000000003,8.0,5.0,9817,0.254256,8_5
1298,428654,864691135375498952,excitatory_neuron,4P,L4,V1,none,none,943.0849329401498,337.9195746322433,921.2800000000002,8.0,5.0,8458,0.254092,8_5
1299,520334,864691135408801225,excitatory_neuron,23P,L2/3,RL,none,none,1139.5776044089168,217.11333514492523,884.0000000000002,8.0,5.0,4568,0.25214,8_5
1300,455611,864691135066003268,excitatory_neuron,23P,L2/3,V1,none,none,1035.3336236703212,227.84470969674055,795.1600000000002,8.0,5.0,4660,0.249073,8_5
1301,454229,864691135942158452,excitatory_neuron,23P,L2/3,RL,none,none,1028.9042498136967,197.79400082304252,908.2800000000002,8.0,5.0,4666,0.248669,8_5
1302,228385,864691136119592472,excitatory_neuron,4P,L4,V1,none,none,570.2573530577013,330.0355087397914,903.2800000000002,8.0,5.0,8027,0.248457,8_5
1303,493695,864691135270404517,excitatory_neuron,4P,L4,RL,none,none,1111.4536936796144,343.97692909248065,952.1200000000002,8.0,5.0,8759,0.248047,8_5
1304,453278,864691136379614421,excitatory_neuron,23P,L2/3,V1,none,none,1040.5293993733667,194.89215697553783,621.9200000000001,8.0,5.0,2337,0.247727,8_5
1305,392866,864691135938534453,excitatory_neuron,23P,L2/3,V1,none,none,886.1289971336462,200.27174619893526,902.4400000000003,8.0,5.0,5456,0.247679,8_5
1306,554775,864691135654715586,excitatory_neuron,23P,L2/3,RL,axon_interareal,dendrite_clean,1216.9595952834306,221.89180354982562,806.2800000000002,8.0,5.0,5449,0.246627,8_5
1307,581822,864691136210115004,excitatory_neuron,23P,L2/3,AL,none,none,1320.5900574149596,223.31320229955688,645.0400000000001,8.0,5.0,4408,0.245751,8_5
1308,391347,864691135859910760,excitatory_neuron,23P,L2/3,V1,none,none,924.2456497041252,190.5006493914425,946.0400000000003,8.0,5.0,2598,0.245648,8_5
1309,189773,864691135737641860,excitatory_neuron,23P,L2/3,V1,none,none,492.4221012658562,201.93224797528126,641.4400000000002,8.0,5.0,2142,0.245054,8_5
1310,393154,864691135947604772,excitatory_neuron,23P,L2/3,V1,none,none,895.925122386018,196.24621641518695,977.6800000000003,8.0,5.0,5451,0.24462,8_5
1311,155019,864691135447924820,excitatory_neuron,23P,L2/3,V1,none,none,453.75233393360503,209.21366366658472,786.7200000000003,8.0,5.0,2454,0.242932,8_5
1312,487756,864691135397374753,excitatory_neuron,23P,L2/3,RL,none,none,1124.8952082427068,208.69765580107733,1044.0400000000002,8.0,5.0,4610,0.242812,8_5
1313,456120,864691135104374861,excitatory_neuron,23P,L2/3,RL,none,none,1016.1387382370525,207.85570098685992,970.6000000000003,8.0,5.0,4700,0.242607,8_5
1314,392732,864691134917980426,excitatory_neuron,23P,L2/3,V1,none,none,912.5266863158228,213.56704904773093,830.1600000000002,8.0,5.0,4755,0.24229,8_5
1315,298820,864691135757083346,excitatory_neuron,4P,L4,V1,axon_fully_extended,dendrite_extended,697.5479938658567,347.40371033492437,834.6800000000003,8.0,5.0,7917,0.240065,8_5
1316,190781,864691135700498722,excitatory_neuron,23P,L2/3,V1,none,none,535.0576592247761,207.3327321694614,888.2400000000002,8.0,5.0,5343,0.240026,8_5
1317,493326,864691137019563886,excitatory_neuron,4P,L4,RL,none,none,1056.6263744682742,343.5487841429599,894.5200000000002,8.0,5.0,8516,0.239813,8_5
1318,497503,864691135082573559,excitatory_neuron,5P-IT,L5,RL,none,none,1100.1776156055403,489.01807949907175,942.0000000000002,8.0,5.0,9845,0.238989,8_5
1319,402134,864691135323646364,excitatory_neuron,5P-NP,L5,V1,none,none,855.0167413520554,489.79786874434717,1036.5600000000002,8.0,5.0,9931,0.238965,8_5
1320,424671,864691136136644221,excitatory_neuron,23P,L2/3,RL,none,none,996.9735924147859,210.29061404716788,1038.5600000000002,8.0,5.0,5284,0.237191,8_5
1321,370088,864691136618130907,excitatory_neuron,5P-IT,L5,V1,none,none,839.3318716933303,489.90324326119077,892.3600000000002,8.0,5.0,9925,0.236818,8_5
1322,224670,864691135383491034,excitatory_neuron,23P,L2/3,V1,none,none,596.9497201949341,184.28728583257652,942.5200000000002,8.0,5.0,2128,0.235783,8_5
1323,423847,864691135584623736,excitatory_neuron,23P,L2/3,V1,none,none,935.80169612309,208.21523454500252,817.3600000000002,8.0,5.0,2364,0.235361,8_5
1324,428980,864691135105524557,excitatory_neuron,4P,L4,V1,none,none,939.7505799082636,347.39301592138173,1025.3600000000004,8.0,5.0,8697,0.234332,8_5
1325,327872,864691135810262220,excitatory_neuron,23P,L2/3,V1,none,none,781.7711160484273,216.71091355629633,742.8800000000001,8.0,5.0,5251,0.234012,8_5
1326,428755,864691136420195223,excitatory_neuron,4P,L4,V1,axon_partially_extended,dendrite_extended,929.5861353328945,340.2077842289275,961.5200000000002,8.0,5.0,7724,0.233465,8_5
1327,582902,864691135474750272,excitatory_neuron,23P,L2/3,RL,none,none,1293.6972584985215,192.1788648818434,1032.1600000000003,8.0,5.0,4471,0.23325,8_5
1328,518828,864691135568826604,excitatory_neuron,23P,L2/3,RL,none,none,1191.4689472793225,218.05554908346716,874.4800000000002,8.0,5.0,4545,0.233096,8_5
1329,223870,864691135715889690,excitatory_neuron,23P,L2/3,V1,none,none,572.5297820226342,215.94340908955556,691.7600000000001,8.0,5.0,5012,0.232992,8_5
1330,364801,864691135615181003,excitatory_neuron,4P,L4,V1,none,none,818.468999974467,331.8354284232477,666.4800000000001,8.0,5.0,7776,0.232708,8_5
1331,190501,864691135591211019,excitatory_neuron,23P,L2/3,V1,none,none,479.27633409917416,202.38825411491464,828.3200000000003,8.0,5.0,2639,0.232318,8_5
1332,610607,864691135518453642,excitatory_neuron,23P,L2/3,AL,axon_interareal,dendrite_clean,1333.899926636088,216.57559520827695,840.6000000000003,8.0,5.0,1529,0.231916,8_5
1333,454647,864691135848829790,excitatory_neuron,23P,L2/3,RL,none,none,1066.303512102326,176.39613597006485,1020.0800000000003,8.0,5.0,1745,0.231739,8_5
1334,391626,864691135468787026,excitatory_neuron,23P,L2/3,V1,none,none,889.4107496399263,190.66521402090527,1078.1200000000003,8.0,5.0,2399,0.230544,8_5
1335,454467,864691136084074092,excitatory_neuron,23P,L2/3,RL,none,none,1031.8426249724146,197.98683086901374,988.4800000000002,8.0,5.0,4699,0.230303,8_5
1336,454667,864691135874519694,excitatory_neuron,23P,L2/3,RL,none,none,1016.231829555593,194.3082623357196,1051.4000000000003,8.0,5.0,2741,0.230046,8_5
1337,159557,864691135233858393,excitatory_neuron,4P,L4,V1,none,none,441.16988419291056,339.8140046405764,858.8800000000002,8.0,5.0,8255,0.229616,8_5
1338,190795,864691135977636675,excitatory_neuron,23P,L2/3,V1,none,none,484.3360132292069,185.67764529593052,922.1600000000002,8.0,5.0,2279,0.229256,8_5
1339,582889,864691135952315939,excitatory_neuron,23P,L2/3,RL,none,none,1279.9985500356988,205.56387778622954,1044.4000000000003,8.0,5.0,5446,0.229226,8_5
1340,493445,864691136237704463,excitatory_neuron,4P,L4,RL,none,none,1053.2775128859328,338.50170596818225,929.6800000000003,8.0,5.0,8737,0.226809,8_5
1341,199415,864691135865480668,excitatory_neuron,5P-ET,L5,V1,none,none,455.7604032999988,469.70793780215905,923.0000000000002,8.0,5.0,10113,0.226539,8_5
1342,424381,864691135986907907,excitatory_neuron,23P,L2/3,V1,none,none,940.2924803863431,203.14734734214196,988.6800000000003,8.0,5.0,4762,0.226511,8_5
1343,488338,864691135786218180,excitatory_neuron,23P,L2/3,RL,none,none,1098.3622606413635,215.306304950818,688.1600000000001,8.0,5.0,4558,0.225869,8_5
1344,553731,864691136011431075,excitatory_neuron,23P,L2/3,RL,none,none,1234.7378212539145,200.06220984443527,937.8400000000003,8.0,5.0,1604,0.225859,8_5
1345,519660,864691135848445022,excitatory_neuron,23P,L2/3,RL,none,none,1184.1944102844177,224.1005344027015,689.1200000000001,8.0,5.0,4504,0.224682,8_5
1346,361315,864691135510817033,excitatory_neuron,23P,L2/3,V1,none,none,831.797452344782,205.92595603370802,817.4800000000002,8.0,5.0,2238,0.224671,8_5
1347,493946,864691135741175915,excitatory_neuron,5P-IT,L4,RL,none,none,1094.376673132833,355.58875518680395,1041.5600000000002,8.0,5.0,8260,0.224331,8_5
1348,393408,864691135748985385,excitatory_neuron,23P,L2/3,V1,none,none,880.6514616610078,194.58872190319357,1062.0800000000002,8.0,5.0,2285,0.223998,8_5
1349,223909,864691136267233524,excitatory_neuron,23P,L2/3,V1,none,none,598.1861505670031,215.68251616992274,707.3200000000002,8.0,5.0,5567,0.223105,8_5
1350,361943,864691136107761113,excitatory_neuron,23P,L2/3,V1,none,none,818.202875491817,195.35689211163665,1044.4800000000002,8.0,5.0,5243,0.222961,8_5
1351,487377,864691134941328739,excitatory_neuron,23P,L2/3,RL,none,none,1102.9436795834968,190.8445174348441,902.9200000000003,8.0,5.0,2725,0.22258,8_5
1352,190699,864691136120754200,excitatory_neuron,23P,L2/3,V1,none,none,485.6662574299082,196.90831982449296,892.8000000000003,8.0,5.0,5659,0.221582,8_5
1353,397465,864691135272821009,excitatory_neuron,4P,L4,V1,none,none,911.7153092664536,348.40944891989193,1045.4400000000003,8.0,5.0,8365,0.219835,8_5
1354,422653,864691135749414953,excitatory_neuron,23P,L2/3,RL,none,none,983.2251156448465,191.93450480510802,1024.6000000000004,8.0,5.0,1795,0.219465,8_5
1355,154993,864691135491207007,excitatory_neuron,23P,L2/3,V1,none,none,444.7061707925749,215.681852008452,802.0000000000002,8.0,5.0,5545,0.218548,8_5
1356,517813,864691135687798752,excitatory_neuron,23P,L2/3,RL,none,none,1142.314161116867,200.5207017980398,639.9200000000002,8.0,5.0,1619,0.217909,8_5
1357,488716,864691135118527709,excitatory_neuron,23P,L2/3,RL,none,none,1080.449094008665,214.44579510823667,799.6000000000003,8.0,5.0,1682,0.217793,8_5
1358,194433,864691135749482537,excitatory_neuron,4P,L4,V1,none,none,473.95816139403587,335.87269341432636,756.0400000000001,8.0,5.0,8082,0.217678,8_5
1359,392953,864691136313050173,excitatory_neuron,23P,L2/3,V1,none,none,876.4882746403094,203.98964961436585,921.8800000000002,8.0,5.0,5268,0.21574,8_5
1360,391116,864691135781532752,excitatory_neuron,23P,L2/3,V1,none,none,888.4926681705402,191.61280381378515,894.8400000000003,8.0,5.0,1856,0.215702,8_5
1361,361450,864691135701207163,excitatory_neuron,23P,L2/3,V1,none,none,859.5458478244801,207.4542034947768,851.0400000000003,8.0,5.0,1888,0.213998,8_5
1362,589250,864691135926846478,excitatory_neuron,5P-ET,L5,RL,none,none,1276.8186470187352,484.2351593363791,914.5200000000002,8.0,5.0,9793,0.213761,8_5
1363,294548,864691135470787666,excitatory_neuron,23P,L2/3,V1,axon_fully_extended,dendrite_extended,687.177048321163,190.575042443786,865.0000000000002,8.0,5.0,2040,0.21074,8_5
1364,155119,864691135429552944,excitatory_neuron,23P,L2/3,V1,none,none,441.06647456640036,215.42766431958643,815.3200000000003,8.0,5.0,5176,0.209561,8_5
1365,454504,864691136419226519,excitatory_neuron,23P,L2/3,RL,none,none,1059.8070005220734,199.983685424971,970.8800000000002,8.0,5.0,5579,0.208931,8_5
1366,610083,864691135065851972,excitatory_neuron,23P,L2/3,AL,none,none,1345.6207397977134,216.25189962556638,688.6800000000002,8.0,5.0,2862,0.208815,8_5
1367,326888,864691136371466120,excitatory_neuron,23P,L2/3,V1,none,none,791.719898310788,180.83348260735377,1045.3200000000002,8.0,5.0,2868,0.208588,8_5
1368,294264,864691135565602839,excitatory_neuron,23P,L2/3,V1,none,none,695.576398515543,212.0608540484745,767.5200000000001,8.0,5.0,2876,0.208205,8_5
1369,294239,864691136741503324,excitatory_neuron,23P,L2/3,V1,none,none,675.3010058661339,206.62505227575633,775.6400000000001,8.0,5.0,2037,0.206022,8_5
1370,562317,864691136237338639,excitatory_neuron,5P-IT,L5,RL,none,none,1218.6130735453137,487.17339020377625,741.1600000000001,8.0,5.0,10153,0.205961,8_5
1371,610624,864691135293048246,excitatory_neuron,23P,L2/3,AL,none,none,1356.157405355924,227.2601201409094,822.2800000000002,8.0,5.0,4415,0.203503,8_5
1372,454683,864691136310697050,excitatory_neuron,23P,L2/3,RL,none,none,1036.0768805508958,200.99130348431603,1035.8400000000001,8.0,5.0,2379,0.202268,8_5
1373,303178,864691136814463603,excitatory_neuron,5P-IT,L5,V1,none,none,702.6706496513424,473.899534003943,889.6800000000003,8.0,5.0,9983,0.201734,8_5
1374,493779,864691135988025347,excitatory_neuron,4P,L4,RL,none,none,1089.9725640667386,343.510952102884,973.0800000000003,8.0,5.0,7611,0.201198,8_5
1375,562669,864691135778084285,excitatory_neuron,5P-ET,L5,RL,none,none,1221.422490762492,500.5892986299627,842.3200000000003,8.0,5.0,10447,0.200354,8_5
1376,333059,864691135571771117,excitatory_neuron,4P,L4,V1,none,none,762.4336028037537,340.8097718488369,846.4800000000002,8.0,5.0,8201,0.198831,8_5
1377,493464,864691135889041801,excitatory_neuron,4P,L4,RL,none,none,1069.7315930201448,351.6337449163778,908.5600000000003,8.0,5.0,7606,0.198254,8_5
1378,361386,864691135511704784,excitatory_neuron,23P,L2/3,V1,none,none,808.2003076187417,196.60184831348556,854.4800000000002,8.0,5.0,2812,0.19796,8_5
1379,486537,864691135503571637,excitatory_neuron,23P,L2/3,RL,none,none,1128.5069568093252,204.1310631663516,669.8000000000002,8.0,5.0,2358,0.197723,8_5
1380,582565,864691135884765808,excitatory_neuron,23P,L2/3,RL,none,none,1320.173935201923,213.38314800444763,892.0800000000003,8.0,5.0,5161,0.197556,8_5
1381,336913,864691136101425013,excitatory_neuron,5P-IT,L5,V1,none,none,743.0935750975424,453.92260585242366,683.0000000000001,8.0,5.0,9950,0.196548,8_5
1382,360933,864691135509698057,excitatory_neuron,23P,L2/3,V1,none,none,827.0747344409294,209.238950993051,738.4400000000002,8.0,5.0,2603,0.195212,8_5
1383,454122,864691136329390058,excitatory_neuron,23P,L2/3,V1,none,none,1015.8421521600524,197.29366005250782,876.0000000000002,8.0,5.0,2742,0.195111,8_5
1384,554924,864691135578103301,excitatory_neuron,23P,L2/3,RL,axon_partially_extended,dendrite_extended,1249.9360205387145,223.87744434883405,822.2000000000003,8.0,5.0,4486,0.194575,8_5
1385,425428,864691135778000317,excitatory_neuron,4P,L4,V1,none,none,964.7476210201709,325.2955641305164,693.6800000000002,8.0,5.0,7654,0.194397,8_5
1386,497601,864691135383815147,excitatory_neuron,5P-IT,L5,RL,none,none,1099.3297067182139,493.56949889512765,976.0800000000003,8.0,5.0,9832,0.193294,8_5
1387,359917,864691135809883933,excitatory_neuron,23P,L2/3,V1,none,none,855.2476623196898,189.02546503099666,993.6800000000003,8.0,5.0,2383,0.193217,8_5
1388,519602,864691135502339650,excitatory_neuron,23P,L2/3,RL,none,none,1148.0173297524766,214.63949195562043,659.7600000000001,8.0,5.0,5806,0.19268,8_5
1389,224018,864691135383435482,excitatory_neuron,23P,L2/3,V1,none,none,556.5985279947314,204.9129345259462,757.5600000000002,8.0,5.0,2117,0.192673,8_5
1390,488489,864691135491877727,excitatory_neuron,23P,L2/3,RL,none,none,1111.4897910633774,223.13623988152452,711.8800000000001,8.0,5.0,4559,0.192653,8_5
1391,459533,864691135137137433,excitatory_neuron,4P,L4,V1,axon_fully_extended,dendrite_extended,1003.6575300658492,340.970433764968,819.5600000000003,8.0,5.0,7663,0.191004,8_5
1392,396472,864691135305618599,excitatory_neuron,4P,L4,V1,none,none,874.8888435044478,350.7768195034323,764.3600000000001,8.0,5.0,7744,0.190842,8_5
1393,293832,864691135855767342,excitatory_neuron,23P,L2/3,V1,none,none,701.2617059853139,197.01109235686732,676.6400000000001,8.0,5.0,1967,0.190497,8_5
1394,424148,864691135407563209,excitatory_neuron,23P,L2/3,V1,none,none,990.1133278595944,203.52294958793365,893.5600000000003,8.0,5.0,4695,0.188577,8_5
1395,294493,864691136665051614,excitatory_neuron,23P,L2/3,V1,axon_fully_extended,dendrite_extended,702.7679306856248,195.215535854784,822.5600000000003,8.0,5.0,2011,0.188555,8_5
1396,454625,864691136912125681,excitatory_neuron,23P,L2/3,RL,none,none,1045.0273800899704,191.9449668776546,1026.8000000000002,8.0,5.0,1746,0.18797,8_5
1397,517847,864691135539056754,excitatory_neuron,23P,L2/3,AL,none,none,1172.6049538821148,211.90805064018937,641.8400000000001,8.0,5.0,4503,0.186921,8_5
1398,585561,864691135335308265,excitatory_neuron,4P,L4,AL,none,none,1290.6443188317094,351.1738074158461,720.9600000000002,8.0,5.0,8519,0.185896,8_5
1399,298158,864691136032561083,excitatory_neuron,4P,L4,V1,none,none,692.9964588260467,336.27667619363666,710.6000000000001,8.0,5.0,8654,0.185309,8_5
1400,257927,864691135416569274,excitatory_neuron,23P,L2/3,V1,none,none,634.1263841790234,211.6957430495399,765.6800000000002,8.0,5.0,2063,0.183708,8_5
1401,582587,864691136005890250,excitatory_neuron,23P,L2/3,RL,none,none,1269.552085755662,207.47668725031983,935.2400000000002,8.0,5.0,4492,0.183207,8_5
1402,518923,864691135472970034,excitatory_neuron,23P,L2/3,RL,none,none,1167.922842414951,211.81964131346166,948.7600000000002,8.0,5.0,5684,0.1825,8_5
1403,517993,864691135686414775,excitatory_neuron,23P,L2/3,RL,axon_interareal,dendrite_clean,1145.967527739651,211.63340085450344,716.2000000000002,8.0,5.0,1621,0.182363,8_5
1404,455282,864691135304485031,excitatory_neuron,23P,L2/3,V1,none,none,1033.9626573891771,209.73631420028727,691.3200000000002,8.0,5.0,4623,0.181952,8_5
1405,154506,864691136057019096,excitatory_neuron,23P,L2/3,V1,none,none,465.4904878641756,191.80245629023568,654.5200000000001,8.0,5.0,2172,0.181099,8_5
1406,488590,864691135610310151,excitatory_neuron,23P,L2/3,RL,none,none,1114.4663738410004,219.22076660643268,725.5600000000002,8.0,5.0,4560,0.179027,8_5
1407,497407,864691135367723513,excitatory_neuron,5P-ET,L5,RL,none,none,1099.1319633929215,484.8149507298993,933.4400000000003,8.0,5.0,10510,0.177517,8_5
1408,267197,864691136927187786,excitatory_neuron,5P-IT,L5,V1,axon_partially_extended,dendrite_extended,629.4106903163779,485.1573472125263,871.7200000000003,8.0,5.0,10533,0.17651,8_5
1409,359877,864691134941228131,excitatory_neuron,23P,L2/3,V1,none,none,827.8291472565755,182.25803185927072,982.6800000000003,8.0,5.0,2513,0.175709,8_5
1410,487430,864691135526929243,excitatory_neuron,23P,L2/3,RL,none,none,1078.8176395610278,206.65796945627926,929.7600000000002,8.0,5.0,5582,0.175438,8_5
1411,519777,864691135941847553,excitatory_neuron,23P,L2/3,RL,none,none,1131.0868392036882,216.49897838401287,723.8800000000001,8.0,5.0,2551,0.174749,8_5
1412,497458,864691136238377788,excitatory_neuron,5P-IT,L5,RL,none,none,1069.9976596809176,482.97271860100824,963.2400000000002,8.0,5.0,9846,0.173906,8_5
1413,554722,864691135491136615,excitatory_neuron,23P,L2/3,RL,none,none,1231.587107750005,239.7466182237508,753.2000000000002,8.0,5.0,4481,0.173855,8_5
1414,333237,864691135361232967,excitatory_neuron,4P,L4,V1,none,none,730.3799988315458,334.15077669995276,926.0000000000002,8.0,5.0,8588,0.173084,8_5
1415,392725,864691136032907451,excitatory_neuron,23P,L2/3,V1,none,none,904.654526462613,227.91153019016033,835.1200000000002,8.0,5.0,4783,0.172169,8_5
1416,393109,864691136310616410,excitatory_neuron,23P,L2/3,V1,none,none,923.281557296146,210.33208781201282,943.2000000000003,8.0,5.0,5530,0.170949,8_5
1417,391431,864691135013506294,excitatory_neuron,23P,L2/3,V1,none,none,928.1627414650317,195.6616857347206,992.1200000000002,8.0,5.0,4763,0.16896,8_5
1418,585024,864691137197935937,excitatory_neuron,4P,L4,AL,none,none,1253.4391581436034,340.9803749138768,687.8000000000002,8.0,5.0,7413,0.167042,8_5
1419,610418,864691135208520569,excitatory_neuron,23P,L2/3,AL,none,none,1355.773248106042,225.04219877003908,774.4000000000001,8.0,5.0,4412,0.166271,8_5
1420,488844,864691136912677105,excitatory_neuron,23P,L2/3,RL,none,none,1084.5653741150472,215.12714530145627,822.3600000000002,8.0,5.0,2681,0.165224,8_5
1421,487429,864691135778981216,excitatory_neuron,23P,L2/3,RL,none,none,1076.3198081938879,191.14925376279484,925.1200000000002,8.0,5.0,1712,0.164542,8_5
1422,198390,864691135355904975,excitatory_neuron,5P-IT,L5,V1,none,none,473.88290259376765,446.8805525960662,659.4400000000002,8.0,5.0,10067,0.164103,8_5
1423,552887,864691136452005887,excitatory_neuron,23P,L2/3,RL,none,none,1199.4798916327138,213.87383620871492,702.1200000000001,8.0,5.0,2308,0.162022,8_5
1424,658901,864691134885741306,excitatory_neuron,4P,L4,AL,none,none,1390.5384095156314,330.6821742346576,929.1600000000002,8.0,5.0,7389,0.161429,8_5
1425,360728,864691135509788169,excitatory_neuron,23P,L2/3,V1,none,none,843.9240699382183,219.32183576378034,685.9600000000002,8.0,5.0,4777,0.16081,8_5
1426,365261,864691135719432241,excitatory_neuron,4P,L4,V1,none,none,796.1329384865458,349.21886160567175,763.8800000000001,8.0,5.0,7817,0.159662,8_5
1427,392941,864691135118759901,excitatory_neuron,23P,L2/3,V1,none,none,869.1593451683523,192.29840259811138,919.1200000000002,8.0,5.0,2692,0.15845,8_5
1428,223652,864691135859700584,excitatory_neuron,23P,L2/3,V1,none,none,554.7925380676681,196.91710558934773,634.8800000000001,8.0,5.0,2083,0.154193,8_5
1429,486534,864691136487990802,excitatory_neuron,23P,L2/3,RL,none,none,1125.8769883508935,202.61608134875266,679.7600000000001,8.0,5.0,2631,0.154181,8_5
1430,257748,864691135476110504,excitatory_neuron,23P,L2/3,V1,none,none,639.5153368593026,206.64219093150336,691.2800000000001,8.0,5.0,2033,0.153695,8_5
1431,328526,864691135294356918,excitatory_neuron,23P,L2/3,V1,none,none,774.4587470134464,189.40970927706613,926.6800000000003,8.0,5.0,2336,0.152996,8_5
1432,328296,864691136288737987,excitatory_neuron,23P,L2/3,V1,none,none,751.8524286222666,198.8674282830741,844.8400000000003,8.0,5.0,1977,0.151772,8_5
1433,298125,864691136267848692,excitatory_neuron,4P,L4,V1,none,none,683.461659894014,333.64364422920704,716.1600000000001,8.0,5.0,7907,0.150154,8_5
1434,455496,864691136437334942,excitatory_neuron,23P,L2/3,V1,none,none,1030.2177601117903,209.21594473363862,751.6400000000001,8.0,5.0,1733,0.149665,8_5
1435,424367,864691136578560020,excitatory_neuron,23P,L2/3,V1,none,none,936.8798623433238,198.09469119982847,994.8800000000002,8.0,5.0,5272,0.14609,8_5
1436,263355,864691135013936534,excitatory_neuron,4P,L4,V1,none,none,625.16036499676,328.8641642048294,1014.8800000000002,8.0,5.0,8010,0.144498,8_5
1437,155417,864691135335732969,excitatory_neuron,23P,L2/3,V1,none,none,465.79661139043276,200.05253073757694,884.2000000000003,8.0,5.0,5445,0.14374,8_5
1438,520786,864691135013932438,excitatory_neuron,23P,L2/3,RL,none,none,1146.2840268690106,221.23351691115164,1045.4400000000003,8.0,5.0,4576,0.142435,8_5
1439,611390,864691136578251028,excitatory_neuron,23P,L2/3,RL,none,none,1343.2775308576397,201.91311209442694,1068.6400000000003,8.0,5.0,5180,0.141252,8_5
1440,360886,864691134948870652,excitatory_neuron,23P,L2/3,V1,none,none,815.7603903993294,211.52554210392032,729.4400000000002,8.0,5.0,1879,0.14043,8_5
1441,556247,864691135213876096,excitatory_neuron,4P,L4,AL,none,none,1244.4160872046855,345.7159828823698,737.6400000000001,8.0,5.0,8626,0.140282,8_5
1442,393065,864691136812192115,excitatory_neuron,23P,L2/3,V1,none,none,877.9378236895386,194.03008699576273,946.6800000000003,8.0,5.0,1894,0.134316,8_5
1443,293752,864691135463286941,excitatory_neuron,23P,L2/3,V1,none,none,734.8908112641692,196.67678988354555,645.7200000000001,8.0,5.0,1933,0.132705,8_5
1444,581888,864691135943544436,excitatory_neuron,23P,L2/3,AL,none,none,1297.6329339353588,219.89133591666592,676.7200000000001,8.0,5.0,4425,0.130598,8_5
1445,518769,864691136109661368,excitatory_neuron,23P,L2/3,RL,none,none,1140.2302266106112,209.6538292456142,891.0000000000002,8.0,5.0,5810,0.126288,8_5
1446,195261,864691135732419769,excitatory_neuron,4P,L4,V1,none,none,490.64790336306015,327.9531640717837,957.8000000000003,8.0,5.0,8424,0.125088,8_5
1447,391918,864691135210855872,excitatory_neuron,23P,L2/3,V1,none,none,885.7089154388885,192.58990193015902,648.2800000000001,8.0,5.0,1806,0.121995,8_5
1448,294237,864691136923834596,excitatory_neuron,23P,L2/3,V1,none,none,671.1418939709107,224.0568952145568,772.3200000000002,8.0,5.0,4956,0.119559,8_5
1449,487581,864691135910785193,excitatory_neuron,23P,L2/3,RL,none,none,1096.152749456519,184.01867448246765,973.0000000000002,8.0,5.0,1717,0.115253,8_5
1450,401911,864691136390534007,excitatory_neuron,5P-IT,L5,V1,none,none,886.118622584031,482.36830456923644,958.5600000000003,8.0,5.0,9907,0.114993,8_5
1451,328624,864691136023814201,excitatory_neuron,23P,L2/3,V1,none,none,799.8744826218051,193.36789869724453,952.2400000000002,8.0,5.0,1953,0.112102,8_5
1452,361606,864691135811532492,excitatory_neuron,23P,L2/3,V1,none,none,826.6220230948026,205.60165358465997,932.8400000000003,8.0,5.0,5667,0.104113,8_5
1453,401873,864691134941481315,excitatory_neuron,5P-ET,L5,V1,none,none,862.1757595145223,487.27622266500333,955.8800000000002,8.0,5.0,9927,0.102016,8_5
1454,519839,864691136723379709,excitatory_neuron,23P,L2/3,RL,none,none,1176.5292420963717,219.18978408844484,747.4400000000002,8.0,5.0,2785,0.10115,8_5
1455,422275,864691135292980662,excitatory_neuron,23P,L2/3,V1,none,none,954.3068498246803,195.70044239808612,898.3200000000003,8.0,5.0,2249,0.100741,8_5
1456,258063,864691135851603655,excitatory_neuron,23P,L2/3,V1,none,none,660.6738981526992,224.7471759906959,772.1200000000001,8.0,5.0,5594,0.0976116,8_5
1457,223954,864691135842884579,excitatory_neuron,23P,L2/3,V1,none,none,570.7541385729107,213.47525951154083,747.6000000000001,8.0,5.0,2090,0.0973605,8_5
1458,460014,864691135618724239,excitatory_neuron,4P,L4,RL,none,none,1023.5088815387795,340.97260129524307,939.8400000000003,8.0,5.0,8621,0.0934374,8_5
1459,328586,864691135349291991,excitatory_neuron,23P,L2/3,V1,none,none,763.8528626707763,188.73879250882655,951.4800000000002,8.0,5.0,1985,0.0879059,8_5
1460,553584,864691135496333968,excitatory_neuron,23P,L2/3,RL,axon_fully_extended,dendrite_extended,1258.2489554710105,214.77532806681418,885.0800000000003,8.0,5.0,4487,0.0857337,8_5
1461,488996,864691135502462389,excitatory_neuron,23P,L2/3,RL,none,none,1094.716986447653,215.1158737226304,845.6800000000003,8.0,5.0,2377,0.0809625,8_5
1462,391355,864691135416660922,excitatory_neuron,23P,L2/3,V1,none,none,933.2393279633034,194.178495414645,941.2400000000002,8.0,5.0,1823,0.0804992,8_5
1463,519856,864691135447174740,excitatory_neuron,23P,L2/3,RL,none,none,1189.021722373145,237.94996363274655,747.7600000000001,8.0,5.0,4509,0.0782364,8_5
1464,189853,864691135837796499,excitatory_neuron,23P,L2/3,V1,none,none,476.60101939036406,208.00044114038215,681.3200000000002,8.0,5.0,5383,0.0778953,8_5
1465,610990,864691136812964723,excitatory_neuron,23P,L2/3,RL,none,none,1352.1315864627902,191.76618175363419,957.7200000000003,8.0,5.0,2783,0.0756203,8_5
1466,455269,864691135571815661,excitatory_neuron,23P,L2/3,V1,none,none,1022.7742656049952,214.9891703075539,716.8800000000001,8.0,5.0,4625,0.0629051,8_5
1467,562437,864691135341941701,excitatory_neuron,5P-IT,L5,RL,none,none,1210.4976506508017,484.47180414310174,772.1200000000001,8.0,5.0,10561,0.0609887,8_5
1468,610726,864691135118631389,excitatory_neuron,23P,L2/3,AL,none,none,1338.468022112874,212.09267208658898,856.5200000000002,8.0,5.0,2233,0.0537988,8_5
1469,370102,864691135538399602,excitatory_neuron,5P-ET,L5,V1,none,none,779.9857049154263,479.4430799369779,918.0000000000002,8.0,5.0,9961,0.0509529,8_5
1470,223802,864691135429471280,excitatory_neuron,23P,L2/3,V1,none,none,597.9398240197028,209.6862297164505,680.0000000000001,8.0,5.0,4983,0.0431449,8_5
1471,258591,864691135698142618,excitatory_neuron,23P,L2/3,V1,none,none,656.3913771091621,181.9069095406414,942.8800000000002,8.0,5.0,2071,0.0421722,8_5
1472,362040,864691136124424742,excitatory_neuron,23P,L2/3,V1,none,none,831.4011853622283,189.89441423391418,1067.2000000000003,8.0,5.0,2413,0.0206397,8_5
1473,460495,864691135885007472,excitatory_neuron,4P,L4,RL,none,none,1005.0363574885585,349.44284658177435,1047.6000000000004,8.0,5.0,8493,0.0121353,8_5
1474,493672,864691135502188469,excitatory_neuron,4P,L4,RL,none,none,1092.5865789545314,343.7396487718538,963.2800000000002,8.0,5.0,8702,0.00475213,8_5
1475,613909,864691135386379093,excitatory_neuron,4P,L4,AL,none,none,1325.4185837631057,345.0934466961964,690.7200000000001,8.0,5.0,7375,-0.0252557,8_5
