pre_pt_root_id,post_pt_root_id,synapse_count,synapse_size_sum
864691134884807418,864691134964790303,1,4868.0
864691134884807418,864691135182508802,1,9172.0
864691134884807418,864691135408560329,1,3896.0
864691134884807418,864691135578103301,1,2600.0
864691134884807418,864691135777517245,1,6056.0
864691134884807418,864691135940945153,2,45364.0
864691134884807418,864691135969919589,1,5344.0
864691134884807418,864691136041512790,1,3292.0
864691134884807418,864691136287519939,1,2744.0
864691134884807418,864691136444381059,1,1652.0
864691134884807418,864691136904761266,1,1236.0
864691134887418874,864691135083949303,1,920.0
864691134887418874,864691136373008520,1,21480.0
864691134887526650,864691135429400880,1,2344.0
864691134887526650,864691135447404372,1,3168.0
864691134887526650,864691135725191083,1,184.0
864691134887526650,864691135738287985,1,3540.0
864691134887526650,864691135741466516,1,4588.0
864691134917977610,864691136912125681,1,1240.0
864691134917980426,864691135509698057,1,1536.0
864691134917980426,864691135701207163,1,13052.0
864691134918384906,864691135162908461,1,2124.0
864691134918384906,864691135492201823,2,34524.0
864691134918384906,864691135684334578,2,3040.0
864691134918409738,864691135156270948,1,3636.0
864691134918409738,864691135591211019,1,2544.0
864691134918409738,864691135762624310,1,14244.0
864691134918478602,864691135464252741,1,3208.0
864691134918533130,864691135374121545,1,2108.0
864691134918533130,864691135742895467,1,19872.0
864691134918533130,864691135884841328,1,2920.0
864691134918533130,864691135940269313,1,892.0
864691134918533130,864691135953985800,1,1708.0
864691134918533130,864691136194348264,1,5192.0
864691134918533130,864691136903658162,1,29412.0
864691134919213834,864691135278726305,1,8212.0
864691134919213834,864691135808286237,1,25804.0
864691134919213834,864691135809355293,1,5516.0
864691134919213834,864691135866905110,1,1116.0
864691134940636259,864691135346115999,1,3524.0
864691134940636259,864691135689457632,1,4392.0
864691134941228131,864691136011969187,1,5480.0
864691134941228131,864691136106440409,1,1004.0
864691134941328739,864691135182658818,1,2856.0
864691134941328739,864691135233964121,1,16260.0
864691134941328739,864691135338802150,1,4384.0
864691134941328739,864691135341401285,1,1796.0
864691134941328739,864691135395510005,1,9276.0
864691134941328739,864691135492129887,1,3292.0
864691134941328739,864691135526929243,1,408.0
864691134941328739,864691135754741453,1,2524.0
864691134941328739,864691135865559004,1,784.0
864691134941328739,864691135919409328,3,7436.0
864691134941328739,864691135942158452,2,19088.0
864691134941328739,864691135946646113,1,4488.0
864691134941328739,864691136021364728,1,844.0
864691134941328739,864691136085059180,2,5172.0
864691134941328739,864691136109661368,1,352.0
864691134941481315,864691135546276904,1,8532.0
864691134948665340,864691135119053789,1,5264.0
864691134948665340,864691135383766763,1,5004.0
864691134948665340,864691136020242680,1,3284.0
864691134948843772,864691135397781537,1,23296.0
864691134948843772,864691135579303685,1,29436.0
864691134948843772,864691135817552463,1,18456.0
864691134948870652,864691134887418874,1,11596.0
864691134948870652,864691135429400880,1,1980.0
864691134949221372,864691134948665340,1,3264.0
864691134949221372,864691135015004662,1,8912.0
864691134949221372,864691135429266224,2,41928.0
864691134949221372,864691135463505821,1,3496.0
864691134949221372,864691135520041610,1,10468.0
864691134949221372,864691135540508018,1,10604.0
864691134949221372,864691135579303685,1,1856.0
864691134949221372,864691135658414210,1,2256.0
864691134949221372,864691135741466516,1,380.0
864691134949221372,864691135778917821,1,3792.0
864691134949221372,864691135868916246,1,512.0
864691134949221372,864691136008452268,1,9920.0
864691134949221372,864691136143876404,1,1576.0
864691134949221372,864691136274035469,1,7796.0
864691134949221372,864691136287554499,1,13392.0
864691134949221372,864691136578499604,1,2540.0
864691134949221372,864691136991202453,1,1872.0
864691134964790303,864691135182508802,1,13340.0
864691134964790303,864691135397374753,1,10412.0
864691134964790303,864691136084973676,1,4556.0
864691134964790303,864691136419226519,1,2324.0
864691134965345055,864691136228367697,1,15272.0
864691134965345055,864691136812736371,1,2456.0
864691134989053818,864691135926721806,1,412.0
864691134989290874,864691136487546642,1,6916.0
864691134989835898,864691135013599382,1,2112.0
864691134989835898,864691135395510005,1,308.0
864691134989865338,864691135215236920,1,168.0
864691134989865338,864691135257507247,1,956.0
864691134989865338,864691135469024338,1,7660.0
864691134989865338,864691135545440808,2,5820.0
864691134989865338,864691135565518167,1,9268.0
864691134989865338,864691135618911887,1,6956.0
864691134989865338,864691135654043586,1,9120.0
864691134989865338,864691135716302618,1,13300.0
864691134989865338,864691135947597409,2,12780.0
864691134989865338,864691136040153854,3,64908.0
864691134989865338,864691136297696283,1,3568.0
864691135012878230,864691135065276996,1,1880.0
864691135012878230,864691135861069928,1,1688.0
864691135012878230,864691136175540742,1,6928.0
864691135012878230,864691136913075953,1,3452.0
864691135013326230,864691134941481315,1,18752.0
864691135013326230,864691135503836253,1,7532.0
864691135013326230,864691135570156934,1,1728.0
864691135013326230,864691135582108269,1,9136.0
864691135013326230,864691135585875836,1,3700.0
864691135013326230,864691135778624685,1,6656.0
864691135013326230,864691135816693327,1,7240.0
864691135013326230,864691135995716010,1,5084.0
864691135013326230,864691136287554499,1,7624.0
864691135013387766,864691135463371421,1,26432.0
864691135013387766,864691135842884579,1,220.0
864691135013387766,864691136238595900,1,21428.0
864691135013387766,864691136239108156,1,2016.0
864691135013421302,864691135546276904,2,78520.0
864691135013421302,864691135693630143,1,6320.0
864691135013421302,864691136237481999,1,4376.0
864691135013421302,864691136419952535,1,336.0
864691135013421302,864691136420195223,1,22756.0
864691135013506294,864691135100918816,1,5512.0
864691135013506294,864691135273258257,1,216.0
864691135013506294,864691135565518167,2,61244.0
864691135013506294,864691135992010945,1,1060.0
864691135013532918,864691135546254632,1,8016.0
864691135013599382,864691135848829790,1,35612.0
864691135013711766,864691135213462656,1,1988.0
864691135013711766,864691135889041801,1,6100.0
864691135013711766,864691136136383883,1,660.0
864691135013727126,864691134918409738,1,9216.0
864691135013727126,864691135464476741,3,46580.0
864691135013727126,864691135809355293,1,1400.0
864691135013727126,864691136274522893,1,8044.0
864691135013932438,864691135133383840,1,7336.0
864691135013932438,864691135582505325,1,6456.0
864691135013932438,864691135838036627,1,3624.0
864691135013932438,864691135867616534,1,15744.0
864691135013932438,864691135940945153,1,3256.0
864691135013932438,864691136194957032,1,56076.0
864691135013932438,864691136267400948,1,11572.0
864691135013932438,864691136423247407,1,2520.0
864691135013932438,864691136663396574,1,24152.0
864691135013932438,864691137054807414,1,12692.0
864691135014728182,864691135917432166,1,4872.0
864691135014728182,864691135940146598,1,5156.0
864691135014728182,864691135954520611,1,1252.0
864691135014728182,864691135995716010,2,7760.0
864691135015224566,864691134940504419,1,3404.0
864691135015224566,864691135397188641,1,3944.0
864691135015224566,864691135570156934,1,2084.0
864691135015224566,864691135590799371,2,7864.0
864691135015224566,864691135741466516,1,3312.0
864691135015224566,864691135778046909,9,30192.0
864691135015224566,864691135869526550,1,1116.0
864691135015224566,864691135954929416,1,5368.0
864691135015224566,864691136031893691,1,21536.0
864691135015224566,864691136116854948,1,7484.0
864691135015224566,864691136905203378,1,3220.0
864691135059450779,864691135082723063,1,21156.0
864691135059450779,864691135469679442,1,14096.0
864691135059450779,864691135489161786,1,9264.0
864691135059450779,864691135969919589,1,1068.0
864691135065276996,864691135182508802,1,3288.0
864691135065276996,864691135455053162,1,4244.0
864691135065276996,864691135688235744,1,6272.0
864691135065276996,864691135874519694,1,14940.0
864691135065276996,864691135942158452,1,3040.0
864691135065276996,864691135952487459,1,696.0
864691135065276996,864691136065296792,1,17576.0
864691135065851972,864691135209039737,1,3388.0
864691135065851972,864691135584663928,2,4756.0
864691135065851972,864691135616363211,1,19080.0
864691135065851972,864691135841778403,1,6904.0
864691135065851972,864691135941699700,1,3000.0
864691135065851972,864691136724602621,1,3932.0
864691135066003268,864691135464143934,1,26488.0
864691135066003268,864691135837969811,1,3756.0
864691135066003268,864691136176339718,1,1324.0
864691135066003268,864691136620029581,1,5288.0
864691135066025540,864691135810492189,1,11220.0
864691135066232644,864691135591211019,1,5268.0
864691135066232644,864691135778931296,1,404.0
864691135066232644,864691135808286237,1,42924.0
864691135066232644,864691136926428234,1,2004.0
864691135066282564,864691136287404483,1,9304.0
864691135066507076,864691135100918816,1,20096.0
864691135066507076,864691135367723513,1,5220.0
864691135066507076,864691135477298240,2,2184.0
864691135066507076,864691135658414210,1,4092.0
864691135066507076,864691135684334578,1,5236.0
864691135066507076,864691135777319341,1,372.0
864691135066507076,864691135777451360,2,9076.0
864691135066507076,864691135915709030,3,10148.0
864691135066507076,864691136195114828,1,2216.0
864691135066507076,864691136297315099,1,2692.0
864691135066507076,864691137197537601,1,3908.0
864691135081649143,864691135517475539,1,1184.0
864691135081649143,864691136991307157,1,14004.0
864691135082286839,864691135304040359,1,4400.0
864691135082286839,864691135374121545,1,1476.0
864691135082286839,864691136437135006,1,19696.0
864691135082286839,864691136975076636,1,18684.0
864691135082303223,864691135118759901,1,2112.0
864691135082303223,864691135889041801,1,2976.0
864691135082303223,864691136008919214,1,10192.0
864691135082303223,864691136090113591,1,6208.0
864691135082526199,864691135183367170,1,4476.0
864691135082526199,864691135213413248,1,10140.0
864691135082526199,864691135305618599,1,31436.0
864691135082526199,864691135455701354,2,4308.0
864691135082526199,864691135569140716,1,14760.0
864691135082526199,864691135841757923,1,11496.0
864691135082526199,864691135989148163,1,5088.0
864691135082526199,864691136522623377,1,764.0
864691135082583287,864691135349291991,1,180.0
864691135082714871,864691135082526199,1,1856.0
864691135082714871,864691135123043111,1,7328.0
864691135082714871,864691135123341607,2,3624.0
864691135082714871,864691135616717673,2,4996.0
864691135082714871,864691135645470959,1,3820.0
864691135082714871,864691135718955569,1,18064.0
864691135082714871,864691136085059180,1,2372.0
864691135082714871,864691136487546642,1,9636.0
864691135082714871,864691136673511303,1,436.0
864691135082723063,864691135293586956,1,4804.0
864691135082723063,864691135546276904,1,7696.0
864691135082723063,864691135889041801,3,24844.0
864691135082723063,864691135919409328,1,1892.0
864691135082723063,864691136117423524,1,3412.0
864691135082723063,864691136238377788,2,5404.0
864691135082723063,864691136990302357,1,412.0
864691135082811639,864691135518370186,2,26720.0
864691135083949303,864691135123043111,1,16536.0
864691135083949303,864691135409737161,1,11504.0
864691135083969527,864691135215236920,1,4796.0
864691135083969527,864691135469089362,1,160.0
864691135083969527,864691135540508018,1,4152.0
864691135101595680,864691134887418874,1,9932.0
864691135101595680,864691135066232644,1,22820.0
864691135101595680,864691135195558698,1,29552.0
864691135101595680,864691135280864417,1,15784.0
864691135101595680,864691135343882673,1,19040.0
864691135101595680,864691135349291991,1,2144.0
864691135101595680,864691135395987701,1,15284.0
864691135101595680,864691135430204720,1,756.0
864691135101595680,864691135470787666,1,7328.0
864691135101595680,864691135472952114,1,1728.0
864691135101595680,864691135502982581,2,4424.0
864691135101595680,864691135511220745,1,4928.0
864691135101595680,864691135615588811,1,3640.0
864691135101595680,864691135618595471,1,4300.0
864691135101595680,864691135655168706,1,724.0
864691135101595680,864691135698142618,1,18608.0
864691135101595680,864691135700682107,1,4944.0
864691135101595680,864691135741421931,1,4992.0
864691135101595680,864691135760233038,1,2156.0
864691135101595680,864691135778467517,1,5952.0
864691135101595680,864691135843077603,1,5284.0
864691135101595680,864691136009254318,1,6132.0
864691135101595680,864691136101499765,1,7068.0
864691135101595680,864691136135667595,1,19800.0
864691135101595680,864691136238679567,1,3860.0
864691135101595680,864691136362342626,1,7712.0
864691135101595680,864691136390474359,1,2028.0
864691135101595680,864691136673938055,1,12612.0
864691135101595680,864691136903658162,1,980.0
864691135101595680,864691136991202453,1,8092.0
864691135104516941,864691135783848499,1,10816.0
864691135104627789,864691136487546642,1,4088.0
864691135105524557,864691135113733529,1,2520.0
864691135105524557,864691135546276904,1,43336.0
864691135105524557,864691135618724239,1,9940.0
864691135105524557,864691135786211268,1,6124.0
864691135105524557,864691136008919214,1,3796.0
864691135105524557,864691136117423524,1,1236.0
864691135105524557,864691136136383883,1,10292.0
864691135105524557,864691136812192115,1,5140.0
864691135105524813,864691135280864417,1,5404.0
864691135105524813,864691135397781537,1,1112.0
864691135105524813,864691135429097264,1,9188.0
864691135105524813,864691135538399602,2,22756.0
864691135105524813,864691135688186080,1,3452.0
864691135105524813,864691135757083346,1,9820.0
864691135105524813,864691135774389755,1,2548.0
864691135105524813,864691135861059176,2,31208.0
864691135105524813,864691135868916246,1,1612.0
864691135105524813,864691135997042858,3,8860.0
864691135113471897,864691135065851972,1,4636.0
864691135113715353,864691136904069042,1,1704.0
864691135113733529,864691135012499702,1,828.0
864691135113733529,864691135059450779,1,2540.0
864691135113733529,864691135066282564,1,11524.0
864691135113733529,864691135359923032,1,2200.0
864691135113733529,864691135502188469,1,4124.0
864691135113733529,864691135655141058,2,3656.0
864691135113733529,864691135988025347,1,7556.0
864691135113733529,864691135988475651,1,1428.0
864691135113733529,864691136024395321,1,2532.0
864691135113733529,864691136422858543,1,4856.0
864691135113733529,864691136444566915,1,3904.0
864691135114035865,864691136118618136,1,1432.0
864691135114035865,864691136370815368,1,452.0
864691135118351837,864691136210453436,1,19808.0
864691135118351837,864691136419477399,1,4536.0
864691135118502877,864691136362342626,1,376.0
864691135118527709,864691135490213946,1,1100.0
864691135118527709,864691135526556763,1,2888.0
864691135118527709,864691135698285077,1,268.0
864691135118527709,864691135987843843,1,2748.0
864691135118527709,864691136091886516,1,18516.0
864691135118759901,864691135013506294,1,9392.0
864691135118759901,864691135213462656,1,252.0
864691135118759901,864691135590942219,1,6380.0
864691135118759901,864691135688249312,1,1600.0
864691135118759901,864691135748985385,1,4128.0
864691135118759901,864691135947604772,1,14268.0
864691135118759901,864691136124424742,1,2624.0
864691135118831325,864691135294356918,1,576.0
864691135118831325,864691135468787026,1,7284.0
864691135118831325,864691135725145515,1,7828.0
864691135118831325,864691135874038926,2,8016.0
864691135118831325,864691136194605782,1,15684.0
864691135118831325,864691136724539389,1,8360.0
864691135118831325,864691136742067804,1,24560.0
864691135122458151,864691135719432241,1,7932.0
864691135123043111,864691135498826771,1,856.0
864691135123125031,864691135800896610,1,456.0
864691135123341607,864691136238372412,1,304.0
864691135123341607,864691136451377407,1,27352.0
864691135133180320,864691135977134403,1,5964.0
864691135133180320,864691136176339718,1,5624.0
864691135133383840,864691135182508802,3,51652.0
864691135133383840,864691135367723513,1,28256.0
864691135133383840,864691135498332947,1,24780.0
864691135133383840,864691135741175915,1,2448.0
864691135133383840,864691135889558153,2,7524.0
864691135133383840,864691136040153854,1,1500.0
864691135133383840,864691136041512790,1,440.0
864691135133383840,864691136741438556,1,3704.0
864691135133494944,864691134887418874,1,2848.0
864691135133494944,864691135855767342,1,2196.0
864691135134091424,864691135294539446,1,8172.0
864691135134091424,864691135479024582,1,288.0
864691135134091424,864691135489438522,1,2272.0
864691135134091424,864691135565602839,1,12964.0
864691135134091424,864691135640519995,1,4344.0
864691135134091424,864691135717271834,1,3676.0
864691135134091424,864691135839929235,1,5912.0
864691135134091424,864691135915943014,1,4444.0
864691135134091424,864691135942004993,1,1612.0
864691135134091424,864691136452602367,1,27464.0
864691135134114976,864691135059450779,1,2544.0
864691135134114976,864691135082303223,1,2788.0
864691135134114976,864691135137137433,1,1904.0
864691135134114976,864691135257122479,1,10344.0
864691135134114976,864691135270418085,1,2440.0
864691135134114976,864691135292980662,1,5712.0
864691135134114976,864691135293586956,1,9432.0
864691135134114976,864691135339103718,1,18016.0
864691135134114976,864691135468787026,1,3188.0
864691135134114976,864691135479024582,2,9920.0
864691135134114976,864691135492216415,1,2060.0
864691135134114976,864691135498496531,1,7216.0
864691135134114976,864691135509698057,1,3144.0
864691135134114976,864691135572282917,1,12488.0
864691135134114976,864691135618724239,2,5540.0
864691135134114976,864691135640227131,1,2172.0
864691135134114976,864691135655141058,1,900.0
864691135134114976,864691135655168706,1,5292.0
864691135134114976,864691135700855419,1,1168.0
864691135134114976,864691135701207163,1,5836.0
864691135134114976,864691135749099561,2,6468.0
864691135134114976,864691135762574646,1,2936.0
864691135134114976,864691135772430155,1,5988.0
864691135134114976,864691135856072494,1,3308.0
864691135134114976,864691135860969064,1,2476.0
864691135134114976,864691135874501774,1,2704.0
864691135134114976,864691135926593294,1,21620.0
864691135134114976,864691135938534453,1,9360.0
864691135134114976,864691135946646113,1,204.0
864691135134114976,864691135948237921,2,24152.0
864691135134114976,864691136024395321,1,7156.0
864691135134114976,864691136092769460,1,560.0
864691135134114976,864691136106008281,1,3276.0
864691135134114976,864691136108715960,1,2912.0
864691135134114976,864691136137658493,2,6988.0
864691135134114976,864691136310616410,1,2372.0
864691135134114976,864691136371580552,1,4164.0
864691135134114976,864691136379209429,1,2748.0
864691135134114976,864691136989941653,1,2404.0
864691135134114976,864691137197751617,2,34872.0
864691135134155168,864691135212424384,1,2036.0
864691135134155168,864691135416294074,1,4260.0
864691135134155168,864691135570156934,1,5352.0
864691135134155168,864691135655103682,1,192.0
864691135134155168,864691136334080435,1,5548.0
864691135134155168,864691136484965164,1,23124.0
864691135134155168,864691136595448738,1,1176.0
864691135134695328,864691134941328739,1,49000.0
864691135134695328,864691134989053818,1,4088.0
864691135134695328,864691135308163654,1,1232.0
864691135134695328,864691135342027717,1,3016.0
864691135134695328,864691135408560329,1,1236.0
864691135134695328,864691135472970034,1,2044.0
864691135134695328,864691135475821376,1,48308.0
864691135134695328,864691135502462389,1,4760.0
864691135134695328,864691135565539863,1,24912.0
864691135134695328,864691135582505325,1,13100.0
864691135134695328,864691135616363211,1,14448.0
864691135134695328,864691135741175915,1,6024.0
864691135134695328,864691135915709030,1,4348.0
864691135134695328,864691136084684396,1,5492.0
864691135134695328,864691136110005176,1,2876.0
864691135134695328,864691136175540742,1,3912.0
864691135134695328,864691136444381059,1,2580.0
864691135134695328,864691136522623377,1,10788.0
864691135134695328,864691136724803581,1,20316.0
864691135134695328,864691136811814771,1,20100.0
864691135134695328,864691136952851679,1,304.0
864691135134695328,864691137054807414,1,11628.0
864691135134921888,864691135101595680,1,6456.0
864691135134921888,864691135118351837,1,4168.0
864691135134921888,864691135214931072,2,3336.0
864691135134921888,864691135294507190,1,256.0
864691135134921888,864691135386226517,1,8760.0
864691135134921888,864691135470700626,1,1532.0
864691135134921888,864691136523118481,1,5172.0
864691135134921888,864691136578290708,1,3836.0
864691135134921888,864691136966611918,1,804.0
864691135134921888,864691136991202453,1,23428.0
864691135137137433,864691135013932438,1,2960.0
864691135137137433,864691135489161786,1,8860.0
864691135137137433,864691135489512250,1,11464.0
864691135137137433,864691135640227131,1,5896.0
864691135137137433,864691135655141058,1,2056.0
864691135137137433,864691135777857213,1,1064.0
864691135137137433,864691135927185876,1,1836.0
864691135137137433,864691135940945153,1,63272.0
864691135137137433,864691136310697050,1,3252.0
864691135155548260,864691135847940446,1,584.0
864691135156270948,864691136595448738,1,264.0
864691135157942116,864691134942614115,1,3292.0
864691135157942116,864691135163326765,1,5552.0
864691135157942116,864691135463802174,1,1532.0
864691135157942116,864691135539306098,1,2868.0
864691135157942116,864691135618911887,1,22500.0
864691135157942116,864691135732210873,1,6244.0
864691135157942116,864691135738047620,1,2992.0
864691135157942116,864691135742895467,1,1184.0
864691135157942116,864691135778624685,1,34056.0
864691135157942116,864691135817552463,1,6240.0
864691135157942116,864691135943147380,1,2904.0
864691135157942116,864691135990911488,1,8940.0
864691135157942116,864691136195798504,1,17388.0
864691135157942116,864691136274035469,1,9204.0
864691135157942116,864691136314491965,1,2496.0
864691135162908461,864691135183025410,1,1052.0
864691135162908461,864691135355708623,1,1324.0
864691135162908461,864691135469253202,1,1504.0
864691135162908461,864691135777319341,1,2792.0
864691135162908461,864691136084973676,1,2364.0
864691135162908461,864691136237704463,1,3020.0
864691135163103533,864691135346786719,1,260.0
864691135163326765,864691135388882561,1,300.0
864691135163326765,864691135538730610,1,400.0
864691135163326765,864691136024757817,1,1224.0
864691135163326765,864691136274035469,1,5952.0
864691135182359554,864691135618877839,1,19712.0
864691135182359554,864691135926846478,1,3412.0
864691135182658818,864691134941328739,2,18964.0
864691135182658818,864691134964790303,3,22928.0
864691135182658818,864691135013932438,3,15096.0
864691135182658818,864691135082723063,2,10876.0
864691135182658818,864691135114035865,1,1412.0
864691135182658818,864691135278563489,1,5000.0
864691135182658818,864691135293480972,1,3956.0
864691135182658818,864691135293594892,4,19772.0
864691135182658818,864691135462783806,3,20600.0
864691135182658818,864691135489161786,5,16428.0
864691135182658818,864691135492129887,1,1304.0
864691135182658818,864691135492438879,2,8428.0
864691135182658818,864691135502462389,2,2784.0
864691135182658818,864691135517475539,1,6672.0
864691135182658818,864691135565539863,2,16144.0
864691135182658818,864691135719641393,1,4084.0
864691135182658818,864691135720638769,1,10892.0
864691135182658818,864691135740166548,5,17484.0
864691135182658818,864691135776924333,2,7740.0
864691135182658818,864691135777517245,1,2656.0
864691135182658818,864691135778981216,1,224.0
864691135182658818,864691135781943632,1,1940.0
864691135182658818,864691135884302192,2,8428.0
864691135182658818,864691135926721806,1,5084.0
864691135182658818,864691135940945153,2,3156.0
864691135182658818,864691136009511596,5,28136.0
864691135182658818,864691136011431075,3,13072.0
864691135182658818,864691136041512790,2,8384.0
864691135182658818,864691136065296792,3,6368.0
864691135182658818,864691136134774923,1,2352.0
864691135182658818,864691136287519939,2,10076.0
864691135182658818,864691136389302135,3,6860.0
864691135182658818,864691136391508095,1,2260.0
864691135182658818,864691136419226519,6,26012.0
864691135182658818,864691137198306113,1,12020.0
864691135183025410,864691134989053818,1,1080.0
864691135183025410,864691135383815147,1,9816.0
864691135183025410,864691135755887058,1,4324.0
864691135183025410,864691135972219338,1,5884.0
864691135183025410,864691136089194039,1,5828.0
864691135183367170,864691135719185713,1,676.0
864691135195558698,864691134948870652,1,8592.0
864691135195558698,864691135294539446,1,2540.0
864691135195558698,864691135585436284,1,25012.0
864691135195558698,864691135755751885,1,6332.0
864691135195558698,864691135800569186,1,24552.0
864691135195558698,864691135865279358,1,184.0
864691135195558698,864691136362342626,1,6212.0
864691135195558698,864691136619099867,1,14168.0
864691135209039737,864691135304484263,1,1916.0
864691135210016121,864691135738047620,1,5008.0
864691135210016121,864691135839929235,1,25060.0
864691135210016121,864691136287554499,2,15796.0
864691135210671808,864691135359010904,1,4772.0
864691135210671808,864691135447174740,1,5532.0
864691135210671808,864691135654715586,1,4068.0
864691135210671808,864691135782615632,2,27692.0
864691135210671808,864691135848445022,1,1832.0
864691135210671808,864691135941847553,1,21344.0
864691135210671808,864691136009511596,3,66548.0
864691135210671808,864691136108938168,1,4680.0
864691135210671808,864691136119594520,1,520.0
864691135210671808,864691136195242454,1,11724.0
864691135210855872,864691135947597409,1,3352.0
864691135211318976,864691135118814429,1,1368.0
864691135211318976,864691135307460422,1,4848.0
864691135211318976,864691135616851817,1,1540.0
864691135211318976,864691135926846478,3,18340.0
864691135213268608,864691135761521462,1,320.0
864691135213413248,864691136091886516,1,472.0
864691135213462656,864691135466346565,1,2608.0
864691135213462656,864691135572282917,1,1504.0
864691135213462656,864691135585101944,2,3916.0
864691135213462656,864691136287554499,2,43396.0
864691135213462656,864691136310616410,1,5052.0
864691135213714560,864691135658414210,1,3284.0
864691135213714560,864691136310693466,2,14016.0
864691135213717120,864691135777319341,1,1324.0
864691135213717120,864691135992497089,1,14628.0
864691135213876096,864691135618877839,1,2312.0
864691135213876096,864691136423611951,1,1628.0
864691135213932160,864691135295295500,1,7972.0
864691135214043704,864691135307460422,1,2520.0
864691135214043704,864691136423247407,1,7460.0
864691135214931072,864691134918409738,1,5408.0
864691135214931072,864691135429097264,1,17568.0
864691135214931072,864691135463221661,1,19536.0
864691135214931072,864691135470787666,1,532.0
864691135214931072,864691135610249479,1,3844.0
864691135214931072,864691135688186080,1,6264.0
864691135214931072,864691135699607829,1,4600.0
864691135214931072,864691135762624310,2,24836.0
864691135214931072,864691135809355293,1,8020.0
864691135214931072,864691135837796499,1,1460.0
864691135214931072,864691135848916574,1,1152.0
864691135214931072,864691135885433200,1,2860.0
864691135214931072,864691135885652848,1,3760.0
864691135214931072,864691135890229129,2,13880.0
864691135214931072,864691136239108156,1,21556.0
864691135215236920,864691135014728182,1,3168.0
864691135215236920,864691135278726305,1,4712.0
864691135215236920,864691135719688241,1,17248.0
864691135215236920,864691135884841328,1,5436.0
864691135215236920,864691136009349804,1,18220.0
864691135215236920,864691136975076636,1,21420.0
864691135233964121,864691135777451360,1,2548.0
864691135233964121,864691136040495614,2,7600.0
864691135233964121,864691136578257428,1,2480.0
864691135234068313,864691135477298240,1,1948.0
864691135234068313,864691135490213946,1,17628.0
864691135234068313,864691135496333968,2,33536.0
864691135234068313,864691135684334578,1,23748.0
864691135234068313,864691135738382212,1,2364.0
864691135256546479,864691135118527709,1,696.0
864691135256546479,864691135489182266,1,3404.0
864691135256546479,864691135865629660,1,30244.0
864691135256546479,864691135969919589,1,3456.0
864691135257404079,864691135341401285,1,5980.0
864691135257404079,864691135538399602,1,3020.0
864691135257404079,864691135741421931,1,8812.0
864691135257404079,864691135940062209,1,284.0
864691135257404079,864691136272926654,1,2624.0
864691135257404079,864691136741503324,1,236.0
864691135257459887,864691136725041917,1,10756.0
864691135257459887,864691136924049892,1,14648.0
864691135257507247,864691135782615632,1,24464.0
864691135270451109,864691136239108156,1,204.0
864691135270576037,864691135464476741,1,21612.0
864691135270576037,864691135502644317,1,1312.0
864691135272206865,864691135059450779,1,4056.0
864691135272206865,864691135134695328,1,28400.0
864691135272206865,864691135386077269,1,21840.0
864691135272206865,864691135455053162,1,16448.0
864691135272206865,864691135498332947,1,1388.0
864691135272206865,864691135517475539,1,1644.0
864691135272206865,864691135568826604,1,14172.0
864691135272206865,864691135658414210,2,46644.0
864691135272206865,864691135867616534,1,7852.0
864691135272206865,864691135926721806,1,24084.0
864691135272206865,864691136391508095,1,1008.0
864691135272206865,864691136423247407,1,21352.0
864691135272843537,864691135737334404,1,1600.0
864691135273258257,864691135119053789,1,11176.0
864691135273258257,864691135375498952,1,712.0
864691135273258257,864691135538399602,1,11004.0
864691135273258257,864691135570156934,1,2000.0
864691135273258257,864691135859910760,1,16236.0
864691135273258257,864691136287554499,6,61104.0
864691135274940901,864691135491895399,1,3844.0
864691135274940901,864691135688186080,1,2728.0
864691135274940901,864691135917380710,1,3968.0
864691135274965477,864691135837783187,1,10012.0
864691135275197669,864691135816436047,1,24312.0
864691135275197669,864691136008919214,1,32000.0
864691135275197669,864691136741438556,1,776.0
864691135275348453,864691135741910164,2,58104.0
864691135275348453,864691135839929235,1,3592.0
864691135275348453,864691135915943014,1,2720.0
864691135275348453,864691136991202453,1,22860.0
864691135275664613,864691135015004662,1,2236.0
864691135275664613,864691135852060871,1,2452.0
864691135275664613,864691136991202453,1,3868.0
864691135277396709,864691135270451109,1,6264.0
864691135277396709,864691135292824758,1,4424.0
864691135277396709,864691135383426010,1,4788.0
864691135277396709,864691135456466026,1,9828.0
864691135277396709,864691135517951114,1,4676.0
864691135277396709,864691135585095032,1,6288.0
864691135277396709,864691135741421931,1,21116.0
864691135277396709,864691135855767342,1,1536.0
864691135277396709,864691135970062693,1,628.0
864691135277396709,864691136619099867,1,464.0
864691135277506533,864691135688186080,1,1960.0
864691135277506533,864691135700498722,1,2524.0
864691135277506533,864691135808286237,1,28056.0
864691135277506533,864691135861059176,1,1976.0
864691135277506533,864691135940146598,2,15140.0
864691135277506533,864691136194985036,1,20600.0
864691135277506533,864691136391096191,1,2100.0
864691135278563489,864691135568563180,1,820.0
864691135278563489,864691135889558153,1,3492.0
864691135278563489,864691136419115159,1,8508.0
864691135279338913,864691135280864417,1,6260.0
864691135279338913,864691135817862735,1,5492.0
864691135279338913,864691136310693466,1,41628.0
864691135279603617,864691135447857298,1,8036.0
864691135279603617,864691135463993669,1,6296.0
864691135279603617,864691136210345404,1,7436.0
864691135279603617,864691136991202453,2,8144.0
864691135280864417,864691135463505821,1,13020.0
864691135280864417,864691135566168599,1,1404.0
864691135280864417,864691135856966190,2,12956.0
864691135280864417,864691135997042858,1,6680.0
864691135280864417,864691136005640906,1,10828.0
864691135280864417,864691136195798504,1,6744.0
864691135280864417,864691136297696283,1,3488.0
864691135281088929,864691135610249479,1,6124.0
864691135281088929,864691136991202453,1,232.0
864691135281097889,864691135429400880,1,228.0
864691135281097889,864691135579303685,2,46060.0
864691135281097889,864691136297696283,2,28560.0
864691135292802230,864691135342089649,1,2468.0
864691135292980662,864691135059450779,1,9672.0
864691135292980662,864691135082303223,1,1388.0
864691135292980662,864691135490213946,1,16660.0
864691135292980662,864691135545440808,1,16440.0
864691135292980662,864691135546276904,1,3168.0
864691135292980662,864691135618724239,1,9336.0
864691135292980662,864691136008452268,1,17956.0
864691135292980662,864691136021902840,1,14660.0
864691135292980662,864691136390184311,1,5272.0
864691135292980662,864691136423468079,1,4620.0
864691135292980662,864691136578560020,1,9780.0
864691135292980662,864691136923754212,1,888.0
864691135292980662,864691137197751617,1,13000.0
864691135293045174,864691135015004662,1,2668.0
864691135293045174,864691135718955569,1,38624.0
864691135293045174,864691136238595900,2,18176.0
864691135293048246,864691136227884369,1,5292.0
864691135293449398,864691135502644317,1,2384.0
864691135293449398,864691135688186080,1,7272.0
864691135293449398,864691135741466516,1,17372.0
864691135293449398,864691135885652848,1,788.0
864691135293449398,864691136195690984,1,2916.0
864691135293449398,864691136238595900,1,1464.0
864691135293449398,864691136775479918,1,10620.0
864691135293480972,864691134884807418,1,3996.0
864691135293480972,864691135511543561,1,652.0
864691135293480972,864691135546276904,1,3352.0
864691135293480972,864691135566168599,1,3552.0
864691135293480972,864691135585101944,1,5460.0
864691135293480972,864691135884302192,1,13592.0
864691135293480972,864691136912866289,1,356.0
864691135293586956,864691135137137433,1,8684.0
864691135293586956,864691135155548260,1,2336.0
864691135293586956,864691135213268608,1,2868.0
864691135293586956,864691135684185586,1,15364.0
864691135293586956,864691136008919214,1,1652.0
864691135293586956,864691136021902840,1,216.0
864691135293586956,864691136423468079,1,852.0
864691135293586956,864691136991307157,1,19448.0
864691135294155020,864691136238595900,1,960.0
864691135294190518,864691135123043111,1,16200.0
864691135294190518,864691135163326765,1,616.0
864691135294190518,864691135294442678,1,6088.0
864691135294190518,864691135294476214,1,3968.0
864691135294190518,864691135346115999,1,6292.0
864691135294190518,864691135397781537,2,12216.0
864691135294190518,864691135503571637,1,23996.0
864691135294190518,864691135511543561,1,344.0
864691135294190518,864691135616363211,1,30728.0
864691135294190518,864691135719395121,1,7656.0
864691135294190518,864691135742895467,1,2872.0
864691135294190518,864691135816693327,1,2032.0
864691135294190518,864691135817862735,1,504.0
864691135294190518,864691136124832806,1,4864.0
864691135294190518,864691136288592323,1,1292.0
864691135294356918,864691135082583287,1,5824.0
864691135294356918,864691135346553503,3,12992.0
864691135294356918,864691135383491034,1,9672.0
864691135294356918,864691135397781537,1,2500.0
864691135294356918,864691135464775237,1,4760.0
864691135294356918,864691135472997938,1,3700.0
864691135294356918,864691135618911887,1,3892.0
864691135294356918,864691135889344137,1,7244.0
864691135294356918,864691136389921911,1,20884.0
864691135294356918,864691136453121279,1,2584.0
864691135294442678,864691135502982581,1,8016.0
864691135294442678,864691135511519440,1,732.0
864691135294442678,864691135579303685,1,5420.0
864691135294442678,864691135732210873,1,3532.0
864691135294442678,864691135774389755,1,892.0
864691135294442678,864691135865480668,1,26472.0
864691135294442678,864691136052791027,1,30592.0
864691135294442678,864691136927578954,1,7596.0
864691135294476214,864691135280864417,1,4648.0
864691135294476214,864691135502982581,1,424.0
864691135294476214,864691135688186080,1,4076.0
864691135294476214,864691135774389755,1,3348.0
864691135294476214,864691136032337595,1,13980.0
864691135294476214,864691136101499765,1,448.0
864691135294476214,864691136903658162,1,604.0
864691135294507190,864691135397535009,1,920.0
864691135294507190,864691136137411709,1,13972.0
864691135294539446,864691135610489863,1,324.0
864691135294539446,864691135919161008,1,1804.0
864691135294539446,864691136137542013,1,492.0
864691135295295500,864691135346616479,1,12520.0
864691135295295500,864691135512034000,1,26820.0
864691135295295500,864691135940600742,1,10352.0
864691135295295500,864691136023814201,1,8948.0
864691135295295500,864691136106440409,1,7588.0
864691135304040359,864691136437135006,1,11520.0
864691135304484263,864691135475355712,1,20872.0
864691135304484263,864691135572385061,1,18888.0
864691135304484263,864691135867370262,1,1160.0
864691135304484263,864691135888505993,1,1988.0
864691135304484263,864691135940833958,1,13700.0
864691135304485031,864691135360959815,1,1576.0
864691135304485031,864691135693713087,1,2000.0
864691135304485031,864691136091886516,1,616.0
864691135304660135,864691135777319341,1,19396.0
864691135307460422,864691136422859823,1,10364.0
864691135308196934,864691135163326765,1,1552.0
864691135308196934,864691135388882561,1,228.0
864691135308196934,864691136373008520,1,12292.0
864691135323646364,864691135538399602,1,16836.0
864691135323646364,864691135546276904,1,6908.0
864691135323646364,864691135565518167,1,6668.0
864691135323646364,864691135688186080,1,11136.0
864691135323646364,864691135777451360,1,11204.0
864691135323646364,864691136237481999,2,13372.0
864691135324623004,864691135429763120,1,560.0
864691135324623004,864691135544378664,1,2272.0
864691135324623004,864691135684657079,1,2700.0
864691135325413788,864691135083969527,2,31988.0
864691135325413788,864691135447444114,1,656.0
864691135325413788,864691135719395121,1,2564.0
864691135325413788,864691135742895467,1,6132.0
864691135325413788,864691135990911488,1,2492.0
864691135335308265,864691135693559743,1,20136.0
864691135335308265,864691135926846478,1,1544.0
864691135335382249,864691134918370826,1,31996.0
864691135335382249,864691135100918816,1,2024.0
864691135335382249,864691135123341607,1,688.0
864691135335382249,864691135383852011,1,2836.0
864691135335382249,864691135491021287,1,8448.0
864691135335382249,864691135582150509,1,22532.0
864691135335382249,864691135731223737,1,1544.0
864691135335382249,864691135742895467,1,6392.0
864691135335382249,864691135848300126,1,928.0
864691135335382249,864691136812192115,1,11392.0
864691135335382249,864691136912996337,4,53816.0
864691135335385065,864691135013506294,1,4932.0
864691135335385065,864691135083245559,2,17792.0
864691135335385065,864691135256546479,1,18852.0
864691135335385065,864691135416660922,2,10052.0
864691135335385065,864691135464449605,1,8444.0
864691135335385065,864691135498496531,1,8036.0
864691135335385065,864691135502100829,1,1608.0
864691135335385065,864691135510883081,1,4500.0
864691135335385065,864691135582306157,1,1084.0
864691135335385065,864691135654043586,1,1876.0
864691135335385065,864691135986907907,1,6696.0
864691135335385065,864691135992010945,1,21200.0
864691135335385065,864691136143876404,1,4912.0
864691135335385065,864691136451572991,1,4268.0
864691135335385065,864691136912677873,1,1464.0
864691135335385065,864691136989941653,1,22192.0
864691135335385065,864691137197722689,1,8224.0
864691135335508969,864691135341626545,1,13452.0
864691135335508969,864691135687826400,1,17392.0
864691135335508969,864691136418647191,1,4248.0
864691135335732969,864691135884841328,1,236.0
864691135335746281,864691136391341439,1,208.0
864691135338692070,864691135610310151,1,1728.0
864691135338692070,864691135645470959,1,3416.0
864691135338692070,864691136196377420,2,4836.0
864691135338692070,864691136390184311,1,11880.0
864691135338692070,864691136620029581,1,7992.0
864691135338692070,864691136903945394,2,3696.0
864691135338692070,864691136904238002,1,888.0
864691135338802150,864691135304186791,1,15092.0
864691135338802150,864691135359812952,1,1668.0
864691135338802150,864691135658414210,1,13380.0
864691135338802150,864691135684185586,1,23808.0
864691135338802150,864691135741175915,1,13688.0
864691135338802150,864691135915709030,1,18880.0
864691135338802150,864691136040153854,1,2120.0
864691135338802150,864691136557075618,2,19620.0
864691135338802150,864691137197537601,1,3716.0
864691135339103718,864691135100918816,1,4968.0
864691135339103718,864691135114035865,1,13400.0
864691135339103718,864691135182508802,1,2576.0
864691135339103718,864691135279338913,1,16860.0
864691135339103718,864691135338692070,1,20384.0
864691135339103718,864691135639271483,1,8620.0
864691135339103718,864691135685003703,1,4024.0
864691135339103718,864691135718955569,1,3676.0
864691135339103718,864691135742895467,1,6028.0
864691135339103718,864691135762574646,1,6672.0
864691135339103718,864691136008919214,1,20268.0
864691135339103718,864691136024237881,1,30924.0
864691135339103718,864691136136073867,1,25116.0
864691135339103718,864691136334765747,1,2232.0
864691135339496422,864691135100918816,1,1088.0
864691135339496422,864691135355998671,1,44840.0
864691135339496422,864691135477298240,1,320.0
864691135339496422,864691135503150429,1,39728.0
864691135339496422,864691135731223737,1,2676.0
864691135339496422,864691135748985385,1,31440.0
864691135339496422,864691135809883933,1,3908.0
864691135339496422,864691135859681896,1,20644.0
864691135339496422,864691136106440409,1,2176.0
864691135339496422,864691136237481999,2,26152.0
864691135341626545,864691135395204853,3,38832.0
864691135341626545,864691135441651784,1,8580.0
864691135341626545,864691135969919589,1,2296.0
864691135341766065,864691135134114976,1,216.0
864691135341766065,864691135942158452,1,3328.0
864691135341941701,864691135889307529,1,1864.0
864691135342027717,864691135118631389,1,232.0
864691135342027717,864691135509881097,1,4304.0
864691135342027717,864691135720638769,1,5828.0
864691135342027717,864691135941699700,1,840.0
864691135342027717,864691136619882637,1,3636.0
864691135342089649,864691135429471280,1,2956.0
864691135342089649,864691135885433200,1,32940.0
864691135342848433,864691135294155020,1,1160.0
864691135342848433,864691135441377608,1,19548.0
864691135342848433,864691135839929235,1,15692.0
864691135342848433,864691135842884579,1,2232.0
864691135342848433,864691136267233524,1,9708.0
864691135342848433,864691136913401841,1,14232.0
864691135343882673,864691136314491965,1,296.0
864691135344013233,864691135163326765,1,20088.0
864691135344013233,864691135398868257,1,976.0
864691135344013233,864691135567059223,2,21104.0
864691135344013233,864691135741930603,1,320.0
864691135344013233,864691135839929235,1,4704.0
864691135345567391,864691135469024338,1,15208.0
864691135345986719,864691135105524557,1,848.0
864691135345986719,864691135212700800,1,12888.0
864691135345986719,864691135811529420,1,27312.0
864691135345986719,864691136119346712,1,9460.0
864691135346553503,864691134948843772,1,200.0
864691135346553503,864691135469089362,1,15404.0
864691135346571423,864691134887526650,1,9944.0
864691135346571423,864691134918284042,1,12636.0
864691135346571423,864691134941328739,1,13204.0
864691135346571423,864691135013506294,1,25820.0
864691135346571423,864691135113733529,1,2852.0
864691135346571423,864691135118759901,1,1036.0
864691135346571423,864691135118831325,1,5820.0
864691135346571423,864691135122458151,1,5796.0
864691135346571423,864691135213268608,2,22440.0
864691135346571423,864691135213462656,2,31644.0
864691135346571423,864691135293045174,1,1588.0
864691135346571423,864691135294356918,1,39072.0
864691135346571423,864691135305618599,1,17764.0
864691135346571423,864691135341401285,1,4184.0
864691135346571423,864691135348849623,1,228.0
864691135346571423,864691135397136161,1,2132.0
864691135346571423,864691135404851182,1,3516.0
864691135346571423,864691135464143934,1,1848.0
864691135346571423,864691135509788169,1,568.0
864691135346571423,864691135511543561,1,22992.0
864691135346571423,864691135546254632,1,4292.0
864691135346571423,864691135655152834,1,23920.0
864691135346571423,864691135737747844,1,20640.0
864691135346571423,864691135741466516,1,11112.0
864691135346571423,864691135778000317,1,2660.0
864691135346571423,864691135841757923,1,12728.0
864691135346571423,864691135852060871,1,1984.0
864691135346571423,864691135859910760,1,25432.0
864691135346571423,864691135860969064,1,1768.0
864691135346571423,864691135890608009,1,14440.0
864691135346571423,864691135948237921,1,3216.0
864691135346571423,864691135953844003,2,8800.0
864691135346571423,864691136013489827,1,9780.0
864691135346571423,864691136287404483,1,1468.0
864691135346571423,864691136310616410,1,4892.0
864691135346571423,864691136418647191,1,9316.0
864691135346571423,864691136419226519,1,36000.0
864691135346571423,864691136923754212,2,33648.0
864691135346571423,864691136926422602,1,1688.0
864691135346571423,864691136952921311,1,13884.0
864691135346571423,864691137198306113,1,1828.0
864691135346616479,864691134940504419,2,10376.0
864691135346616479,864691134941481315,1,7472.0
864691135346616479,864691135100918816,2,13488.0
864691135346616479,864691135273258257,1,20132.0
864691135346616479,864691135355998671,1,9624.0
864691135346616479,864691135367723513,1,11360.0
864691135346616479,864691135416660922,1,244.0
864691135346616479,864691135441651784,1,276.0
864691135346616479,864691135570156934,1,752.0
864691135346616479,864691135585875836,3,31448.0
864691135346616479,864691135777451360,2,6788.0
864691135346616479,864691135777684320,2,56700.0
864691135346616479,864691136237481999,1,5032.0
864691135346616479,864691136371466120,1,1396.0
864691135346616479,864691136912866289,2,6852.0
864691135346786719,864691135464252741,1,500.0
864691135346786719,864691135655152834,2,8612.0
864691135348849623,864691135155548260,1,1568.0
864691135349291991,864691135693706687,1,4440.0
864691135349291991,864691135772430155,1,2804.0
864691135349291991,864691135817862735,1,4680.0
864691135349291991,864691136067612824,1,13064.0
864691135349291991,864691136107761113,1,6576.0
864691135349291991,864691136814419571,3,29504.0
864691135349291991,864691136968447438,1,24352.0
864691135349326551,864691134941481315,1,9048.0
864691135349326551,864691135429266224,1,19816.0
864691135349326551,864691135545440808,1,8248.0
864691135349326551,864691135585101944,1,10916.0
864691135349326551,864691135731223737,1,3440.0
864691135349326551,864691135738047620,1,3796.0
864691135349326551,864691135910628265,1,13260.0
864691135349326551,864691136287554499,1,8504.0
864691135349326551,864691136453121279,1,2792.0
864691135355708623,864691135065276996,2,18076.0
864691135355708623,864691135655141058,1,1588.0
864691135355708623,864691135738382212,1,33056.0
864691135355708623,864691135889041801,1,2352.0
864691135355708623,864691135988025347,1,35784.0
864691135355708623,864691136422858543,1,17104.0
864691135355904975,864691136101425013,1,16184.0
864691135355998671,864691134918284042,1,2572.0
864691135355998671,864691135475797568,1,2132.0
864691135355998671,864691135479411910,1,8812.0
864691135355998671,864691135498826771,1,25452.0
864691135355998671,864691136618130907,1,2472.0
864691135359010904,864691135545440808,1,7688.0
864691135359812952,864691135576013598,1,4340.0
864691135359923032,864691135257122479,1,8028.0
864691135359923032,864691135491895399,1,3388.0
864691135360101208,864691134948870652,1,7652.0
864691135360101208,864691135361165895,1,6180.0
864691135360101208,864691135645387759,1,21024.0
864691135360101208,864691135661352432,1,4384.0
864691135360101208,864691136119177752,1,5428.0
864691135360132423,864691135182359554,1,5504.0
864691135360959815,864691136176339718,1,6096.0
864691135360959815,864691136904238002,1,1916.0
864691135361165895,864691135119053789,1,4604.0
864691135361165895,864691135491021287,1,26772.0
864691135361165895,864691135689457632,1,9476.0
864691135361165895,864691135917380710,1,3348.0
864691135367723513,864691135490213946,1,1804.0
864691135367723513,864691135915709030,1,4732.0
864691135369208825,864691135101595680,2,18108.0
864691135369208825,864691135447857298,1,596.0
864691135369208825,864691135478316200,1,6308.0
864691135369208825,864691135494939536,1,3520.0
864691135369208825,864691135498826771,1,6920.0
864691135369208825,864691135503836253,1,7896.0
864691135369208825,864691135565468951,1,18856.0
864691135369208825,864691135616048587,1,2444.0
864691135369208825,864691135645451247,1,716.0
864691135369208825,864691135915943014,1,10124.0
864691135369208825,864691136446086787,1,26284.0
864691135369208825,864691136991202453,1,32200.0
864691135373539016,864691135517951114,1,328.0
864691135373539016,864691135545285672,1,6328.0
864691135374121545,864691135384353003,1,23592.0
864691135374121545,864691135954520611,1,4928.0
864691135374121545,864691136040052222,1,236.0
864691135374121545,864691136091526836,1,8008.0
864691135374144841,864691135012878230,1,4948.0
864691135374474313,864691135463221661,2,1772.0
864691135374474313,864691135490495802,1,948.0
864691135374474313,864691135491125351,1,372.0
864691135374474313,864691135545285672,1,27576.0
864691135374474313,864691135689548000,1,13912.0
864691135374474313,864691135856753198,1,15328.0
864691135374474313,864691136031893691,1,11696.0
864691135375107272,864691135441883720,1,8676.0
864691135375107272,864691135441917512,1,2528.0
864691135375107272,864691135455400554,1,25816.0
864691135375107272,864691135517951114,1,2824.0
864691135375107272,864691135655103682,1,684.0
864691135375107272,864691135890229129,1,6160.0
864691135375107272,864691136194092502,1,2192.0
864691135375107272,864691136335208883,1,4900.0
864691135375107272,864691136336021683,2,8644.0
864691135375107272,864691136390788215,1,1940.0
864691135375107272,864691136391314047,1,4128.0
864691135375107272,864691136523118481,1,2204.0
864691135375107272,864691136925049316,1,3964.0
864691135375498952,864691135491895399,1,2000.0
864691135375498952,864691135546276904,1,6356.0
864691135375498952,864691135565518167,1,7952.0
864691135375498952,864691135572282917,1,2644.0
864691135375498952,864691135655141058,1,8216.0
864691135375498952,864691135730941369,1,10640.0
864691135375498952,864691135926593294,2,42032.0
864691135375498952,864691135926601998,1,4176.0
864691135375498952,864691136021902840,1,16904.0
864691135375498952,864691136067784600,1,4612.0
864691135375498952,864691136420195223,1,5712.0
864691135375498952,864691136811826547,1,8740.0
864691135375498952,864691136814419571,1,32544.0
864691135383334106,864691135304660135,1,15948.0
864691135383426010,864691135441377608,1,14352.0
864691135383426010,864691135715889690,2,2592.0
864691135383426010,864691136444523395,2,5928.0
864691135383426010,864691136619099867,1,10460.0
864691135383435482,864691135375107272,1,2556.0
864691135383435482,864691135397535009,1,1840.0
864691135383435482,864691135560492001,1,3020.0
864691135383435482,864691135843077603,1,5160.0
864691135383435482,864691136101499765,1,2808.0
864691135383435482,864691136195122152,1,8816.0
864691135383435482,864691136267242996,1,7960.0
864691135383435482,864691136991502997,2,11308.0
864691135383491034,864691135118831325,1,10552.0
864691135383491034,864691135396940021,1,320.0
864691135383491034,864691135409737161,1,5384.0
864691135383491034,864691135447174740,1,6008.0
864691135383491034,864691135447444114,1,7012.0
864691135383491034,864691135491684583,1,2628.0
864691135383491034,864691135645401583,1,3172.0
864691135383491034,864691135699607829,1,5720.0
864691135383491034,864691135700498722,1,240.0
864691135383491034,864691135779049056,1,416.0
864691135383491034,864691135842884579,1,836.0
864691135383491034,864691135865245054,1,3348.0
864691135383491034,864691135947907876,1,1376.0
864691135383491034,864691136052151283,1,3516.0
864691135383491034,864691136288592323,1,2388.0
864691135383491034,864691136362531554,1,4624.0
864691135383491034,864691136389532023,1,10924.0
864691135383491034,864691136723379709,1,23712.0
864691135383491034,864691136914414321,2,14268.0
864691135383766763,864691135337730534,1,1820.0
864691135383766763,864691135565518167,1,22316.0
864691135383766763,864691136912996337,1,2888.0
864691135383766763,864691136952404959,1,18596.0
864691135383815147,864691136008919214,2,5000.0
864691135383815147,864691136084973676,1,4564.0
864691135383815147,864691136741438556,1,304.0
864691135383852011,864691135066507076,1,7100.0
864691135383852011,864691135273258257,1,3416.0
864691135383852011,864691135511543561,1,17392.0
864691135383852011,864691135731223737,1,3464.0
864691135383852011,864691136390534007,2,10272.0
864691135384353003,864691135463809598,1,33216.0
864691135384353003,864691136484965164,1,10800.0
864691135386077269,864691135182508802,1,4544.0
864691135386077269,864691135841940963,1,13736.0
864691135386379093,864691136175772934,1,636.0
864691135387690069,864691134989053818,2,21352.0
864691135387690069,864691135342027717,1,1852.0
864691135387690069,864691135475355712,1,10708.0
864691135387690069,864691135585875836,1,368.0
864691135387690069,864691135782938163,1,3380.0
864691135387690069,864691136195242454,1,19408.0
864691135387690069,864691136334080435,1,25100.0
864691135387690069,864691136912866289,1,4152.0
864691135388882561,864691135280864417,1,23720.0
864691135388882561,864691135344013233,1,5108.0
864691135388882561,864691135468561036,1,360.0
864691135388882561,864691135470787666,1,3764.0
864691135388882561,864691135539306098,1,2336.0
864691135388882561,864691135582108269,1,2288.0
864691135388882561,864691135715955994,1,10416.0
864691135388882561,864691135741930603,1,7152.0
864691135388882561,864691135782237008,1,700.0
864691135388882561,864691135917432166,1,17188.0
864691135388882561,864691135947166305,1,12896.0
864691135388882561,864691135953985800,1,22412.0
864691135388882561,864691136010247596,1,2436.0
864691135388882561,864691136057123800,2,6504.0
864691135388882561,864691136124832806,1,1712.0
864691135388882561,864691136373008520,1,6212.0
864691135388882561,864691136906083250,1,248.0
864691135395204853,864691135163103533,1,7188.0
864691135395204853,864691135738572401,1,5796.0
864691135395447029,864691135741421931,1,204.0
864691135395510005,864691135059450779,1,7036.0
864691135395510005,864691135182658818,1,11308.0
864691135395510005,864691135345567391,1,9376.0
864691135395510005,864691135355998671,1,3568.0
864691135395510005,864691135367723513,1,25232.0
864691135395510005,864691135490213946,1,1108.0
864691135395510005,864691135526929243,1,2424.0
864691135395510005,864691135700148002,1,7060.0
864691135395510005,864691135777319341,1,2848.0
864691135395510005,864691135777684320,2,10960.0
864691135395510005,864691135861069928,1,4004.0
864691135395510005,864691135940062209,1,18768.0
864691135395510005,864691136024395321,1,4024.0
864691135395510005,864691136040495614,1,13224.0
864691135395510005,864691136663528670,1,784.0
864691135395510005,864691137198306113,1,5072.0
864691135395740405,864691135304040359,1,2120.0
864691135395740405,864691135355913679,1,2720.0
864691135395740405,864691135940269313,1,1212.0
864691135395740405,864691136991502997,1,3384.0
864691135395987701,864691135294507190,1,1512.0
864691135396910325,864691134887526650,1,7252.0
864691135396910325,864691135361232967,1,284.0
864691135396910325,864691135990911488,1,1456.0
864691135396910325,864691136143876404,1,5900.0
864691135396910325,864691136297696283,1,2240.0
864691135396910325,864691136424439855,1,2036.0
864691135396910325,864691136446086787,1,424.0
864691135396910325,864691136991202453,1,3208.0
864691135396940021,864691134918284042,1,6584.0
864691135396940021,864691135012499702,2,8068.0
864691135396940021,864691135123043111,2,24520.0
864691135396940021,864691135134114976,1,11872.0
864691135396940021,864691135274405905,1,1536.0
864691135396940021,864691135447857298,1,1628.0
864691135396940021,864691135456466026,1,11964.0
864691135396940021,864691135545440808,1,33068.0
864691135396940021,864691135570219244,1,5504.0
864691135396940021,864691135572282917,1,4712.0
864691135396940021,864691135592023563,1,8532.0
864691135396940021,864691135594468395,1,13848.0
864691135396940021,864691135688186080,1,9944.0
864691135396940021,864691135699607829,2,12120.0
864691135396940021,864691135716302618,1,9656.0
864691135396940021,864691135800856418,1,12664.0
864691135396940021,864691135868919318,1,5252.0
864691135396940021,864691135954520611,1,18356.0
864691135396940021,864691136041941846,1,5100.0
864691135396940021,864691136195031510,1,1376.0
864691135396940021,864691136335289523,1,27404.0
864691135396940021,864691136419226519,1,27220.0
864691135396940021,864691136578060820,1,4008.0
864691135396940021,864691136923754212,1,18628.0
864691135396940021,864691136968447438,1,2376.0
864691135397136161,864691135511543561,1,13664.0
864691135397188641,864691134948870652,1,184.0
864691135397188641,864691135509788169,1,2548.0
864691135397188641,864691135572001061,1,6852.0
864691135397212449,864691135464476741,1,3148.0
864691135397212449,864691135778931296,1,12616.0
864691135397212449,864691135817552463,1,1812.0
864691135397212449,864691136195690984,1,21072.0
864691135397213473,864691135307396934,1,2716.0
864691135397359137,864691135693713087,1,5168.0
864691135397374753,864691135081649143,1,264.0
864691135397535009,864691135015004662,1,1692.0
864691135397535009,864691135584763000,1,3980.0
864691135397535009,864691136042105942,1,4900.0
864691135397781537,864691135463505821,1,9832.0
864691135397781537,864691135741466516,1,4004.0
864691135398868257,864691135066232644,1,3712.0
864691135398868257,864691135281097889,1,4000.0
864691135398868257,864691135294442678,1,1316.0
864691135398868257,864691135383435482,1,5792.0
864691135398868257,864691135447444114,1,2136.0
864691135398868257,864691135455400554,1,5184.0
864691135398868257,864691135592023563,1,19520.0
864691135398868257,864691135645354479,1,11140.0
864691135398868257,864691135778931296,2,6516.0
864691135398868257,864691135783449907,1,7260.0
864691135398868257,864691136314491965,2,2580.0
864691135398868257,864691136389532023,1,14940.0
864691135398868257,864691136446086787,1,588.0
864691135398868257,864691136741503324,1,2524.0
864691135398868257,864691136742067804,1,24952.0
864691135398868257,864691136923754212,1,7176.0
864691135407563209,864691136620029581,1,284.0
864691135408058569,864691136334772403,1,9716.0
864691135408560329,864691135133383840,1,716.0
864691135408560329,864691135356163279,1,16168.0
864691135408560329,864691135367723513,1,17940.0
864691135408560329,864691135565539863,1,972.0
864691135408560329,864691135778084285,1,18640.0
864691135408560329,864691135941847553,1,13600.0
864691135408560329,864691135976518467,1,13732.0
864691135408560329,864691136011431075,2,20108.0
864691135408560329,864691136109661368,1,1020.0
864691135408560329,864691136578257428,1,3724.0
864691135408560329,864691136952851679,1,3484.0
864691135409737161,864691135493686111,1,2044.0
864691135409737161,864691135520041610,1,25600.0
864691135416294074,864691135684334578,1,1364.0
864691135416554170,864691136124225830,1,8484.0
864691135416569274,864691134949221372,1,292.0
864691135416569274,864691135517951114,1,5848.0
864691135416660154,864691135213714560,1,13812.0
864691135416660154,864691135498503187,1,1568.0
864691135416660154,864691136176339718,1,2008.0
864691135416660922,864691135510883081,1,2404.0
864691135416835514,864691135118814429,1,10580.0
864691135416835514,864691135293480972,1,27492.0
864691135416835514,864691135569225196,1,2012.0
864691135416835514,864691135616851817,1,19652.0
864691135416835514,864691135618877839,1,3244.0
864691135416835514,864691135700801915,1,1548.0
864691135416835514,864691135816436047,1,3312.0
864691135416835514,864691136009241262,1,10680.0
864691135416835514,864691136144613428,2,6308.0
864691135416835514,864691136195114828,1,18984.0
864691135418018746,864691135446543762,1,4772.0
864691135418018746,864691135545644584,1,3228.0
864691135418018746,864691135566155351,1,12508.0
864691135418018746,864691135783449907,1,4340.0
864691135418018746,864691135867370262,1,4600.0
864691135418018746,864691135952500771,1,1664.0
864691135418018746,864691136274783245,2,5440.0
864691135429266224,864691135463505821,1,4544.0
864691135429400880,864691135119053789,1,67236.0
864691135429400880,864691135942004993,1,1160.0
864691135429598512,864691135639419195,1,7052.0
864691135429598512,864691135800635746,1,27868.0
864691135429598512,864691136238595900,2,26716.0
864691135429763120,864691135367723513,1,1732.0
864691135429763120,864691135463809598,1,6212.0
864691135429763120,864691136020919032,2,32616.0
864691135429763120,864691136906083250,1,5756.0
864691135430204720,864691134918384906,1,26544.0
864691135430204720,864691135270404517,1,1476.0
864691135430204720,864691135275348453,1,2080.0
864691135430204720,864691135344013233,1,5540.0
864691135430204720,864691135408801225,1,1676.0
864691135430204720,864691135512034000,1,2816.0
864691135430204720,864691135538730610,1,5804.0
864691135430204720,864691135940146598,1,19320.0
864691135430204720,864691135953985800,1,492.0
864691135430204720,864691136040153854,1,5076.0
864691135430204720,864691136175540742,1,3272.0
864691135430204720,864691136238679567,1,2512.0
864691135430204720,864691136274035469,1,38540.0
864691135430204720,864691136288592323,1,3476.0
864691135430204720,864691136419115159,1,10596.0
864691135430204720,864691136903658162,1,11744.0
864691135430204720,864691136925049316,1,4764.0
864691135430204720,864691136927578954,1,6088.0
864691135431658800,864691134941481315,1,3752.0
864691135431658800,864691135699607829,1,2228.0
864691135431658800,864691135848300126,1,11904.0
864691135441585224,864691135275197669,1,9136.0
864691135441585224,864691135576013598,1,4952.0
864691135441585224,864691135594246187,2,25204.0
864691135441585224,864691136913075953,1,4448.0
864691135441651784,864691135341941701,1,3040.0
864691135441917512,864691136723548413,1,2752.0
864691135442668872,864691135418018746,1,168.0
864691135442668872,864691136924049892,1,13236.0
864691135446432146,864691135155548260,1,984.0
864691135446432146,864691135273258257,1,812.0
864691135446432146,864691135292980662,1,4028.0
864691135446432146,864691135696626074,2,6444.0
864691135446432146,864691135938534453,1,2464.0
864691135446432146,864691136008452268,1,6068.0
864691135446432146,864691136109443000,1,5640.0
864691135446432146,864691136136073867,1,1236.0
864691135446432146,864691136313050173,1,2152.0
864691135446432146,864691136390418815,1,1088.0
864691135446432146,864691136912677873,1,2412.0
864691135446432146,864691136926422602,1,1452.0
864691135446432146,864691136989941653,1,2452.0
864691135446543762,864691135569225196,1,3724.0
864691135446543762,864691135618877839,1,14504.0
864691135446543762,864691135738382212,1,10884.0
864691135446543762,864691135816436047,1,29340.0
864691135446939476,864691135209039737,3,46500.0
864691135446939476,864691135408560329,1,6640.0
864691135446939476,864691135429763120,1,324.0
864691135446939476,864691135584931960,1,31668.0
864691135446939476,864691136108938168,1,5128.0
864691135446939476,864691136136766845,1,21236.0
864691135447174740,864691135778084285,1,604.0
864691135447444114,864691135281097889,1,3596.0
864691135447444114,864691135355998671,1,12584.0
864691135447444114,864691135731223737,1,10780.0
864691135447444114,864691136195798504,1,2032.0
864691135447444114,864691136665051614,1,9356.0
864691135447581268,864691135066003268,1,8024.0
864691135447581268,864691135464143934,1,14096.0
864691135447581268,864691135502100829,1,4224.0
864691135447581268,864691135502738613,1,2632.0
864691135447581268,864691135738524273,1,4240.0
864691135447581268,864691135778000317,1,3460.0
864691135447581268,864691136116854948,1,19672.0
864691135447581268,864691136333770675,1,19008.0
864691135447857298,864691135295127052,1,508.0
864691135447924820,864691135526892891,1,9572.0
864691135447924820,864691135719395377,1,14312.0
864691135448233812,864691136195690984,2,17344.0
864691135448233812,864691136523118481,1,6968.0
864691135454606698,864691136362342626,1,1196.0
864691135455035242,864691135856753198,1,8272.0
864691135455053162,864691134941328739,1,6272.0
864691135455053162,864691134964790303,1,13868.0
864691135455053162,864691135133383840,1,11488.0
864691135455053162,864691136912866289,1,1216.0
864691135455053162,864691136991307157,1,3548.0
864691135455072106,864691135807716893,1,268.0
864691135455123562,864691135511543561,1,11504.0
864691135455123562,864691135546276904,1,5004.0
864691135455400554,864691135157942116,1,676.0
864691135455400554,864691135279338913,1,6372.0
864691135455400554,864691135759529294,1,11216.0
864691135455400554,864691135816565839,1,18588.0
864691135455400554,864691135865245054,1,21548.0
864691135455400554,864691135954520611,1,2516.0
864691135455701354,864691135447404372,1,26104.0
864691135455701354,864691135502738613,1,1796.0
864691135455701354,864691135576098334,1,900.0
864691135455701354,864691135594359595,1,5488.0
864691135455701354,864691135687826400,1,548.0
864691135455701354,864691135738287985,1,5424.0
864691135455701354,864691135811532492,1,24300.0
864691135455701354,864691135866030044,1,10728.0
864691135455701354,864691135947597409,1,15100.0
864691135455701354,864691136111461560,1,3120.0
864691135455701354,864691136297696283,4,32956.0
864691135455701354,864691136371580552,2,30304.0
864691135455701354,864691136419952535,1,7440.0
864691135455701354,864691136452602367,1,10840.0
864691135455701354,864691136673511303,1,6812.0
864691135455701354,864691136741531228,1,8640.0
864691135456006762,864691134940504419,1,5008.0
864691135456006762,864691135337730534,1,652.0
864691135456006762,864691135469679442,1,6420.0
864691135456006762,864691135809883933,1,372.0
864691135456006762,864691136310616410,1,256.0
864691135456006762,864691136912866289,2,12696.0
864691135456006762,864691136923754212,1,32588.0
864691135456466026,864691136923703780,1,432.0
864691135462420637,864691135118814429,1,12832.0
864691135462420637,864691135134155168,1,33136.0
864691135462420637,864691135342027717,1,4992.0
864691135462420637,864691135446939476,1,11988.0
864691135462420637,864691135469253202,1,6128.0
864691135462420637,864691135778084285,4,94688.0
864691135462420637,864691135808579869,1,536.0
864691135462420637,864691136274783245,1,23568.0
864691135462783806,864691135952500771,1,712.0
864691135462783806,864691135989817088,1,240.0
864691135463211677,864691135526892891,1,700.0
864691135463221661,864691135133494944,1,608.0
864691135463221661,864691135429266224,1,2168.0
864691135463221661,864691135518173395,1,3540.0
864691135463221661,864691135688186080,2,28976.0
864691135463221661,864691135719432241,1,1868.0
864691135463221661,864691135741466516,1,608.0
864691135463221661,864691135810262220,1,1164.0
864691135463221661,864691136145573684,1,2172.0
864691135463221661,864691136267242996,1,16164.0
864691135463221661,864691136424439855,1,3244.0
864691135463221661,864691136814569075,1,2928.0
864691135463221661,864691136976002076,1,4396.0
864691135463221661,864691136991202453,1,3756.0
864691135463505821,864691135281097889,1,6352.0
864691135463505821,864691135294507190,1,5088.0
864691135463505821,864691135397781537,2,4208.0
864691135463505821,864691135502992565,1,2220.0
864691135463505821,864691135697586586,1,624.0
864691135463505821,864691136195690984,1,9700.0
864691135463537214,864691135215236920,1,3276.0
864691135463537214,864691136975076636,1,20228.0
864691135463662749,864691134942614115,2,7796.0
864691135463662749,864691135431658800,1,2476.0
864691135463662749,864691135504203357,1,14632.0
864691135463662749,864691135990911488,1,628.0
864691135463662749,864691136043384406,1,3932.0
864691135463662749,864691136445557123,1,2592.0
864691135463662749,864691136488999186,1,20648.0
864691135463681086,864691135809355293,1,3676.0
864691135463681598,864691135257122479,1,4532.0
864691135463681598,864691135361024071,1,5224.0
864691135463681598,864691135367723513,1,6980.0
864691135463681598,864691136287519939,1,1968.0
864691135463802174,864691135572282917,1,340.0
864691135463809598,864691135463662749,1,18572.0
864691135463826333,864691135118527709,1,2252.0
864691135463826333,864691135341626545,1,1932.0
864691135463826333,864691135374212552,1,4080.0
864691135463826333,864691135394869237,2,2296.0
864691135463826333,864691135416660154,1,412.0
864691135463826333,864691135477179304,1,1744.0
864691135463826333,864691135492216415,1,4676.0
864691135463826333,864691135502738613,2,7556.0
864691135463826333,864691135511325648,2,20112.0
864691135463826333,864691135526647387,1,552.0
864691135463826333,864691135737661828,1,2260.0
864691135463826333,864691135781751632,1,1468.0
864691135463826333,864691135807340829,1,10772.0
864691135463826333,864691135807342621,2,4660.0
864691135463826333,864691135842107363,1,1428.0
864691135463826333,864691135890037385,5,17636.0
864691135463826333,864691136085059180,2,7024.0
864691135463826333,864691136091710900,1,6292.0
864691135463826333,864691136137749117,1,3560.0
864691135463826333,864691136287404483,1,1516.0
864691135463826333,864691136371580552,3,13368.0
864691135463826333,864691136379614421,4,8336.0
864691135463826333,864691136418979223,3,12156.0
864691135463826333,864691136451988991,1,2632.0
864691135463826333,864691136903945394,1,13868.0
864691135463826333,864691136912527089,1,2172.0
864691135463875653,864691135577918213,1,8376.0
864691135463993669,864691135013727126,1,496.0
864691135464143934,864691135013326230,1,684.0
864691135464143934,864691135123125031,3,8556.0
864691135464143934,864691135308163654,1,1968.0
864691135464143934,864691135469253202,1,7292.0
864691135464143934,864691135569140716,1,22564.0
864691135464143934,864691135585875836,1,5280.0
864691135464143934,864691135684968631,1,6100.0
864691135464143934,864691135693713087,1,980.0
864691135464143934,864691135698203925,1,19352.0
864691135464143934,864691135726325311,1,16256.0
864691135464143934,864691135760391502,1,2592.0
864691135464143934,864691135777684320,2,35020.0
864691135464143934,864691135866603141,1,8640.0
864691135464143934,864691135867571478,1,11728.0
864691135464143934,864691135889558153,1,31480.0
864691135464143934,864691136371580552,1,2468.0
864691135464143934,864691136420195223,1,11208.0
864691135464143934,864691136912527089,1,2640.0
864691135464476741,864691136195690984,1,964.0
864691135464476741,864691136238595900,1,8196.0
864691135464775237,864691135658414210,1,1528.0
864691135464775237,864691136135667595,1,196.0
864691135466283333,864691135210662592,1,4664.0
864691135466283333,864691135545440808,1,828.0
864691135466283333,864691135585101944,1,6416.0
864691135466283333,864691135616668777,1,896.0
864691135466283333,864691136067784600,1,2436.0
864691135466283333,864691137197964097,1,8752.0
864691135466283333,864691137198306113,2,22888.0
864691135466346565,864691135572282917,1,18760.0
864691135466346565,864691135688249312,1,8844.0
864691135466346565,864691135917432166,1,1848.0
864691135466346565,864691135997042858,1,6880.0
864691135466346565,864691136032337595,2,16908.0
864691135466346565,864691136120658712,1,6880.0
864691135466346565,864691136194605782,1,12776.0
864691135466346565,864691136313050173,1,9300.0
864691135466346565,864691136314491965,1,4880.0
864691135468161164,864691135210671808,1,1540.0
864691135468524172,864691135342089649,1,39576.0
864691135468556172,864691135576098334,1,4112.0
864691135468556172,864691135590909963,1,3108.0
864691135468879186,864691135013932438,1,1488.0
864691135468919948,864691135012916118,1,1732.0
864691135468919948,864691135083949303,1,2128.0
864691135468919948,864691135163326765,1,9784.0
864691135468919948,864691135274694673,1,5036.0
864691135468919948,864691135281097889,1,9812.0
864691135468919948,864691135307396934,1,11120.0
864691135468919948,864691135335163369,3,51580.0
864691135468919948,864691135342848433,1,6340.0
864691135468919948,864691135344013233,1,6848.0
864691135468919948,864691135369208825,3,49948.0
864691135468919948,864691135383426010,1,3428.0
864691135468919948,864691135383491034,1,3084.0
864691135468919948,864691135397213473,1,3924.0
864691135468919948,864691135397535009,1,26780.0
864691135468919948,864691135441917512,1,9992.0
864691135468919948,864691135447444114,2,13828.0
864691135468919948,864691135454606698,2,31116.0
864691135468919948,864691135463809598,1,16168.0
864691135468919948,864691135463875653,2,36964.0
864691135468919948,864691135497940243,1,17444.0
864691135468919948,864691135509643017,1,11440.0
864691135468919948,864691135584763000,2,9584.0
864691135468919948,864691135592023563,1,26084.0
864691135468919948,864691135611646215,1,19112.0
864691135468919948,864691135685707959,1,1396.0
864691135468919948,864691135689457632,1,13392.0
864691135468919948,864691135715955994,1,22864.0
864691135468919948,864691135717457946,1,9364.0
864691135468919948,864691135742895467,1,26200.0
864691135468919948,864691135749482537,1,13004.0
864691135468919948,864691135760233038,1,4856.0
864691135468919948,864691135762624310,1,17432.0
864691135468919948,864691135774389755,1,4932.0
864691135468919948,864691135816565839,1,4268.0
864691135468919948,864691135817862735,1,18256.0
864691135468919948,864691135837796499,1,3404.0
864691135468919948,864691135856753198,1,1776.0
864691135468919948,864691135975613295,1,8236.0
864691135468919948,864691136005640906,1,3948.0
864691135468919948,864691136021299448,1,11288.0
864691135468919948,864691136024757817,1,3828.0
864691135468919948,864691136108329689,2,36544.0
864691135468919948,864691136194985036,1,444.0
864691135468919948,864691136210453436,1,480.0
864691135468919948,864691136297768987,1,29664.0
864691135468919948,864691136362342626,1,4560.0
864691135468919948,864691136379307477,1,16412.0
864691135468919948,864691136389921911,1,15344.0
864691135468919948,864691136437428894,1,3500.0
864691135468919948,864691136445557123,1,8276.0
864691135468919948,864691136578290708,1,11196.0
864691135468919948,864691136601595857,1,6340.0
864691135468919948,864691136723548413,1,18068.0
864691135468919948,864691136724748797,1,676.0
864691135468919948,864691136741531228,1,11168.0
864691135468919948,864691136903658162,2,7716.0
864691135468919948,864691136914514929,1,15352.0
864691135468919948,864691136923532260,2,20344.0
864691135469024338,864691135360959815,1,12724.0
864691135469024338,864691135490213946,1,172.0
864691135469024338,864691135841697251,1,716.0
864691135469679442,864691135655141058,1,2068.0
864691135469679442,864691135658414210,1,3168.0
864691135469679442,864691135741175915,1,17876.0
864691135469679442,864691136912866289,1,10480.0
864691135470680658,864691135520041610,1,12448.0
864691135470680658,864691135774389755,1,1656.0
864691135470680658,864691136287554499,1,3008.0
864691135470680658,864691136906083250,1,13716.0
864691135470787666,864691135119053789,1,2708.0
864691135470787666,864691135397781537,1,2472.0
864691135470787666,864691135732210873,1,7616.0
864691135470787666,864691135778624685,1,9412.0
864691135470787666,864691136424439855,1,3548.0
864691135470787666,864691136914414321,1,2848.0
864691135472952114,864691135885652848,1,12332.0
864691135472952114,864691135995361194,1,2552.0
864691135472970034,864691135776924333,1,2832.0
864691135472970034,864691135867616534,1,804.0
864691135472970034,864691135884302192,1,764.0
864691135475797568,864691135081649143,2,28376.0
864691135475797568,864691135182508802,1,3840.0
864691135475797568,864691135277506533,1,744.0
864691135475797568,864691135446543762,1,3652.0
864691135475797568,864691135476471720,1,11416.0
864691135475797568,864691135538399602,1,444.0
864691135475797568,864691135565539863,1,2880.0
864691135475797568,864691135569225196,1,12356.0
864691135475797568,864691135582505325,2,4416.0
864691135475797568,864691135685003703,1,308.0
864691135475797568,864691135697234842,3,49640.0
864691135475797568,864691135701350267,1,1020.0
864691135475797568,864691135726325311,1,512.0
864691135475797568,864691135740166548,2,4408.0
864691135475797568,864691135778084285,1,26336.0
864691135475797568,864691135940945153,1,1152.0
864691135475797568,864691135946339876,2,53316.0
864691135475797568,864691135972219338,2,15760.0
864691135475797568,864691136040495614,1,20588.0
864691135475797568,864691136195798504,1,1056.0
864691135475797568,864691136274035469,2,38612.0
864691135475797568,864691136288592323,1,3696.0
864691135475797568,864691136334765747,1,7672.0
864691135475797568,864691136371701384,1,5128.0
864691135475821376,864691135183025410,1,3320.0
864691135475821376,864691135341941701,1,6300.0
864691135476110504,864691136991202453,1,12324.0
864691135476471720,864691135915709030,1,9268.0
864691135476852392,864691135777857213,1,2516.0
864691135477179304,864691135498503187,1,1644.0
864691135477179304,864691135841697251,1,10608.0
864691135477298240,864691135257507247,2,6140.0
864691135477298240,864691135490213946,2,38880.0
864691135477298240,864691135545440808,2,22356.0
864691135477298240,864691136741435740,1,9832.0
864691135478316200,864691134918478602,2,34644.0
864691135478316200,864691135013387766,1,24036.0
864691135478316200,864691135101595680,1,3360.0
864691135478316200,864691135133180320,1,26940.0
864691135478316200,864691135213413248,1,6688.0
864691135478316200,864691135277506533,1,34448.0
864691135478316200,864691135293045174,1,14256.0
864691135478316200,864691135360959815,1,4204.0
864691135478316200,864691135463662749,1,4300.0
864691135478316200,864691135463993669,1,3248.0
864691135478316200,864691135469504850,1,1420.0
864691135478316200,864691135502606173,1,17296.0
864691135478316200,864691135510817033,1,4036.0
864691135478316200,864691135611646215,1,6028.0
864691135478316200,864691135618690703,1,4704.0
864691135478316200,864691135689457632,1,15856.0
864691135478316200,864691135693750463,1,9472.0
864691135478316200,864691135717457946,1,2132.0
864691135478316200,864691135737661828,1,10656.0
864691135478316200,864691135738435441,1,388.0
864691135478316200,864691135778046909,1,31312.0
864691135478316200,864691135781751632,1,17212.0
864691135478316200,864691135782237008,1,6972.0
864691135478316200,864691135987888643,1,10864.0
864691135478316200,864691136020919032,1,22556.0
864691135478316200,864691136194733800,1,27912.0
864691135478316200,864691136267848692,1,20796.0
864691135478316200,864691136297696283,1,18112.0
864691135478316200,864691136314391869,1,15764.0
864691135478316200,864691136373008520,1,21704.0
864691135478316200,864691136438717086,1,648.0
864691135478316200,864691136673938055,1,9644.0
864691135479024582,864691136137542013,1,15576.0
864691135479024582,864691136379209429,1,4912.0
864691135479411910,864691135490213946,1,39324.0
864691135479411910,864691135511543561,1,2384.0
864691135479411910,864691135572530981,1,28112.0
864691135479411910,864691135687677920,1,460.0
864691135479411910,864691135697586586,1,2112.0
864691135479411910,864691135738572401,1,2712.0
864691135479411910,864691135783848499,1,32896.0
864691135479411910,864691135941629441,1,10900.0
864691135479411910,864691136039712510,1,10684.0
864691135479411910,864691136297696283,1,10880.0
864691135480031430,864691135383766763,1,2364.0
864691135480031430,864691135464775237,1,10772.0
864691135480031430,864691135526556763,1,4888.0
864691135480031430,864691135654043586,1,13128.0
864691135480031430,864691135688277216,1,18384.0
864691135480031430,864691135856072494,1,3624.0
864691135480031430,864691135941264038,1,6156.0
864691135480031430,864691136008452268,1,2512.0
864691135480031430,864691137054683510,1,2160.0
864691135488734010,864691136446086787,1,2788.0
864691135489161786,864691135517475539,1,1104.0
864691135489161786,864691136741438556,1,2384.0
864691135489182266,864691135213714560,1,13356.0
864691135489182266,864691135346571423,1,8964.0
864691135489182266,864691135490213946,1,2740.0
864691135489182266,864691135502606173,1,2596.0
864691135489182266,864691135841757923,1,220.0
864691135489182266,864691135969505637,1,17776.0
864691135489438522,864691135355935183,1,2352.0
864691135489438522,864691136011622563,1,1880.0
864691135489512250,864691136878498158,1,1424.0
864691135490213946,864691135477298240,1,2980.0
864691135490213946,864691135511543561,1,5308.0
864691135490213946,864691135867642134,1,236.0
864691135490213946,864691135976518467,2,8556.0
864691135490213946,864691136522623377,1,2872.0
864691135490983911,864691135335508969,1,1276.0
864691135490983911,864691136119346712,1,11092.0
864691135491021287,864691135568643308,1,10560.0
864691135491125351,864691135590909963,1,296.0
864691135491136615,864691135517531786,1,34264.0
864691135491207007,864691135463211677,1,9188.0
864691135491207007,864691136194925270,1,676.0
864691135491207007,864691136274522893,1,3776.0
864691135491684583,864691135431658800,1,10240.0
864691135491684583,864691135468561036,1,5488.0
864691135491684583,864691135470680658,1,14336.0
864691135491684583,864691135502188469,1,8000.0
864691135491684583,864691135639271483,1,5400.0
864691135491684583,864691135995716010,1,4668.0
864691135491684583,864691136287554499,2,4036.0
864691135491684583,864691136419226519,1,7828.0
864691135491684583,864691136451572991,1,2212.0
864691135491684583,864691136912125681,1,15184.0
864691135491867999,864691134940805731,1,18940.0
864691135491867999,864691135307460422,1,3492.0
864691135491867999,864691136009241262,1,22456.0
864691135491877727,864691136452005887,1,6196.0
864691135492083295,864691135489438522,1,1012.0
864691135492083295,864691135697586586,1,5452.0
864691135492129887,864691135293594892,1,1956.0
864691135492129887,864691135684185586,1,14476.0
864691135492129887,864691136009511596,1,24820.0
864691135492129887,864691136419226519,1,2532.0
864691135492129887,864691136991166101,1,4384.0
864691135492201823,864691135455123562,1,15308.0
864691135492201823,864691135578103301,1,27708.0
864691135492216415,864691135270418085,1,4180.0
864691135492216415,864691135304485031,1,2184.0
864691135492216415,864691135464143934,1,25868.0
864691135492216415,864691135490213946,1,548.0
864691135492216415,864691136311742013,1,8192.0
864691135492216415,864691136904238002,1,10048.0
864691135492438879,864691135114035865,1,1668.0
864691135492438879,864691135182508802,1,7592.0
864691135492438879,864691135472970034,1,21332.0
864691135492438879,864691135568563180,1,7520.0
864691135492438879,864691135582505325,1,14840.0
864691135492438879,864691135658414210,1,28524.0
864691135492438879,864691135685003703,1,29432.0
864691135492438879,864691135777517245,1,11760.0
864691135492438879,864691135989817088,1,18680.0
864691135492438879,864691136009495470,1,41072.0
864691135492438879,864691136057177560,1,8404.0
864691135492438879,864691136452374271,1,5076.0
864691135492438879,864691136724803581,1,3536.0
864691135493686111,864691135279603617,1,9172.0
864691135493686111,864691135294442678,1,2620.0
864691135493686111,864691135349326551,1,6384.0
864691135493686111,864691135447444114,1,17212.0
864691135493686111,864691135470787666,1,12456.0
864691135493686111,864691135479411910,2,10372.0
864691135493686111,864691135566519639,1,5476.0
864691135493686111,864691135698142618,1,13204.0
864691135493686111,864691135726179135,2,58016.0
864691135493686111,864691135861059176,1,892.0
864691135493686111,864691136373008520,1,1504.0
864691135493686111,864691136903658162,1,7352.0
864691135493686111,864691136976002076,1,7516.0
864691135493686111,864691136991202453,2,29416.0
864691135493686111,864691136992347541,1,1220.0
864691135493686111,864691137021264750,1,3908.0
864691135494939536,864691135015004662,1,2916.0
864691135494939536,864691136195798504,1,3840.0
864691135495069072,864691135742123412,1,476.0
864691135495069072,864691135807716893,1,728.0
864691135495511184,864691135441883720,1,716.0
864691135496333968,864691135114035865,1,3472.0
864691135496333968,864691135234068313,1,32972.0
864691135496333968,864691135293048246,1,996.0
864691135496333968,864691135565539863,1,11736.0
864691135496333968,864691135572151589,1,18444.0
864691135496333968,864691135584931960,1,16332.0
864691135496333968,864691135737724292,2,5780.0
864691135496333968,864691135778084285,1,264.0
864691135496333968,864691135867370262,1,1764.0
864691135496333968,864691135952315939,1,8260.0
864691135496333968,864691135989817088,1,7648.0
864691135496333968,864691136009511596,1,2172.0
864691135496333968,864691136391508095,1,63616.0
864691135498273555,864691135441651784,1,4064.0
864691135498332947,864691135489161786,1,196.0
864691135498496531,864691135137137433,1,2008.0
864691135498826771,864691135860412776,1,2020.0
864691135502188469,864691136013489827,1,488.0
864691135502339650,864691135387690069,1,6216.0
864691135502339650,864691135502729309,1,9196.0
864691135502339650,864691135539056754,2,32532.0
864691135502339650,864691135615516363,1,1104.0
864691135502339650,864691135687798752,3,13924.0
864691135502339650,864691136092745908,1,13952.0
864691135502462389,864691135610310151,1,3004.0
864691135502462389,864691135910785193,1,6368.0
864691135502462389,864691136451988991,1,7172.0
864691135502462389,864691136912527089,1,644.0
864691135502522178,864691135940269313,1,3988.0
864691135502556085,864691135807340829,1,6628.0
864691135502606173,864691135738435441,1,10232.0
864691135502644317,864691135374498633,1,22276.0
864691135502644317,864691135397535009,1,10996.0
864691135502644317,864691135610249479,1,17040.0
864691135502644317,864691136488414994,1,292.0
864691135502730562,864691135777413728,1,544.0
864691135502738613,864691135781751632,1,3272.0
864691135502982581,864691135280864417,1,5892.0
864691135502982581,864691135579303685,1,5892.0
864691135502982581,864691136136073867,1,860.0
864691135502982581,864691136297696283,2,33824.0
864691135502992565,864691134918284042,1,6464.0
864691135502992565,864691135100918816,1,1680.0
864691135502996661,864691135538399602,1,8232.0
864691135502996661,864691135570156934,1,23716.0
864691135502996661,864691136419952535,1,8080.0
864691135503571637,864691135066003268,1,2796.0
864691135503571637,864691135502339650,1,1212.0
864691135503571637,864691135571815661,1,2660.0
864691135503571637,864691135841757923,1,1868.0
864691135503571637,864691135865822078,1,4684.0
864691135503571637,864691136437334942,1,11972.0
864691135503571637,864691136723379709,1,6344.0
864691135503571637,864691136912527089,1,1700.0
864691135503836253,864691135119053789,1,4992.0
864691135503836253,864691135122458151,1,9340.0
864691135503836253,864691135274694673,2,25260.0
864691135503836253,864691135281097889,2,11748.0
864691135503836253,864691135294442678,1,27204.0
864691135503836253,864691135295127052,1,1276.0
864691135503836253,864691135308196934,2,18312.0
864691135503836253,864691135335385065,1,6456.0
864691135503836253,864691135345986719,1,17964.0
864691135503836253,864691135346786719,1,3840.0
864691135503836253,864691135349291991,1,10596.0
864691135503836253,864691135359923032,1,12964.0
864691135503836253,864691135397535009,1,17224.0
864691135503836253,864691135470680658,1,10596.0
864691135503836253,864691135491895399,1,9672.0
864691135503836253,864691135498496531,1,2384.0
864691135503836253,864691135502606173,1,728.0
864691135503836253,864691135512034000,1,16160.0
864691135503836253,864691135565602839,1,17560.0
864691135503836253,864691135582108269,1,1828.0
864691135503836253,864691135645401583,1,3964.0
864691135503836253,864691135684580338,1,2432.0
864691135503836253,864691135685707959,1,4468.0
864691135503836253,864691135702695547,3,12052.0
864691135503836253,864691135719432241,1,18012.0
864691135503836253,864691135741930603,1,9192.0
864691135503836253,864691135743102827,1,3444.0
864691135503836253,864691135760391502,1,1008.0
864691135503836253,864691135783449907,1,1096.0
864691135503836253,864691135807716893,1,11848.0
864691135503836253,864691135817862735,1,188.0
864691135503836253,864691135851603655,2,16516.0
864691135503836253,864691135876942163,1,1200.0
864691135503836253,864691135970062693,1,1884.0
864691135503836253,864691136101499765,1,9380.0
864691135503836253,864691136119177752,1,340.0
864691135503836253,864691136488999186,1,8664.0
864691135503836253,864691136926422602,1,27176.0
864691135503836253,864691136990522517,1,8516.0
864691135503836253,864691136991202453,1,1232.0
864691135503836253,864691137019563886,1,3844.0
864691135503836253,864691137197751617,1,3644.0
864691135503979842,864691134941328739,1,1120.0
864691135503979842,864691135015224566,1,3156.0
864691135503979842,864691135502992565,1,5064.0
864691135503979842,864691135545440808,1,1264.0
864691135503979842,864691135640227131,1,3476.0
864691135503979842,864691135740166548,3,56328.0
864691135503979842,864691135762574646,1,2736.0
864691135503979842,864691135777451360,1,8596.0
864691135503979842,864691135778981216,1,23564.0
864691135503979842,864691135781943632,1,2780.0
864691135503979842,864691135848829790,2,32064.0
864691135503979842,864691135942158452,1,8488.0
864691135503979842,864691136009511596,1,748.0
864691135503979842,864691136041512790,1,9348.0
864691135503979842,864691136109661368,1,16228.0
864691135503979842,864691136134774923,1,3400.0
864691135503979842,864691136379807445,1,3976.0
864691135503979842,864691136389302135,1,2472.0
864691135503979842,864691136419226519,5,22136.0
864691135503979842,864691136912527089,1,1732.0
864691135503979842,864691136926422602,1,2684.0
864691135504203357,864691134887418874,1,6864.0
864691135504203357,864691134887526650,1,19912.0
864691135504203357,864691134948665340,1,30364.0
864691135504203357,864691135013532918,1,4716.0
864691135504203357,864691135195558698,1,1432.0
864691135504203357,864691135292824758,1,6344.0
864691135504203357,864691135294442678,1,1600.0
864691135504203357,864691135349326551,1,2440.0
864691135504203357,864691135375107272,1,7660.0
864691135504203357,864691135395447029,1,4696.0
864691135504203357,864691135396940021,1,2128.0
864691135504203357,864691135429266224,1,3088.0
864691135504203357,864691135463505821,1,2348.0
864691135504203357,864691135490495802,1,39900.0
864691135504203357,864691135518173395,1,3780.0
864691135504203357,864691135565602839,2,12920.0
864691135504203357,864691135568283116,1,17900.0
864691135504203357,864691135585875836,1,33360.0
864691135504203357,864691135645451247,1,9684.0
864691135504203357,864691135693706687,1,4924.0
864691135504203357,864691135717457946,2,17060.0
864691135504203357,864691135732210873,1,1068.0
864691135504203357,864691135738287985,2,24428.0
864691135504203357,864691135800569186,1,1792.0
864691135504203357,864691135810492189,1,164.0
864691135504203357,864691135865480668,1,3768.0
864691135504203357,864691135866030044,1,2804.0
864691135504203357,864691135990911488,1,24996.0
864691135504203357,864691136619099867,1,1240.0
864691135509390345,864691135742123412,1,5928.0
864691135509390345,864691136011622563,1,2180.0
864691135509390345,864691136137371261,1,5176.0
864691135509476617,864691135866142334,1,8524.0
864691135509476617,864691135876956499,1,9996.0
864691135509643017,864691135015004662,1,29772.0
864691135509643017,864691135294507190,1,7452.0
864691135509643017,864691135616421225,1,5480.0
864691135509643017,864691135809355293,1,3292.0
864691135509643017,864691136101425013,1,2124.0
864691135509881097,864691135134155168,1,63732.0
864691135509881097,864691135737334404,1,4428.0
864691135509881097,864691135737724292,1,3060.0
864691135510600457,864691135360959815,1,3380.0
864691135510600457,864691136093202356,1,3820.0
864691135510600457,864691136371580552,2,5980.0
864691135510883081,864691135355998671,2,53408.0
864691135510883081,864691135570156934,1,24320.0
864691135510883081,864691136487546642,1,20224.0
864691135511220745,864691135277396709,1,6996.0
864691135511220745,864691135281088929,1,10524.0
864691135511220745,864691135565747287,1,21004.0
864691135511220745,864691135737465988,1,4732.0
864691135511220745,864691135741421931,1,5272.0
864691135511220745,864691135885433200,1,5260.0
864691135511220745,864691136267242996,1,2188.0
864691135511220745,864691136390788215,1,6596.0
864691135511325648,864691135066282564,2,4224.0
864691135511325648,864691135778000317,1,1124.0
864691135511325648,864691135941629441,1,2076.0
864691135511325648,864691136237472316,1,1020.0
864691135511325648,864691136390072439,1,5088.0
864691135511519440,864691135274694673,2,8268.0
864691135511519440,864691135778859104,1,2888.0
864691135511543561,864691135122458151,1,4328.0
864691135511543561,864691135490213946,1,2756.0
864691135511543561,864691135718955569,1,13216.0
864691135511543561,864691135915943014,4,19544.0
864691135511704784,864691135273258257,1,11348.0
864691135516483795,864691135560492001,1,11432.0
864691135516483795,864691135576008222,1,2824.0
864691135517475539,864691135081649143,1,3840.0
864691135517475539,864691135104374861,1,21780.0
864691135517475539,864691135293594892,1,6716.0
864691135517475539,864691135697234842,1,39340.0
864691135517475539,864691135740166548,1,2020.0
864691135517475539,864691136009822892,1,11908.0
864691135517475539,864691136040153854,1,8196.0
864691135517475539,864691136084074092,1,280.0
864691135517475539,864691136084973676,1,31588.0
864691135517475539,864691136109661368,1,2864.0
864691135517475539,864691136194957032,1,10908.0
864691135517531786,864691135304484263,1,1444.0
864691135517531786,864691135387690069,1,2764.0
864691135517531786,864691135782615632,1,3228.0
864691135517531786,864691135926846478,1,7916.0
864691135517531786,864691136811814771,1,24640.0
864691135517647827,864691135122458151,1,15428.0
864691135517647827,864691135325437084,1,1764.0
864691135517647827,864691135490495802,1,10864.0
864691135517647827,864691135762956598,2,3232.0
864691135517647827,864691135915943014,1,1076.0
864691135518159498,864691135123341607,1,1680.0
864691135518159498,864691135511543561,1,2852.0
864691135518159498,864691136009822892,1,424.0
864691135518173395,864691135066025540,1,11640.0
864691135518173395,864691135214931072,1,1640.0
864691135518173395,864691135294442678,1,22504.0
864691135518173395,864691135717457946,1,9188.0
864691135518173395,864691135742895467,1,22076.0
864691135518173395,864691135807935517,1,3948.0
864691135518173395,864691135856966190,1,4712.0
864691135518173395,864691135866603141,1,14196.0
864691135518173395,864691135946646113,1,2528.0
864691135518173395,864691136124832806,1,3848.0
864691135518173395,864691136195798504,1,2980.0
864691135518173395,864691136211336380,1,25492.0
864691135518173395,864691136314491965,1,15800.0
864691135518173395,864691136390788215,1,2892.0
864691135518374794,864691136124225830,1,10204.0
864691135518453642,864691135495051152,1,3652.0
864691135518453642,864691135777413728,1,15636.0
864691135520041610,864691135280864417,1,11568.0
864691135520041610,864691135463505821,1,3408.0
864691135526556763,864691135546276904,1,2752.0
864691135526556763,864691135869526550,2,8056.0
864691135526556763,864691135874501774,1,7904.0
864691135526892891,864691135395987701,1,50932.0
864691135526892891,864691136926428234,1,6324.0
864691135526916443,864691135545644584,1,8712.0
864691135526916443,864691135566519639,1,1136.0
864691135526929243,864691135233964121,1,2540.0
864691135526929243,864691135293586956,1,1152.0
864691135526929243,864691135740166548,1,3516.0
864691135526929243,864691135777517245,1,1472.0
864691135526929243,864691136040153854,2,12032.0
864691135538399602,864691135502992565,1,28928.0
864691135538399602,864691135731223737,1,240.0
864691135538399602,864691135741466516,1,1196.0
864691135538399602,864691136618130907,1,10096.0
864691135538399602,864691136912866289,2,4652.0
864691135538730610,864691134942614115,1,204.0
864691135539306098,864691135083969527,2,30156.0
864691135539306098,864691135294155020,2,5216.0
864691135539306098,864691135383491034,2,57472.0
864691135539306098,864691135431658800,1,3596.0
864691135539306098,864691135442668872,1,608.0
864691135539306098,864691135470680658,1,5928.0
864691135539306098,864691135518173395,1,832.0
864691135539306098,864691135540508018,1,3252.0
864691135539306098,864691135570156934,1,1680.0
864691135539306098,864691135688186080,1,1608.0
864691135539306098,864691135778859104,1,10704.0
864691135539306098,864691135954520611,2,7968.0
864691135539306098,864691136052791027,2,21352.0
864691135539306098,864691136273625022,1,8624.0
864691135539306098,864691136389532023,1,1920.0
864691135539306098,864691136924049892,1,3848.0
864691135539306098,864691136975076636,1,11984.0
864691135540508018,864691135082286839,1,4832.0
864691135540508018,864691135280864417,1,3816.0
864691135540508018,864691135759529294,1,2016.0
864691135540508018,864691136274035469,2,30908.0
864691135540508018,864691136288592323,1,4704.0
864691135544378664,864691135568146156,2,6596.0
864691135544378664,864691135686414775,1,10156.0
864691135544378664,864691135807342621,1,12312.0
864691135545137960,864691135386357077,1,11588.0
864691135545137960,864691135885652848,1,2296.0
864691135545137960,864691136297668379,1,484.0
864691135545285672,864691135725191083,1,3200.0
864691135545285672,864691135741421931,1,2832.0
864691135545285672,864691136923834596,1,15136.0
864691135545440808,864691135511543561,1,13036.0
864691135545464104,864691134941481315,1,13580.0
864691135545464104,864691135100918816,2,10092.0
864691135545464104,864691135367723513,1,14828.0
864691135545464104,864691135477298240,1,2392.0
864691135545464104,864691135546276904,5,87376.0
864691135545464104,864691135658414210,1,3240.0
864691135545464104,864691135777451360,1,3048.0
864691135545464104,864691136237481999,1,1444.0
864691135545464104,864691136912866289,2,54688.0
864691135545644584,864691135213615672,1,4960.0
864691135545644584,864691135275664613,1,1100.0
864691135545644584,864691135817862735,1,5816.0
864691135545644584,864691136210345404,1,932.0
864691135546254632,864691135591363339,1,2924.0
864691135546254632,864691136013489827,1,4596.0
864691135546254632,864691136812192115,1,3388.0
864691135546276904,864691135490213946,1,4376.0
864691135560492001,864691136489013266,1,18996.0
864691135561539553,864691135865480668,1,4168.0
864691135562918113,864691135101595680,1,13588.0
864691135562918113,864691136814569075,1,4288.0
864691135565370967,864691135566155351,1,5840.0
864691135565370967,864691135976518467,1,16920.0
864691135565539863,864691135397374753,1,1576.0
864691135565539863,864691135685003703,1,956.0
864691135565560855,864691135953844003,1,328.0
864691135565602839,864691136288737987,1,2212.0
864691135565747287,864691135800569186,1,15980.0
864691135565882903,864691135463809598,1,14148.0
864691135565882903,864691135495511184,1,248.0
864691135565882903,864691135725501867,2,19740.0
864691135565882903,864691135732419769,3,32168.0
864691135565882903,864691136090107191,1,964.0
864691135565882903,864691136194348264,1,4404.0
864691135565882903,864691136273625022,1,2872.0
864691135566168599,864691135429266224,1,6236.0
864691135566168599,864691135469089362,1,10380.0
864691135566168599,864691136043384406,1,8504.0
864691135566168599,864691136373008520,1,516.0
864691135566342679,864691135015004662,1,3432.0
864691135566342679,864691135325437084,1,2296.0
864691135566342679,864691135718955569,1,12372.0
864691135566342679,864691136267848692,1,2844.0
864691135566419991,864691135361165895,1,7132.0
864691135566419991,864691135463505821,1,6652.0
864691135566419991,864691135570156934,2,54356.0
864691135566519639,864691135688186080,1,11144.0
864691135566519639,864691136906083250,1,6368.0
864691135566725655,864691135566168599,2,7332.0
864691135566725655,864691135688186080,1,768.0
864691135566725655,864691135779049056,1,8796.0
864691135566725655,864691135915943014,1,11808.0
864691135566725655,864691136814463603,1,3996.0
864691135566725655,864691136927187786,1,516.0
864691135567059223,864691135083949303,1,6628.0
864691135567059223,864691135292980662,1,7444.0
864691135567059223,864691135397781537,1,18136.0
864691135567059223,864691135408058569,1,4504.0
864691135567059223,864691135466346565,1,1748.0
864691135567059223,864691135510883081,1,6960.0
864691135567059223,864691135565468951,1,3744.0
864691135567059223,864691135568283116,1,7732.0
864691135567059223,864691135571771117,1,3904.0
864691135567059223,864691135579303685,1,3480.0
864691135567059223,864691135645451247,1,2708.0
864691135567059223,864691135759529294,1,10416.0
864691135567059223,864691135917432166,1,3036.0
864691135567059223,864691135990911488,1,2592.0
864691135567059223,864691135997042858,2,15020.0
864691135567059223,864691136020242680,1,20804.0
864691135567059223,864691136926422602,1,20752.0
864691135568283116,864691135294476214,1,23732.0
864691135568283116,864691135502326594,1,12240.0
864691135568283116,864691135696626074,1,1544.0
864691135568283116,864691135762653750,1,1216.0
864691135568283116,864691136011919011,2,15796.0
864691135568283116,864691136011969187,1,4444.0
864691135568283116,864691136111461560,2,7748.0
864691135568283116,864691136288737987,1,1352.0
864691135568643308,864691134917977610,1,748.0
864691135568643308,864691135748985385,1,208.0
864691135568643308,864691136136644221,1,1688.0
864691135568643308,864691136912996337,1,3096.0
864691135568826604,864691135338802150,1,13308.0
864691135568826604,864691135654715586,1,15000.0
864691135568826604,864691135684185586,1,2744.0
864691135568826604,864691135684657079,1,164.0
864691135569140716,864691135163103533,1,2676.0
864691135569140716,864691135394869237,1,14408.0
864691135569140716,864691135469024338,1,452.0
864691135569140716,864691135502556085,1,23596.0
864691135569140716,864691136137749117,1,1228.0
864691135569140716,864691136287404483,1,19016.0
864691135569140716,864691136903945394,1,9568.0
864691135569225196,864691135738382212,1,1924.0
864691135569592300,864691135270451109,1,18764.0
864691135569592300,864691135383435482,1,3804.0
864691135569592300,864691135397781537,3,77024.0
864691135569592300,864691135493686111,1,24688.0
864691135569592300,864691135503836253,1,17028.0
864691135569592300,864691135546001860,1,2036.0
864691135569592300,864691135567059223,1,4312.0
864691135569592300,864691135571771117,1,6644.0
864691135569592300,864691135579303685,1,20988.0
864691135569592300,864691135615588811,1,2384.0
864691135569592300,864691135645401583,1,1688.0
864691135569592300,864691135689457632,1,3580.0
864691135569592300,864691135715955994,1,2260.0
864691135569592300,864691135759529294,2,21168.0
864691135569592300,864691135810492189,1,8856.0
864691135569592300,864691135816693327,1,7904.0
864691135569592300,864691135992497089,1,6592.0
864691135569592300,864691136067784600,1,3228.0
864691135569592300,864691136101017973,1,13492.0
864691135569592300,864691136210345404,1,9968.0
864691135569592300,864691136238377788,1,11528.0
864691135569592300,864691136335121331,1,13408.0
864691135569592300,864691136991202453,1,13504.0
864691135570156934,864691135868919318,1,16456.0
864691135570156934,864691136032337595,1,412.0
864691135570156934,864691136390788215,1,716.0
864691135570156934,864691136991202453,1,1900.0
864691135570219244,864691135195558698,1,3700.0
864691135570219244,864691135270451109,1,15672.0
864691135570219244,864691135463809598,1,3344.0
864691135570219244,864691135738287985,1,21424.0
864691135570219244,864691136010830510,1,1944.0
864691135570219244,864691136101499765,1,776.0
864691135570219244,864691136923834596,1,6116.0
864691135571771117,864691135463505821,1,1164.0
864691135571815661,864691135724803755,1,5156.0
864691135571815661,864691135948237921,1,18064.0
864691135571815661,864691136811826547,1,41996.0
864691135572001061,864691135942004993,1,2116.0
864691135572001061,864691136119177752,1,41792.0
864691135572136229,864691135133180320,1,17224.0
864691135572136229,864691135492216415,1,3996.0
864691135572136229,864691135502606173,1,3320.0
864691135572136229,864691135582150509,2,15184.0
864691135572136229,864691135698360597,1,6008.0
864691135572136229,864691135700855419,1,6372.0
864691135572136229,864691135807340829,2,31852.0
864691135572136229,864691135876942163,1,15272.0
864691135572136229,864691135890037385,1,6576.0
864691135572136229,864691136021364728,1,1932.0
864691135572136229,864691136813512563,1,2520.0
864691135572151589,864691135182508802,2,16216.0
864691135572151589,864691135408801225,1,3340.0
864691135572385061,864691134948870652,1,3724.0
864691135572385061,864691135134695328,1,680.0
864691135572385061,864691135594468395,1,4288.0
864691135572385061,864691135640519995,1,4192.0
864691135572385061,864691135655168706,1,9604.0
864691135572530981,864691135778128573,2,6108.0
864691135572530981,864691135915943014,1,9004.0
864691135572530981,864691136724607229,1,2424.0
864691135572914213,864691135416660154,1,688.0
864691135576008222,864691134919213834,2,13012.0
864691135576008222,864691135565747287,1,416.0
864691135576098334,864691135693750463,1,11728.0
864691135578103301,864691135182359554,1,34456.0
864691135578103301,864691135272843537,1,168.0
864691135578103301,864691135307460422,2,84644.0
864691135578103301,864691135738382212,1,30684.0
864691135578103301,864691136663528670,1,484.0
864691135579303685,864691135463505821,1,2940.0
864691135582306157,864691134964790303,1,340.0
864691135582306157,864691135397781537,1,3212.0
864691135582306157,864691135926601998,1,2912.0
864691135582306157,864691136065296792,1,16892.0
864691135582306157,864691136912866289,1,4128.0
864691135584480888,864691135546001860,1,1292.0
864691135584623736,864691135616717673,1,9664.0
864691135584623736,864691136008919214,1,17156.0
864691135584623736,864691136419115159,1,1340.0
864691135584623736,864691136905203378,1,5400.0
864691135584623736,864691136952921311,1,28580.0
864691135584931960,864691135211318976,1,20744.0
864691135584931960,864691135685003703,1,1260.0
864691135584931960,864691136040339198,1,9352.0
864691135584931960,864691136138838141,1,1060.0
864691135584931960,864691136602354129,1,852.0
864691135584931960,864691136724687613,1,7448.0
864691135585095032,864691135592023563,1,188.0
864691135585095032,864691136926428234,1,4396.0
864691135585146744,864691135719185713,1,25572.0
864691135585146744,864691136111461560,1,1960.0
864691135585436284,864691135118502877,1,1656.0
864691135585436284,864691135294539446,1,11080.0
864691135585436284,864691135342089649,1,1248.0
864691135585436284,864691135383426010,1,4784.0
864691135585436284,864691135441377608,1,6924.0
864691135585436284,864691135456466026,1,14056.0
864691135585436284,864691135491369959,1,9852.0
864691135585436284,864691135689516256,1,2792.0
864691135585436284,864691135741421931,1,8424.0
864691135585436284,864691135800635746,1,14332.0
864691135585436284,864691135915943014,1,5056.0
864691135585436284,864691136619099867,1,24628.0
864691135585436284,864691136814569075,1,5148.0
864691135586077052,864691135546276904,1,6364.0
864691135586077052,864691135777684320,1,1384.0
864691135586077052,864691136333770675,1,2476.0
864691135586414716,864691135684334578,1,11648.0
864691135586414716,864691135841940963,1,5892.0
864691135586414716,864691136296849691,1,9356.0
864691135590799371,864691136031893691,1,1628.0
864691135590909963,864691135699964962,1,6448.0
864691135590909963,864691136371664520,1,924.0
864691135591211019,864691135335732969,2,36592.0
864691135591211019,864691135374121545,2,38460.0
864691135591211019,864691135646504687,1,21408.0
864691135591211019,864691135911505833,1,15324.0
864691135591211019,864691135940269313,1,49448.0
864691135591211019,864691135977636675,1,308.0
864691135591211019,864691136108743352,1,6536.0
864691135591211019,864691136120754200,1,6360.0
864691135591211019,864691136904069042,1,5792.0
864691135591363339,864691135466346565,1,3864.0
864691135591363339,864691136451572991,1,3208.0
864691135592023563,864691135214931072,1,4620.0
864691135592023563,864691135565602839,1,1280.0
864691135592023563,864691136362342626,1,3592.0
864691135594246187,864691135572530981,1,6828.0
864691135594468395,864691135013506294,1,6144.0
864691135594468395,864691135811532492,1,12984.0
864691135594468395,864691135916541542,1,36144.0
864691135594468395,864691135940406273,1,2056.0
864691135594468395,864691136084074092,1,3080.0
864691135594468395,864691136906083250,1,6500.0
864691135594468395,864691136989941653,1,4160.0
864691135610249479,864691136273791934,1,232.0
864691135610310151,864691136389780240,1,484.0
864691135611646215,864691135279603617,1,3108.0
864691135614842827,864691134918409738,1,3572.0
864691135614842827,864691135015004662,1,8016.0
864691135614842827,864691135464476741,2,10136.0
864691135614842827,864691135645381359,1,17140.0
864691135614842827,864691135778917821,1,13520.0
864691135614842827,864691135885652848,1,4180.0
864691135614842827,864691136106216153,1,2752.0
864691135614842827,864691136210453436,1,1792.0
864691135614842827,864691136741514844,1,2840.0
864691135615114443,864691135335732969,1,3540.0
864691135615181003,864691135572001061,1,1536.0
864691135615181003,864691135719185713,1,672.0
864691135615181003,864691135762956598,1,1104.0
864691135615516363,864691135782938163,1,5792.0
864691135615588811,864691135337730534,1,612.0
864691135615588811,864691135348849623,1,14600.0
864691135615588811,864691135502188469,1,3756.0
864691135615588811,864691135503836253,1,15508.0
864691135615588811,864691135566725655,1,21080.0
864691135615588811,864691135726062251,1,6036.0
864691135615588811,864691136020919032,1,20868.0
864691135615588811,864691136145573684,1,336.0
864691135615588811,864691136194605782,1,9396.0
864691135615588811,864691136287554499,2,20576.0
864691135615588811,864691136813512563,1,14328.0
864691135616048587,864691135082526199,1,5292.0
864691135616048587,864691135292824758,1,19976.0
864691135616048587,864691135375107272,1,2376.0
864691135616048587,864691135397359137,1,23312.0
864691135616048587,864691135479024582,1,328.0
864691135616048587,864691135526892891,1,14288.0
864691135616048587,864691135584480888,3,52328.0
864691135616048587,864691135586077052,1,4464.0
864691135616048587,864691135618703759,1,6068.0
864691135616048587,864691135685251511,1,34876.0
864691135616048587,864691135700682107,2,7164.0
864691135616048587,864691135718955569,1,28720.0
864691135616048587,864691135781751632,1,14236.0
864691135616048587,864691135781887568,2,40952.0
864691135616048587,864691135810262220,1,4712.0
864691135616048587,864691136032337595,1,3228.0
864691135616048587,864691136194733800,1,1940.0
864691135616048587,864691136379807445,1,2788.0
864691135616048587,864691136420303511,1,11776.0
864691135616048587,864691136923742692,1,4344.0
864691135616048587,864691136926422602,1,3364.0
864691135616048587,864691136952921311,1,380.0
864691135616363211,864691135015004662,2,33908.0
864691135616363211,864691135395987701,2,14504.0
864691135616363211,864691135992497089,1,21480.0
864691135616363211,864691136237338639,1,3160.0
864691135616717673,864691135135669529,1,7244.0
864691135616717673,864691135163103533,1,26932.0
864691135616717673,864691135469253202,1,10632.0
864691135616717673,864691135479411910,1,2872.0
864691135616717673,864691135720038961,2,36548.0
864691135616717673,864691135945468452,1,5344.0
864691135616717673,864691136311742013,1,1880.0
864691135616717673,864691136390072439,1,1944.0
864691135616851817,864691136812736371,1,8024.0
864691135616851817,864691136913075953,1,19808.0
864691135618458217,864691135865559004,1,8392.0
864691135618595471,864691135719688241,1,3100.0
864691135618595471,864691136119592472,1,3448.0
864691135618690703,864691135562918113,1,7748.0
864691135618690703,864691136362342626,1,26776.0
864691135618703759,864691135387545473,1,9664.0
864691135618703759,864691135546276904,1,11352.0
864691135618703759,864691135585101944,1,3628.0
864691135618703759,864691135689457632,1,776.0
864691135618703759,864691135760391502,1,404.0
864691135618703759,864691135762653750,1,4804.0
864691135618703759,864691136451377407,1,5648.0
864691135618877839,864691136041672534,2,7620.0
864691135618911887,864691135338802150,1,3804.0
864691135618911887,864691135503150429,1,9584.0
864691135618911887,864691135618877839,1,25720.0
864691135618911887,864691135658865026,1,704.0
864691135618911887,864691135731223737,1,1712.0
864691135618911887,864691135778187360,1,2592.0
864691135618911887,864691135915709030,2,37372.0
864691135618911887,864691136009495470,2,4224.0
864691135618911887,864691136422858543,1,1712.0
864691135618911887,864691136913075953,1,6820.0
864691135618911887,864691136974910236,1,3184.0
864691135619348111,864691135468919948,2,19168.0
864691135619348111,864691135584768888,1,4836.0
864691135619348111,864691135866142334,1,8688.0
864691135619348111,864691136106216153,1,1396.0
864691135619348111,864691136195690984,1,1056.0
864691135619348111,864691136391264383,2,18512.0
864691135639271483,864691135280864417,1,2128.0
864691135639271483,864691135566168599,1,4708.0
864691135639271483,864691135570156934,1,6560.0
864691135639271483,864691135725145515,1,4868.0
864691135640227131,864691134989835898,1,1708.0
864691135640227131,864691135498332947,1,11128.0
864691135640227131,864691135738524273,1,15748.0
864691135640227131,864691135987888643,1,2448.0
864691135640519995,864691135463505821,2,55668.0
864691135640519995,864691135489438522,1,2000.0
864691135640519995,864691135715955994,1,2696.0
864691135640519995,864691135865480668,1,2932.0
864691135640519995,864691135874469006,1,3744.0
864691135640519995,864691135975613295,1,3508.0
864691135640519995,864691136288592323,3,40784.0
864691135640519995,864691136423283503,1,200.0
864691135640519995,864691136438717086,1,15200.0
864691135640519995,864691136990522517,1,1928.0
864691135645354479,864691135591211019,1,216.0
864691135645387759,864691135697586586,1,21008.0
864691135645387759,864691135718955569,1,1716.0
864691135645387759,864691136673511303,1,2312.0
864691135645401583,864691136925049316,1,488.0
864691135645401583,864691136992347541,3,4252.0
864691135645470959,864691136091886516,1,2456.0
864691135645538543,864691135295127052,1,2212.0
864691135645538543,864691135684185586,1,164.0
864691135645538543,864691135969919589,2,5536.0
864691135646504687,864691135295295500,1,4184.0
864691135646504687,864691135975613295,1,3208.0
864691135646775791,864691134948843772,1,1920.0
864691135646775791,864691135346553503,1,18404.0
864691135646775791,864691135416569274,1,8260.0
864691135646775791,864691135463221661,1,2700.0
864691135646775791,864691135491684583,1,4588.0
864691135646775791,864691135688186080,1,20148.0
864691135646775791,864691135698622741,1,1684.0
864691135646775791,864691135749458217,2,28144.0
864691135646775791,864691136144674612,1,10464.0
864691135646775791,864691136314441789,1,2352.0
864691135646775791,864691136373008520,1,24728.0
864691135646775791,864691136665051614,1,11756.0
864691135654043586,864691135359923032,1,12088.0
864691135654043586,864691135491021287,1,29264.0
864691135654043586,864691135503150429,1,4816.0
864691135654043586,864691135545464104,1,532.0
864691135654043586,864691135655168706,1,4932.0
864691135654043586,864691135716302618,1,8868.0
864691135654043586,864691135725145515,1,10200.0
864691135654043586,864691135986907907,1,16156.0
864691135654043586,864691135992010945,1,6552.0
864691135654692034,864691135861059176,1,5012.0
864691135654715586,864691135356163279,1,7240.0
864691135655046594,864691136106193369,1,17104.0
864691135655103682,864691135195175978,1,5652.0
864691135655103682,864691136913458929,1,12028.0
864691135655141058,864691135565518167,1,10128.0
864691135655141058,864691135874501774,1,3040.0
864691135655141058,864691136423468079,1,1200.0
864691135655168706,864691135081649143,1,11192.0
864691135655168706,864691135182508802,1,1760.0
864691135655168706,864691135294356918,1,6432.0
864691135655168706,864691135294476214,1,196.0
864691135655168706,864691135349326551,1,328.0
864691135655168706,864691135447444114,1,19912.0
864691135655168706,864691135456006762,1,26952.0
864691135655168706,864691135489161786,1,13732.0
864691135655168706,864691135526929243,1,2764.0
864691135655168706,864691135759554382,1,9712.0
864691135655168706,864691135760391502,1,2908.0
864691135655168706,864691135781887568,1,13748.0
864691135655168706,864691136084074092,1,3196.0
864691135655168706,864691136120658712,1,3700.0
864691135655168706,864691136136644221,1,35212.0
864691135655168706,864691136451377407,1,4988.0
864691135655168706,864691136912996337,1,6944.0
864691135655276738,864691135926846478,1,4012.0
864691135655276738,864691135989817088,1,2416.0
864691135658414210,864691135546276904,1,24612.0
864691135658414210,864691135865559004,1,676.0
864691135658416002,864691136601595857,1,1588.0
864691135658689922,864691135335732969,1,1372.0
864691135658689922,864691135396940021,1,1576.0
864691135658689922,864691135757083346,1,12068.0
864691135658689922,864691135773262587,2,15132.0
864691135658689922,864691135810492189,1,4360.0
864691135658689922,864691135839929235,1,4224.0
864691135658689922,864691135852060871,2,8112.0
864691135658689922,864691137199038273,1,2356.0
864691135658865026,864691135468161164,1,16068.0
864691135658865026,864691135952500771,1,3292.0
864691135658865026,864691136009511596,1,11464.0
864691135658865026,864691136041512790,1,16792.0
864691135658865026,864691136057177560,1,20308.0
864691135658879874,864691135566168599,1,13308.0
864691135658879874,864691135639271483,1,37988.0
864691135658879874,864691135915943014,1,9800.0
864691135658879874,864691135976624451,1,616.0
864691135658879874,864691136268629236,1,272.0
864691135658879874,864691136814463603,1,1572.0
864691135661352432,864691135463221661,1,3668.0
864691135683223026,864691135498826771,1,1560.0
864691135683223026,864691135579303685,2,64420.0
864691135683223026,864691135618703759,1,9384.0
864691135683237618,864691135469253202,1,324.0
864691135684185586,864691135082583287,1,7428.0
864691135684185586,864691135355998671,1,16036.0
864691135684334578,864691136991166101,1,5984.0
864691135684657079,864691135119053789,1,3844.0
864691135684657079,864691135740166548,1,1260.0
864691135684853175,864691135618595471,1,2280.0
864691135684968631,864691135755623122,1,2176.0
864691135684968631,864691136379614421,2,6372.0
864691135685003703,864691135576013598,1,196.0
864691135685050295,864691135498273555,1,1660.0
864691135685084343,864691135502644317,1,10568.0
864691135685707959,864691135195175978,1,2696.0
864691135685707959,864691135841699299,1,3220.0
864691135686414775,864691135720038961,1,2604.0
864691135686414775,864691135800896610,1,22440.0
864691135686414775,864691135915943014,1,1108.0
864691135686885856,864691135498826771,1,5300.0
864691135686885856,864691135565468951,1,10188.0
864691135686885856,864691135807340829,1,2684.0
864691135686885856,864691136336021683,1,5952.0
864691135686885856,864691136923834596,1,656.0
864691135687798752,864691135685050295,1,244.0
864691135688186080,864691136373008520,1,10768.0
864691135688249312,864691135213462656,1,2500.0
864691135688249312,864691135272821009,2,25696.0
864691135688249312,864691135811529420,1,8336.0
864691135688249312,864691136013489827,1,9024.0
864691135688277216,864691134941228131,1,36784.0
864691135688277216,864691135355998671,1,2388.0
864691135688277216,864691135397781537,1,400.0
864691135688277216,864691135456006762,1,9464.0
864691135688277216,864691135510883081,1,3052.0
864691135688277216,864691135546254632,1,6676.0
864691135688277216,864691135546276904,1,3180.0
864691135688277216,864691135570156934,1,3316.0
864691135688277216,864691135585875836,1,3804.0
864691135688277216,864691135639271483,1,21128.0
864691135688277216,864691135754226381,1,4076.0
864691135688277216,864691135811532492,2,8300.0
864691135688277216,864691135938534453,3,13488.0
864691135688277216,864691135947604772,1,2372.0
864691135688277216,864691136106008281,1,500.0
864691135688277216,864691136195798504,1,11028.0
864691135688277216,864691136287554499,2,5628.0
864691135688277216,864691136578499604,1,13244.0
864691135689516256,864691135468524172,1,4472.0
864691135689548000,864691135360101208,1,2732.0
864691135689548000,864691135447857298,1,1952.0
864691135689548000,864691136090181175,1,3152.0
864691135689548000,864691136923834596,1,9540.0
864691135693125567,864691136274781197,1,1884.0
864691135693559743,864691136423611951,3,53260.0
864691135693630143,864691135013532918,1,5632.0
864691135693630143,864691135591363339,1,1948.0
864691135693630143,864691136021902840,1,1976.0
864691135693706687,864691135013506294,1,22248.0
864691135693706687,864691135100918816,1,6788.0
864691135693706687,864691135510883081,1,220.0
864691135693706687,864691135688277216,1,5736.0
864691135693706687,864691135867057174,1,424.0
864691135693706687,864691136297696283,1,9112.0
864691135693706687,864691136437339038,1,3804.0
864691135693706687,864691136912677873,1,10400.0
864691135693713087,864691135502971829,1,864.0
864691135693713087,864691136091886516,1,2388.0
864691135693713087,864691136287404483,1,2872.0
864691135696626074,864691135429266224,1,5852.0
864691135696626074,864691135545464104,1,2324.0
864691135696626074,864691135585875836,1,2012.0
864691135696626074,864691135777684320,1,3868.0
864691135696626074,864691135786211268,1,7956.0
864691135696626074,864691135811529420,1,4900.0
864691135696626074,864691136008919214,1,13284.0
864691135696626074,864691136237481999,2,9400.0
864691135696626074,864691136329390058,1,7112.0
864691135696626074,864691136390534007,1,2904.0
864691135697586586,864691135490495802,1,868.0
864691135697586586,864691135590909963,2,10444.0
864691135698142618,864691135280864417,2,38232.0
864691135698142618,864691135511519440,1,5888.0
864691135698142618,864691135540508018,2,2512.0
864691135698142618,864691135579303685,1,2344.0
864691135698142618,864691135811532492,1,4768.0
864691135698142618,864691135861059176,1,8724.0
864691135698142618,864691135917380710,1,14680.0
864691135698142618,864691135918884272,1,3312.0
864691135698142618,864691136210453436,1,2260.0
864691135698142618,864691136288592323,4,30532.0
864691135698142618,864691136335208883,1,2224.0
864691135698142618,864691136391096191,1,3448.0
864691135698142618,864691136484965164,1,4320.0
864691135698142618,864691136814569075,1,356.0
864691135698142618,864691136927578954,3,17644.0
864691135698203925,864691135360959815,1,1572.0
864691135698203925,864691136194733800,1,6764.0
864691135698285077,864691136379614421,1,6200.0
864691135698622741,864691135463993669,1,21820.0
864691135698622741,864691135760233038,1,15528.0
864691135698622741,864691135810492189,1,2980.0
864691135698622741,864691135868919318,1,25004.0
864691135698622741,864691136814478451,1,36660.0
864691135699607829,864691134940636259,1,16576.0
864691135699607829,864691135118831325,1,3108.0
864691135699607829,864691135279338913,1,4356.0
864691135699607829,864691135294356918,2,35716.0
864691135699607829,864691135325413788,1,12004.0
864691135699607829,864691135349326551,1,6116.0
864691135699607829,864691135361232967,1,10644.0
864691135699607829,864691135511704784,1,3816.0
864691135699607829,864691135546254632,2,33236.0
864691135699607829,864691135568283116,1,2596.0
864691135699607829,864691135591363339,1,3900.0
864691135699607829,864691135658879874,1,3704.0
864691135699607829,864691135688249312,1,4128.0
864691135699607829,864691135719395121,1,11088.0
864691135699607829,864691135760391502,1,2012.0
864691135699607829,864691135772430155,1,2760.0
864691135699607829,864691135860412776,1,2564.0
864691135699607829,864691135869369878,1,5728.0
864691135699607829,864691135941264038,1,6388.0
864691135699607829,864691136011969187,1,10492.0
864691135699607829,864691136120658712,1,1436.0
864691135699607829,864691136176411910,1,6948.0
864691135699607829,864691136211336380,1,23156.0
864691135699607829,864691136288737987,1,12612.0
864691135699607829,864691136484779308,1,5416.0
864691135699607829,864691136741531228,1,12492.0
864691135699607829,864691136742067804,1,2348.0
864691135699607829,864691136814419571,1,11496.0
864691135699607829,864691136927578954,1,16880.0
864691135699607829,864691136952921311,1,16984.0
864691135699964962,864691135808286237,1,30792.0
864691135699964962,864691136288592323,3,13084.0
864691135700222754,864691135211107264,1,2400.0
864691135700222754,864691135307796806,1,1584.0
864691135700222754,864691135777162336,1,2960.0
864691135700222754,864691136812736371,1,1200.0
864691135700409211,864691135123125031,1,2960.0
864691135700409211,864691135182658818,1,3852.0
864691135700409211,864691135211318976,1,4244.0
864691135700409211,864691135492201823,1,3868.0
864691135700409211,864691135569225196,1,3104.0
864691135700409211,864691135685003703,1,6588.0
864691135700409211,864691135700801915,1,3992.0
864691135700409211,864691135738382212,3,12152.0
864691135700409211,864691135740166548,1,5072.0
864691135700409211,864691135762653750,1,956.0
864691135700409211,864691135782615632,1,23064.0
864691135700409211,864691135995383978,1,4580.0
864691135700409211,864691136005890250,1,23400.0
864691135700409211,864691136267400948,1,2112.0
864691135700409211,864691136904761266,1,9948.0
864691135700409211,864691136966457806,1,208.0
864691135700498722,864691135688186080,1,5108.0
864691135700498722,864691135852060871,1,3344.0
864691135700498722,864691135861059176,1,5560.0
864691135700498722,864691136288592323,2,16232.0
864691135700682107,864691135383852011,1,312.0
864691135700682107,864691135570156934,1,10652.0
864691135700682107,864691135719185713,1,3724.0
864691135700801915,864691136041672534,1,1884.0
864691135702310523,864691135119053789,1,812.0
864691135702310523,864691135463505821,1,36348.0
864691135702310523,864691135584480888,1,5356.0
864691135702310523,864691135594359595,1,16488.0
864691135702310523,864691135719722545,1,2732.0
864691135702310523,864691136297696283,1,2100.0
864691135702310523,864691136311439962,1,13744.0
864691135702310523,864691136379209429,1,12756.0
864691135702310523,864691136487546642,1,4592.0
864691135702310523,864691136683855990,1,26720.0
864691135702695547,864691135280864417,1,14116.0
864691135702695547,864691135429266224,1,3492.0
864691135702695547,864691135569592300,1,21588.0
864691135702695547,864691135585146744,1,496.0
864691135702695547,864691135995716010,1,18740.0
864691135702695547,864691136043384406,1,1756.0
864691135715889690,864691136195690984,1,632.0
864691135715889690,864691136914514929,1,13880.0
864691135716302618,864691135059450779,1,4436.0
864691135716302618,864691135572282917,2,9292.0
864691135716302618,864691136021841400,1,12284.0
864691135716302618,864691136420195223,1,17880.0
864691135717271834,864691134887418874,1,11336.0
864691135717271834,864691134918533130,1,1268.0
864691135717271834,864691135015224566,1,2944.0
864691135717271834,864691135279338913,1,2620.0
864691135717271834,864691135325437084,1,8880.0
864691135717271834,864691135493686111,2,12276.0
864691135717271834,864691135560492001,1,2088.0
864691135717271834,864691135566168599,1,4404.0
864691135717271834,864691135698360597,1,8608.0
864691135717271834,864691135701210235,1,11912.0
864691135717271834,864691135732210873,1,23144.0
864691135717271834,864691135947166305,1,14556.0
864691135717271834,864691136144674612,1,10980.0
864691135717271834,864691136314491965,2,25712.0
864691135717271834,864691136742067804,3,56632.0
864691135717457946,864691134918284042,1,16320.0
864691135717457946,864691134989865338,1,32980.0
864691135717457946,864691135083969527,1,16156.0
864691135717457946,864691135118831325,1,11772.0
864691135717457946,864691135294356918,1,18076.0
864691135717457946,864691135361024071,1,35772.0
864691135717457946,864691135361232967,1,8120.0
864691135717457946,864691135369208825,1,8192.0
864691135717457946,864691135446432146,2,17432.0
864691135717457946,864691135447857298,1,15728.0
864691135717457946,864691135469504850,1,5580.0
864691135717457946,864691135488734010,1,6820.0
864691135717457946,864691135498826771,1,2304.0
864691135717457946,864691135504203357,1,284.0
864691135717457946,864691135512034000,1,3624.0
864691135717457946,864691135540508018,1,10336.0
864691135717457946,864691135585436284,1,1064.0
864691135717457946,864691135645451247,1,13240.0
864691135717457946,864691135688186080,1,7604.0
864691135717457946,864691135860412776,1,2840.0
864691135717457946,864691135941264038,1,7016.0
864691135717457946,864691135942798452,1,8200.0
864691135717457946,864691135946646113,1,1456.0
864691135717457946,864691135977636675,1,6160.0
864691135717457946,864691135988018691,1,30784.0
864691135717457946,864691136008452268,1,1080.0
864691135717457946,864691136021841400,2,34388.0
864691135717457946,864691136106323161,2,33576.0
864691135717457946,864691136108715960,1,3280.0
864691135717457946,864691136137371261,2,21420.0
864691135717457946,864691136194348264,1,7572.0
864691135717457946,864691136274035469,2,39116.0
864691135717457946,864691136313050173,2,26252.0
864691135717457946,864691136379807445,1,3676.0
864691135717457946,864691136391279231,1,6252.0
864691135717457946,864691136437339038,2,37216.0
864691135717457946,864691136444566915,1,41216.0
864691135717457946,864691136446086787,1,1496.0
864691135717457946,864691136451377407,1,5100.0
864691135717457946,864691136618181339,1,3564.0
864691135717457946,864691136741531228,1,852.0
864691135717457946,864691136814419571,1,3680.0
864691135717457946,864691136923703780,1,13948.0
864691135717457946,864691136926312266,1,1968.0
864691135717457946,864691136990522517,1,1972.0
864691135717457946,864691136991202453,1,4088.0
864691135717457946,864691137021264750,1,2436.0
864691135718955569,864691135697586586,1,4460.0
864691135719185713,864691135066282564,1,8976.0
864691135719185713,864691135346786719,1,4192.0
864691135719185713,864691135455701354,1,6744.0
864691135719185713,864691135807340829,1,5120.0
864691135719185713,864691135847940446,1,632.0
864691135719185713,864691135867966230,2,15088.0
864691135719185713,864691135940346534,1,180.0
864691135719185713,864691135989148163,1,2920.0
864691135719185713,864691136137542013,1,840.0
864691135719185713,864691136311742013,1,4784.0
864691135719185713,864691136673511303,2,17488.0
864691135719395377,864691135383435482,1,236.0
864691135719395377,864691135509643017,1,636.0
864691135719395377,864691135885433200,1,260.0
864691135719395377,864691136913401841,1,1068.0
864691135719395377,864691136926428234,1,11172.0
864691135719432241,864691135114974361,2,25680.0
864691135719432241,864691135135669529,1,2328.0
864691135719432241,864691135698360597,1,5292.0
864691135719432241,864691135719185713,1,1944.0
864691135719432241,864691136379209429,1,2016.0
864691135719432241,864691136424439855,1,1264.0
864691135719432241,864691136673511303,1,12036.0
864691135719446833,864691135211107264,1,12696.0
864691135719446833,864691135565447959,2,33380.0
864691135719446833,864691135731129017,1,548.0
864691135719446833,864691135749574953,1,1300.0
864691135719446833,864691136040339198,1,28204.0
864691135719446833,864691137197537601,1,1280.0
864691135719641393,864691135492438879,1,3964.0
864691135719641393,864691137197537601,1,10584.0
864691135719688241,864691136578060820,1,1632.0
864691135719722545,864691135492083295,1,3392.0
864691135719722545,864691135590909963,1,1624.0
864691135719722545,864691135697586586,1,21760.0
864691135719722545,864691135762956598,1,1704.0
864691135720038961,864691135123289383,1,4380.0
864691135720038961,864691135520041610,1,4200.0
864691135720038961,864691135545440808,1,14144.0
864691135720038961,864691135697586586,2,9028.0
864691135720038961,864691135856966190,1,18600.0
864691135720038961,864691135859636840,1,20680.0
864691135720038961,864691135917380710,1,4384.0
864691135720038961,864691136297696283,1,12796.0
864691135720038961,864691136912866289,1,2708.0
864691135720638769,864691135118631389,1,2012.0
864691135720638769,864691135134155168,1,3096.0
864691135720638769,864691135210671808,1,2496.0
864691135720638769,864691135517531786,1,1456.0
864691135720638769,864691135568826604,2,4464.0
864691135720638769,864691135572385061,1,6092.0
864691135720638769,864691135654715586,1,1280.0
864691135720638769,864691135782938163,1,6472.0
864691135720638769,864691135952500771,1,8836.0
864691135720638769,864691136109661368,1,676.0
864691135720638769,864691136118618136,1,5664.0
864691135720638769,864691136119594520,1,6368.0
864691135720638769,864691136333770675,1,10124.0
864691135720638769,864691136913075953,1,4156.0
864691135725145515,864691135355998671,1,1620.0
864691135725191083,864691134948870652,1,3060.0
864691135725191083,864691135118502877,1,19020.0
864691135725191083,864691135133494944,1,2072.0
864691135725191083,864691135463505821,1,4368.0
864691135725191083,864691135509390345,1,1016.0
864691135725191083,864691135970062693,1,2708.0
864691135725191083,864691136135414411,1,3548.0
864691135725191083,864691136419477399,1,3872.0
864691135725501867,864691135470700626,1,2276.0
864691135725501867,864691135577918213,1,13172.0
864691135725501867,864691135654692034,1,7280.0
864691135725501867,864691135773262587,1,3268.0
864691135725501867,864691135779049056,5,126132.0
864691135725501867,864691136391096191,1,10264.0
864691135726062251,864691135494939536,1,416.0
864691135726179135,864691135015004662,1,384.0
864691135726179135,864691135214931072,1,1796.0
864691135726179135,864691135463537214,1,7704.0
864691135730941369,864691135477298240,1,608.0
864691135730941369,864691135585101944,2,41652.0
864691135730941369,864691135658414210,1,19484.0
864691135731129017,864691135926846478,1,8032.0
864691135731223737,864691135477298240,1,3668.0
864691135731223737,864691136237481999,1,568.0
864691135732210873,864691135397781537,3,36572.0
864691135732210873,864691135590909963,1,29040.0
864691135732210873,864691135661257200,1,31980.0
864691135732210873,864691135688186080,1,6484.0
864691135732210873,864691135698142618,1,4992.0
864691135732210873,864691135741466516,1,10752.0
864691135732210873,864691135759529294,1,8964.0
864691135732210873,864691135774389755,1,7104.0
864691135732210873,864691135779049056,3,42256.0
864691135732210873,864691135839929235,2,16896.0
864691135732210873,864691135855767342,1,1804.0
864691135732210873,864691136106323161,1,5008.0
864691135732210873,864691136390474359,1,632.0
864691135732210873,864691136814478451,1,3108.0
864691135737334404,864691135889307529,1,1728.0
864691135737334404,864691136522623377,1,23240.0
864691135737494385,864691136090107191,2,14796.0
864691135737661828,864691136437334942,1,3408.0
864691135737724292,864691136011431075,1,160.0
864691135737724292,864691136334765747,1,5236.0
864691135737724292,864691136913075953,1,188.0
864691135737747844,864691135869526550,1,3252.0
864691135737747844,864691136011969187,1,1584.0
864691135737932164,864691135868919318,1,2424.0
864691135738047620,864691135013532918,1,12448.0
864691135738047620,864691135119053789,1,640.0
864691135738047620,864691135277506533,1,2468.0
864691135738047620,864691135344013233,1,712.0
864691135738047620,864691135397781537,1,4452.0
864691135738047620,864691135455400554,1,10796.0
864691135738047620,864691135493686111,1,7020.0
864691135738047620,864691135502996661,1,5904.0
864691135738047620,864691135800856418,1,13844.0
864691135738047620,864691135809883933,1,6372.0
864691135738047620,864691135861069928,1,14428.0
864691135738047620,864691136109443000,1,17276.0
864691135738047620,864691136437339038,1,11292.0
864691135738047620,864691136923754212,3,38388.0
864691135738047620,864691136975076636,1,37512.0
864691135738287985,864691135133494944,1,1576.0
864691135738287985,864691135585436284,1,4688.0
864691135738287985,864691135885005424,1,4404.0
864691135738287985,864691135942004993,1,3960.0
864691135738287985,864691136090181175,1,6968.0
864691135738524273,864691135455701354,1,2800.0
864691135738524273,864691135565468951,1,3064.0
864691135738524273,864691135645538543,1,3496.0
864691135738524273,864691136311742013,1,11108.0
864691135739143812,864691135280864417,1,3480.0
864691135739143812,864691135470700626,1,18944.0
864691135739143812,864691135538730610,1,11440.0
864691135739143812,864691135566519639,1,3780.0
864691135739143812,864691135688186080,1,5248.0
864691135739143812,864691135778859104,1,14236.0
864691135739143812,864691135861059176,1,220.0
864691135739143812,864691135940146598,1,14716.0
864691135739143812,864691136057123800,1,5672.0
864691135739143812,864691136991202453,2,17540.0
864691135739143812,864691137021264750,1,5000.0
864691135740159892,864691136619882637,5,28448.0
864691135740166548,864691135359812952,1,3592.0
864691135740166548,864691135867616534,1,23964.0
864691135740166548,864691136041512790,1,4412.0
864691135741175915,864691136267400948,1,10988.0
864691135741340779,864691136195798504,1,4284.0
864691135741340779,864691136274035469,1,2768.0
864691135741421931,864691135495051152,1,2976.0
864691135741910164,864691135122458151,1,1356.0
864691135741910164,864691135463505821,1,17488.0
864691135741910164,864691135498826771,1,1892.0
864691135741910164,864691135569140716,1,14640.0
864691135741910164,864691135655152834,1,3040.0
864691135741910164,864691135741466516,1,5656.0
864691135741910164,864691135917380710,1,15064.0
864691135741910164,864691135940146598,2,14328.0
864691135741910164,864691136952404959,1,4824.0
864691135741930603,864691134940636259,1,884.0
864691135741930603,864691135134091424,1,6276.0
864691135741930603,864691135163326765,1,2560.0
864691135741930603,864691135280864417,1,17976.0
864691135741930603,864691135294356918,1,9984.0
864691135741930603,864691135294442678,2,38632.0
864691135741930603,864691135418018746,1,14252.0
864691135741930603,864691135455400554,1,3108.0
864691135741930603,864691135645401583,1,2828.0
864691135741930603,864691135686885856,1,756.0
864691135741930603,864691135774389755,1,31160.0
864691135741930603,864691136741503324,1,2748.0
864691135741930603,864691136991202453,2,41836.0
864691135742123412,864691136011622563,1,2580.0
864691135742895467,864691135274694673,1,1816.0
864691135742895467,864691135279338913,1,7672.0
864691135742895467,864691135279603617,1,1208.0
864691135742895467,864691135344013233,1,3616.0
864691135742895467,864691135418018746,1,2632.0
864691135742895467,864691135511519440,1,7516.0
864691135742895467,864691135743102827,1,19592.0
864691135742895467,864691135783449907,2,31504.0
864691135742895467,864691135861059176,1,5356.0
864691135742895467,864691136237481999,1,3480.0
864691135742895467,864691136392754047,1,16204.0
864691135742895467,864691136975076636,1,2072.0
864691135743102827,864691135100918816,1,3552.0
864691135743102827,864691135163326765,1,2108.0
864691135743102827,864691135183025410,1,676.0
864691135743102827,864691135294356918,1,2668.0
864691135743102827,864691135294539446,1,11228.0
864691135743102827,864691135361165895,1,3616.0
864691135743102827,864691135395987701,1,7404.0
864691135743102827,864691135397159201,2,15184.0
864691135743102827,864691135397781537,1,25244.0
864691135743102827,864691135565518167,1,9596.0
864691135743102827,864691135565602839,1,6520.0
864691135743102827,864691135584663928,1,7892.0
864691135743102827,864691135618703759,1,1108.0
864691135743102827,864691135700498722,1,23564.0
864691135743102827,864691135726179135,1,6828.0
864691135743102827,864691135783449907,1,4324.0
864691135743102827,864691135852060871,1,23724.0
864691135743102827,864691135857834542,1,1908.0
864691135743102827,864691135947722337,1,11412.0
864691135743102827,864691135992497089,1,7168.0
864691135743102827,864691136119594520,1,1064.0
864691135743102827,864691136274035469,1,3244.0
864691135743102827,864691136287554499,2,23588.0
864691135743102827,864691136297696283,2,14128.0
864691135743102827,864691136314491965,1,2308.0
864691135743102827,864691136373008520,1,2684.0
864691135743102827,864691136723379709,1,17756.0
864691135743102827,864691136741531228,1,3928.0
864691135743102827,864691136914414321,1,468.0
864691135743102827,864691136926422602,1,8472.0
864691135743102827,864691136991202453,1,712.0
864691135743102827,864691136992347541,1,9092.0
864691135743102827,864691137021264750,3,15932.0
864691135748985385,864691136119346712,1,4920.0
864691135749099561,864691135698360597,1,8464.0
864691135749099561,864691136926422602,1,412.0
864691135749414953,864691135339496422,1,2080.0
864691135749414953,864691135404851182,1,3020.0
864691135749414953,864691135416660922,1,7144.0
864691135749414953,864691135490983911,1,24948.0
864691135749414953,864691135565518167,1,6640.0
864691135749414953,864691135654043586,1,8824.0
864691135749414953,864691135947604772,1,2616.0
864691135749414953,864691136237481999,1,9412.0
864691135749458217,864691135591211019,1,4376.0
864691135749574953,864691136741438556,1,4628.0
864691135754615757,864691136119346712,1,2448.0
864691135755623122,864691135786218180,1,6764.0
864691135755751885,864691135104516941,1,6604.0
864691135755751885,864691135122458151,1,1212.0
864691135755751885,864691135502992565,1,3940.0
864691135755751885,864691135511220745,1,556.0
864691135755751885,864691135777103277,1,1624.0
864691135755751885,864691135915943014,2,24112.0
864691135755751885,864691135918884272,1,4776.0
864691135755751885,864691136267848692,1,2944.0
864691135755751885,864691136297696283,1,2216.0
864691135755751885,864691136522623377,1,592.0
864691135756743634,864691135134921888,1,14048.0
864691135757083346,864691135274694673,1,3972.0
864691135757083346,864691135294442678,1,21620.0
864691135757083346,864691135305618599,1,1436.0
864691135757083346,864691135361232967,1,3200.0
864691135757083346,864691135397781537,1,29216.0
864691135757083346,864691135447857298,1,1692.0
864691135757083346,864691135464252741,2,7400.0
864691135757083346,864691135565602839,1,11104.0
864691135757083346,864691135689457632,1,4124.0
864691135757083346,864691135741466516,1,476.0
864691135757083346,864691135755751885,1,9448.0
864691135757083346,864691136090181175,1,1712.0
864691135757083346,864691136108743352,1,26332.0
864691135757083346,864691136194605782,1,8136.0
864691135757083346,864691136335121331,1,5248.0
864691135759529294,864691135493686111,1,11688.0
864691135759529294,864691135495051152,1,6840.0
864691135759529294,864691135817552463,1,2652.0
864691135759529294,864691136273625022,1,436.0
864691135759529294,864691136903658162,1,24320.0
864691135759554382,864691135065276996,1,2232.0
864691135759554382,864691135233964121,1,2776.0
864691135759554382,864691135272206865,1,3100.0
864691135759554382,864691135565518167,1,15456.0
864691135759554382,864691135658414210,1,17960.0
864691135759554382,864691135741175915,1,20400.0
864691135759554382,864691136024395321,1,4256.0
864691135759554382,864691136390184311,1,5652.0
864691135759554382,864691136423468079,1,2440.0
864691135760233038,864691135134091424,1,30604.0
864691135760233038,864691135478316200,1,4376.0
864691135760233038,864691135697586586,1,19896.0
864691135760233038,864691135715889690,1,4684.0
864691135761521462,864691135293586956,1,316.0
864691135761521462,864691135341766065,1,5168.0
864691135761521462,864691135367723513,1,6084.0
864691135761521462,864691135416660922,1,8596.0
864691135761521462,864691135546276904,3,32056.0
864691135761521462,864691135716302618,1,1092.0
864691135761521462,864691135759554382,1,940.0
864691135761521462,864691136021902840,1,5976.0
864691135762574646,864691136620029581,1,8960.0
864691135762574646,864691137197964097,1,1988.0
864691135762589238,864691135940406273,1,292.0
864691135762624310,864691136057019096,1,6976.0
864691135762956598,864691135698360597,1,5308.0
864691135772430155,864691135572282917,1,5272.0
864691135772430155,864691136288592323,1,20424.0
864691135772430155,864691136313050173,1,260.0
864691135772732411,864691135737932164,1,4392.0
864691135772732411,864691135749482537,1,23448.0
864691135772732411,864691135809355293,1,3688.0
864691135772732411,864691135839150739,1,5960.0
864691135774389755,864691135732210873,1,380.0
864691135774389755,864691135995716010,1,5508.0
864691135774389755,864691136043384406,1,4344.0
864691135776924333,864691135013599382,1,224.0
864691135776924333,864691135013932438,1,1852.0
864691135776924333,864691135182508802,1,1360.0
864691135776924333,864691135367723513,1,16632.0
864691135776924333,864691135477298240,1,7280.0
864691135776924333,864691135546276904,2,7120.0
864691135776924333,864691135726325311,1,6876.0
864691135776924333,864691135915709030,1,34096.0
864691135776924333,864691136084973676,1,3836.0
864691135776924333,864691136238377788,5,11196.0
864691135777103277,864691135195558698,1,21168.0
864691135777103277,864691135947597409,1,7164.0
864691135777103277,864691136145573684,1,300.0
864691135777103277,864691136362342626,1,4092.0
864691135777319341,864691136811814771,1,468.0
864691135777413728,864691135293480972,1,3628.0
864691135777413728,864691136724803581,1,548.0
864691135777413728,864691136741435740,1,22288.0
864691135777517245,864691134964790303,1,5096.0
864691135777517245,864691134989835898,1,712.0
864691135777517245,864691135182658818,2,12608.0
864691135777517245,864691135270404517,1,10312.0
864691135777517245,864691135585875836,1,5752.0
864691135777517245,864691135777684320,1,23776.0
864691135777517245,864691135861069928,2,2400.0
864691135777517245,864691136040495614,1,7092.0
864691135777517245,864691136041512790,2,27520.0
864691135777517245,864691136109661368,2,1628.0
864691135777517245,864691136422859823,1,13664.0
864691135777517245,864691136913075953,1,2108.0
864691135777684320,864691135658414210,1,876.0
864691135778046909,864691134918370826,1,26460.0
864691135778046909,864691135305618599,1,10476.0
864691135778046909,864691135387326081,1,2128.0
864691135778046909,864691135698203925,1,27528.0
864691135778046909,864691136116854948,1,8080.0
864691135778084285,864691135304484263,1,12392.0
864691135778084285,864691135578103301,1,11104.0
864691135778084285,864691136108938168,2,43792.0
864691135778084285,864691136119594520,1,15388.0
864691135778084285,864691136297315099,1,808.0
864691135778084285,864691136904761266,1,1000.0
864691135778128573,864691135383334106,2,13312.0
864691135778128573,864691135618877839,1,204.0
864691135778187360,864691134989835898,1,2260.0
864691135778187360,864691135013932438,1,18476.0
864691135778187360,864691135183025410,1,804.0
864691135778187360,864691135304186791,1,11832.0
864691135778187360,864691135889558153,1,3064.0
864691135778187360,864691135972219338,1,1056.0
864691135778187360,864691136106969561,1,2332.0
864691135778187360,864691136974910236,1,2152.0
864691135778187360,864691137198306113,1,976.0
864691135778467517,864691135118759901,1,1760.0
864691135778467517,864691135281097889,1,47872.0
864691135778467517,864691135304040359,1,2724.0
864691135778467517,864691135355998671,1,1516.0
864691135778467517,864691135384353003,1,8980.0
864691135778467517,864691135395740405,1,13228.0
864691135778467517,864691135397212449,1,7580.0
864691135778467517,864691135430204720,1,372.0
864691135778467517,864691135455072106,1,2460.0
864691135778467517,864691135463505821,1,12632.0
864691135778467517,864691135470728786,1,712.0
864691135778467517,864691135565747287,1,7648.0
864691135778467517,864691135590909963,1,10144.0
864691135778467517,864691135749458217,1,9736.0
864691135778467517,864691135839929235,1,16208.0
864691135778467517,864691135867057174,1,2236.0
864691135778467517,864691135885433200,1,8304.0
864691135778467517,864691136011919011,1,10264.0
864691135778467517,864691136108743352,1,1584.0
864691135778467517,864691136109443000,1,21284.0
864691135778467517,864691136119346712,1,5520.0
864691135778467517,864691136195798504,1,6736.0
864691135778467517,864691136272926654,1,11944.0
864691135778467517,864691136484965164,1,4852.0
864691135778467517,864691136578060820,1,18000.0
864691135778467517,864691136923754212,1,4420.0
864691135778467517,864691136975076636,1,3748.0
864691135778624685,864691135294442678,1,9872.0
864691135778624685,864691135429266224,1,14012.0
864691135778624685,864691135469024338,1,19352.0
864691135778624685,864691135498826771,1,2240.0
864691135778624685,864691135719395121,2,16592.0
864691135778624685,864691136195798504,1,264.0
864691135778624685,864691136297696283,3,28792.0
864691135778859104,864691135698142618,1,272.0
864691135778859104,864691135718955569,1,280.0
864691135778931296,864691135418018746,1,292.0
864691135778931296,864691135470700626,1,15592.0
864691135778931296,864691135591211019,1,1860.0
864691135778931296,864691135700498722,1,13324.0
864691135778931296,864691135774389755,1,14524.0
864691135778931296,864691135943147380,1,4556.0
864691135778931296,864691135947166305,1,7208.0
864691135778931296,864691136195690984,1,39976.0
864691135778931296,864691136314491965,1,5396.0
864691135778981216,864691135408560329,1,320.0
864691135778981216,864691135582505325,1,208.0
864691135779049056,864691135212424384,1,31344.0
864691135779049056,864691135418018746,1,1088.0
864691135779049056,864691135726179135,1,8228.0
864691135781751632,864691135942396020,1,10544.0
864691135781943632,864691135441630792,1,4728.0
864691135782237008,864691135868919318,1,4104.0
864691135782237008,864691136211336380,1,724.0
864691135782615632,864691135293480972,1,8168.0
864691135782615632,864691135304186791,1,4208.0
864691135782615632,864691135447174740,1,2600.0
864691135782615632,864691135568146156,1,2364.0
864691135782615632,864691135568563180,1,11764.0
864691135782615632,864691135654715586,1,2224.0
864691135782615632,864691135738572401,1,1340.0
864691135782615632,864691136009511596,1,1988.0
864691135782615632,864691136195114828,1,12104.0
864691135782615632,864691136389780240,1,2904.0
864691135782938163,864691135502729309,1,1248.0
864691135782938163,864691135943544436,1,1916.0
864691135783449907,864691134989865338,1,2424.0
864691135783449907,864691135688277216,1,736.0
864691135783848499,864691135135669529,1,6208.0
864691135783848499,864691135304485031,1,11780.0
864691135783848499,864691135572530981,1,7772.0
864691135783848499,864691135687798752,1,22496.0
864691135783848499,864691135848445022,1,304.0
864691135783848499,864691135974843759,1,4804.0
864691135783848499,864691136371664520,1,9912.0
864691135783848499,864691136741534044,1,1088.0
864691135784964403,864691136042105942,1,3664.0
864691135786211268,864691135737747844,1,1804.0
864691135786211268,864691136119346712,1,3060.0
864691135800569186,864691135495069072,1,2928.0
864691135800569186,864691135509390345,1,4804.0
864691135800635746,864691135015004662,1,180.0
864691135800635746,864691135118351837,1,2488.0
864691135800635746,864691135395987701,1,3328.0
864691135800635746,864691135441377608,1,3836.0
864691135800635746,864691135468524172,2,47108.0
864691135800635746,864691135516483795,1,1836.0
864691135800635746,864691136267848692,1,23524.0
864691135800635746,864691136913458929,1,548.0
864691135800856418,864691135355935183,1,4420.0
864691135800856418,864691135772732411,1,3452.0
864691135800856418,864691135918884272,1,280.0
864691135800856418,864691136274035469,1,13836.0
864691135800856418,864691136274522893,2,13736.0
864691135800856418,864691136991202453,1,29312.0
864691135800896610,864691135182508802,1,12932.0
864691135800896610,864691135257507247,1,1488.0
864691135800896610,864691135345567391,1,296.0
864691135800896610,864691135502971829,1,12392.0
864691135800896610,864691135658414210,2,14992.0
864691135800918882,864691135367723513,1,7052.0
864691135800918882,864691135867642134,1,27072.0
864691135800918882,864691136812736371,1,9608.0
864691135802015330,864691135941629441,1,2416.0
864691135802015330,864691136106193369,1,1040.0
864691135807340829,864691135762574646,1,948.0
864691135807716893,864691135584480888,1,7576.0
864691135807716893,864691135719722545,1,7400.0
864691135807716893,864691136194961896,1,572.0
864691135807716893,864691136420303511,1,3164.0
864691135807716893,864691136741531228,1,4412.0
864691135808286237,864691136991202453,1,2308.0
864691135808579869,864691135293048246,1,1920.0
864691135808579869,864691135387690069,1,4776.0
864691135808579869,864691135876931923,1,16876.0
864691135808579869,864691135926721806,1,17192.0
864691135808579869,864691136057353432,1,1796.0
864691135808579869,864691136227884369,1,13020.0
864691135808579869,864691136723379709,1,2972.0
864691135809883933,864691135014728182,1,3116.0
864691135809883933,864691135292980662,1,2108.0
864691135809883933,864691135355998671,1,11224.0
864691135809883933,864691135639271483,1,164.0
864691135809883933,864691135739143812,1,1860.0
864691135809883933,864691135816565839,1,5128.0
864691135809883933,864691135850033758,1,9576.0
864691135809883933,864691136903658162,1,8184.0
864691135810262220,864691135885005424,1,11336.0
864691135810262220,864691135942004993,1,300.0
864691135810492189,864691134918533130,1,8204.0
864691135810492189,864691135013936534,1,2580.0
864691135810492189,864691135294476214,2,5312.0
864691135810492189,864691135346553503,1,4084.0
864691135810492189,864691135396940021,1,1064.0
864691135810492189,864691135520041610,1,2656.0
864691135810492189,864691135566519639,1,15820.0
864691135810492189,864691135685084343,1,2760.0
864691135810492189,864691135817862735,2,6280.0
864691135810492189,864691135852060871,2,4508.0
864691135810492189,864691135889344137,1,1472.0
864691135810492189,864691135942798452,2,15784.0
864691135810492189,864691136011969187,1,1700.0
864691135810492189,864691136024757817,3,18652.0
864691135810492189,864691136032907451,1,1104.0
864691135810492189,864691136052151283,2,5972.0
864691135810492189,864691136106440409,2,19192.0
864691135810492189,864691136211276220,1,20736.0
864691135810492189,864691136288592323,1,2132.0
864691135810492189,864691136335121331,1,5528.0
864691135810492189,864691136813512563,2,10760.0
864691135810492189,864691136814419571,1,9300.0
864691135810492189,864691136927578954,1,15892.0
864691135810492189,864691136966611918,1,7732.0
864691135810492189,864691136991202453,1,3356.0
864691135811529420,864691135761521462,1,5736.0
864691135811529420,864691136926422602,1,6956.0
864691135811532492,864691135280864417,5,91092.0
864691135811532492,864691135397781537,1,6724.0
864691135811532492,864691135447444114,1,31740.0
864691135811532492,864691135570156934,1,3052.0
864691135811532492,864691136297696283,2,17692.0
864691135816565839,864691135280864417,1,12976.0
864691135816565839,864691135294356918,1,1240.0
864691135816565839,864691135361165895,2,14240.0
864691135816565839,864691135463505821,1,1488.0
864691135816565839,864691135579303685,1,14836.0
864691135816565839,864691135655168706,1,23308.0
864691135816565839,864691135688277216,1,9112.0
864691135816565839,864691135774389755,1,4936.0
864691135816565839,864691135817862735,1,8880.0
864691135816565839,864691135848445022,1,4904.0
864691135816565839,864691135861059176,1,1956.0
864691135816565839,864691135865480668,1,8080.0
864691135816565839,864691135943147380,1,716.0
864691135816565839,864691136089194039,1,24884.0
864691135816565839,864691136288592323,1,30816.0
864691135816565839,864691136297696283,1,41716.0
864691135816565839,864691136423283503,1,1992.0
864691135816693327,864691134887418874,1,7844.0
864691135816693327,864691135083245559,1,2768.0
864691135816693327,864691135213717120,1,13176.0
864691135816693327,864691135273258257,1,1228.0
864691135816693327,864691135294190518,1,976.0
864691135816693327,864691135511543561,1,8004.0
864691135816693327,864691135585875836,2,20004.0
864691135816693327,864691135654043586,1,1760.0
864691135816693327,864691135732210873,1,21744.0
864691135816693327,864691136109443000,1,2084.0
864691135816693327,864691136288737987,1,13448.0
864691135816693327,864691136991307157,1,4312.0
864691135817552463,864691135470700626,1,19164.0
864691135817552463,864691135495051152,1,15052.0
864691135817552463,864691135520041610,1,2952.0
864691135817552463,864691135779049056,1,696.0
864691135817552463,864691135861059176,1,8028.0
864691135817552463,864691136274035469,1,3132.0
864691135817552463,864691136288592323,1,5088.0
864691135817552463,864691136991202453,2,15492.0
864691135817862735,864691135280864417,1,16340.0
864691135817862735,864691135294476214,1,7772.0
864691135817862735,864691135349326551,1,13292.0
864691135817862735,864691135816693327,1,2864.0
864691135817862735,864691136120658712,1,4416.0
864691135817862735,864691136741531228,1,2416.0
864691135837783187,864691135082811639,1,22904.0
864691135837783187,864691135233964121,2,5616.0
864691135837783187,864691135274965477,1,18868.0
864691135837783187,864691135386087509,1,3668.0
864691135837783187,864691135491867999,1,4172.0
864691135837783187,864691136005821642,1,2600.0
864691135839150739,864691135214931072,1,13184.0
864691135839150739,864691135441917512,1,300.0
864691135839150739,864691135495051152,1,6720.0
864691135839150739,864691135560492001,1,12348.0
864691135839150739,864691135848916574,1,6204.0
864691135839150739,864691136124225830,1,6832.0
864691135839150739,864691136239108156,1,2624.0
864691135839150739,864691136926428234,1,2724.0
864691135841697251,864691135118527709,1,13460.0
864691135841697251,864691135397359137,1,3000.0
864691135841699299,864691135292824758,1,4084.0
864691135841699299,864691135342089649,1,20248.0
864691135841699299,864691135837796499,1,1628.0
864691135841757923,864691135416660154,1,9208.0
864691135841757923,864691135802015330,1,5076.0
864691135841757923,864691136266440948,1,380.0
864691135841940963,864691135208520569,1,3732.0
864691135842107363,864691134989290874,1,4692.0
864691135842107363,864691135455701354,1,2424.0
864691135842107363,864691136311742013,1,484.0
864691135842884579,864691135013387766,1,560.0
864691135842884579,864691135565747287,1,2748.0
864691135842884579,864691135686885856,1,27164.0
864691135842884579,864691135741421931,1,176.0
864691135843077603,864691135134091424,1,26212.0
864691135843077603,864691135195558698,1,1600.0
864691135843077603,864691135281097889,1,3024.0
864691135843077603,864691135383491034,1,732.0
864691135843077603,864691135698142618,1,500.0
864691135843077603,864691135717271834,1,30404.0
864691135843077603,864691135782237008,1,2608.0
864691135843077603,864691135817552463,1,7884.0
864691135843077603,864691135939322677,1,5204.0
864691135843077603,864691135977636675,1,4500.0
864691135843077603,864691136106323161,1,3568.0
864691135843077603,864691136741503324,1,7868.0
864691135843077603,864691136914414321,1,912.0
864691135848300126,864691136453121279,1,4404.0
864691135848916574,864691136195690984,1,9560.0
864691135850033758,864691135123043111,1,26404.0
864691135850033758,864691135123205927,1,2708.0
864691135850033758,864691135654692034,1,1088.0
864691135850033758,864691135688186080,1,15176.0
864691135850033758,864691135945468452,1,4964.0
864691135850033758,864691136925049316,1,13020.0
864691135851603655,864691135195558698,1,2052.0
864691135851603655,864691135470787666,1,196.0
864691135851603655,864691136675780743,1,736.0
864691135851603655,864691136923703780,1,2084.0
864691135855767342,864691135975456111,1,488.0
864691135856072494,864691136040153854,1,3480.0
864691135856683822,864691135987920387,1,260.0
864691135856753198,864691136009254318,1,2888.0
864691135856966190,864691135697586586,1,460.0
864691135857834542,864691135463681086,1,652.0
864691135857834542,864691135470700626,1,30764.0
864691135857834542,864691135726179135,1,2484.0
864691135859636840,864691136314391869,1,160.0
864691135859681896,864691135869526550,1,11140.0
864691135859700584,864691135491369959,1,12268.0
864691135859910760,864691134940504419,1,6356.0
864691135859910760,864691136310616410,1,20972.0
864691135860412776,864691135655168706,1,424.0
864691135860969064,864691134917980426,1,22552.0
864691135860969064,864691134940636259,1,11652.0
864691135860969064,864691134989865338,1,1304.0
864691135860969064,864691135012499702,2,28188.0
864691135860969064,864691135013532918,1,8288.0
864691135860969064,864691135118831325,1,4476.0
864691135860969064,864691135123043111,1,19088.0
864691135860969064,864691135273258257,1,1976.0
864691135860969064,864691135441630792,1,2700.0
864691135860969064,864691135491895399,1,13696.0
864691135860969064,864691135509788169,1,2996.0
864691135860969064,864691135510883081,1,5796.0
864691135860969064,864691135546254632,1,3760.0
864691135860969064,864691135566419991,1,6504.0
864691135860969064,864691135700682107,1,3932.0
864691135860969064,864691135774389755,1,12252.0
864691135860969064,864691135866603141,1,18048.0
864691135860969064,864691135874501774,2,2384.0
864691135860969064,864691135977458755,1,6172.0
864691135860969064,864691136091886516,1,972.0
864691135860969064,864691136106008281,1,3704.0
864691135860969064,864691136109443000,1,832.0
864691135860969064,864691136143876404,1,4656.0
864691135860969064,864691136194733800,1,10836.0
864691135860969064,864691136313050173,1,15340.0
864691135860969064,864691136379807445,1,16076.0
864691135860969064,864691136812192115,1,22900.0
864691135860969064,864691136906083250,1,5512.0
864691135860969064,864691136926312266,1,2188.0
864691135861059176,864691135774389755,1,3952.0
864691135861059176,864691135779049056,1,7424.0
864691135861069928,864691136109661368,1,1336.0
864691135861069928,864691137054807414,1,204.0
864691135864941694,864691135277506533,1,1404.0
864691135865245054,864691135066232644,1,14636.0
864691135865245054,864691135645401583,2,1968.0
864691135865245054,864691136052791027,1,3096.0
864691135865308542,864691135456466026,1,5056.0
864691135865308542,864691135939322677,1,576.0
864691135865308542,864691136274035469,1,56056.0
864691135865559004,864691135737661828,1,18304.0
864691135865629660,864691135546276904,1,3580.0
864691135865629660,864691136557075618,1,4328.0
864691135865822078,864691134918284042,1,5708.0
864691135865822078,864691135280864417,1,10592.0
864691135865822078,864691135356163279,1,7164.0
864691135865822078,864691135570156934,1,5088.0
864691135865822078,864691135731223737,1,3768.0
864691135865822078,864691135774389755,2,15608.0
864691135865822078,864691135779049056,1,11924.0
864691135865822078,864691135800896610,1,15084.0
864691135865822078,864691135995716010,1,1024.0
864691135865822078,864691136238372412,1,532.0
864691135865822078,864691136437334942,1,1036.0
864691135865839580,864691135394869237,1,2220.0
864691135865839580,864691135800896610,1,3080.0
864691135865839580,864691135947525985,1,25624.0
864691135865839580,864691136237472316,1,1048.0
864691135866030044,864691135273258257,1,12012.0
864691135866030044,864691135397781537,1,5028.0
864691135866030044,864691135566419991,1,1572.0
864691135866030044,864691135941264038,1,6240.0
864691135866030044,864691136237481999,2,31592.0
864691135866030044,864691136923834596,1,5388.0
864691135866142334,864691135576008222,1,2880.0
864691135866142334,864691136137411709,1,2440.0
864691135866142334,864691136391264383,1,192.0
864691135866142334,864691136926428234,1,2876.0
864691135866583685,864691136912866289,1,1648.0
864691135866603141,864691135104516941,2,21304.0
864691135866603141,864691135304485031,1,1904.0
864691135866603141,864691135464143934,2,31272.0
864691135866603141,864691135492216415,1,392.0
864691135866603141,864691135546276904,1,476.0
864691135866603141,864691135571815661,1,13064.0
864691135866603141,864691135777684320,1,14168.0
864691135866603141,864691135842107363,1,3384.0
864691135866603141,864691135867571478,1,25956.0
864691135866603141,864691136084626284,2,5964.0
864691135866603141,864691136085059180,1,7088.0
864691135866603141,864691136196377420,1,11940.0
864691135866603141,864691136333770675,1,14112.0
864691135866603141,864691136371580552,1,3660.0
864691135866603141,864691136437334942,1,2972.0
864691135866603141,864691136904238002,1,15068.0
864691135866905110,864691135565747287,1,5080.0
864691135866905110,864691135693750463,1,1464.0
864691135866905110,864691135756743634,1,23268.0
864691135866905110,864691135810492189,1,4236.0
864691135866905110,864691136966611918,1,4596.0
864691135867057174,864691135273258257,1,9860.0
864691135867057174,864691135582150509,2,8104.0
864691135867057174,864691135586077052,1,4652.0
864691135867057174,864691135645470959,1,17604.0
864691135867057174,864691135890608009,1,6004.0
864691135867057174,864691136620029581,1,16888.0
864691135867057174,864691136923754212,1,1228.0
864691135867370262,864691135383334106,1,7432.0
864691135867370262,864691136812736371,1,9924.0
864691135867616534,864691135293594892,2,36536.0
864691135867616534,864691135492438879,1,9220.0
864691135867616534,864691135658865026,1,3016.0
864691135867616534,864691135726325311,1,376.0
864691135867616534,864691135777517245,1,5380.0
864691135867616534,864691135919211696,1,8252.0
864691135867616534,864691136009495470,1,14184.0
864691135867616534,864691136422859823,1,5852.0
864691135867642134,864691135211107264,1,660.0
864691135867642134,864691135498548499,1,252.0
864691135867642134,864691135731129017,1,6720.0
864691135867642134,864691135926846478,2,6576.0
864691135867642134,864691136274982413,1,8648.0
864691135867966230,864691136092769460,1,14480.0
864691135868916246,864691135293594892,1,3860.0
864691135868916246,864691135472952114,2,42792.0
864691135868916246,864691135489512250,1,21796.0
864691135868916246,864691135512034000,1,8132.0
864691135868916246,864691135725145515,1,392.0
864691135868916246,864691135742895467,1,4324.0
864691135868916246,864691135865245054,1,1596.0
864691135868916246,864691135865480668,1,34348.0
864691135868916246,864691136020242680,1,15032.0
864691135868916246,864691136052791027,2,14812.0
864691135868916246,864691136362531554,1,30204.0
864691135868916246,864691136438717086,1,1724.0
864691135868919318,864691135156270948,1,8688.0
864691135868919318,864691135384353003,1,25236.0
864691135868919318,864691135568834796,1,1240.0
864691135868919318,864691135774389755,1,10940.0
864691135869369878,864691135611646215,1,18264.0
864691135869526550,864691135015224566,1,4760.0
864691135869526550,864691135545440808,1,704.0
864691135869526550,864691135655046594,1,14972.0
864691135869526550,864691135688249312,1,1880.0
864691135869526550,864691135874501774,1,4800.0
864691135869526550,864691136176411910,1,2644.0
864691135874038926,864691134948665340,2,12984.0
864691135874038926,864691134989865338,1,2312.0
864691135874038926,864691135013506294,1,7604.0
864691135874038926,864691135361024071,1,784.0
864691135874038926,864691135397136161,1,2644.0
864691135874038926,864691135404851182,1,2504.0
864691135874038926,864691135468787026,1,2892.0
864691135874038926,864691135591363339,1,7392.0
864691135874038926,864691135781887568,1,6600.0
864691135874038926,864691135811532492,1,1088.0
864691135874038926,864691135916541542,1,6184.0
864691135874038926,864691135927455700,1,3632.0
864691135874038926,864691135938534453,2,20516.0
864691135874038926,864691135947604772,1,2704.0
864691135874038926,864691135986907907,1,14324.0
864691135874038926,864691136008452268,1,5844.0
864691135874038926,864691136135667595,1,2612.0
864691135874038926,864691136310616410,3,45408.0
864691135874038926,864691136335289523,1,15580.0
864691135874038926,864691136912677873,2,30592.0
864691135874038926,864691137054683510,2,8300.0
864691135874519694,864691135741175915,1,3244.0
864691135874519694,864691136923742692,1,1524.0
864691135876931923,864691135065276996,1,3156.0
864691135876931923,864691136419115159,2,10652.0
864691135876931923,864691136423611951,3,24012.0
864691135876956499,864691135491207007,1,4612.0
864691135876956499,864691135502644317,1,22232.0
864691135876956499,864691135545137960,1,1272.0
864691135876956499,864691135616421225,2,15276.0
864691135876956499,864691135737641860,2,6836.0
864691135876956499,864691136274522893,1,5448.0
864691135876956499,864691136423695151,1,8304.0
864691135885007472,864691136238377788,1,1340.0
864691135885140848,864691135234046553,1,7708.0
864691135885140848,864691135578103301,1,10640.0
864691135885140848,864691135737334404,1,3224.0
864691135885140848,864691135754741453,1,216.0
864691135885140848,864691135777413728,1,2792.0
864691135885140848,864691135915943014,1,9268.0
864691135885140848,864691135926721806,1,2832.0
864691135885140848,864691135988018691,1,5920.0
864691135885140848,864691136175784966,1,43364.0
864691135885140848,864691136419115159,1,19520.0
864691135885652848,864691135012916118,2,2500.0
864691135885652848,864691135472952114,1,2852.0
864691135885652848,864691135655103682,1,4732.0
864691135885652848,864691135809355293,1,5516.0
864691135888505993,864691135134155168,1,296.0
864691135888505993,864691135134695328,3,11776.0
864691135888505993,864691135210671808,1,1956.0
864691135888505993,864691135257404079,3,10424.0
864691135888505993,864691135455123562,1,6100.0
864691135888505993,864691135492201823,2,4028.0
864691135888505993,864691135496333968,4,3556.0
864691135888505993,864691135570243974,2,7684.0
864691135888505993,864691135578103301,1,18016.0
864691135888505993,864691135737724292,3,9756.0
864691135888505993,864691135926721806,2,896.0
864691135888505993,864691136175784966,1,3852.0
864691135888505993,864691136452374271,1,6792.0
864691135888505993,864691136724880893,1,1984.0
864691135889558153,864691135416294074,1,5196.0
864691135889558153,864691135565518167,1,4484.0
864691135890037385,864691135066003268,3,12012.0
864691135890037385,864691135270418085,2,22224.0
864691135890037385,864691135367723513,1,17884.0
864691135890037385,864691135464143934,1,3456.0
864691135890037385,864691135489182266,1,4336.0
864691135890037385,864691135777451360,1,1816.0
864691135890037385,864691135777684320,1,9356.0
864691135890037385,864691136196377420,1,260.0
864691135890037385,864691136266440948,2,5120.0
864691135890037385,864691136912527089,2,6628.0
864691135890229129,864691135134091424,1,18360.0
864691135890229129,864691135195558698,1,1184.0
864691135890229129,864691135447857298,1,4884.0
864691135890229129,864691135509788169,1,9588.0
864691135890229129,864691135511220745,1,5276.0
864691135890229129,864691135566342679,1,12240.0
864691135890229129,864691135741421931,1,7096.0
864691135890229129,864691135755751885,1,6120.0
864691135890229129,864691135762956598,1,1356.0
864691135890229129,864691135800569186,1,20684.0
864691135890229129,864691135851603655,1,1488.0
864691135890229129,864691135874469006,1,13912.0
864691135890229129,864691136135728779,1,5388.0
864691135890229129,864691136314441789,1,1884.0
864691135890229129,864691136741531228,1,8812.0
864691135890229129,864691136923834596,1,22804.0
864691135890229129,864691137199038273,1,6704.0
864691135890229129,864691137199871553,1,2832.0
864691135890608009,864691135163103533,1,976.0
864691135890608009,864691135374212552,1,3188.0
864691135890608009,864691136311439962,1,7248.0
864691135910785193,864691134917977610,1,1796.0
864691135910785193,864691135013599382,1,4852.0
864691135910785193,864691135081649143,1,1212.0
864691135910785193,864691135341401285,1,27960.0
864691135910785193,864691135355998671,1,3576.0
864691135910785193,864691135404851182,1,1692.0
864691135910785193,864691135455053162,2,14004.0
864691135910785193,864691135476471720,1,17088.0
864691135910785193,864691135546276904,1,3464.0
864691135910785193,864691135572151589,1,9868.0
864691135910785193,864691135940945153,1,23516.0
864691135910785193,864691136135667595,1,6244.0
864691135910785193,864691136912866289,1,17804.0
864691135910785193,864691136923742692,1,3596.0
864691135910785193,864691136990302357,1,7204.0
864691135911276969,864691135359812952,2,6072.0
864691135911276969,864691135492438879,2,19444.0
864691135911276969,864691135719641393,1,7680.0
864691135911276969,864691135720638769,1,1120.0
864691135911276969,864691135741175915,3,45536.0
864691135911276969,864691136108938168,1,5692.0
864691135911276969,864691136110005176,1,9748.0
864691135911276969,864691136297315099,1,3660.0
864691135911276969,864691136389302135,1,2960.0
864691135911276969,864691136557075618,1,1948.0
864691135911505833,864691135865480668,1,8652.0
864691135915709030,864691135304186791,2,30920.0
864691135915709030,864691135566155351,1,18516.0
864691135915709030,864691135778084285,1,40040.0
864691135915709030,864691135972219338,1,2544.0
864691135915709030,864691135976518467,1,1488.0
864691135916541542,864691135013532918,1,13520.0
864691135916541542,864691135779049056,1,6412.0
864691135916541542,864691135861059176,1,2148.0
864691135916541542,864691136195031510,1,3712.0
864691135916541542,864691136288592323,1,1184.0
864691135916541542,864691136814419571,1,26520.0
864691135916541542,864691136927578954,1,2576.0
864691135917122662,864691135013387766,2,27368.0
864691135917122662,864691135292824758,1,3844.0
864691135917122662,864691135295295500,1,21888.0
864691135917122662,864691135397212449,1,8296.0
864691135917122662,864691135397535009,1,9100.0
864691135917122662,864691135429471280,1,19408.0
864691135917122662,864691135509643017,1,3852.0
864691135917122662,864691135517952906,1,2116.0
864691135917122662,864691135576008222,2,8296.0
864691135917122662,864691135619348111,1,7092.0
864691135917122662,864691135719395377,1,10580.0
864691135917122662,864691135772732411,1,2188.0
864691135917122662,864691135778917821,1,1124.0
864691135917122662,864691135839150739,1,488.0
864691135917122662,864691135842884579,1,10164.0
864691135917122662,864691135856296238,2,11508.0
864691135917122662,864691135866142334,1,13052.0
864691135917122662,864691135885433200,1,10584.0
864691135917122662,864691135939322677,1,296.0
864691135917122662,864691136194925270,1,236.0
864691135917122662,864691136297668379,1,3188.0
864691135917122662,864691136390788215,1,14820.0
864691135917122662,864691136391264383,2,2712.0
864691135917122662,864691136601595857,1,1572.0
864691135917122662,864691136913401841,1,19884.0
864691135917122662,864691136923834596,1,20696.0
864691135917122662,864691136926428234,1,19720.0
864691135917380710,864691135280864417,1,164.0
864691135917380710,864691135817862735,1,2316.0
864691135918884272,864691135639884347,1,1120.0
864691135919161008,864691135947597409,1,1792.0
864691135919161008,864691136487546642,1,4780.0
864691135919211696,864691135213717120,1,10120.0
864691135919211696,864691135778084285,1,23888.0
864691135919211696,864691135952500771,1,13744.0
864691135919392944,864691135997042858,1,1112.0
864691135919409328,864691135182508802,1,1128.0
864691135919409328,864691135455053162,1,4016.0
864691135919409328,864691135777684320,1,324.0
864691135919409328,864691135926601998,1,2808.0
864691135919409328,864691135952487459,1,1632.0
864691135919977904,864691135940146598,1,4380.0
864691135919977904,864691136032774075,1,2368.0
864691135919977904,864691136288592323,1,264.0
864691135926593294,864691135885007472,2,30584.0
864691135926593294,864691136024395321,1,10356.0
864691135926593294,864691136379807445,1,776.0
864691135926601998,864691136065296792,1,4232.0
864691135926721806,864691135162908461,1,21256.0
864691135926721806,864691135234046553,1,16248.0
864691135926721806,864691135446543762,1,5108.0
864691135926721806,864691135565447959,1,16760.0
864691135926721806,864691135738382212,3,56156.0
864691135926721806,864691136124593702,1,8156.0
864691135926846478,864691135915709030,1,4192.0
864691135927455700,864691135585101944,1,15440.0
864691135927455700,864691136025407033,1,1612.0
864691135928156372,864691136032232379,1,2760.0
864691135928156372,864691136116854948,1,728.0
864691135938534453,864691135083245559,1,3872.0
864691135938534453,864691135341401285,1,2760.0
864691135938534453,864691135977458755,1,4048.0
864691135939322677,864691135012916118,1,22780.0
864691135939322677,864691135156270948,3,57928.0
864691135939322677,864691135293449398,1,2556.0
864691135939322677,864691135374498633,1,2316.0
864691135939322677,864691135395987701,1,6388.0
864691135939322677,864691135472952114,1,1708.0
864691135939322677,864691135502644317,2,39336.0
864691135939322677,864691135516483795,1,920.0
864691135939322677,864691135615114443,1,1252.0
864691135939322677,864691135885652848,1,1072.0
864691135939322677,864691135995361194,2,23300.0
864691135939322677,864691136324904087,1,628.0
864691135939814822,864691136297777947,1,2280.0
864691135940062209,864691136101017973,2,14520.0
864691135940146598,864691136926428234,1,620.0
864691135940269313,864691135470728786,1,176.0
864691135940406273,864691134918370826,1,15988.0
864691135940406273,864691135123205927,1,8528.0
864691135940406273,864691135584623736,1,20700.0
864691135940600742,864691135772836603,1,17956.0
864691135940600742,864691135777451360,1,11660.0
864691135940600742,864691135861059176,1,2600.0
864691135940600742,864691135865629660,1,3088.0
864691135940600742,864691136522623377,1,34664.0
864691135940623526,864691135717457946,1,13040.0
864691135940623526,864691136010247596,1,5912.0
864691135940623526,864691136020919032,1,5560.0
864691135940623526,864691136041941846,1,24544.0
864691135940623526,864691136210345404,1,14356.0
864691135940629414,864691135584663928,1,44664.0
864691135940833958,864691135293048246,1,3936.0
864691135940833958,864691135876931923,1,17108.0
864691135940945153,864691135565539863,1,488.0
864691135940945153,864691136974910236,1,2232.0
864691135941264038,864691135511543561,1,4432.0
864691135941264038,864691135585875836,1,7108.0
864691135941264038,864691135697586586,1,2688.0
864691135941264038,864691135915943014,1,3372.0
864691135941264038,864691135947525985,1,4244.0
864691135941264038,864691136266440948,1,21748.0
864691135941629441,864691136109748664,1,640.0
864691135941699700,864691135387690069,1,344.0
864691135941699700,864691135572530981,1,1284.0
864691135941847553,864691135737661828,1,13280.0
864691135941858164,864691135498826771,1,6208.0
864691135941858164,864691135610489863,1,4852.0
864691135942004993,864691134887526650,1,5392.0
864691135942004993,864691135123043111,1,4228.0
864691135942158452,864691135272206865,1,3544.0
864691135942158452,864691135367723513,1,30372.0
864691135942158452,864691135455053162,1,3996.0
864691135942158452,864691135503979842,1,836.0
864691135942158452,864691135565518167,1,22880.0
864691135942158452,864691135655141058,1,12048.0
864691135942158452,864691135777684320,1,1628.0
864691135942158452,864691135919409328,1,4928.0
864691135942158452,864691136136073867,1,2060.0
864691135942158452,864691136273462206,1,2248.0
864691135942158452,864691136329390058,1,1800.0
864691135942396020,864691135338692070,1,22928.0
864691135942396020,864691135610310151,1,4536.0
864691135942396020,864691136452374271,1,10972.0
864691135942396020,864691136926434378,2,24328.0
864691135943147380,864691135279603617,1,4036.0
864691135943147380,864691135516483795,1,832.0
864691135943147380,864691135540508018,1,240.0
864691135943147380,864691135719395121,1,9916.0
864691135943147380,864691135779049056,1,1284.0
864691135943147380,864691135940146598,1,6740.0
864691135943147380,864691136775479918,1,10856.0
864691135943544436,864691135195337002,1,3256.0
864691135945468452,864691136238372412,1,384.0
864691135945468452,864691136379807445,1,8752.0
864691135946339876,864691135182658818,1,476.0
864691135946339876,864691135234068313,1,8176.0
864691135946339876,864691135270404517,1,12396.0
864691135946339876,864691135307796806,1,1536.0
864691135946339876,864691135408801225,1,4916.0
864691135946339876,864691135472970034,1,15352.0
864691135946339876,864691135492438879,1,13220.0
864691135946339876,864691135618877839,1,6480.0
864691135946339876,864691135940945153,1,12856.0
864691135946339876,864691135988025347,1,5972.0
864691135946339876,864691136008919214,1,12256.0
864691135946339876,864691136009495470,1,23928.0
864691135946339876,864691136040153854,1,6684.0
864691135946339876,864691136422859823,1,19508.0
864691135946339876,864691137054807414,1,18840.0
864691135946646113,864691135104516941,1,5124.0
864691135946646113,864691135394869237,1,5252.0
864691135946646113,864691135469024338,3,39688.0
864691135946646113,864691136108479705,1,3856.0
864691135946646113,864691136266440948,1,13560.0
864691135947166305,864691136578060820,1,232.0
864691135947525985,864691135118527709,2,19160.0
864691135947525985,864691135213714560,1,15836.0
864691135947525985,864691135356163279,1,8540.0
864691135947525985,864691135841757923,1,10020.0
864691135947525985,864691135968897381,1,23928.0
864691135947525985,864691136238372412,1,28052.0
864691135947597409,864691135114974361,1,6580.0
864691135947597409,864691135346786719,1,2752.0
864691135947597409,864691135476852392,1,956.0
864691135947597409,864691135615181003,1,268.0
864691135947597409,864691135658297986,2,6164.0
864691135947597409,864691135719185713,2,12508.0
864691135947597409,864691135781368656,1,1700.0
864691135947597409,864691135994112961,1,1356.0
864691135947597409,864691136119177752,1,19248.0
864691135947597409,864691136137542013,1,5212.0
864691135947597409,864691136143876404,1,384.0
864691135947597409,864691136195574760,2,26596.0
864691135947597409,864691136379209429,1,2948.0
864691135947597409,864691136487546642,1,16936.0
864691135947597409,864691136673511303,1,1748.0
864691135947597409,864691136683855990,1,15164.0
864691135947597409,864691136914332913,1,4640.0
864691135947604772,864691135013421302,1,7600.0
864691135947604772,864691135212424384,1,2992.0
864691135947604772,864691135570156934,1,5492.0
864691135947604772,864691135594468395,1,1328.0
864691135947604772,864691135917380710,1,6896.0
864691135947604772,864691135917432166,1,984.0
864691135947604772,864691136287554499,1,31364.0
864691135947907876,864691135498826771,2,26292.0
864691135947907876,864691135943147380,1,1664.0
864691135947907876,864691136392754047,1,260.0
864691135947907876,864691136578060820,1,164.0
864691135948237921,864691135477298240,1,1944.0
864691135948237921,864691136032337595,1,4460.0
864691135948237921,864691136108715960,1,3504.0
864691135948237921,864691136117423524,1,3456.0
864691135952315939,864691135360132423,2,33312.0
864691135952315939,864691135618877839,1,23588.0
864691135952315939,864691135700148002,1,23612.0
864691135952315939,864691136005821642,1,3312.0
864691135952487459,864691137197751617,1,4428.0
864691135952500771,864691136274783245,1,1064.0
864691135953844003,864691135273258257,1,36904.0
864691135953844003,864691135565468951,1,19144.0
864691135953844003,864691135927185876,1,8184.0
864691135953844003,864691135940406273,1,12432.0
864691135953844003,864691136923754212,1,1632.0
864691135953985800,864691135082286839,1,30680.0
864691135953985800,864691135272821009,1,13024.0
864691135953985800,864691135469089362,1,7848.0
864691135953985800,864691135502522178,1,9940.0
864691135953985800,864691135655141058,1,1060.0
864691135953985800,864691135726179135,1,8320.0
864691135953985800,864691135839929235,1,7928.0
864691135953985800,864691135942798452,1,476.0
864691135954520611,864691135861059176,1,5684.0
864691135954520611,864691135942798452,1,3344.0
864691135954520611,864691135947166305,1,252.0
864691135954929416,864691135135669529,1,1840.0
864691135954929416,864691135720038961,1,4728.0
864691135954929416,864691135807340829,3,27224.0
864691135954929416,864691135927185876,1,3672.0
864691135954929416,864691135977134403,1,716.0
864691135954929416,864691136673511303,1,1080.0
864691135968897381,864691135066003268,1,1380.0
864691135968897381,864691135123341607,1,4372.0
864691135968897381,864691135210855872,1,2592.0
864691135968897381,864691135586077052,1,16764.0
864691135968897381,864691135762589238,1,4132.0
864691135968897381,864691135778000317,1,8724.0
864691135968897381,864691135778046909,1,6624.0
864691135968897381,864691135890608009,1,1100.0
864691135968897381,864691135919392944,1,9428.0
864691135968897381,864691136176339718,1,5964.0
864691135968897381,864691136311439962,1,1140.0
864691135969505637,864691135335385065,1,2488.0
864691135969505637,864691135655046594,1,3784.0
864691135970053989,864691135210855872,1,408.0
864691135970062693,864691135800569186,1,4448.0
864691135972219338,864691135430204720,1,208.0
864691135974843759,864691135374474313,1,892.0
864691135974843759,864691135395447029,1,1568.0
864691135974843759,864691135491369959,1,2684.0
864691135975456111,864691135118502877,1,3228.0
864691135975456111,864691135476110504,1,18276.0
864691135975456111,864691135715889690,1,10620.0
864691135975456111,864691135742123412,1,2328.0
864691135975613295,864691135134921888,1,1160.0
864691135975613295,864691135214931072,1,12236.0
864691135975613295,864691135441917512,1,21420.0
864691135975613295,864691135568834796,1,3532.0
864691135975613295,864691135777507168,1,3696.0
864691135975613295,864691136108329689,1,1460.0
864691135975613295,864691136210453436,1,19480.0
864691135975613295,864691136391314047,1,5444.0
864691135976518467,864691135341766065,3,46284.0
864691135976518467,864691135618458217,1,1768.0
864691135976518467,864691135645538543,1,3540.0
864691135976518467,864691135658414210,1,4736.0
864691135976518467,864691135724803755,1,28492.0
864691135976518467,864691135807340829,1,1564.0
864691135976518467,864691135807342621,1,10004.0
864691135976518467,864691135890037385,1,3936.0
864691135976518467,864691135915709030,1,12724.0
864691135976518467,864691135940062209,1,2336.0
864691135976518467,864691135942158452,1,34368.0
864691135976518467,864691136085059180,1,14688.0
864691135976518467,864691136085320300,1,9736.0
864691135976518467,864691136238372412,1,2980.0
864691135976624451,864691135463505821,1,3176.0
864691135976624451,864691135719395121,1,700.0
864691135976624451,864691135917380710,1,2148.0
864691135976624451,864691136043384406,1,12848.0
864691135976624451,864691136287554499,1,2348.0
864691135977134403,864691135122458151,1,2328.0
864691135977134403,864691135572001061,1,4728.0
864691135977134403,864691135655152834,1,4776.0
864691135977134403,864691136194733800,1,3768.0
864691135977134403,864691136673511303,1,13632.0
864691135977636675,864691135113715353,1,5824.0
864691135977636675,864691135277506533,1,26804.0
864691135977636675,864691135355913679,1,172.0
864691135977636675,864691135374121545,1,16044.0
864691135977636675,864691135384353003,1,6496.0
864691135977636675,864691135468467852,1,27096.0
864691135977636675,864691135645401583,1,4672.0
864691135977636675,864691135861059176,2,16832.0
864691135977636675,864691136009349804,1,9592.0
864691135977636675,864691136120754200,1,2020.0
864691135977636675,864691136391096191,1,21696.0
864691135977636675,864691136975076636,1,7540.0
864691135977636675,864691136991502997,1,6872.0
864691135987843843,864691135544378664,1,45880.0
864691135987843843,864691135876942163,1,2556.0
864691135987843843,864691135927185876,1,3168.0
864691135987843843,864691136329390058,1,33284.0
864691135987888643,864691135645470959,1,620.0
864691135987920387,864691134965345055,1,4524.0
864691135987920387,864691135307460422,1,19860.0
864691135987920387,864691135816436047,1,18416.0
864691135987920387,864691135876931923,1,7524.0
864691135987920387,864691135926846478,1,29292.0
864691135988018691,864691135119053789,1,13012.0
864691135988018691,864691135490213946,1,3080.0
864691135988018691,864691135511543561,1,15596.0
864691135988018691,864691135538399602,1,9896.0
864691135988018691,864691135545440808,1,1588.0
864691135988018691,864691135566168599,1,1912.0
864691135988018691,864691135579303685,2,2096.0
864691135988018691,864691135658414210,1,14196.0
864691135988018691,864691135688186080,1,3232.0
864691135988018691,864691135720038961,1,8068.0
864691135988018691,864691135915943014,1,4356.0
864691135988025347,864691135082573559,1,20980.0
864691135988025347,864691135889558153,1,27732.0
864691135988025347,864691135952487459,1,12676.0
864691135988025347,864691136066231960,1,5156.0
864691135989817088,864691134941328739,1,13556.0
864691135989817088,864691135133383840,1,3712.0
864691135989817088,864691135234068313,1,4120.0
864691135989817088,864691135304660135,1,628.0
864691135989817088,864691135374144841,1,16036.0
864691135989817088,864691135491895399,1,2976.0
864691135989817088,864691135492438879,1,9548.0
864691135989817088,864691135565539863,1,6580.0
864691135989817088,864691135568826604,1,11252.0
864691135989817088,864691135586414716,2,3952.0
864691135989817088,864691135685003703,2,30152.0
864691135989817088,864691135754741453,1,15012.0
864691135989817088,864691135777451360,1,2956.0
864691135989817088,864691135838036627,1,14496.0
864691135989817088,864691135884302192,1,10964.0
864691135989817088,864691135926721806,1,532.0
864691135989817088,864691135952500771,1,19320.0
864691135989817088,864691136005890250,1,432.0
864691135989817088,864691136065296792,1,23288.0
864691135989817088,864691136390184311,1,1212.0
864691135989817088,864691136663396574,1,18060.0
864691135989817088,864691136724880893,1,31256.0
864691135990911488,864691135719395121,1,5312.0
864691135992010945,864691135583126893,1,19228.0
864691135992010945,864691135946646113,1,5276.0
864691135992010945,864691137197722689,1,21784.0
864691135992497089,864691135133383840,1,4028.0
864691135992497089,864691135183025410,1,228.0
864691135992497089,864691135700409211,1,1428.0
864691135992497089,864691135808579869,1,1316.0
864691135995361194,864691135470700626,1,12548.0
864691135995361194,864691135808286237,1,15532.0
864691135995361194,864691135885652848,1,5844.0
864691135995716010,864691135397781537,1,1548.0
864691135995716010,864691136438717086,1,2876.0
864691135997042858,864691135917380710,1,3456.0
864691136005335498,864691135517531786,1,23844.0
864691136005335498,864691136619882637,1,432.0
864691136005335498,864691136724880893,1,3272.0
864691136005640906,864691135480031430,1,13820.0
864691136005890250,864691135816436047,1,6316.0
864691136005890250,864691136419115159,1,6716.0
864691136008452268,864691135013506294,1,7880.0
864691136008452268,864691135013532918,1,180.0
864691136008452268,864691135118759901,1,1828.0
864691136008452268,864691135518159498,1,3636.0
864691136008919214,864691135182359554,1,12824.0
864691136008919214,864691135359812952,1,5204.0
864691136008919214,864691135367723513,1,6104.0
864691136008919214,864691135407563209,1,4792.0
864691136008919214,864691135490983911,1,35420.0
864691136008919214,864691135759554382,1,3136.0
864691136008919214,864691135778084285,1,4256.0
864691136008919214,864691136724803581,1,10408.0
864691136009073582,864691135213932160,1,404.0
864691136009073582,864691135590909963,1,9280.0
864691136009073582,864691135808286237,1,4388.0
864691136009073582,864691136288592323,1,908.0
864691136009241262,864691135359812952,1,4780.0
864691136009241262,864691136011431075,1,8704.0
864691136009241262,864691136723379709,1,4316.0
864691136009349804,864691135442668872,1,232.0
864691136009349804,864691135511519440,1,212.0
864691136009349804,864691135779049056,1,12032.0
864691136009349804,864691135861059176,2,12484.0
864691136009349804,864691135940146598,1,19708.0
864691136009461422,864691136913075953,2,6700.0
864691136009495470,864691136109661368,1,3424.0
864691136009511596,864691135777413728,1,224.0
864691136009511596,864691135782615632,1,1268.0
864691136009511596,864691135992497089,1,2052.0
864691136009511596,864691136109661368,1,13792.0
864691136009511596,864691136811814771,1,3696.0
864691136009511596,864691136991307157,1,15628.0
864691136009822892,864691134917980426,1,192.0
864691136009822892,864691135100918816,1,4680.0
864691136009822892,864691136923754212,1,1588.0
864691136009905070,864691135584480888,1,1668.0
864691136009905070,864691135698203925,2,5908.0
864691136009905070,864691136092769460,1,4244.0
864691136010247596,864691135274405905,1,1724.0
864691136010247596,864691135397213473,1,6716.0
864691136010247596,864691135397781537,1,4084.0
864691136010247596,864691135447857298,1,2820.0
864691136010247596,864691135504203357,1,1640.0
864691136010247596,864691135852060871,1,2584.0
864691136010247596,864691136335121331,2,13152.0
864691136010247596,864691136438717086,1,1292.0
864691136010247596,864691137199871553,1,3868.0
864691136010830510,864691135726062251,1,2284.0
864691136011431075,864691135700409211,1,29332.0
864691136011431075,864691135777319341,1,20316.0
864691136011919011,864691134941481315,1,14392.0
864691136011919011,864691135100918816,1,6076.0
864691136011919011,864691135212424384,2,30540.0
864691136011919011,864691135355998671,1,26856.0
864691136011969187,864691135308196934,1,904.0
864691136011969187,864691135498826771,3,19988.0
864691136011969187,864691135570156934,3,11772.0
864691136011969187,864691135743102827,1,58604.0
864691136011969187,864691136101499765,2,36744.0
864691136011969187,864691136287554499,2,17080.0
864691136011969187,864691136914414321,1,600.0
864691136013489827,864691136619435661,1,3040.0
864691136020242680,864691134941228131,1,376.0
864691136020242680,864691135468787026,1,5764.0
864691136021299448,864691135156270948,10,36348.0
864691136021299448,864691135293449398,1,880.0
864691136021299448,864691135294507190,1,776.0
864691136021299448,864691135374498633,1,38284.0
864691136021299448,864691135464476741,2,4700.0
864691136021299448,864691135472952114,1,22788.0
864691136021299448,864691135502644317,4,9452.0
864691136021299448,864691135809355293,1,5708.0
864691136021299448,864691135885652848,3,18840.0
864691136021299448,864691136391314047,1,17540.0
864691136021364728,864691135890037385,1,1764.0
864691136021841400,864691135346616479,1,4964.0
864691136021841400,864691135546254632,1,26536.0
864691136021841400,864691135817862735,1,2880.0
864691136021841400,864691135859910760,1,6748.0
864691136021841400,864691136024237881,2,13024.0
864691136021841400,864691136237481999,1,10588.0
864691136021841400,864691136335289523,1,26212.0
864691136021841400,864691136912677873,1,14944.0
864691136021902840,864691135946646113,1,2644.0
864691136024237881,864691134940504419,2,26100.0
864691136024237881,864691135014728182,1,3188.0
864691136024237881,864691135294356918,1,2264.0
864691136024237881,864691135579303685,1,1860.0
864691136024237881,864691135699607829,1,6432.0
864691136024237881,864691135731223737,1,4496.0
864691136024237881,864691135760391502,1,776.0
864691136024237881,864691135781887568,1,20268.0
864691136024237881,864691135917432166,1,9000.0
864691136024237881,864691136287554499,2,6372.0
864691136024237881,864691136952404959,1,3464.0
864691136025407033,864691135339496422,1,13188.0
864691136025407033,864691135349291991,1,8464.0
864691136025407033,864691135355998671,1,2504.0
864691136025407033,864691135407563209,1,9084.0
864691136025407033,864691135760391502,1,2880.0
864691136025407033,864691135945468452,1,14392.0
864691136025407033,864691136136073867,2,24480.0
864691136031893691,864691134918370826,1,7660.0
864691136031893691,864691135123043111,1,308.0
864691136031893691,864691135517647827,1,572.0
864691136031893691,864691135545464104,1,184.0
864691136031893691,864691135738435441,1,10644.0
864691136031893691,864691135807342621,1,13192.0
864691136031893691,864691135945468452,1,296.0
864691136031893691,864691136084626284,1,3620.0
864691136031893691,864691136091886516,1,6372.0
864691136031893691,864691136333770675,1,304.0
864691136031893691,864691136371580552,2,15464.0
864691136031893691,864691136618181339,1,2548.0
864691136032337595,864691135502284381,1,5692.0
864691136032431803,864691135989817088,1,3572.0
864691136032431803,864691136011431075,1,4488.0
864691136032561083,864691136814569075,1,4704.0
864691136039712510,864691135544378664,1,3624.0
864691136040052222,864691135470728786,1,7852.0
864691136040052222,864691135566519639,1,1540.0
864691136040153854,864691135182508802,1,3564.0
864691136040153854,864691135572151589,1,2712.0
864691136040153854,864691136238377788,1,22520.0
864691136040339198,864691136227884369,1,5808.0
864691136040339198,864691136724607229,1,2788.0
864691136040495614,864691134940504419,1,11808.0
864691136040892158,864691135059450779,1,2504.0
864691136040892158,864691135100918816,2,55940.0
864691136040892158,864691135213268608,1,19340.0
864691136040892158,864691135233964121,1,5912.0
864691136040892158,864691135345986719,1,13036.0
864691136040892158,864691135383815147,1,1588.0
864691136040892158,864691135546276904,1,1564.0
864691136040892158,864691136031893691,1,1416.0
864691136040892158,864691136137658493,1,2448.0
864691136040892158,864691136238377788,1,28728.0
864691136040892158,864691136926422602,1,12072.0
864691136040892158,864691137197964097,1,5360.0
864691136041512790,864691135367723513,1,9884.0
864691136041512790,864691135492438879,1,2636.0
864691136041512790,864691136389302135,1,348.0
864691136041512790,864691136557075618,1,732.0
864691136041512790,864691136912125681,1,2444.0
864691136041672534,864691135307460422,1,512.0
864691136041672534,864691136009241262,1,11572.0
864691136041672534,864691136195114828,1,3172.0
864691136041941846,864691135462783806,1,18268.0
864691136041941846,864691135719395121,1,26832.0
864691136041941846,864691135777413728,1,4024.0
864691136041941846,864691135838036627,1,13760.0
864691136041941846,864691135940945153,1,2676.0
864691136041941846,864691136288592323,1,6840.0
864691136041941846,864691136370815368,1,18768.0
864691136041941846,864691136379970005,1,7856.0
864691136043384406,864691135570156934,1,2672.0
864691136052151283,864691135257507247,1,7092.0
864691136052151283,864691135397781537,1,1688.0
864691136052791027,864691135083969527,1,19392.0
864691136052791027,864691135105524813,2,31620.0
864691136052791027,864691135210016121,1,3988.0
864691136052791027,864691135418018746,1,7684.0
864691136052791027,864691135470728786,1,1480.0
864691136052791027,864691135645401583,1,10084.0
864691136052791027,864691135741340779,1,1252.0
864691136052791027,864691135778931296,1,2156.0
864691136052791027,864691135782237008,1,10436.0
864691136052791027,864691135917380710,1,2164.0
864691136052791027,864691136274035469,2,12648.0
864691136057019096,864691136137411709,1,4428.0
864691136057019096,864691136195116876,1,2284.0
864691136057177560,864691135565539863,1,7308.0
864691136057353432,864691135782938163,1,13848.0
864691136057353432,864691136423611951,1,2136.0
864691136057353432,864691136966457806,1,4600.0
864691136065296792,864691135081649143,1,5480.0
864691136065296792,864691135304186791,2,34088.0
864691136065296792,864691135408801225,1,11364.0
864691136065296792,864691135889558153,1,6712.0
864691136065296792,864691135940945153,1,11492.0
864691136065296792,864691136137658493,1,21728.0
864691136066231960,864691135355708623,1,6180.0
864691136066231960,864691135367723513,1,14020.0
864691136066231960,864691135492216415,1,8252.0
864691136066231960,864691135684334578,1,6852.0
864691136066231960,864691136878498158,1,3468.0
864691136066690456,864691135568826604,1,588.0
864691136066690456,864691135719641393,1,848.0
864691136066746264,864691135546001860,1,948.0
864691136066746264,864691135572001061,1,3408.0
864691136066746264,864691135697586586,2,4352.0
864691136066746264,864691135719432241,1,3560.0
864691136066746264,864691136032561083,1,4480.0
864691136066746264,864691136090181175,1,448.0
864691136066746264,864691136137542013,1,884.0
864691136066746264,864691136194961896,1,10708.0
864691136066746264,864691136314441789,1,2208.0
864691136067612824,864691135118759901,1,7864.0
864691136067612824,864691135273258257,4,60476.0
864691136067612824,864691135387545473,2,51100.0
864691136067612824,864691135456006762,1,7848.0
864691136067612824,864691135545440808,1,15580.0
864691136067612824,864691135568283116,1,17336.0
864691136067612824,864691135582150509,1,14876.0
864691136067612824,864691135689457632,1,26396.0
864691136067612824,864691135693706687,1,11832.0
864691136067612824,864691135700682107,1,12272.0
864691136067612824,864691135701207163,1,3952.0
864691136067612824,864691135760391502,1,13840.0
864691136067612824,864691135772430155,1,9880.0
864691136067612824,864691135781532752,3,37984.0
864691136067612824,864691135781887568,1,1980.0
864691136067612824,864691135938534453,1,12188.0
864691136067612824,864691135941264038,1,4512.0
864691136067612824,864691136024237881,1,3316.0
864691136067612824,864691136109443000,2,444.0
864691136067612824,864691136119177752,1,4744.0
864691136067612824,864691136136073867,1,19960.0
864691136067612824,864691136451377407,2,39316.0
864691136067612824,864691136618130907,1,15028.0
864691136067784600,864691135455701354,1,2320.0
864691136067784600,864691135572282917,2,4756.0
864691136067784600,864691135786211268,2,9428.0
864691136067784600,864691135865559004,1,432.0
864691136067784600,864691135969505637,1,9304.0
864691136067784600,864691135987843843,1,17804.0
864691136067784600,864691136032232379,1,624.0
864691136067784600,864691136926312266,1,2948.0
864691136084626284,864691135100918816,2,3452.0
864691136084626284,864691135397359137,1,180.0
864691136084626284,864691135565518167,1,30788.0
864691136084626284,864691135777451360,1,5248.0
864691136084626284,864691135777684320,1,2196.0
864691136084626284,864691135781887568,1,4032.0
864691136084973676,864691135658414210,1,3868.0
864691136084973676,864691135915709030,1,1760.0
864691136085059180,864691134917980426,2,11800.0
864691136085059180,864691135586077052,1,2272.0
864691136085059180,864691135781887568,1,968.0
864691136085059180,864691136009822892,1,4156.0
864691136085059180,864691136106008281,1,13288.0
864691136085059180,864691136109443000,1,14088.0
864691136085059180,864691136210062012,1,8080.0
864691136085059180,864691136313050173,1,13052.0
864691136085059180,864691136390184311,1,2216.0
864691136085059180,864691136912677873,1,14728.0
864691136085059180,864691136991502997,1,304.0
864691136085320300,864691135104516941,1,3720.0
864691136085320300,864691137197537601,1,12296.0
864691136089194039,864691135082573559,1,10188.0
864691136089194039,864691135394869237,1,2012.0
864691136089194039,864691135477298240,1,6920.0
864691136089194039,864691135511543561,2,4992.0
864691136089194039,864691136522623377,1,10592.0
864691136090113591,864691135082723063,1,12340.0
864691136090113591,864691135155548260,1,2012.0
864691136090113591,864691135210662592,1,14056.0
864691136090113591,864691135724803755,1,6776.0
864691136090113591,864691135926601998,1,18228.0
864691136090113591,864691136084074092,1,10432.0
864691136090113591,864691136287519939,1,3192.0
864691136090113591,864691137019563886,1,5192.0
864691136090181175,864691135988018691,1,3640.0
864691136090181175,864691136683855990,1,13156.0
864691136091526836,864691134919213834,1,2644.0
864691136091526836,864691135082286839,1,5952.0
864691136091526836,864691135335163369,1,7592.0
864691136091526836,864691135470700626,2,41612.0
864691136091526836,864691135570219244,1,8488.0
864691136091526836,864691135773262587,1,14120.0
864691136091526836,864691135778467517,1,28144.0
864691136091526836,864691135865245054,2,19760.0
864691136091526836,864691135865480668,1,5372.0
864691136091526836,864691136009073582,1,1928.0
864691136091526836,864691136274035469,1,23244.0
864691136091526836,864691136362531554,1,1952.0
864691136091526836,864691136437135006,2,9412.0
864691136091534772,864691136904238002,1,2244.0
864691136091850164,864691134918384906,1,9736.0
864691136093202356,864691134887418874,1,4412.0
864691136093202356,864691135325437084,1,6228.0
864691136093202356,864691135478316200,1,17256.0
864691136093202356,864691135977134403,1,5736.0
864691136093202356,864691136119592472,1,2340.0
864691136093202356,864691136420303511,1,2020.0
864691136093202356,864691136424439855,1,4224.0
864691136093202356,864691136438717086,1,4388.0
864691136093202356,864691136673938055,1,4488.0
864691136093202356,864691136923834596,1,1120.0
864691136101017973,864691135274405905,1,15252.0
864691136101017973,864691135490213946,3,26012.0
864691136101017973,864691136024237881,1,4340.0
864691136101017973,864691136106193369,1,248.0
864691136101017973,864691136451377407,1,18800.0
864691136101499765,864691135163326765,1,12392.0
864691136101499765,864691135281097889,1,2072.0
864691136101499765,864691135442668872,1,3728.0
864691136101499765,864691135455400554,1,3000.0
864691136101499765,864691135566168599,1,24212.0
864691136101499765,864691135661257200,1,2028.0
864691136101499765,864691135686885856,1,6488.0
864691136101499765,864691135717271834,1,21376.0
864691136101499765,864691135774389755,1,1028.0
864691136101499765,864691136106323161,2,29144.0
864691136101499765,864691136437135006,1,3156.0
864691136101499765,864691136927187786,1,19864.0
864691136106008281,864691135346571423,1,300.0
864691136106216153,864691135502644317,1,584.0
864691136106216153,864691135545137960,1,756.0
864691136106216153,864691136042105942,1,4528.0
864691136106323161,864691135083949303,1,6512.0
864691136106323161,864691135294190518,1,9260.0
864691136106440409,864691135688249312,1,192.0
864691136106548441,864691135687826400,1,10188.0
864691136106969561,864691135118759901,1,8284.0
864691136106969561,864691135183025410,1,3124.0
864691136106969561,864691135304186791,1,2952.0
864691136106969561,864691135341019845,1,9704.0
864691136106969561,864691135489512250,1,4168.0
864691136106969561,864691136557075618,1,1332.0
864691136106969561,864691136952921311,1,12116.0
864691136107761113,864691135463875653,1,21180.0
864691136107761113,864691135570156934,1,26192.0
864691136107761113,864691135731223737,1,3596.0
864691136107761113,864691135927455700,1,1036.0
864691136108479705,864691135448233812,1,172.0
864691136108479705,864691135468556172,1,25772.0
864691136108479705,864691136297696283,1,2652.0
864691136108938168,864691134918384906,1,18608.0
864691136108938168,864691135082573559,1,3964.0
864691136108938168,864691135183025410,1,2760.0
864691136108938168,864691135214043704,1,4216.0
864691136108938168,864691135280864417,1,20928.0
864691136108938168,864691135304485031,1,3992.0
864691136108938168,864691135304660135,1,7200.0
864691136108938168,864691135356163279,1,5300.0
864691136108938168,864691135475821376,1,15028.0
864691136108938168,864691135540508018,1,22032.0
864691136108938168,864691135570243974,1,17524.0
864691136108938168,864691135578103301,3,41804.0
864691136108938168,864691135684657079,1,852.0
864691136108938168,864691135700409211,1,21404.0
864691136108938168,864691135701350267,1,6140.0
864691136108938168,864691135719395121,1,18496.0
864691136108938168,864691135738382212,1,15868.0
864691136108938168,864691135777319341,1,14056.0
864691136108938168,864691135817552463,1,3116.0
864691136108938168,864691135889041801,1,16224.0
864691136108938168,864691135919211696,2,27964.0
864691136108938168,864691135926721806,1,240.0
864691136108938168,864691135946646113,1,1776.0
864691136108938168,864691136052791027,1,14968.0
864691136108938168,864691136274783245,1,300.0
864691136108938168,864691136296849691,1,24344.0
864691136108938168,864691136602354129,1,3316.0
864691136108938168,864691136724602621,1,6636.0
864691136108938168,864691136913075953,1,2104.0
864691136108938168,864691136975076636,1,1876.0
864691136110005176,864691135118631389,1,1972.0
864691136110005176,864691135118814429,1,168.0
864691136110005176,864691135134695328,5,25540.0
864691136110005176,864691135257404079,10,24264.0
864691136110005176,864691135272843537,1,2408.0
864691136110005176,864691135304484263,3,12040.0
864691136110005176,864691135307460422,1,3112.0
864691136110005176,864691135307796806,1,2008.0
864691136110005176,864691135359812952,1,3288.0
864691136110005176,864691135416835514,1,2388.0
864691136110005176,864691135429763120,1,4184.0
864691136110005176,864691135455123562,1,3640.0
864691136110005176,864691135475355712,1,25356.0
864691136110005176,864691135475821376,1,6224.0
864691136110005176,864691135492201823,4,10952.0
864691136110005176,864691135492438879,1,1660.0
864691136110005176,864691135496333968,4,21072.0
864691136110005176,864691135518453642,1,4648.0
864691136110005176,864691135565539863,1,2840.0
864691136110005176,864691135572385061,1,2412.0
864691136110005176,864691135618877839,1,2272.0
864691136110005176,864691135654715586,1,2264.0
864691136110005176,864691135658865026,1,688.0
864691136110005176,864691135685003703,1,39352.0
864691136110005176,864691135719641393,2,6604.0
864691136110005176,864691135737724292,1,4828.0
864691136110005176,864691135738382212,1,796.0
864691136110005176,864691135867616534,1,3748.0
864691136110005176,864691135884765808,2,22212.0
864691136110005176,864691135885140848,1,6204.0
864691136110005176,864691135888505993,2,6888.0
864691136110005176,864691135926721806,2,2196.0
864691136110005176,864691135952315939,1,1536.0
864691136110005176,864691135976706115,1,220.0
864691136110005176,864691136005890250,1,6668.0
864691136110005176,864691136011431075,2,9216.0
864691136110005176,864691136057353432,1,1912.0
864691136110005176,864691136084684396,2,4308.0
864691136110005176,864691136119594520,1,3236.0
864691136110005176,864691136195114828,2,9252.0
864691136110005176,864691136391508095,2,12080.0
864691136110005176,864691136423247407,1,4576.0
864691136110005176,864691136602354129,1,4700.0
864691136111461560,864691135292980662,1,28196.0
864691136111461560,864691135345986719,1,8280.0
864691136111461560,864691135359923032,1,12612.0
864691136111461560,864691135466283333,1,268.0
864691136111461560,864691135490809959,2,15824.0
864691136111461560,864691135491895399,1,4232.0
864691136111461560,864691135538399602,1,1352.0
864691136111461560,864691135568643308,1,12868.0
864691136111461560,864691135572282917,1,316.0
864691136111461560,864691135579303685,1,5712.0
864691136111461560,864691135585875836,1,32880.0
864691136111461560,864691135591363339,1,6572.0
864691136111461560,864691135654043586,1,27104.0
864691136111461560,864691135856072494,1,11580.0
864691136111461560,864691135874501774,1,272.0
864691136111461560,864691135874519694,1,30064.0
864691136111461560,864691136237481999,1,1732.0
864691136111461560,864691136952404959,1,6804.0
864691136116854948,864691136176339718,1,11708.0
864691136117423524,864691135618724239,1,2092.0
864691136117423524,864691135724803755,1,236.0
864691136117423524,864691135972219338,1,2212.0
864691136118618136,864691135341941701,1,11780.0
864691136119177752,864691135346571423,1,7796.0
864691136119177752,864691135502606173,1,8900.0
864691136119177752,864691135590799371,1,4156.0
864691136119346712,864691135339496422,1,22696.0
864691136119346712,864691135585101944,1,6436.0
864691136119592472,864691135163326765,1,1748.0
864691136119592472,864691135295127052,1,1556.0
864691136119592472,864691135502284381,1,2460.0
864691136119592472,864691135520041610,1,436.0
864691136119592472,864691135570219244,1,3432.0
864691136119592472,864691135852060871,1,3888.0
864691136119592472,864691135868916246,2,19904.0
864691136119592472,864691136362531554,1,14372.0
864691136119594520,864691135658414210,1,22160.0
864691136120476440,864691135374474313,1,17276.0
864691136120476440,864691135448233812,1,3400.0
864691136120476440,864691135455035242,1,1728.0
864691136120476440,864691135741421931,1,4092.0
864691136120476440,864691135741466516,1,35196.0
864691136120476440,864691135802015330,1,14332.0
864691136120476440,864691136194961896,1,5088.0
864691136120476440,864691136362042082,1,5332.0
864691136120658712,864691134884807418,1,8708.0
864691136120658712,864691134940636259,1,2100.0
864691136120658712,864691134948665340,1,25800.0
864691136120658712,864691135082583287,1,6288.0
864691136120658712,864691135114035865,1,5772.0
864691136120658712,864691135119053789,1,9416.0
864691136120658712,864691135233964121,2,25432.0
864691136120658712,864691135257404079,2,42560.0
864691136120658712,864691135279338913,1,1996.0
864691136120658712,864691135280864417,2,31344.0
864691136120658712,864691135346616479,1,2572.0
864691136120658712,864691135349291991,1,1628.0
864691136120658712,864691135387690069,1,23372.0
864691136120658712,864691135463505821,4,26600.0
864691136120658712,864691135475355712,1,3572.0
864691136120658712,864691135511704784,1,10776.0
864691136120658712,864691135518453642,1,6304.0
864691136120658712,864691135538399602,1,5788.0
864691136120658712,864691135566419991,1,3784.0
864691136120658712,864691135578103301,1,7292.0
864691136120658712,864691135654715586,1,2572.0
864691136120658712,864691135737334404,1,19136.0
864691136120658712,864691135741466516,1,7920.0
864691136120658712,864691135861059176,2,8996.0
864691136120658712,864691135915943014,1,3164.0
864691136120658712,864691135938534453,1,312.0
864691136120658712,864691135988018691,1,15616.0
864691136120658712,864691136009241262,1,10540.0
864691136120658712,864691136009461422,1,9072.0
864691136120658712,864691136032774075,1,1940.0
864691136120658712,864691136135414411,1,1776.0
864691136120658712,864691136287554499,1,3696.0
864691136120658712,864691136724880893,1,4928.0
864691136120658712,864691136912677873,1,480.0
864691136120754200,864691134949221372,1,21152.0
864691136120754200,864691135493686111,1,34472.0
864691136120754200,864691135817552463,1,3636.0
864691136120754200,864691136991502997,1,3144.0
864691136124225830,864691135472952114,1,4884.0
864691136124225830,864691135502644317,1,3388.0
864691136124225830,864691135518374794,1,2616.0
864691136124225830,864691135778917821,1,204.0
864691136124225830,864691136195690984,1,4736.0
864691136124225830,864691136274522893,1,3052.0
864691136124234534,864691135610420487,1,1228.0
864691136124424742,864691135468787026,1,7624.0
864691136124593702,864691135214043704,1,3672.0
864691136124593702,864691136724803581,1,18344.0
864691136134774923,864691134964790303,1,36572.0
864691136134774923,864691135462783806,1,7168.0
864691136134774923,864691135498332947,1,1952.0
864691136134774923,864691135618458217,1,23468.0
864691136135667595,864691135359923032,1,5188.0
864691136135667595,864691135446432146,1,14796.0
864691136135667595,864691135511543561,1,1312.0
864691136135667595,864691135520041610,1,2816.0
864691136135667595,864691135546276904,1,7808.0
864691136135667595,864691135688277216,1,7212.0
864691136135667595,864691135693706687,1,2160.0
864691136135667595,864691135754615757,1,6180.0
864691136135667595,864691135786211268,3,22588.0
864691136135667595,864691135947604772,1,12652.0
864691136135667595,864691136024237881,1,1064.0
864691136135667595,864691136106440409,1,6460.0
864691136135667595,864691136111461560,1,4028.0
864691136135667595,864691136237481999,1,27008.0
864691136135667595,864691136310616410,1,1352.0
864691136135667595,864691136335289523,1,33040.0
864691136135667595,864691136912866289,3,15380.0
864691136135667595,864691136923742692,1,14568.0
864691136135667595,864691136952404959,1,2900.0
864691136135728779,864691136371664520,1,764.0
864691136136073867,864691135375498952,1,5048.0
864691136136073867,864691135786211268,1,1356.0
864691136136383883,864691135104374861,1,5492.0
864691136136383883,864691135105524557,1,5268.0
864691136136383883,864691135480031430,1,2024.0
864691136136383883,864691135545440808,1,15136.0
864691136136383883,864691135565518167,1,15112.0
864691136136383883,864691135987843843,1,7008.0
864691136136383883,864691136137658493,1,3476.0
864691136136383883,864691136313050173,2,2676.0
864691136136383883,864691136952404959,1,2544.0
864691136136383883,864691137054683510,1,3280.0
864691136136766845,864691136175772934,1,1468.0
864691136137371261,864691135760233038,1,3024.0
864691136137658493,864691135977458755,1,1696.0
864691136138838141,864691135210671808,1,2708.0
864691136143876404,864691136446086787,1,8956.0
864691136144613428,864691135492201823,1,304.0
864691136144674612,864691135015004662,2,20724.0
864691136144674612,864691135100918816,1,25160.0
864691136144674612,864691135195337002,1,4000.0
864691136144674612,864691135195558698,2,18116.0
864691136144674612,864691135274694673,1,17280.0
864691136144674612,864691135280864417,1,2360.0
864691136144674612,864691135470787666,2,7612.0
864691136144674612,864691135493686111,2,25032.0
864691136144674612,864691135502522178,2,14296.0
864691136144674612,864691135540508018,1,7204.0
864691136144674612,864691135570219244,1,1904.0
864691136144674612,864691135585875836,1,15028.0
864691136144674612,864691135645401583,1,8136.0
864691136144674612,864691135726179135,1,13200.0
864691136144674612,864691135741421931,1,12220.0
864691136144674612,864691135741910164,1,2384.0
864691136144674612,864691135756743634,1,20672.0
864691136144674612,864691135778084285,1,13672.0
864691136144674612,864691135843077603,2,17428.0
864691136144674612,864691135850033758,1,14352.0
864691136144674612,864691135994112961,1,1728.0
864691136144674612,864691136195690984,1,9096.0
864691136144674612,864691136297696283,1,16024.0
864691136144674612,864691136310693466,1,15436.0
864691136144674612,864691136373008520,1,356.0
864691136144674612,864691136392754047,1,6644.0
864691136144674612,864691136483775788,1,6768.0
864691136144674612,864691136619882637,1,552.0
864691136144674612,864691136814478451,1,19340.0
864691136144674612,864691136991202453,3,15308.0
864691136145520692,864691135082286839,1,14252.0
864691136145520692,864691135565747287,1,3600.0
864691136145520692,864691135774389755,1,2112.0
864691136145520692,864691136144674612,1,12920.0
864691136145520692,864691136287554499,2,73588.0
864691136145520692,864691136906083250,1,2268.0
864691136145573684,864691135990911488,1,2140.0
864691136145573684,864691136210453436,1,3160.0
864691136175540742,864691135568563180,1,25844.0
864691136175540742,864691135741175915,1,21792.0
864691136175540742,864691135778187360,1,9264.0
864691136175540742,864691136040153854,1,6580.0
864691136175540742,864691136991307157,1,18044.0
864691136175772934,864691136991259541,1,688.0
864691136175784966,864691135214043704,1,180.0
864691136175784966,864691135498548499,1,3160.0
864691136175784966,864691135800741986,1,6056.0
864691136175784966,864691136812736371,1,1944.0
864691136175789574,864691135475355712,1,2664.0
864691136175789574,864691135584663928,1,3700.0
864691136175789574,864691135616363211,1,1320.0
864691136175789574,864691136334080435,1,10608.0
864691136176339718,864691135469024338,1,7060.0
864691136176411910,864691135463505821,1,5656.0
864691136176411910,864691135470680658,1,2108.0
864691136176411910,864691135585875836,2,13244.0
864691136176411910,864691135615588811,1,1900.0
864691136194348264,864691135839929235,1,12340.0
864691136194733800,864691134949221372,1,344.0
864691136194733800,864691135122458151,1,2464.0
864691136194733800,864691135361024071,1,2968.0
864691136194733800,864691135509788169,1,928.0
864691136194733800,864691135941858164,1,5372.0
864691136194957032,864691135584931960,1,3964.0
864691136194957032,864691135867642134,1,15568.0
864691136194961896,864691135101595680,1,3568.0
864691136194961896,864691136010830510,1,9108.0
864691136194985942,864691135876931923,1,24988.0
864691136195087592,864691135919161008,1,2936.0
864691136195103308,864691135491369959,1,4216.0
864691136195103308,864691135715889690,1,1100.0
864691136195103308,864691135800856418,1,2468.0
864691136195114828,864691136175772934,1,3828.0
864691136195122152,864691135517951114,1,7408.0
864691136195122152,864691135585436284,1,164.0
864691136195122152,864691135610249479,1,4956.0
864691136195447766,864691135781751632,1,6884.0
864691136195690984,864691135015004662,1,23704.0
864691136195690984,864691135464476741,1,1264.0
864691136195690984,864691136723548413,1,904.0
864691136195690984,864691136775479918,1,10940.0
864691136195690984,864691137021264750,1,23196.0
864691136195798504,864691135119053789,1,292.0
864691136196377420,864691135464143934,1,9832.0
864691136210062012,864691135213413248,1,5952.0
864691136210062012,864691135781532752,1,3632.0
864691136210062012,864691136620029581,1,4528.0
864691136210062012,864691136912527089,1,280.0
864691136210115004,864691135808579869,1,1456.0
864691136210345404,864691135280864417,1,8488.0
864691136210345404,864691135431658800,1,3428.0
864691136210345404,864691135470680658,1,1676.0
864691136210345404,864691135719395121,2,15284.0
864691136210453436,864691135123289383,1,11728.0
864691136210453436,864691135464476741,2,75336.0
864691136210453436,864691135699964962,1,2524.0
864691136210453436,864691135718955569,1,2500.0
864691136210453436,864691135802015330,1,7752.0
864691136210453436,864691135809355293,1,33340.0
864691136210453436,864691136446086787,1,2128.0
864691136211276220,864691135539306098,1,12056.0
864691136211276220,864691135639271483,1,2640.0
864691136228367697,864691135118814429,1,7964.0
864691136228367697,864691135182359554,1,5492.0
864691136228367697,864691135359812952,1,28460.0
864691136228367697,864691135416835514,1,2316.0
864691136228367697,864691135441585224,1,2436.0
864691136228367697,864691135502730562,1,936.0
864691136228367697,864691135719641393,1,2012.0
864691136228367697,864691135778128573,1,21916.0
864691136228367697,864691135987920387,1,10836.0
864691136228367697,864691136724687613,1,2036.0
864691136228367697,864691136904074930,1,1704.0
864691136237472316,864691135511325648,1,2756.0
864691136237481999,864691134940504419,1,7816.0
864691136237704463,864691135337730534,1,2788.0
864691136237704463,864691135724803755,1,9448.0
864691136238372412,864691135654043586,1,3180.0
864691136238377788,864691135658414210,1,15620.0
864691136238377788,864691135697234842,1,4528.0
864691136238377788,864691136084973676,1,21144.0
864691136238679567,864691134887526650,1,2996.0
864691136238679567,864691135013932438,1,676.0
864691136238679567,864691135100918816,1,1760.0
864691136238679567,864691135234046553,1,3112.0
864691136238679567,864691135280864417,1,2804.0
864691136238679567,864691135341766065,1,13360.0
864691136238679567,864691135397212449,1,5208.0
864691136238679567,864691135418018746,1,1024.0
864691136238679567,864691135446939476,2,4112.0
864691136238679567,864691135447404372,1,2400.0
864691136238679567,864691135447444114,1,26388.0
864691136238679567,864691135470700626,1,31540.0
864691136238679567,864691135498826771,1,24540.0
864691136238679567,864691135502730562,1,5880.0
864691136238679567,864691135511543561,1,12328.0
864691136238679567,864691135570156934,1,13456.0
864691136238679567,864691135658414210,1,8112.0
864691136238679567,864691135726325311,1,500.0
864691136238679567,864691135741930603,1,3776.0
864691136238679567,864691135742895467,1,1612.0
864691136238679567,864691135749099561,1,4200.0
864691136238679567,864691135781943632,1,4284.0
864691136238679567,864691135860412776,1,24984.0
864691136238679567,864691135861059176,2,14692.0
864691136238679567,864691135942004993,1,1760.0
864691136238679567,864691135995716010,1,2180.0
864691136238679567,864691136005335498,1,804.0
864691136238679567,864691136106323161,1,2176.0
864691136238679567,864691136119592472,1,1896.0
864691136238679567,864691136371701384,1,3700.0
864691136238679567,864691136391508095,1,4052.0
864691136239108156,864691135493686111,1,6736.0
864691136239108156,864691136314491965,1,2888.0
864691136266440948,864691135213413248,1,6000.0
864691136266440948,864691135645538543,1,1296.0
864691136266440948,864691135890037385,1,2664.0
864691136266440948,864691136106548441,1,14200.0
864691136267162868,864691135719185713,1,1284.0
864691136267233524,864691135715889690,1,1036.0
864691136267242996,864691135133494944,1,2384.0
864691136268629236,864691135294155020,2,18332.0
864691136273462206,864691135807340829,1,4636.0
864691136273753790,864691135639419195,1,15028.0
864691136273753790,864691135890229129,1,2200.0
864691136273753790,864691136437428894,1,3808.0
864691136273791934,864691135441377608,1,18484.0
864691136273791934,864691135463371421,1,3676.0
864691136273791934,864691136390788215,1,21636.0
864691136274035469,864691135470728786,1,2300.0
864691136274035469,864691135520041610,2,25452.0
864691136274035469,864691135774389755,2,4952.0
864691136274035469,864691135865480668,2,6664.0
864691136274035469,864691136009073582,1,21236.0
864691136274035469,864691136195798504,1,3980.0
864691136274035469,864691136288592323,1,888.0
864691136274035469,864691136373008520,1,10428.0
864691136274035469,864691136618130907,1,728.0
864691136274035469,864691136725041917,1,8220.0
864691136274035469,864691136991202453,2,3108.0
864691136274035469,864691137021264750,1,2712.0
864691136274522893,864691135292824758,1,1780.0
864691136274522893,864691135491207007,1,2372.0
864691136274522893,864691135808286237,1,972.0
864691136274522893,864691136057019096,1,1132.0
864691136274781197,864691136020242680,1,928.0
864691136274783245,864691135214043704,1,13832.0
864691136274783245,864691135491867999,1,34528.0
864691136274783245,864691135658865026,1,256.0
864691136274783245,864691135726325311,1,2880.0
864691136274783245,864691135777413728,1,1308.0
864691136274783245,864691135856683822,4,40464.0
864691136274783245,864691135884765808,1,12808.0
864691136274783245,864691136009241262,2,6148.0
864691136274783245,864691136334765747,1,5200.0
864691136274783245,864691136991166101,1,42532.0
864691136286627011,864691135013727126,1,7116.0
864691136286627011,864691135134921888,1,8116.0
864691136286627011,864691135342089649,1,22772.0
864691136286627011,864691135476110504,1,9204.0
864691136286627011,864691135685084343,1,14600.0
864691136286627011,864691135760233038,1,3172.0
864691136286627011,864691135778917821,1,10932.0
864691136286627011,864691135970062693,1,5180.0
864691136286627011,864691136108329689,1,1020.0
864691136286627011,864691136619099867,1,184.0
864691136286627011,864691136926428234,1,26432.0
864691136287404483,864691135104516941,1,2096.0
864691136287519939,864691135100918816,1,4988.0
864691136287519939,864691135257507247,1,528.0
864691136287519939,864691135490213946,1,3180.0
864691136287519939,864691135546276904,2,4744.0
864691136287519939,864691136084074092,1,312.0
864691136287519939,864691136119346712,1,2072.0
864691136287554499,864691135470680658,2,9932.0
864691136287554499,864691136195798504,1,492.0
864691136288592323,864691135470700626,1,3284.0
864691136288592323,864691135741910164,1,16840.0
864691136288592323,864691135839929235,1,1324.0
864691136288737987,864691135195558698,1,11752.0
864691136288737987,864691135360823879,1,644.0
864691136288737987,864691135565747287,1,12248.0
864691136288737987,864691135851603655,1,4172.0
864691136288737987,864691135855767342,2,8652.0
864691136288737987,864691136032337595,1,1216.0
864691136288737987,864691136032561083,3,15676.0
864691136288737987,864691136389166199,1,2004.0
864691136288737987,864691136968447438,1,27204.0
864691136297315099,864691135257404079,1,16256.0
864691136297315099,864691135570243974,1,572.0
864691136297315099,864691135578103301,1,20144.0
864691136297315099,864691135740166548,1,5692.0
864691136297315099,864691135952500771,1,1692.0
864691136297315099,864691135992497089,1,3216.0
864691136297315099,864691136005890250,2,17016.0
864691136297315099,864691136195114828,1,19652.0
864691136297315099,864691136419115159,1,6656.0
864691136297315099,864691136422859823,1,644.0
864691136297668379,864691135292824758,2,5816.0
864691136297668379,864691135463211677,1,13260.0
864691136297668379,864691135468919948,1,1552.0
864691136297668379,864691135491369959,1,296.0
864691136297668379,864691135545137960,3,3036.0
864691136297668379,864691135584763000,1,16952.0
864691136297668379,864691135614842827,1,11720.0
864691136297668379,864691135715889690,2,3792.0
864691136297668379,864691135842884579,1,5700.0
864691136297768987,864691134918409738,1,3660.0
864691136297777947,864691135718955569,1,10196.0
864691136310616410,864691135082303223,1,20376.0
864691136310616410,864691135546276904,1,4980.0
864691136310616410,864691135584623736,1,8784.0
864691136310616410,864691135777451360,1,2608.0
864691136310616410,864691135910628265,1,7084.0
864691136310616410,864691135940406273,1,12460.0
864691136310616410,864691136008452268,1,4132.0
864691136310616410,864691136106008281,1,7456.0
864691136310697050,864691135213717120,1,18612.0
864691136310697050,864691135367723513,1,11340.0
864691136310697050,864691135546276904,1,17712.0
864691136310697050,864691136065296792,1,696.0
864691136310697050,864691136287519939,1,11888.0
864691136311439962,864691135572001061,1,4184.0
864691136311439962,864691135615181003,1,46152.0
864691136311439962,864691135661352432,1,6408.0
864691136311439962,864691135697586586,1,5772.0
864691136311439962,864691135698360597,1,4844.0
864691136311439962,864691135702310523,1,3748.0
864691136311439962,864691136314391869,2,24656.0
864691136311439962,864691136914332913,1,8664.0
864691136311742013,864691135777857213,1,688.0
864691136314441789,864691135441377608,1,3880.0
864691136314441789,864691135640519995,1,6552.0
864691136314441789,864691135919161008,1,13452.0
864691136314491965,864691135119053789,1,7492.0
864691136314491965,864691135133383840,2,32596.0
864691136314491965,864691135367723513,1,31696.0
864691136314491965,864691135498826771,1,30076.0
864691136314491965,864691135568826604,1,9132.0
864691136314491965,864691135579303685,2,27156.0
864691136314491965,864691135585875836,1,820.0
864691136314491965,864691135741930603,1,1524.0
864691136314491965,864691135759529294,1,5052.0
864691136314491965,864691136084074092,1,27344.0
864691136314491965,864691136120754200,2,21572.0
864691136314491965,864691136437135006,1,32192.0
864691136324904087,864691136389171575,1,2700.0
864691136329390058,864691135012499702,1,23240.0
864691136329390058,864691135104374861,1,7540.0
864691136329390058,864691135293594892,1,17660.0
864691136329390058,864691135740166548,1,4932.0
864691136329390058,864691135859910760,1,2324.0
864691136329390058,864691136237481999,1,6948.0
864691136329390058,864691136912866289,1,25808.0
864691136333770675,864691135655141058,1,5240.0
864691136333770675,864691135807342621,1,4280.0
864691136334080435,864691135113471897,1,8180.0
864691136334765747,864691135307460422,1,2956.0
864691136334772403,864691135323646364,1,10520.0
864691136334995379,864691135212424384,1,13848.0
864691136334995379,864691135498826771,1,6800.0
864691136334995379,864691135538399602,1,3100.0
864691136334995379,864691135995716010,1,5260.0
864691136334995379,864691136195798504,1,3792.0
864691136335121331,864691134942614115,1,2700.0
864691136335121331,864691135493686111,1,38664.0
864691136335121331,864691136020919032,1,12416.0
864691136335208883,864691135565882903,1,4160.0
864691136335208883,864691135577918213,1,1080.0
864691136335208883,864691135861059176,1,188.0
864691136336021683,864691135456466026,1,2328.0
864691136336021683,864691136420303511,1,5328.0
864691136336021683,864691137021264750,1,5932.0
864691136362042082,864691135511543561,1,2860.0
864691136362042082,864691136067784600,1,3324.0
864691136362042082,864691136952921311,1,10256.0
864691136362531554,864691135014728182,1,14792.0
864691136362531554,864691135430204720,1,196.0
864691136362531554,864691135917432166,1,2576.0
864691136362531554,864691136106783705,1,17236.0
864691136362531554,864691136274035469,1,26044.0
864691136362531554,864691136288592323,1,3856.0
864691136362531554,864691136335208883,1,5020.0
864691136362531554,864691136927187786,1,2304.0
864691136370815368,864691134989835898,1,4796.0
864691136370815368,864691135182658818,1,7348.0
864691136370815368,864691135446543762,1,4224.0
864691136370815368,864691135915709030,1,1156.0
864691136370815368,864691136444381059,1,16084.0
864691136371664520,864691135455035242,1,7456.0
864691136371664520,864691135800569186,1,6832.0
864691136371664520,864691135866030044,1,5472.0
864691136371701384,864691135777319341,1,17204.0
864691136371701384,864691136032431803,1,2420.0
864691136373008520,864691135281088929,1,3604.0
864691136373008520,864691135468161164,1,14312.0
864691136373008520,864691135469253202,1,7704.0
864691136373008520,864691135470700626,1,24496.0
864691136373008520,864691135495051152,1,3036.0
864691136373008520,864691135570219244,1,15260.0
864691136373008520,864691135688186080,1,6860.0
864691136373008520,864691136274522893,1,2208.0
864691136379209429,864691135104627789,1,18140.0
864691136379307477,864691135293449398,1,256.0
864691136379307477,864691135616421225,1,1760.0
864691136379307477,864691135837796499,1,5720.0
864691136379807445,864691135446432146,1,1948.0
864691136379807445,864691135811529420,1,1380.0
864691136379807445,864691135919409328,1,1304.0
864691136379807445,864691136032232379,2,29708.0
864691136379807445,864691136310616410,1,3748.0
864691136379970005,864691135323646364,1,22800.0
864691136389171575,864691135545137960,1,5304.0
864691136389302135,864691135658865026,1,272.0
864691136389302135,864691135697234842,1,2236.0
864691136389532023,864691134948843772,1,224.0
864691136389780240,864691136487990802,1,1288.0
864691136389780240,864691136903945394,1,712.0
864691136389921911,864691135273258257,1,7432.0
864691136389921911,864691135280864417,2,22168.0
864691136389921911,864691135294356918,2,50712.0
864691136389921911,864691135308196934,1,13732.0
864691136389921911,864691135418018746,1,29908.0
864691136389921911,864691135493686111,1,188.0
864691136389921911,864691135817862735,1,17488.0
864691136389921911,864691136011969187,1,15020.0
864691136389921911,864691136991202453,1,3124.0
864691136390072439,864691135498503187,1,240.0
864691136390072439,864691135686414775,1,1424.0
864691136390072439,864691136452005887,1,47284.0
864691136390072439,864691136723379709,1,50952.0
864691136390418815,864691135082723063,1,7864.0
864691136390418815,864691135083245559,1,9316.0
864691136390418815,864691136009822892,3,61940.0
864691136390418815,864691136136073867,1,5556.0
864691136390418815,864691136310616410,1,6812.0
864691136390418815,864691136379807445,2,11352.0
864691136390418815,864691136923754212,1,13940.0
864691136390474359,864691134918533130,1,15144.0
864691136390474359,864691135113715353,1,12784.0
864691136390474359,864691135257507247,2,39268.0
864691136390474359,864691135275348453,2,9336.0
864691136390474359,864691135294356918,1,24156.0
864691136390474359,864691135367723513,2,22112.0
864691136390474359,864691135374498633,1,492.0
864691136390474359,864691135396910325,1,20748.0
864691136390474359,864691135429598512,1,2856.0
864691136390474359,864691135538730610,2,58296.0
864691136390474359,864691135566419991,1,3324.0
864691136390474359,864691135566725655,1,16668.0
864691136390474359,864691135582108269,1,35456.0
864691136390474359,864691135585101944,1,5836.0
864691136390474359,864691135590909963,1,19484.0
864691136390474359,864691135655168706,1,10952.0
864691136390474359,864691135719395121,1,1460.0
864691136390474359,864691135726179135,1,3964.0
864691136390474359,864691135732210873,1,9760.0
864691136390474359,864691135917432166,2,7956.0
864691136390474359,864691135947166305,1,30552.0
864691136390474359,864691136032337595,1,7588.0
864691136390474359,864691136091526836,1,7360.0
864691136390474359,864691136111461560,1,5096.0
864691136390474359,864691136274035469,1,5056.0
864691136390474359,864691136389921911,1,10400.0
864691136390474359,864691136742067804,1,232.0
864691136390474359,864691136906083250,1,13900.0
864691136390474359,864691136968447438,1,3388.0
864691136390474359,864691136992347541,1,784.0
864691136390534007,864691135972219338,2,7528.0
864691136390788215,864691135066232644,1,5456.0
864691136390788215,864691135083949303,1,5196.0
864691136390788215,864691135133494944,1,5192.0
864691136390788215,864691135157942116,2,23092.0
864691136390788215,864691135538399602,2,19184.0
864691136390788215,864691135590909963,2,41080.0
864691136390788215,864691135807716893,1,1620.0
864691136390788215,864691135817862735,1,15908.0
864691136390788215,864691136274035469,1,4180.0
864691136390788215,864691136814569075,1,328.0
864691136390788215,864691136991202453,1,8836.0
864691136391264383,864691135502644317,1,4728.0
864691136391264383,864691135526892891,1,14364.0
864691136391264383,864691135778931296,1,612.0
864691136391264383,864691135885652848,2,29944.0
864691136391264383,864691136137411709,1,2608.0
864691136391264383,864691136194925270,1,12992.0
864691136391264383,864691136274035469,1,46468.0
864691136391264383,864691136489013266,1,9908.0
864691136391264383,864691136601595857,1,4944.0
864691136391264383,864691136913401841,1,3612.0
864691136391264383,864691136926428234,1,2176.0
864691136391264383,864691136989989525,1,4208.0
864691136391279231,864691135294155020,1,324.0
864691136391314047,864691135468524172,1,272.0
864691136391341439,864691135307460422,1,4520.0
864691136391341439,864691135618877839,1,2352.0
864691136391341439,864691135738382212,1,23860.0
864691136391341439,864691136041672534,1,1952.0
864691136391341439,864691136144613428,1,2700.0
864691136391341439,864691136227884369,2,27140.0
864691136391341439,864691136812736371,1,31660.0
864691136391508095,864691135408560329,1,4292.0
864691136391508095,864691135416835514,2,6604.0
864691136391508095,864691135568563180,1,20156.0
864691136391508095,864691135700148002,1,792.0
864691136391508095,864691135889558153,1,9868.0
864691136391508095,864691135926846478,1,6060.0
864691136391508095,864691136109459384,1,4648.0
864691136391508095,864691136812964723,1,4080.0
864691136391508095,864691136878498158,2,6292.0
864691136392754047,864691135113715353,1,1864.0
864691136392754047,864691135163326765,1,736.0
864691136392754047,864691135355913679,1,9020.0
864691136392754047,864691135455400554,1,3596.0
864691136392754047,864691135498826771,1,6188.0
864691136392754047,864691135520041610,1,8956.0
864691136392754047,864691135566419991,1,26976.0
864691136392754047,864691135570219244,1,1076.0
864691136392754047,864691135719395121,1,6988.0
864691136392754047,864691135742895467,1,13100.0
864691136392754047,864691135865245054,1,228.0
864691136392754047,864691135947907876,1,7476.0
864691136392754047,864691136814463603,1,7692.0
864691136418979223,864691136390072439,1,6672.0
864691136419115159,864691136040153854,1,2884.0
864691136419115159,864691136602354129,1,944.0
864691136419226519,864691134917977610,1,2856.0
864691136419226519,864691135013421302,1,4148.0
864691136419226519,864691136310616410,1,1640.0
864691136419477399,864691135859700584,1,7684.0
864691136419477399,864691136390788215,1,2900.0
864691136420195223,864691135272821009,1,260.0
864691136420195223,864691135337730534,1,3404.0
864691136420195223,864691135355998671,2,8912.0
864691136420195223,864691135545440808,1,8080.0
864691136420195223,864691135856072494,1,296.0
864691136420195223,864691135926593294,1,4300.0
864691136420195223,864691135938721333,1,3320.0
864691136420195223,864691136005640906,1,10148.0
864691136420195223,864691136067784600,1,528.0
864691136420303511,864691135469504850,1,2788.0
864691136420303511,864691135774389755,1,1196.0
864691136420303511,864691135918884272,1,416.0
864691136420303511,864691136274035469,1,1596.0
864691136420303511,864691136297696283,1,3440.0
864691136420303511,864691136673938055,1,31456.0
864691136422858543,864691135565447959,1,6852.0
864691136422859823,864691135700409211,1,9172.0
864691136423247407,864691135582505325,1,5580.0
864691136423247407,864691135618877839,1,13152.0
864691136423247407,864691136040339198,1,21336.0
864691136423247407,864691136066690456,1,4936.0
864691136423468079,864691135065276996,1,12304.0
864691136423468079,864691135777451360,1,1996.0
864691136423611951,864691135693559743,1,264.0
864691136423611951,864691135778084285,1,17840.0
864691136423611951,864691136195114828,1,10828.0
864691136423695151,864691135156270948,1,10008.0
864691136424439855,864691135114974361,1,1440.0
864691136424439855,864691135118351837,1,12312.0
864691136424439855,864691135274694673,1,5656.0
864691136424439855,864691135294539446,1,8916.0
864691136424439855,864691135344013233,2,11020.0
864691136424439855,864691135384353003,1,7916.0
864691136424439855,864691135447404372,1,24960.0
864691136424439855,864691135455400554,1,1868.0
864691136424439855,864691135540508018,2,4060.0
864691136424439855,864691135742895467,2,20876.0
864691136424439855,864691135762589238,1,23228.0
864691136424439855,864691135817862735,1,1728.0
864691136424439855,864691135843077603,1,1476.0
864691136424439855,864691136090181175,1,2000.0
864691136424439855,864691136314491965,1,1664.0
864691136424439855,864691136742067804,1,9248.0
864691136424439855,864691136814569075,1,3916.0
864691136424439855,864691136914414321,1,6124.0
864691136437339038,864691135511543561,1,22896.0
864691136437339038,864691135689457632,1,7096.0
864691136437339038,864691135781887568,1,940.0
864691136437339038,864691135994112961,1,2368.0
864691136437339038,864691136008919214,1,3852.0
864691136437339038,864691136101425013,1,760.0
864691136437339038,864691136108479705,1,2448.0
864691136437339038,864691136814463603,1,15356.0
864691136438717086,864691134940636259,1,22148.0
864691136438717086,864691135280864417,1,10252.0
864691136438717086,864691135463802174,1,9728.0
864691136438717086,864691135565747287,1,2992.0
864691136438717086,864691135618595471,1,3432.0
864691136438717086,864691135774389755,1,1688.0
864691136438717086,864691135861059176,1,608.0
864691136438717086,864691136106323161,1,21112.0
864691136438717086,864691136119592472,1,9620.0
864691136438717086,864691136145573684,1,364.0
864691136438717086,864691136273791934,1,5240.0
864691136438717086,864691136334772403,1,620.0
864691136438717086,864691136437135006,1,13404.0
864691136438717086,864691136741503324,1,5732.0
864691136444381059,864691135162908461,1,3596.0
864691136444381059,864691135234068313,1,3548.0
864691136444381059,864691135568826604,1,23396.0
864691136444381059,864691135570243974,1,24920.0
864691136444381059,864691135777517245,1,3292.0
864691136444381059,864691136040153854,1,9760.0
864691136444381059,864691136084973676,2,15724.0
864691136444381059,864691136422859823,1,11488.0
864691136444381059,864691136991166101,1,8160.0
864691136444523395,864691135726062251,1,3852.0
864691136444523395,864691135919161008,1,964.0
864691136445557123,864691135015004662,1,12076.0
864691136445557123,864691135281097889,1,11620.0
864691136445557123,864691135374121545,1,13988.0
864691136445557123,864691135396940021,1,3624.0
864691136445557123,864691135441883720,1,3064.0
864691136445557123,864691135526916443,1,9916.0
864691136445557123,864691135772430155,1,4960.0
864691136445557123,864691135773262587,1,11564.0
864691136445557123,864691135777507168,1,17584.0
864691136445557123,864691135778467517,1,32276.0
864691136445557123,864691135851603655,1,15556.0
864691136445557123,864691135940269313,1,17584.0
864691136445557123,864691135947907876,1,10888.0
864691136445557123,864691135977636675,1,1308.0
864691136445557123,864691136101017973,1,18056.0
864691136445557123,864691136488999186,1,18824.0
864691136445557123,864691136906083250,1,12448.0
864691136451377407,864691135545440808,1,5132.0
864691136451377407,864691135546276904,1,3324.0
864691136451377407,864691135565518167,1,3556.0
864691136451377407,864691135615588811,1,3944.0
864691136451377407,864691135777451360,1,2748.0
864691136451377407,864691136031893691,1,272.0
864691136451377407,864691136287554499,1,4856.0
864691136451377407,864691136912866289,2,7524.0
864691136451703551,864691135619348111,2,3860.0
864691136451988991,864691135338692070,1,2544.0
864691136451988991,864691135490213946,1,2976.0
864691136451988991,864691135618458217,1,3208.0
864691136451988991,864691135738572401,1,18128.0
864691136451988991,864691135762574646,1,2256.0
864691136451988991,864691135786218180,1,2452.0
864691136451988991,864691135800896610,1,3348.0
864691136452005887,864691135183025410,1,624.0
864691136452005887,864691135341626545,1,10940.0
864691136452005887,864691135359010904,1,164.0
864691136452005887,864691135469253202,1,1484.0
864691136452005887,864691135807342621,2,18240.0
864691136452602367,864691135566168599,2,30476.0
864691136452602367,864691135571771117,1,396.0
864691136452602367,864691135579303685,1,4216.0
864691136453121279,864691134942614115,1,2188.0
864691136453121279,864691134948843772,1,17444.0
864691136453121279,864691135361232967,1,436.0
864691136453121279,864691135431658800,1,8984.0
864691136453121279,864691135464775237,1,3684.0
864691136453121279,864691135491684583,1,1900.0
864691136453121279,864691135684580338,1,9832.0
864691136453121279,864691135699607829,1,5480.0
864691136453121279,864691135848300126,1,6904.0
864691136453121279,864691136041941846,1,7908.0
864691136453121279,864691136371466120,1,4468.0
864691136453121279,864691136389532023,1,992.0
864691136453121279,864691136992347541,1,12912.0
864691136484779308,864691134918533130,1,4140.0
864691136484779308,864691135083969527,1,288.0
864691136484779308,864691135105524813,1,6684.0
864691136484779308,864691136903658162,1,7192.0
864691136484965164,864691134949221372,1,1188.0
864691136484965164,864691135294476214,1,216.0
864691136484965164,864691136210345404,1,21796.0
864691136484965164,864691136742067804,1,24860.0
864691136484965164,864691136912677873,1,50168.0
864691136487546642,864691135885005424,1,188.0
864691136487990802,864691135686414775,1,1012.0
864691136487990802,864691135786218180,1,4572.0
864691136487990802,864691135841757923,1,7012.0
864691136488414994,864691135134921888,1,1616.0
864691136488414994,864691135295295500,1,1540.0
864691136488414994,864691135568834796,1,2508.0
864691136488414994,864691135732419769,1,11028.0
864691136488414994,864691135809355293,1,14308.0
864691136488414994,864691135970062693,1,2892.0
864691136488414994,864691136335208883,1,12496.0
864691136488999186,864691135015224566,1,5948.0
864691136488999186,864691135373539016,1,18472.0
864691136488999186,864691135374498633,2,25972.0
864691136488999186,864691135397781537,1,18356.0
864691136488999186,864691135520041610,1,2428.0
864691136488999186,864691135701210235,2,3804.0
864691136488999186,864691135715889690,1,6164.0
864691136488999186,864691135755751885,1,196.0
864691136488999186,864691135917432166,1,6636.0
864691136488999186,864691136194605782,1,1560.0
864691136488999186,864691136238595900,1,8072.0
864691136488999186,864691136268629236,1,2660.0
864691136489013266,864691135395987701,1,4296.0
864691136489013266,864691135472952114,2,3356.0
864691136489013266,864691135685707959,1,1864.0
864691136489013266,864691135809355293,2,20856.0
864691136489013266,864691135885652848,1,3448.0
864691136489013266,864691136194092502,1,2408.0
864691136489013266,864691136195690984,1,3460.0
864691136489013266,864691136297520155,1,14568.0
864691136523118481,864691134948843772,1,12424.0
864691136523118481,864691135118831325,1,24812.0
864691136523118481,864691135455400554,1,10024.0
864691136523118481,864691135615114443,1,6820.0
864691136523118481,864691135645451247,2,6832.0
864691136523118481,864691135719432241,1,4544.0
864691136523118481,864691135741340779,1,9556.0
864691136523118481,864691135755751885,2,1604.0
864691136523118481,864691136267848692,1,3560.0
864691136523118481,864691136362342626,2,25364.0
864691136523118481,864691136814569075,1,15032.0
864691136557075618,864691135658414210,1,7948.0
864691136557075618,864691136522623377,1,11100.0
864691136578060820,864691135864941694,1,1424.0
864691136578060820,864691136975076636,1,2644.0
864691136578499604,864691135100918816,2,42104.0
864691136578499604,864691135233964121,1,5272.0
864691136578499604,864691135545440808,1,3944.0
864691136578499604,864691135546276904,1,8464.0
864691136578499604,864691135693125567,1,728.0
864691136578560020,864691135066507076,1,1540.0
864691136578560020,864691135585101944,1,9688.0
864691136578560020,864691135726325311,1,18240.0
864691136578560020,864691135777451360,1,2684.0
864691136578560020,864691136912866289,1,224.0
864691136595448738,864691136324904087,1,1068.0
864691136601595857,864691135911505833,1,992.0
864691136601595857,864691136391264383,2,1288.0
864691136601595857,864691136489013266,1,2196.0
864691136602354129,864691135684657079,1,2632.0
864691136602354129,864691135947722337,1,12944.0
864691136604110801,864691135447857298,1,6848.0
864691136604110801,864691135562918113,1,5376.0
864691136604110801,864691135658297986,1,264.0
864691136604110801,864691135719432241,1,1420.0
864691136604110801,864691135755751885,1,8312.0
864691136604110801,864691135757083346,1,708.0
864691136604110801,864691136010830510,1,13460.0
864691136618130907,864691135323646364,1,8316.0
864691136618181339,864691135133180320,1,328.0
864691136618334171,864691135719722545,1,3348.0
864691136618334171,864691135720038961,1,17132.0
864691136619099867,864691135441377608,1,18996.0
864691136619099867,864691135565602839,1,9980.0
864691136619099867,864691135565747287,1,3260.0
864691136619099867,864691135592023563,1,5016.0
864691136619099867,864691135715889690,1,6056.0
864691136619099867,864691136390788215,1,10176.0
864691136619099867,864691136914414321,1,1348.0
864691136619435661,864691135463802174,1,25432.0
864691136619435661,864691135591363339,1,2868.0
864691136619435661,864691136135667595,4,51004.0
864691136619435661,864691136274781197,1,5116.0
864691136619435661,864691136453121279,1,5760.0
864691136619435661,864691137054683510,1,9264.0
864691136619882637,864691135210671808,1,472.0
864691136619882637,864691135257404079,1,532.0
864691136619882637,864691135342027717,1,5396.0
864691136619882637,864691135578103301,1,2444.0
864691136619882637,864691135685003703,1,2036.0
864691136619882637,864691135720638769,1,3676.0
864691136619882637,864691135856683822,1,2360.0
864691136619882637,864691135926846478,1,42212.0
864691136619882637,864691136057353432,1,8364.0
864691136619882637,864691136119594520,1,2784.0
864691136619882637,864691137054807414,1,11072.0
864691136620029581,864691135394869237,1,13396.0
864691136620029581,864691135490213946,1,3560.0
864691136620029581,864691136137749117,1,5696.0
864691136620029581,864691136912866289,1,788.0
864691136662935518,864691135928156372,1,3748.0
864691136663396574,864691135134695328,1,184.0
864691136663396574,864691135211318976,1,29936.0
864691136663396574,864691135885140848,1,2556.0
864691136663396574,864691135972219338,1,996.0
864691136663396574,864691136724687613,3,17704.0
864691136663396574,864691136913075953,2,31148.0
864691136663396574,864691137197537601,1,3092.0
864691136663528670,864691135134695328,1,7528.0
864691136663528670,864691135274965477,1,5748.0
864691136663528670,864691135307460422,1,8624.0
864691136663528670,864691135565539863,2,17356.0
864691136663528670,864691135658865026,2,40948.0
864691136663528670,864691135816436047,1,16300.0
864691136663528670,864691136057177560,1,7788.0
864691136663528670,864691136724607229,1,18344.0
864691136663528670,864691136952851679,1,9200.0
864691136665051614,864691135119053789,1,1132.0
864691136665051614,864691135579303685,1,6076.0
864691136665051614,864691135778624685,2,3380.0
864691136665051614,864691135779049056,1,3132.0
864691136665051614,864691136195798504,1,1380.0
864691136665051614,864691136274035469,1,12340.0
864691136665051614,864691136452602367,1,2692.0
864691136665051614,864691137021264750,1,21760.0
864691136673511303,864691135698360597,1,8588.0
864691136673938055,864691135463993669,1,1428.0
864691136673938055,864691135562918113,1,928.0
864691136673938055,864691135618690703,1,4632.0
864691136675780743,864691135760233038,1,4168.0
864691136675780743,864691136011622563,1,11044.0
864691136675780743,864691136389166199,1,9192.0
864691136683855990,864691135502738613,1,4288.0
864691136683855990,864691135762956598,1,2120.0
864691136683855990,864691136116854948,1,22084.0
864691136683855990,864691136311742013,1,3716.0
864691136683855990,864691136483775788,1,2700.0
864691136683855990,864691136487546642,1,7928.0
864691136683855990,864691136813512563,1,4528.0
864691136723548413,864691135464476741,1,692.0
864691136724539389,864691135133494944,1,18836.0
864691136724539389,864691135717457946,1,20720.0
864691136724602621,864691135257404079,1,408.0
864691136724602621,864691135446939476,1,6196.0
864691136724602621,864691135700148002,2,5376.0
864691136724607229,864691135616851817,1,23880.0
864691136724607229,864691135992497089,1,14188.0
864691136724607229,864691136009461422,1,10544.0
864691136724607229,864691136741438556,2,11368.0
864691136724687613,864691135118631389,1,10464.0
864691136724687613,864691135429763120,1,2272.0
864691136724687613,864691135584663928,1,4788.0
864691136724748797,864691135280864417,1,4784.0
864691136724748797,864691135396940021,1,2884.0
864691136724748797,864691135429266224,1,21948.0
864691136724748797,864691135469504850,1,3724.0
864691136724748797,864691136912866289,1,4052.0
864691136724803581,864691135307796806,1,15624.0
864691136724803581,864691135472970034,1,20820.0
864691136724803581,864691135700409211,1,3992.0
864691136724803581,864691135946339876,1,4896.0
864691136724803581,864691137197537601,1,6124.0
864691136724880893,864691135546276904,1,29688.0
864691136725041917,864691135470728786,1,11940.0
864691136725041917,864691136274035469,1,2292.0
864691136741435740,864691135209039737,1,19332.0
864691136741435740,864691135293048246,1,6704.0
864691136741435740,864691135304484263,2,18244.0
864691136741435740,864691135394869237,1,10292.0
864691136741435740,864691135429763120,1,5956.0
864691136741435740,864691135446939476,1,2772.0
864691136741435740,864691135475355712,1,2608.0
864691136741435740,864691135479411910,1,8908.0
864691136741435740,864691135518370186,1,1648.0
864691136741435740,864691135584663928,1,5328.0
864691136741435740,864691135616363211,1,8056.0
864691136741435740,864691135719446833,1,4116.0
864691136741435740,864691135841940963,1,25532.0
864691136741435740,864691135926846478,1,9844.0
864691136741435740,864691135940833958,1,2676.0
864691136741435740,864691136136766845,1,2396.0
864691136741435740,864691136487546642,1,312.0
864691136741435740,864691136619882637,2,12144.0
864691136741438556,864691135568563180,1,17256.0
864691136741503324,864691135939322677,1,220.0
864691136741514844,864691135697586586,3,24940.0
864691136741531228,864691135463505821,1,4876.0
864691136741531228,864691135538399602,1,3772.0
864691136741531228,864691135860412776,1,9440.0
864691136742067804,864691135281088929,1,24780.0
864691136742067804,864691135397781537,2,54436.0
864691136742067804,864691135416569274,1,5616.0
864691136742067804,864691135429266224,1,26204.0
864691136742067804,864691135463505821,1,1868.0
864691136742067804,864691135566168599,1,36192.0
864691136742067804,864691135566419991,1,2740.0
864691136742067804,864691135570156934,1,19696.0
864691136742067804,864691135579303685,1,3720.0
864691136742067804,864691135817862735,1,3360.0
864691136742067804,864691135915943014,7,178676.0
864691136742067804,864691135939322677,1,29184.0
864691136742067804,864691136043384406,1,8768.0
864691136742067804,864691136314491965,1,2240.0
864691136742067804,864691136523118481,1,4332.0
864691136742067804,864691136925049316,1,2864.0
864691136742067804,864691136991202453,1,2040.0
864691136742800476,864691135012916118,1,2824.0
864691136742800476,864691135066232644,1,4844.0
864691136742800476,864691136106216153,1,55976.0
864691136811814771,864691135565447959,1,2808.0
864691136811814771,864691135777319341,1,3280.0
864691136811814771,864691135915709030,1,25336.0
864691136811814771,864691135952315939,1,1200.0
864691136811814771,864691136238377788,1,8140.0
864691136811814771,864691136557075618,1,1592.0
864691136812192115,864691135123341607,1,17828.0
864691136812192115,864691135510883081,1,4872.0
864691136812192115,864691136013489827,1,15684.0
864691136812736371,864691134989053818,1,2740.0
864691136812736371,864691135275197669,1,432.0
864691136812964723,864691134965345055,1,21040.0
864691136812964723,864691135491867999,1,224.0
864691136812964723,864691136110005176,1,14144.0
864691136813512563,864691135375498952,1,284.0
864691136813512563,864691135498496531,1,6996.0
864691136813512563,864691135565468951,1,2152.0
864691136813512563,864691135948237921,3,9624.0
864691136813512563,864691136021902840,1,3172.0
864691136813512563,864691136090181175,1,13256.0
864691136813512563,864691136108479705,1,10444.0
864691136814419571,864691134887418874,1,4056.0
864691136814419571,864691134941481315,1,11796.0
864691136814419571,864691135463505821,1,33868.0
864691136814419571,864691135986907907,1,2876.0
864691136814463603,864691135123043111,1,3792.0
864691136814463603,864691135470680658,1,5472.0
864691136814463603,864691135538399602,1,2372.0
864691136814463603,864691135566168599,1,3488.0
864691136814463603,864691135917380710,1,7424.0
864691136814463603,864691136287554499,1,1144.0
864691136814569075,864691134948870652,1,12816.0
864691136814569075,864691135281097889,1,1448.0
864691136814569075,864691135658297986,1,9608.0
864691136814569075,864691136093202356,1,240.0
864691136814569075,864691136120476440,1,4048.0
864691136814569075,864691136268629236,2,24704.0
864691136814569075,864691136604110801,1,28940.0
864691136814569075,864691136673938055,1,10600.0
864691136814569075,864691136741503324,1,25380.0
864691136814569075,864691136905203378,1,18332.0
864691136814569075,864691136923834596,1,3228.0
864691136903658162,864691135294190518,1,10096.0
864691136903658162,864691135344013233,1,6728.0
864691136903658162,864691136136073867,1,9184.0
864691136903945394,864691135360959815,1,10932.0
864691136903945394,864691135490944359,1,7332.0
864691136903945394,864691135569140716,2,4436.0
864691136903945394,864691135866784389,1,9292.0
864691136903945394,864691136109748664,1,1644.0
864691136904069042,864691135277506533,1,9096.0
864691136904069042,864691135540508018,1,24484.0
864691136904069042,864691135778467517,1,1880.0
864691136904069042,864691135919977904,1,9476.0
864691136904069042,864691135940269313,1,3544.0
864691136904069042,864691135947166305,1,596.0
864691136904069042,864691135954520611,1,568.0
864691136904069042,864691136120754200,1,1220.0
864691136904069042,864691136362531554,1,20468.0
864691136904074930,864691135304660135,1,1944.0
864691136904074930,864691135360132423,1,1008.0
864691136904074930,864691135749574953,1,26800.0
864691136904074930,864691136274783245,1,920.0
864691136904238002,864691135394869237,1,2072.0
864691136904761266,864691135013421302,1,29056.0
864691136904761266,864691135083949303,1,2332.0
864691136904761266,864691135280864417,1,1408.0
864691136904761266,864691135293480972,1,38712.0
864691136904761266,864691135408801225,1,39672.0
864691136904761266,864691135498826771,2,54304.0
864691136904761266,864691135545440808,1,3424.0
864691136904761266,864691135546276904,1,15248.0
864691136904761266,864691135570156934,2,38092.0
864691136904761266,864691135579303685,1,13004.0
864691136904761266,864691135688186080,2,32020.0
864691136904761266,864691135754741453,1,752.0
864691136904761266,864691135856683822,1,2076.0
864691136904761266,864691135860412776,2,50836.0
864691136904761266,864691135861059176,1,8620.0
864691136904761266,864691135885140848,1,2952.0
864691136904761266,864691135969919589,1,17192.0
864691136904761266,864691135997042858,1,256.0
864691136904761266,864691136011969187,1,7264.0
864691136904761266,864691136020242680,1,42448.0
864691136904761266,864691136108938168,2,26828.0
864691136904761266,864691136211336380,1,26072.0
864691136904761266,864691136419115159,1,8516.0
864691136904761266,864691136912866289,1,4284.0
864691136904761266,864691136968447438,1,276.0
864691136905203378,864691135123205927,1,1724.0
864691136905203378,864691135441630792,1,3756.0
864691136905203378,864691135511325648,1,3968.0
864691136905203378,864691135698360597,1,4088.0
864691136905203378,864691135988018691,1,35360.0
864691136905203378,864691136137542013,1,7048.0
864691136905203378,864691136451377407,1,2396.0
864691136906083250,864691135119053789,1,4220.0
864691136906083250,864691135123043111,1,12948.0
864691136906083250,864691135397781537,1,11064.0
864691136906083250,864691135498826771,1,4116.0
864691136906083250,864691135566168599,2,21140.0
864691136906083250,864691135774389755,1,33440.0
864691136906083250,864691135779049056,1,18828.0
864691136906083250,864691135917432166,1,3700.0
864691136906083250,864691136043384406,1,4184.0
864691136906083250,864691136195798504,2,30664.0
864691136906083250,864691136288592323,1,2568.0
864691136906083250,864691136814463603,1,3624.0
864691136906083250,864691136927187786,1,7284.0
864691136912527089,864691135807342621,2,31976.0
864691136912527089,864691136031893691,1,280.0
864691136912527089,864691136137749117,1,3140.0
864691136912527089,864691136419226519,1,2416.0
864691136912527089,864691136673704071,1,11560.0
864691136912527089,864691137054934902,1,1576.0
864691136912677105,864691134884807418,1,5388.0
864691136912677873,864691135346616479,1,5832.0
864691136912677873,864691135490213946,1,3280.0
864691136912677873,864691136084973676,1,12452.0
864691136912677873,864691136106193369,1,9920.0
864691136912996337,864691135355998671,1,19604.0
864691136912996337,864691135616668777,1,572.0
864691136912996337,864691135926593294,1,3024.0
864691136912996337,864691136237704463,1,344.0
864691136912996337,864691136313050173,1,6500.0
864691136912996337,864691136390418815,1,3596.0
864691136913075953,864691137197537601,1,4872.0
864691136913401841,864691134919213834,1,4536.0
864691136913401841,864691135012916118,1,6300.0
864691136913401841,864691135270451109,1,3680.0
864691136913401841,864691135292824758,1,7456.0
864691136913401841,864691135383435482,1,528.0
864691136913401841,864691135395987701,3,40996.0
864691136913401841,864691135468919948,1,6660.0
864691136913401841,864691135509643017,1,19708.0
864691136913401841,864691135517951114,1,6384.0
864691136913401841,864691135517952906,1,25652.0
864691136913401841,864691135585095032,1,17936.0
864691136913401841,864691135610249479,1,7552.0
864691136913401841,864691135699964962,1,11076.0
864691136913401841,864691135719395377,1,4800.0
864691136913401841,864691135808286237,1,31128.0
864691136913401841,864691135842884579,1,18268.0
864691136913401841,864691135885652848,1,3776.0
864691136913401841,864691136042105942,2,16188.0
864691136913401841,864691136195690984,1,11124.0
864691136913401841,864691136273791934,2,10152.0
864691136913401841,864691136379307477,2,8764.0
864691136913401841,864691136391264383,1,3968.0
864691136913458929,864691136238595900,1,2976.0
864691136914332913,864691135954929416,1,2640.0
864691136914332913,864691136311742013,1,8904.0
864691136914414321,864691134884807418,1,3204.0
864691136914414321,864691135100918816,3,15944.0
864691136914414321,864691135293594892,1,1876.0
864691136914414321,864691135355998671,1,11776.0
864691136914414321,864691135408801225,1,21180.0
864691136914414321,864691135463681086,1,420.0
864691136914414321,864691135470700626,1,27148.0
864691136914414321,864691135491136615,1,2724.0
864691136914414321,864691135498826771,2,19292.0
864691136914414321,864691135503150429,1,4240.0
864691136914414321,864691135511543561,1,3532.0
864691136914414321,864691135518453642,1,13620.0
864691136914414321,864691135520041610,2,17184.0
864691136914414321,864691135583126893,1,7136.0
864691136914414321,864691135654715586,1,21060.0
864691136914414321,864691135661257200,1,1052.0
864691136914414321,864691135683223026,1,14352.0
864691136914414321,864691135737932164,1,13356.0
864691136914414321,864691135741340779,3,24452.0
864691136914414321,864691135741910164,1,904.0
864691136914414321,864691135777517245,2,28472.0
864691136914414321,864691135811532492,2,25344.0
864691136914414321,864691135874501774,1,5576.0
864691136914414321,864691135884302192,1,9072.0
864691136914414321,864691135943544436,1,1408.0
864691136914414321,864691136085320300,1,16432.0
864691136914414321,864691136135414411,1,4592.0
864691136914414321,864691136137658493,2,11152.0
864691136914414321,864691136145520692,1,868.0
864691136914414321,864691136195031510,1,5316.0
864691136914414321,864691136274035469,3,46496.0
864691136914414321,864691136287554499,3,45012.0
864691136914414321,864691136313050173,1,3860.0
864691136914414321,864691136329390058,1,3328.0
864691136914414321,864691136991307157,1,38000.0
864691136914514929,864691136021299448,1,1504.0
864691136923532260,864691135778917821,1,432.0
864691136923532260,864691136194092502,1,18764.0
864691136923703780,864691135281088929,1,2200.0
864691136923703780,864691135469504850,1,2376.0
864691136923703780,864691135755751885,1,252.0
864691136923703780,864691136108329689,3,9504.0
864691136923703780,864691136194961896,1,1800.0
864691136923703780,864691136362342626,1,3600.0
864691136923703780,864691136438717086,1,272.0
864691136923742692,864691134940504419,1,5284.0
864691136923742692,864691134941481315,1,5936.0
864691136923742692,864691135272821009,1,8812.0
864691136923742692,864691135355998671,1,3344.0
864691136923742692,864691135383766763,1,19892.0
864691136923742692,864691135809883933,1,6604.0
864691136923742692,864691136008452268,1,2044.0
864691136923742692,864691136912996337,1,12048.0
864691136923754212,864691135081649143,1,1464.0
864691136923754212,864691135123205927,1,4076.0
864691136923754212,864691135503979842,1,2060.0
864691136923754212,864691135546276904,1,468.0
864691136923754212,864691135590942219,1,8504.0
864691136923754212,864691135693706687,1,3120.0
864691136923754212,864691136024395321,1,3024.0
864691136923754212,864691136451377407,1,220.0
864691136923834596,864691135446939476,1,9896.0
864691136923834596,864691135737334404,1,11720.0
864691136923834596,864691135740166548,1,30096.0
864691136923834596,864691135777517245,1,23100.0
864691136923834596,864691135841940963,1,16684.0
864691136923834596,864691136109661368,1,21000.0
864691136923834596,864691136110005176,1,4972.0
864691136923834596,864691136238372412,1,9008.0
864691136923834596,864691136602354129,1,6464.0
864691136924049892,864691135774389755,1,4412.0
864691136924049892,864691135857834542,1,3904.0
864691136924049892,864691136238679567,1,3464.0
864691136925049316,864691135743102827,1,748.0
864691136925049316,864691135839929235,1,9332.0
864691136925049316,864691136120658712,1,5044.0
864691136926312266,864691135274940901,1,5680.0
864691136926422602,864691135355998671,1,3696.0
864691136926422602,864691135446432146,1,688.0
864691136926422602,864691135463221661,1,6004.0
864691136926422602,864691135466283333,1,14776.0
864691136926422602,864691135479024582,1,28864.0
864691136926422602,864691135502100829,1,11176.0
864691136926422602,864691135545440808,2,10016.0
864691136926422602,864691135570156934,2,6672.0
864691136926422602,864691135579303685,1,6664.0
864691136926422602,864691135585875836,1,3204.0
864691136926422602,864691135941264038,1,4304.0
864691136926428234,864691135275348453,1,5148.0
864691136926428234,864691135911505833,1,1208.0
864691136926434378,864691135510600457,1,2904.0
864691136926434378,864691135807342621,2,16648.0
864691136927187786,864691135156270948,1,4040.0
864691136927187786,864691135257507247,1,4352.0
864691136927187786,864691135477298240,1,2408.0
864691136927187786,864691135654692034,1,1812.0
864691136927187786,864691135741466516,1,4184.0
864691136927187786,864691135774389755,1,2852.0
864691136927187786,864691135777684320,2,8928.0
864691136927187786,864691135809355293,1,5008.0
864691136927187786,864691135915709030,1,3720.0
864691136927187786,864691136051255539,1,1760.0
864691136927187786,864691136195798504,1,1448.0
864691136927733322,864691135431658800,1,39264.0
864691136927733322,864691135848300126,1,2220.0
864691136952404959,864691134940504419,1,9900.0
864691136952404959,864691135013711766,1,4212.0
864691136952404959,864691135335385065,1,1476.0
864691136952404959,864691135397781537,1,7360.0
864691136952404959,864691135463505821,1,31152.0
864691136952404959,864691135737747844,1,2012.0
864691136952404959,864691136287554499,1,5624.0
864691136952404959,864691136420195223,1,18348.0
864691136952404959,864691137198306113,1,14428.0
864691136952851679,864691136032431803,1,484.0
864691136952851679,864691136109459384,1,11116.0
864691136952921311,864691135408187081,1,29796.0
864691136952921311,864691135847940446,1,28040.0
864691136966457806,864691136136766845,1,3236.0
864691136966611918,864691136119592472,1,1328.0
864691136968447438,864691135257507247,1,3296.0
864691136968447438,864691135292980662,1,4484.0
864691136968447438,864691135490213946,1,10432.0
864691136968447438,864691135545440808,1,5356.0
864691136968447438,864691135546276904,2,35260.0
864691136968447438,864691135565518167,1,6992.0
864691136968447438,864691135658414210,1,13224.0
864691136968447438,864691135741175915,1,18816.0
864691136968447438,864691135777451360,1,14104.0
864691136968447438,864691135777684320,1,19356.0
864691136968447438,864691135915709030,1,35548.0
864691136974910236,864691134918384906,1,4072.0
864691136974910236,864691135133383840,1,1952.0
864691136974910236,864691135383334106,1,9012.0
864691136974910236,864691135408801225,1,18648.0
864691136974910236,864691135468879186,1,9032.0
864691136974910236,864691135700148002,1,9492.0
864691136974910236,864691135778128573,2,18092.0
864691136974910236,864691135816436047,1,18076.0
864691136974910236,864691135867616534,1,10560.0
864691136974910236,864691135884302192,1,21236.0
864691136974910236,864691136040153854,1,2808.0
864691136974910236,864691136175784966,1,6988.0
864691136974910236,864691136724803581,1,55208.0
864691136974910236,864691136904761266,1,6808.0
864691136975076636,864691135565882903,1,1700.0
864691136976002076,864691135122458151,2,19816.0
864691136976002076,864691135719185713,2,30676.0
864691136976002076,864691135810492189,1,9824.0
864691136976002076,864691136297696283,1,23608.0
864691136976002076,864691136483775788,1,13180.0
864691136989941653,864691135477298240,1,7824.0
864691136989941653,864691135545440808,1,1872.0
864691136989941653,864691135658414210,1,2320.0
864691136989941653,864691135777451360,2,36904.0
864691136989941653,864691135947525985,1,1668.0
864691136989941653,864691136040892158,1,1176.0
864691136989989525,864691135195175978,1,5100.0
864691136989989525,864691135615114443,1,4180.0
864691136989989525,864691135616421225,1,436.0
864691136989989525,864691135655103682,3,4444.0
864691136989989525,864691135737641860,1,12768.0
864691136989989525,864691136057019096,1,3908.0
864691136989989525,864691136389171575,1,10376.0
864691136989989525,864691136595448738,2,6344.0
864691136990302357,864691134941328739,1,6088.0
864691136990302357,864691135359812952,1,2488.0
864691136990302357,864691135455053162,1,3576.0
864691136990302357,864691135865629660,1,692.0
864691136990302357,864691136578257428,1,16596.0
864691136990522517,864691135082714871,1,13612.0
864691136990522517,864691135100918816,1,3004.0
864691136990522517,864691135157942116,1,9044.0
864691136990522517,864691135346616479,1,424.0
864691136990522517,864691135374144841,1,1980.0
864691136990522517,864691135468907090,3,68056.0
864691136990522517,864691135503836253,1,2716.0
864691136990522517,864691135545440808,1,4352.0
864691136990522517,864691135568146156,1,26540.0
864691136990522517,864691135585875836,1,20380.0
864691136990522517,864691135777319341,1,4420.0
864691136990522517,864691135841940963,1,8268.0
864691136990522517,864691135910785193,1,36628.0
864691136990522517,864691136066690456,1,3736.0
864691136990522517,864691136106783705,1,2924.0
864691136990522517,864691136110005176,1,23956.0
864691136990522517,864691136195242454,1,27100.0
864691136990522517,864691136373008520,1,9336.0
864691136990522517,864691137197537601,1,1428.0
864691136991202453,864691135195337002,1,380.0
864691136991202453,864691135281088929,1,1872.0
864691136991202453,864691135294507190,1,1072.0
864691136991202453,864691135355904975,1,12036.0
864691136991202453,864691135502729309,1,9172.0
864691136991202453,864691135741340779,2,4656.0
864691136991202453,864691135778624685,1,7388.0
864691136991202453,864691135947166305,1,5820.0
864691136991202453,864691136009073582,1,360.0
864691136991202453,864691136195690984,1,1700.0
864691136991202453,864691136927187786,1,2228.0
864691136991307157,864691135082573559,1,8152.0
864691136991307157,864691135367723513,2,5660.0
864691136991307157,864691135655276738,2,26056.0
864691136991307157,864691135720038961,1,29936.0
864691136991307157,864691135741175915,1,2948.0
864691136991307157,864691135972219338,1,15756.0
864691136991307157,864691136267400948,1,1264.0
864691136991307157,864691137197537601,1,10692.0
864691136991502997,864691135210662592,1,14104.0
864691136991502997,864691135374121545,1,1288.0
864691136991502997,864691135919409328,1,6956.0
864691136992347541,864691135157942116,1,288.0
864691136992347541,864691135367723513,1,7048.0
864691137019563886,864691135655141058,1,2520.0
864691137021753710,864691135491369959,1,5808.0
864691137021753710,864691135774389755,1,9596.0
864691137054683510,864691135397136161,1,3244.0
864691137054703222,864691135616048587,1,20156.0
864691137054703222,864691135719185713,1,6536.0
864691137054703222,864691135749099561,2,35484.0
864691137054703222,864691135928156372,1,10632.0
864691137054703222,864691136379209429,1,5468.0
864691137054807414,864691135618877839,1,4000.0
864691137197722689,864691135183367170,1,4548.0
864691137197722689,864691135355998671,1,33240.0
864691137197722689,864691135367723513,1,4244.0
864691137197722689,864691135464449605,1,20796.0
864691137197722689,864691135546276904,1,3268.0
864691137197722689,864691135658414210,1,33140.0
864691137197722689,864691135762574646,1,6044.0
864691137197722689,864691135777451360,1,38612.0
864691137197722689,864691135940062209,2,19748.0
864691137197722689,864691136390534007,3,15584.0
864691137197722689,864691136419952535,1,4676.0
864691137197722689,864691136923742692,1,5684.0
864691137197751617,864691135940062209,1,6488.0
864691137197964097,864691135688186080,1,1752.0
864691137198306113,864691135786211268,1,9028.0
864691137198306113,864691135987888643,1,1956.0
864691137199038273,864691135015004662,1,1872.0
864691137199038273,864691135157942116,1,9580.0
864691137199038273,864691135408058569,2,1900.0
864691137199038273,864691135699607829,1,7196.0
864691137199038273,864691135786211268,1,2992.0
864691137199038273,864691136273791934,1,1820.0
864691137199038273,864691136742067804,1,12364.0
864691137199038273,864691136914414321,1,1268.0
864691137199871553,864691135375107272,1,1724.0
864691137199871553,864691135455400554,1,3744.0
864691137199871553,864691135697586586,1,3696.0
864691137199871553,864691135843077603,1,8064.0
864691137199871553,864691135865245054,1,10700.0
