matrix_index,nucleus_id,pt_root_id,classification_system,cell_type,layer,brain_area,strategy_axon,strategy_dendrite,pt_position_x,pt_position_y,pt_position_z,session,scan_idx,functional_unit_id,cc_abs,h5_key
0,262198,864691135214931072,excitatory_neuron,4P,L4,V1,axon_partially_extended,dendrite_extended,595.7081749570898,335.79561296155777,759.4000000000001,8.0,5.0,8361,0.906062,8_5
1,396772,864691135860969064,excitatory_neuron,4P,L4,V1,axon_partially_extended,dendrite_extended,895.7132179682765,345.5318245377308,847.6000000000003,8.0,5.0,8306,0.891495,8_5
2,396178,864691135977134403,excitatory_neuron,4P,L4,V1,axon_partially_extended,dendrite_extended,910.0854733046311,342.80607683358977,718.0000000000001,4.0,7.0,5734,0.886413,4_7
3,294715,864691135842486243,excitatory_neuron,23P,L2/3,V1,axon_partially_extended,dendrite_clean,711.3217876633166,207.59215036785633,878.0000000000002,4.0,7.0,3120,0.883082,4_7
4,394533,864691136138131325,excitatory_neuron,4P,L4,V1,axon_partially_extended,dendrite_extended,880.8881064677305,260.90971827112713,835.4800000000002,6.0,2.0,4393,0.880466,6_2
5,301095,864691135617152361,excitatory_neuron,5P-IT,L5,V1,axon_fully_extended,dendrite_extended,673.1745870290437,406.4320486070391,850.2000000000003,5.0,7.0,7043,0.878471,5_7
6,262773,864691136023889209,excitatory_neuron,4P,L4,V1,axon_interareal,dendrite_extended,613.3651884838455,307.2739897027744,860.1200000000002,9.0,3.0,7844,0.878076,9_3
7,301189,864691135689417440,excitatory_neuron,5P-IT,L5,V1,axon_fully_extended,dendrite_extended,658.9599019819995,388.99881846993213,875.0000000000002,6.0,4.0,6882,0.869982,6_4
8,296507,864691136336039091,excitatory_neuron,23P,L2/3,V1,axon_fully_extended,dendrite_extended,678.4350146417462,240.56334458686686,823.7200000000003,6.0,6.0,4827,0.866929,6_6
9,262677,864691136438666398,excitatory_neuron,4P,L4,V1,axon_fully_extended,dendrite_extended,627.4860597022574,344.8717756486652,819.2400000000002,4.0,7.0,6329,0.851952,4_7
10,489675,864691135440543560,excitatory_neuron,4P,L2/3,RL,axon_interareal,dendrite_extended,1110.7384995756065,244.20694089265373,1078.0000000000002,6.0,4.0,4754,0.847048,6_4
11,559381,864691135809608652,excitatory_neuron,5P-IT,L5,RL,axon_interareal,dendrite_extended,1188.4330884463805,407.6965979973203,1047.8400000000001,5.0,7.0,7030,0.846506,5_7
12,493885,864691136084313196,excitatory_neuron,5P-ET,L5,RL,axon_interareal,dendrite_extended,1093.7635592789063,403.71846687721535,1005.0000000000002,6.0,2.0,7324,0.841667,6_2
13,294545,864691136390474359,excitatory_neuron,23P,L2/3,V1,axon_fully_extended,dendrite_extended,681.8009857055245,207.96466046008334,844.6400000000002,8.0,5.0,2039,0.839235,8_5
14,298938,864691135810492189,excitatory_neuron,4P,L4,V1,axon_fully_extended,dendrite_extended,691.4233563371827,343.97687285083515,851.1200000000002,8.0,5.0,8165,0.834933,8_5
15,294591,864691136579129876,excitatory_neuron,4P,L2/3,V1,axon_partially_extended,dendrite_clean,712.5207907484494,241.61812949560297,846.2800000000002,6.0,6.0,4042,0.821886,6_6
16,300958,864691136675427975,excitatory_neuron,5P-IT,L5,V1,axon_partially_extended,dendrite_extended,677.2197407557666,389.56843584680354,830.2400000000002,6.0,4.0,7183,0.82043,6_4
17,335092,864691136314473021,excitatory_neuron,5P-IT,L5,V1,axon_partially_extended,dendrite_extended,743.694030174337,414.01507877167427,780.8000000000002,5.0,7.0,6862,0.816924,5_7
18,301192,864691134949248508,excitatory_neuron,5P-IT,L5,V1,axon_partially_extended,dendrite_extended,663.4970441151082,395.88445840126514,894.6000000000003,6.0,2.0,6950,0.815766,6_2
19,256443,864691136042982742,excitatory_neuron,23P,L2/3,V1,axon_fully_extended,dendrite_extended,650.1273768615357,116.92167751906801,817.4400000000003,6.0,4.0,1781,0.811152,6_4
20,256595,864691135994226881,excitatory_neuron,23P,L2/3,V1,axon_fully_extended,dendrite_extended,631.3493939732721,105.38516857363395,901.4800000000002,6.0,4.0,1640,0.810469,6_4
21,300763,864691135015154934,excitatory_neuron,5P-IT,L5,V1,axon_fully_extended,dendrite_extended,663.2824512434541,377.0420543641091,807.4400000000003,6.0,6.0,6978,0.808905,6_6
22,264870,864691136953873631,excitatory_neuron,5P-IT,L5,V1,axon_interareal,dendrite_extended,594.8143707749246,369.5100062392655,848.3200000000003,6.0,7.0,6868,0.808387,6_7
23,582010,864691135387690069,excitatory_neuron,23P,L2/3,AL,axon_fully_extended,dendrite_extended,1325.6737825447049,218.81114645747778,700.9600000000002,4.0,7.0,2607,0.806907,4_7
24,301182,864691136380757461,excitatory_neuron,5P-IT,L5,V1,axon_fully_extended,dendrite_extended,654.4907070787979,400.4287969877246,877.6800000000003,6.0,2.0,7263,0.80641,6_2
25,367994,864691135849088094,excitatory_neuron,5P-IT,L5,V1,axon_partially_extended,dendrite_extended,840.5662496521345,409.7056503356246,868.2000000000003,5.0,6.0,6947,0.805571,5_6
26,298946,864691135567059223,excitatory_neuron,4P,L4,V1,axon_fully_extended,dendrite_extended,699.6152522913819,343.60141489636425,846.0000000000002,4.0,7.0,5965,0.79814,4_7
27,557121,864691135593659947,excitatory_neuron,4P,L4,RL,axon_interareal,dendrite_extended,1224.3406632327212,334.3229404289303,1020.2800000000002,7.0,5.0,7366,0.795849,7_5
28,194975,864691135646147567,excitatory_neuron,4P,L4,V1,axon_partially_extended,dendrite_extended,517.155591232016,342.9284467683476,869.8400000000003,4.0,7.0,6289,0.79505,4_7
29,296511,864691136742244188,excitatory_neuron,4P,L4,V1,axon_partially_extended,dendrite_clean,680.5989482887039,258.4198933903608,824.4400000000003,6.0,4.0,4360,0.794839,6_4
30,258382,864691135741930603,excitatory_neuron,23P,L2/3,V1,axon_partially_extended,dendrite_clean,656.6107097945063,197.02354902080174,897.8000000000003,8.0,5.0,5685,0.794313,8_5
31,525498,864691135233242713,excitatory_neuron,5P-ET,L5,RL,axon_interareal,dendrite_extended,1132.0449207701688,370.7695267064712,984.6800000000003,6.0,6.0,6337,0.793051,6_6
32,296602,864691136034181307,excitatory_neuron,4P,L4,V1,axon_partially_extended,dendrite_clean,666.3911419380581,285.70141590473946,860.8800000000002,5.0,6.0,5161,0.792248,5_6
33,264580,864691135571192966,excitatory_neuron,5P-IT,L5,V1,axon_partially_extended,dendrite_extended,605.2620201400699,402.09658063337724,810.0800000000003,6.0,2.0,7068,0.792179,6_2
34,264918,864691135994235841,excitatory_neuron,5P-IT,L5,V1,axon_fully_extended,dendrite_extended,636.1130662985634,412.9547450697128,852.8800000000002,5.0,7.0,7239,0.791789,5_7
35,260489,864691135662059248,excitatory_neuron,4P,L4,V1,axon_partially_extended,dendrite_extended,603.3631696552306,286.48314086603773,838.0800000000003,5.0,6.0,4780,0.786636,5_6
36,518134,864691136136778621,excitatory_neuron,23P,L2/3,RL,axon_interareal,dendrite_clean,1193.6328517519696,162.48066657856882,742.7200000000001,5.0,6.0,1466,0.785517,5_6
37,262937,864691135396940021,excitatory_neuron,4P,L4,V1,axon_fully_extended,dendrite_extended,641.1282081577531,333.60188188172054,899.6800000000003,4.0,7.0,6159,0.783643,4_7
38,296641,864691136021865976,excitatory_neuron,4P,L4,V1,axon_partially_extended,dendrite_clean,696.9286946513126,270.7701209078143,858.2800000000002,5.0,7.0,4656,0.782039,5_7
39,330326,864691136378815445,excitatory_neuron,4P,L4,V1,axon_interareal,dendrite_extended,769.9898125720638,294.8293696111737,820.2000000000003,5.0,6.0,4909,0.781955,5_6
40,292881,864691135861093992,excitatory_neuron,23P,L2/3,V1,axon_partially_extended,dendrite_clean,719.9657589229946,154.31880092498898,875.8400000000003,9.0,4.0,7795,0.778901,9_4
41,299038,864691135493149927,excitatory_neuron,4P,L5,V1,axon_fully_extended,dendrite_extended,669.4403831117119,364.6676652031891,886.4000000000002,6.0,7.0,6975,0.778331,6_7
42,493968,864691135117980637,excitatory_neuron,4P,L4,RL,axon_partially_extended,dendrite_extended,1108.5288732737515,344.36348516014607,1029.3200000000002,4.0,7.0,5631,0.774783,4_7
43,260700,864691135157198692,excitatory_neuron,23P,L2/3,V1,axon_partially_extended,dendrite_clean,633.3560177927385,237.3903770346911,874.9600000000003,6.0,6.0,4105,0.773616,6_6
44,258489,864691136373008520,excitatory_neuron,23P,L2/3,V1,axon_partially_extended,dendrite_extended,663.1217877470914,193.09608165679225,914.4800000000002,8.0,5.0,2446,0.77267,8_5
45,264928,864691135587519868,excitatory_neuron,5P-IT,L5,V1,axon_partially_extended,dendrite_extended,643.037520715139,387.413057203936,856.5600000000003,6.0,4.0,7018,0.77175,6_4
46,258316,864691135739587697,excitatory_neuron,23P,L2/3,V1,axon_partially_extended,dendrite_clean,658.756464518673,228.3056015216163,858.5600000000003,6.0,6.0,4267,0.769595,6_6
47,610498,864691135952122147,excitatory_neuron,23P,L2/3,AL,axon_fully_extended,dendrite_extended,1333.3576208781249,183.12102540884777,791.5200000000002,7.0,5.0,2237,0.769448,7_5
48,264889,864691135324623260,excitatory_neuron,5P-IT,L5,V1,axon_partially_extended,dendrite_extended,614.9838398630295,381.296743391844,851.6800000000003,6.0,6.0,6825,0.767697,6_6
49,230236,864691137199828801,excitatory_neuron,5P-IT,L5,V1,axon_partially_extended,dendrite_extended,584.5714012533472,395.5322952888484,792.3600000000002,6.0,2.0,6983,0.767578,6_2
50,262772,864691135280944545,excitatory_neuron,4P,L5,V1,axon_fully_extended,dendrite_extended,608.851052083405,361.8080754524981,846.0800000000003,6.0,7.0,7025,0.765639,6_7
51,262820,864691135465100189,excitatory_neuron,4P,L4,V1,axon_fully_extended,dendrite_extended,648.5189864951878,317.41644016495223,846.9600000000003,7.0,3.0,5156,0.763416,7_3
52,301225,864691136905560754,excitatory_neuron,5P-ET,L5,V1,axon_partially_extended,dendrite_extended,688.6721467874567,404.06173016125496,881.3600000000002,6.0,2.0,6931,0.762247,6_2
53,256437,864691136604001745,excitatory_neuron,23P,L2/3,V1,axon_fully_extended,dendrite_extended,640.1834500566191,159.3524691649761,822.7200000000003,9.0,4.0,5280,0.762188,9_4
54,582444,864691135455123562,excitatory_neuron,23P,L2/3,RL,axon_interareal,dendrite_clean,1300.4093745699058,206.5144154413534,869.8800000000002,8.0,5.0,1551,0.761224,8_5
55,192545,864691136125411622,excitatory_neuron,4P,L4,V1,axon_partially_extended,dendrite_extended,532.2172021944762,268.43769285072705,791.7600000000002,6.0,2.0,4673,0.761066,6_2
56,557030,864691135700409211,excitatory_neuron,4P,L4,RL,axon_interareal,dendrite_extended,1208.5354771059908,336.5378561156796,983.2000000000003,8.0,5.0,8232,0.760413,8_5
57,298610,864691135101595680,excitatory_neuron,4P,L4,V1,axon_partially_extended,dendrite_extended,715.394224888125,349.0292977056404,760.3200000000002,8.0,5.0,7880,0.75707,8_5
58,260518,864691136101340021,excitatory_neuron,4P,L4,V1,axon_partially_extended,dendrite_clean,631.5606925781636,256.442402842303,830.0400000000003,6.0,4.0,4417,0.756511,6_4
59,255125,864691136011684526,excitatory_neuron,23P,L2/3,V1,axon_fully_extended,dendrite_extended,653.8218989654686,102.59716725087556,820.0400000000003,6.0,6.0,1672,0.755998,6_6
60,335175,864691136991390869,excitatory_neuron,5P-IT,L5,V1,axon_interareal,dendrite_extended,726.6504774327707,425.2443661019303,790.5200000000002,5.0,6.0,6994,0.755089,5_6
61,585723,864691135915343462,excitatory_neuron,4P,L4,RL,axon_interareal,dendrite_extended,1269.7161883368517,342.9183862884774,800.6400000000002,7.0,5.0,6684,0.753764,7_5
62,262688,864691136381301461,excitatory_neuron,4P,L4,V1,axon_fully_extended,dendrite_extended,634.331151018779,348.87560042860764,829.7600000000002,4.0,7.0,6314,0.752539,4_7
63,258307,864691136144674612,excitatory_neuron,23P,L2/3,V1,axon_fully_extended,dendrite_extended,649.1258863409307,212.81529603843106,844.5200000000002,8.0,5.0,5493,0.751455,8_5
64,225880,864691135368949241,excitatory_neuron,4P,L4,V1,axon_partially_extended,dendrite_extended,578.7177426112797,251.69075483372745,752.4800000000001,6.0,4.0,4888,0.749696,6_4
65,301241,864691135405733870,excitatory_neuron,5P-IT,L5,V1,axon_fully_extended,dendrite_extended,704.1773942218033,376.63674115488175,888.5200000000002,6.0,6.0,6968,0.749049,6_6
66,518853,864691136137834877,excitatory_neuron,23P,L2/3,RL,axon_interareal,dendrite_extended,1157.4224768804454,168.820850776497,923.2000000000003,7.0,5.0,2245,0.748279,7_5
67,300817,864691136619693275,excitatory_neuron,5P-IT,L5,V1,axon_partially_extended,dendrite_extended,684.4702895728362,376.4544601776447,809.1600000000002,6.0,7.0,7157,0.746542,6_7
68,558663,864691137054934902,excitatory_neuron,4P,L4,RL,axon_partially_extended,dendrite_extended,1202.3066501455817,351.9255328310671,758.6800000000002,8.0,5.0,7473,0.746439,8_5
69,396875,864691136674492295,excitatory_neuron,4P,L4,V1,axon_partially_extended,dendrite_extended,871.3217186781163,354.83336045273495,880.8400000000003,4.0,7.0,5807,0.745865,4_7
70,258301,864691135493686111,excitatory_neuron,23P,L2/3,V1,axon_partially_extended,dendrite_clean,645.2477247090211,196.92883921644645,859.0800000000003,9.0,6.0,4737,0.738741,9_6
71,260739,864691136620914829,excitatory_neuron,4P,L4,V1,axon_fully_extended,dendrite_extended,654.642265473122,270.9252059098974,892.6800000000003,5.0,6.0,5065,0.738441,5_6
72,300897,864691135362104647,excitatory_neuron,5P-ET,L5,V1,axon_partially_extended,dendrite_extended,652.5113089355399,421.5847859977063,836.8400000000003,5.0,6.0,7590,0.736284,5_6
73,294671,864691135731679929,excitatory_neuron,23P,L2/3,V1,axon_partially_extended,dendrite_extended,698.4074050927735,231.83885378959292,901.5600000000003,6.0,7.0,3737,0.735825,6_7
74,556823,864691135162908461,excitatory_neuron,4P,L4,RL,axon_interareal,dendrite_extended,1186.3929103522553,339.2262343547614,916.7200000000003,4.0,7.0,5564,0.735344,4_7
75,296510,864691135476495936,excitatory_neuron,4P,L4,V1,axon_fully_extended,dendrite_extended,676.9946274629448,285.6654336379866,822.8800000000002,5.0,6.0,5269,0.735057,5_6
76,190978,864691135778467517,excitatory_neuron,23P,L2/3,V1,axon_partially_extended,dendrite_extended,489.73216236283673,182.7447902828714,978.2800000000002,8.0,5.0,2496,0.734693,8_5
77,299084,864691135504203357,excitatory_neuron,4P,L4,V1,axon_fully_extended,dendrite_extended,703.6956079528887,338.81884219167796,902.3200000000003,4.0,7.0,5970,0.734242,4_7
78,296648,864691135694246079,excitatory_neuron,4P,L4,V1,axon_partially_extended,dendrite_clean,700.6160203018951,254.3249135346446,848.8400000000003,6.0,4.0,4359,0.73198,6_4
79,301246,864691135469845388,excitatory_neuron,5P-IT,L5,V1,axon_partially_extended,dendrite_extended,706.5763250153584,385.1984014522618,881.0400000000003,6.0,4.0,7234,0.731645,6_4
80,269380,864691135778288573,excitatory_neuron,6P-IT,L6,V1,axon_fully_extended,dendrite_extended,594.103628428709,523.7630403271476,861.3600000000002,6.0,4.0,8513,0.731641,6_4
81,460391,864691135857099310,excitatory_neuron,4P,L5,RL,axon_partially_extended,dendrite_extended,1050.1674058187118,374.7847100614272,1009.3200000000003,6.0,6.0,6383,0.728644,6_6
82,296328,864691135405337326,excitatory_neuron,4P,L4,V1,axon_partially_extended,dendrite_extended,704.7032546598002,294.25709348144386,765.1200000000001,5.0,6.0,4676,0.726532,5_6
83,294546,864691135695146943,excitatory_neuron,23P,L2/3,V1,axon_fully_extended,dendrite_extended,682.2950838203086,206.7229990517409,871.2800000000002,4.0,7.0,3818,0.726007,4_7
84,291124,864691135839932307,excitatory_neuron,23P,L2/3,V1,axon_fully_extended,dendrite_extended,729.9156970961533,79.50932252585615,841.6000000000003,4.0,7.0,1070,0.724613,4_7
85,580905,864691134886828794,excitatory_neuron,23P,L2/3,AL,axon_interareal,dendrite_clean,1292.0277985451773,135.62616175047955,802.6000000000003,6.0,2.0,2220,0.724311,6_2
86,298815,864691136299034139,excitatory_neuron,4P,L4,V1,axon_fully_extended,dendrite_extended,694.977822386382,348.14251651119423,818.1600000000002,4.0,7.0,5962,0.723683,4_7
87,192925,864691135067066948,excitatory_neuron,4P,L4,V1,axon_partially_extended,dendrite_extended,526.530940927105,269.54632119205485,880.3600000000002,5.0,7.0,4923,0.723444,5_7
88,298913,864691134966710559,excitatory_neuron,4P,L4,V1,axon_fully_extended,dendrite_extended,678.0088929311798,333.55205575272714,868.6000000000003,4.0,7.0,6480,0.719039,4_7
89,194797,864691135477469352,excitatory_neuron,4P,L4,V1,axon_partially_extended,dendrite_extended,485.80943533926114,314.2312477630943,825.3200000000003,9.0,3.0,8266,0.718867,9_3
90,493806,864691136023980601,excitatory_neuron,5P-IT,L5,RL,axon_interareal,dendrite_extended,1107.4357651023565,372.27843933395104,970.6800000000003,6.0,7.0,6167,0.71849,6_7
91,294684,864691136742067804,excitatory_neuron,23P,L2/3,V1,axon_partially_extended,dendrite_clean,703.7858087043185,210.0165721813073,894.2000000000003,8.0,5.0,4934,0.718151,8_5
92,267205,864691137021264750,excitatory_neuron,5P-IT,L5,V1,axon_partially_extended,dendrite_extended,641.4669618621233,479.53070945848077,855.4000000000002,8.0,5.0,10013,0.715932,8_5
93,296803,864691136381243349,excitatory_neuron,23P,L4,V1,axon_fully_extended,dendrite_extended,717.2787105870858,250.38617459180935,882.9200000000003,6.0,4.0,4361,0.715863,6_4
94,608213,864691135855860782,excitatory_neuron,23P,L2/3,AL,axon_interareal,dendrite_clean,1333.3757419790388,164.5559590845466,777.9200000000002,5.0,6.0,1406,0.710666,5_6
95,330175,864691134919869706,excitatory_neuron,4P,L4,V1,axon_partially_extended,dendrite_extended,735.3230318659091,291.60368588963763,792.0400000000003,5.0,7.0,4617,0.710357,5_7
96,264846,864691136238090767,excitatory_neuron,5P-IT,L5,V1,axon_fully_extended,dendrite_clean,648.0982692865261,394.9227069891926,823.5600000000003,6.0,4.0,6880,0.708775,6_4
97,259167,864691135816565839,excitatory_neuron,23P,L2/3,V1,axon_interareal,dendrite_extended,657.2690256074907,199.77941191477427,1032.2000000000003,4.0,7.0,3753,0.708474,4_7
98,258289,864691135466158917,excitatory_neuron,23P,L2/3,V1,axon_partially_extended,dendrite_extended,631.3938447746715,231.17972899707297,854.2400000000002,6.0,6.0,4414,0.703937,6_6
99,224188,864691134949221372,excitatory_neuron,23P,L2/3,V1,axon_partially_extended,dendrite_extended,594.0028770283134,210.62668087785687,787.9200000000003,8.0,5.0,2091,0.703699,8_5
100,330181,864691135868060950,excitatory_neuron,4P,L4,V1,axon_partially_extended,dendrite_extended,738.8759372511706,298.7244386113224,784.2800000000001,9.0,3.0,2669,0.703397,9_3
101,224406,864691134942169955,excitatory_neuron,23P,L2/3,V1,axon_partially_extended,dendrite_extended,564.823227065931,215.91161759203237,896.4000000000002,4.0,7.0,3239,0.703014,4_7
102,256576,864691135155894884,excitatory_neuron,23P,L2/3,V1,axon_fully_extended,dendrite_extended,618.4397512164188,125.9061074383746,881.2800000000002,5.0,7.0,2177,0.700204,5_7
103,580826,864691135122469671,excitatory_neuron,23P,L2/3,AL,axon_interareal,dendrite_clean,1324.0177617004615,152.55870418578917,733.3200000000002,5.0,7.0,2387,0.699152,5_7
104,301216,864691136125956134,excitatory_neuron,5P-IT,L5,V1,axon_partially_extended,dendrite_extended,680.5726196417063,397.5068666222288,885.3600000000002,6.0,2.0,7054,0.699064,6_2
105,296528,864691136391042167,excitatory_neuron,4P,L4,V1,axon_fully_extended,dendrite_extended,689.7910345613892,259.09560779416756,837.3200000000003,6.0,4.0,4358,0.698509,6_4
106,296727,864691135866576604,excitatory_neuron,4P,L4,V1,axon_partially_extended,dendrite_clean,669.8019102077545,268.011367973475,891.3600000000002,5.0,7.0,5061,0.698504,5_7
107,267294,864691135774389755,excitatory_neuron,5P-ET,L5,V1,axon_fully_extended,dendrite_extended,627.8103048561725,476.28008376150933,889.5600000000003,4.0,7.0,7983,0.696353,4_7
108,264990,864691136288644291,excitatory_neuron,5P-IT,L5,V1,axon_fully_extended,dendrite_extended,616.0309370958319,372.26563784572966,893.6800000000003,6.0,7.0,6908,0.695706,6_7
109,262929,864691135388368001,excitatory_neuron,4P,L4,V1,axon_partially_extended,dendrite_clean,633.0265713036048,352.03793244260544,901.2000000000003,4.0,7.0,6489,0.695685,4_7
110,365335,864691135616048587,excitatory_neuron,4P,L4,V1,axon_partially_extended,dendrite_extended,828.5945722427165,354.8856432213891,758.6800000000002,8.0,5.0,7785,0.695651,8_5
111,583739,864691136334080435,excitatory_neuron,23P,L2/3,AL,axon_partially_extended,dendrite_clean,1324.1533384033241,231.78399663054856,720.6400000000001,7.0,5.0,3997,0.694465,7_5
112,260555,864691135342541509,excitatory_neuron,4P,L4,V1,axon_partially_extended,dendrite_clean,658.3886077706924,258.2113410612592,818.2000000000003,6.0,4.0,4873,0.694294,6_4
113,582388,864691135885140848,excitatory_neuron,23P,L2/3,AL,axon_interareal,dendrite_clean,1313.2388160728592,211.87698112601396,830.2400000000002,7.0,5.0,4022,0.694014,7_5
114,330079,864691135469422674,excitatory_neuron,23P,L2/3,V1,axon_interareal,dendrite_extended,765.9311905619295,247.9612902033417,767.3200000000002,6.0,7.0,3657,0.692576,6_7
115,396122,864691135578146565,excitatory_neuron,5P-IT,L5,V1,axon_partially_extended,dendrite_extended,878.2075320750806,365.71490620056824,713.6800000000002,6.0,6.0,7340,0.690821,6_6
116,260542,864691135988557315,excitatory_neuron,23P,L2/3,V1,axon_partially_extended,dendrite_extended,649.4155072520888,241.81489037572865,836.1200000000002,6.0,6.0,4464,0.69046,6_6
117,256620,864691136312150874,excitatory_neuron,23P,L2/3,V1,axon_partially_extended,dendrite_clean,652.8994824355323,143.24745998961612,897.0800000000003,9.0,4.0,5132,0.690044,9_4
118,256702,864691135101431072,excitatory_neuron,23P,L2/3,V1,axon_partially_extended,dendrite_extended,622.0489853214993,110.35349051469501,915.4400000000003,6.0,2.0,1819,0.688142,6_2
119,554200,864691136925601354,excitatory_neuron,4P,L4,AL,axon_interareal,dendrite_extended,1244.9818893911565,271.69161070748555,625.0000000000001,5.0,6.0,5504,0.688106,5_6
120,265055,864691135741998484,excitatory_neuron,5P-IT,L5,V1,axon_fully_extended,dendrite_extended,653.1803181085794,383.0966349544776,893.8000000000003,6.0,4.0,7250,0.687136,6_4
121,332199,864691136390183696,excitatory_neuron,4P,L4,V1,axon_interareal,dendrite_extended,747.7537210990815,343.38011679394293,712.6000000000001,4.0,7.0,6258,0.68655,4_7
122,294536,864691135325263004,excitatory_neuron,23P,L2/3,V1,axon_partially_extended,dendrite_clean,674.656793850465,182.41277045683486,848.0800000000003,7.0,3.0,2352,0.686017,7_3
123,262699,864691135990004992,excitatory_neuron,4P,L4,V1,axon_partially_extended,dendrite_clean,645.798152070368,314.73710815254395,813.2000000000003,9.0,3.0,7811,0.685518,9_3
124,222998,864691135591041291,excitatory_neuron,23P,L2/3,V1,axon_fully_extended,dendrite_extended,600.9084008376958,131.6961825586517,919.8800000000002,5.0,7.0,1926,0.68494,5_7
125,296546,864691136524297617,excitatory_neuron,4P,L4,V1,axon_partially_extended,dendrite_clean,702.2757693403511,297.7708952720775,832.4400000000003,9.0,3.0,2031,0.68458,9_3
126,256304,864691136111559352,excitatory_neuron,23P,L2/3,V1,axon_partially_extended,dendrite_clean,643.4627459232386,143.89947532497305,812.3600000000002,9.0,4.0,2381,0.684516,9_4
127,299072,864691135448215698,excitatory_neuron,4P,L4,V1,axon_fully_extended,dendrite_extended,689.3576585755951,344.8240592280698,890.2800000000002,4.0,7.0,5966,0.682595,4_7
128,522656,864691135385422677,excitatory_neuron,4P,L4,RL,axon_interareal,dendrite_extended,1131.3257385368734,341.53961721438924,978.6800000000003,4.0,7.0,6664,0.681188,4_7
129,267029,864691135503182685,excitatory_neuron,5P-ET,L5,V1,axon_fully_extended,dendrite_extended,617.6324789935793,483.9341538363605,815.6400000000002,4.0,7.0,7981,0.68095,4_7
130,296540,864691135810773452,excitatory_neuron,4P,L4,V1,axon_partially_extended,dendrite_clean,701.2220246986589,282.645498674629,828.2400000000002,5.0,6.0,5340,0.679897,5_6
131,487512,864691135272206865,excitatory_neuron,23P,L2/3,RL,axon_interareal,dendrite_extended,1100.0022409187804,201.70146813850448,955.3200000000003,4.0,7.0,3676,0.678745,4_7
132,329860,864691135742102635,excitatory_neuron,4P,L4,V1,axon_partially_extended,dendrite_extended,733.7937149634861,295.13182276509525,725.0400000000001,5.0,6.0,4644,0.67859,5_6
133,554900,864691135463695429,excitatory_neuron,23P,L2/3,RL,axon_interareal,dendrite_clean,1230.0822702480004,223.16837778356654,829.6400000000002,4.0,7.0,3899,0.677256,4_7
134,260222,864691135384344043,excitatory_neuron,4P,L4,V1,axon_partially_extended,dendrite_extended,663.6487759750638,281.79955520438,751.4000000000001,5.0,6.0,5434,0.675405,5_6
135,559081,864691135975633475,excitatory_neuron,5P-IT,L5,RL,axon_interareal,dendrite_extended,1222.6528514176982,417.5003531037489,911.6800000000003,5.0,6.0,7335,0.675384,5_6
136,299023,864691135843242211,excitatory_neuron,4P,L5,V1,axon_fully_extended,dendrite_extended,663.1332911401696,365.5292444871248,893.5600000000003,6.0,7.0,6514,0.675097,6_7
137,396756,864691135477670312,excitatory_neuron,4P,L5,V1,axon_partially_extended,dendrite_extended,880.4199911221693,375.6736306653255,867.0800000000003,6.0,7.0,6320,0.673613,6_7
138,262775,864691136085781356,excitatory_neuron,4P,L4,V1,axon_partially_extended,dendrite_clean,614.4674585256686,314.5015619614862,868.8400000000003,9.0,3.0,8002,0.673148,9_3
139,426052,864691135940996774,excitatory_neuron,4P,L4,V1,axon_partially_extended,dendrite_extended,981.5720723639014,319.5078878280229,832.3200000000003,7.0,3.0,4521,0.672827,7_3
140,296386,864691136108378073,excitatory_neuron,4P,L4,V1,axon_partially_extended,dendrite_extended,678.7207917149373,282.09027420445875,810.8400000000003,5.0,7.0,5195,0.671483,5_7
141,298912,864691135858298670,excitatory_neuron,4P,L5,V1,axon_fully_extended,dendrite_extended,672.8984052269868,367.732715129417,849.3200000000003,6.0,7.0,6511,0.670756,6_7
142,394538,864691135468948364,excitatory_neuron,4P,L4,V1,axon_partially_extended,dendrite_extended,880.9880764826696,292.0770322714723,836.3200000000003,5.0,6.0,4555,0.670418,5_6
143,558641,864691136106969561,excitatory_neuron,4P,L4,RL,axon_partially_extended,dendrite_extended,1190.0040520525358,351.5558841316405,752.9600000000002,4.0,7.0,6358,0.670181,4_7
144,330802,864691135374981320,excitatory_neuron,4P,L4,V1,axon_partially_extended,dendrite_extended,758.9830948987812,297.27136348107814,957.1600000000003,9.0,3.0,5393,0.669828,9_3
145,553469,864691135468161164,excitatory_neuron,23P,L2/3,RL,axon_interareal,dendrite_clean,1224.6317864591958,213.50456308811746,865.9200000000003,4.0,7.0,3404,0.667891,4_7
146,262698,864691135294441654,excitatory_neuron,4P,L4,V1,axon_fully_extended,dendrite_extended,647.0118079972771,305.2708633167563,837.2000000000003,9.0,3.0,5337,0.666945,9_3
147,264884,864691135351096279,excitatory_neuron,4P,L5,V1,axon_fully_extended,dendrite_extended,611.1080770489034,366.1171856048519,858.2800000000002,6.0,7.0,6673,0.665722,6_7
148,262726,864691135518173395,excitatory_neuron,4P,L4,V1,axon_partially_extended,dendrite_clean,658.6851073782489,331.9256880500424,836.9600000000003,8.0,5.0,7945,0.665629,8_5
149,362959,864691135731889337,excitatory_neuron,4P,L4,V1,axon_partially_extended,dendrite_extended,840.9989895972805,267.4420100049348,781.2800000000001,6.0,2.0,5031,0.665401,6_2
150,427914,864691135455701354,excitatory_neuron,4P,L4,V1,axon_partially_extended,dendrite_extended,946.2720334639516,344.81559016667927,738.8400000000001,8.0,5.0,8439,0.664749,8_5
151,300978,864691135656579010,excitatory_neuron,5P-IT,L5,V1,axon_fully_extended,dendrite_extended,685.1091549084775,421.2887489651667,817.8000000000003,5.0,6.0,7456,0.664736,5_6
152,327859,864691136990522517,excitatory_neuron,23P,L2/3,V1,axon_interareal,dendrite_extended,776.7342400111213,205.99112886700274,745.8000000000002,8.0,5.0,2597,0.664466,8_5
153,518623,864691136118618136,excitatory_neuron,23P,L2/3,RL,axon_interareal,dendrite_clean,1180.8525716897955,205.7554654519591,842.6400000000002,7.0,5.0,4804,0.66361,7_5
154,583659,864691135359010904,excitatory_neuron,23P,L2/3,AL,axon_interareal,dendrite_clean,1289.7200520017063,227.35809609120463,748.9200000000002,8.0,5.0,2624,0.662843,8_5
155,520348,864691135740865684,excitatory_neuron,4P,L4,RL,axon_partially_extended,dendrite_extended,1141.4566861327169,275.6759563625183,899.2400000000002,5.0,7.0,5427,0.660123,5_7
156,582390,864691135429763120,excitatory_neuron,23P,L2/3,AL,axon_interareal,dendrite_clean,1312.5320326816209,222.15850519775873,824.7600000000002,7.0,5.0,4744,0.660009,7_5
157,256465,864691134942472035,excitatory_neuron,23P,L2/3,V1,axon_fully_extended,dendrite_extended,669.2078129037207,164.65428407307976,834.5600000000003,9.0,4.0,7995,0.659531,9_4
158,264719,864691135572346349,excitatory_neuron,5P-IT,L5,V1,axon_fully_extended,dendrite_extended,641.7256867247371,383.3151294859759,806.0800000000003,6.0,4.0,6877,0.65942,6_4
159,300425,864691135360096071,excitatory_neuron,5P-IT,L5,V1,axon_interareal,dendrite_clean,688.0394376381219,410.55931118286196,712.5200000000001,5.0,6.0,7571,0.657666,5_6
160,452396,864691135480718022,excitatory_neuron,23P,L2/3,V1,axon_fully_extended,dendrite_extended,1040.1149242937115,118.85468756467209,762.4800000000001,6.0,4.0,1927,0.657602,6_4
161,610474,864691135493079783,excitatory_neuron,23P,L2/3,AL,axon_fully_extended,dendrite_extended,1379.6226729257476,202.84434356352844,764.7200000000001,7.0,3.0,1428,0.65601,7_3
162,260263,864691135694415551,excitatory_neuron,4P,L4,V1,axon_partially_extended,dendrite_clean,620.0538654218548,292.5047448737744,810.6400000000002,9.0,3.0,2087,0.654134,9_3
163,224565,864691135953985800,excitatory_neuron,23P,L2/3,V1,axon_interareal,dendrite_extended,549.7055759662936,197.0502543001164,950.1200000000002,8.0,5.0,5094,0.650462,8_5
164,299070,864691135448698196,excitatory_neuron,5P-IT,L5,V1,axon_partially_extended,dendrite_extended,685.3675620141393,367.6672245391701,878.6400000000002,6.0,7.0,6913,0.649831,6_7
165,258352,864691136238679567,excitatory_neuron,23P,L2/3,V1,axon_fully_extended,dendrite_extended,626.9217884786697,200.7863074640275,881.1200000000002,8.0,5.0,5427,0.648487,8_5
166,296914,864691135499707667,excitatory_neuron,4P,L4,V1,axon_partially_extended,dendrite_extended,701.4571374890104,283.62973542247636,911.3600000000002,9.0,3.0,2665,0.647873,9_3
167,556676,864691136389607287,excitatory_neuron,4P,L4,RL,axon_partially_extended,dendrite_extended,1214.6580335738333,296.663739018268,851.8000000000003,9.0,3.0,1599,0.64573,9_3
168,225989,864691137055712630,excitatory_neuron,4P,L4,V1,axon_partially_extended,dendrite_extended,576.8139215519859,260.9681291052652,807.6400000000002,6.0,4.0,4441,0.644495,6_4
169,298827,864691135478316200,excitatory_neuron,4P,L4,V1,axon_fully_extended,dendrite_extended,706.001273962272,345.5092532592564,813.0800000000003,8.0,5.0,8633,0.643392,8_5
170,222507,864691135970180709,excitatory_neuron,23P,L2/3,V1,axon_partially_extended,dendrite_extended,585.2106989362071,124.60505380421516,765.2000000000002,6.0,4.0,1665,0.642861,6_4
171,392397,864691135342523057,excitatory_neuron,23P,L2/3,V1,axon_partially_extended,dendrite_extended,925.7537819996361,216.58735958991775,726.8800000000001,4.0,7.0,3714,0.642242,4_7
172,430233,864691135849426270,excitatory_neuron,5P-IT,L5,V1,axon_partially_extended,dendrite_extended,928.7802492548736,396.4154337050375,782.6400000000001,7.0,3.0,6890,0.642222,7_3
173,553360,864691136194355176,excitatory_neuron,23P,L2/3,RL,axon_interareal,dendrite_clean,1214.7176857347251,215.2069704497832,830.6000000000003,4.0,7.0,3313,0.64192,4_7
174,260621,864691135782506832,excitatory_neuron,4P,L4,V1,axon_partially_extended,dendrite_clean,642.5486822841947,289.4617177083047,867.0800000000003,9.0,3.0,2243,0.641245,9_3
175,262946,864691136438717086,excitatory_neuron,4P,L4,V1,axon_fully_extended,dendrite_extended,646.0781198885148,335.76954372289106,891.4000000000002,8.0,5.0,8748,0.641016,8_5
176,300955,864691136674495623,excitatory_neuron,5P-IT,L5,V1,axon_fully_extended,dendrite_extended,676.3327282738121,389.42658784062365,819.5200000000002,6.0,4.0,6856,0.640551,6_4
177,524491,864691135082864887,excitatory_neuron,5P-IT,L5,RL,axon_fully_extended,dendrite_extended,1152.2668747401258,372.41022949398,694.8400000000001,6.0,4.0,6554,0.639349,6_4
178,453792,864691135610877191,excitatory_neuron,23P,L2/3,V1,axon_partially_extended,dendrite_extended,1004.1720897507097,175.0077424505321,803.2000000000003,7.0,5.0,1684,0.63884,7_5
179,366070,864691135741090196,excitatory_neuron,4P,L4,V1,axon_partially_extended,dendrite_extended,834.1914703857598,344.5179929969458,947.8000000000003,7.0,5.0,7444,0.638014,7_5
180,493796,864691135741659499,excitatory_neuron,4P,L4,RL,axon_partially_extended,dendrite_extended,1098.0903857790342,346.91943719855095,991.6400000000002,4.0,7.0,6391,0.637217,4_7
181,258391,864691135584504429,excitatory_neuron,23P,L2/3,V1,axon_fully_extended,dendrite_extended,661.4018661508494,184.85080484501813,894.0800000000003,9.0,6.0,4740,0.636865,9_6
182,260632,864691136012739747,excitatory_neuron,4P,L4,V1,axon_partially_extended,dendrite_clean,650.1444582221496,289.29108388872254,860.4400000000003,9.0,3.0,2599,0.636701,9_3
183,294657,864691135562798817,excitatory_neuron,23P,L2/3,V1,axon_fully_extended,dendrite_extended,682.997127397857,200.16723953699187,889.9200000000003,4.0,7.0,3121,0.636234,4_7
184,294543,864691135102151968,excitatory_neuron,23P,L2/3,V1,axon_partially_extended,dendrite_clean,677.3302301383853,222.3497480392013,871.3200000000003,6.0,7.0,3774,0.635418,6_7
185,426555,864691136210975676,excitatory_neuron,4P,L4,V1,axon_partially_extended,dendrite_extended,947.8930253122985,272.68238027395665,986.2800000000002,5.0,6.0,5374,0.635318,5_6
186,260706,864691136274655166,excitatory_neuron,23P,L4,V1,axon_partially_extended,dendrite_clean,636.4786393457708,250.8979317592347,896.8000000000003,6.0,4.0,4419,0.635156,6_4
187,299035,864691135478400936,excitatory_neuron,4P,L4,V1,axon_fully_extended,dendrite_extended,671.3089444143445,338.16968824912135,897.5200000000002,4.0,7.0,6751,0.634652,4_7
188,303066,864691136419797655,excitatory_neuron,5P-ET,L5,V1,axon_partially_extended,dendrite_extended,671.4214002675284,487.41942974866663,864.2800000000002,4.0,7.0,8013,0.633869,4_7
189,556654,864691135059845275,excitatory_neuron,4P,L4,RL,axon_partially_extended,dendrite_extended,1197.346680568669,305.8137738340812,869.5600000000003,9.0,3.0,5386,0.633797,9_3
190,269402,864691136425073455,excitatory_neuron,5P-IT,L5,V1,axon_partially_extended,dendrite_extended,613.6264288614846,505.4910339988316,872.8400000000003,6.0,7.0,8235,0.63365,6_7
191,271518,864691136134678667,excitatory_neuron,6P-CT,L6,V1,axon_interareal,dendrite_extended,592.4360474229983,563.384472577754,844.8400000000003,5.0,6.0,8901,0.633572,5_6
192,392850,864691135619463567,excitatory_neuron,4P,L2/3,V1,axon_partially_extended,dendrite_extended,866.0438335992268,244.06385103297623,877.4400000000003,6.0,4.0,4237,0.632322,6_4
193,262958,864691135954393891,excitatory_neuron,4P,L5,V1,axon_partially_extended,dendrite_extended,650.790809120527,361.9438829161253,897.8800000000002,6.0,7.0,6888,0.63186,6_7
194,194320,864691136725093373,excitatory_neuron,4P,L4,V1,axon_partially_extended,dendrite_extended,498.33419833614073,298.10950468512686,737.4400000000002,9.0,3.0,2895,0.630887,9_3
195,301236,864691135409859785,excitatory_neuron,5P-IT,L5,V1,axon_fully_extended,dendrite_extended,697.600392278265,400.4099820242857,884.0400000000003,6.0,2.0,7211,0.63073,6_2
196,296741,864691136523081105,excitatory_neuron,4P,L4,V1,axon_partially_extended,dendrite_clean,677.2918782281595,284.4707947877147,873.8800000000002,5.0,6.0,5213,0.628927,5_6
197,194361,864691136210847932,excitatory_neuron,4P,L4,V1,axon_partially_extended,dendrite_extended,512.5998654229764,313.49137214547017,730.2400000000001,9.0,3.0,5431,0.628265,9_3
198,608166,864691135864188286,excitatory_neuron,23P,L2/3,AL,axon_interareal,dendrite_clean,1342.622365020097,124.9551623963918,753.0800000000002,6.0,7.0,1416,0.626541,6_7
199,394030,864691135742189163,excitatory_neuron,4P,L4,V1,axon_partially_extended,dendrite_extended,871.4755894207804,289.1889744643311,709.0000000000001,9.0,3.0,1842,0.62583,9_3
200,363596,864691135342585541,excitatory_neuron,4P,L4,V1,axon_partially_extended,dendrite_extended,800.9505104860741,276.5301381333932,892.2800000000002,5.0,6.0,5247,0.625468,5_6
201,331945,864691136912172017,excitatory_neuron,4P,L5,V1,axon_partially_extended,dendrite_extended,727.9887270663579,368.8263145233956,678.6800000000002,6.0,4.0,6796,0.625179,6_4
202,363583,864691135727961663,excitatory_neuron,4P,L4,V1,axon_fully_extended,dendrite_extended,857.7615920755333,289.531022435464,846.8000000000003,5.0,6.0,5146,0.624798,5_6
203,258217,864691135782241616,excitatory_neuron,23P,L2/3,V1,axon_partially_extended,dendrite_extended,636.038413311145,223.6197618602396,837.8000000000003,6.0,7.0,3804,0.624163,6_7
204,531202,864691136991166101,excitatory_neuron,5P-ET,L5,RL,axon_interareal,dendrite_extended,1134.5853531653852,489.33009874981684,944.9600000000003,8.0,5.0,10247,0.624131,8_5
205,299155,864691136927761226,excitatory_neuron,5P-IT,L5,V1,axon_fully_extended,dendrite_extended,675.7937751312326,370.6200504264663,905.1600000000002,6.0,6.0,6650,0.622813,6_6
206,553556,864691135720638769,excitatory_neuron,23P,L2/3,RL,axon_fully_extended,dendrite_extended,1230.7141990653663,218.1483512926222,880.0000000000002,4.0,7.0,3335,0.622724,4_7
207,267319,864691135779049056,excitatory_neuron,5P-ET,L5,V1,axon_partially_extended,dendrite_extended,647.0334557059497,458.4958172484729,898.0000000000002,8.0,5.0,10485,0.622195,8_5
208,294584,864691136453419007,excitatory_neuron,23P,L2/3,V1,axon_fully_extended,dendrite_extended,708.7134663868139,217.57882249217,847.6000000000003,4.0,7.0,3118,0.622109,4_7
209,262881,864691135398868257,excitatory_neuron,4P,L4,V1,axon_fully_extended,dendrite_extended,617.2028593228208,336.84097606479105,882.1600000000002,7.0,3.0,5117,0.621421,7_3
210,298945,864691135867644805,excitatory_neuron,5P-IT,L5,V1,axon_partially_extended,dendrite_extended,695.1709415417387,370.90195448737984,864.8000000000003,6.0,7.0,6478,0.621165,6_7
211,582129,864691135701624699,excitatory_neuron,23P,L2/3,AL,axon_interareal,dendrite_extended,1265.3423673994762,189.50539994635648,757.8800000000001,9.0,4.0,7086,0.619842,9_4
212,294677,864691135136360217,excitatory_neuron,23P,L2/3,V1,axon_partially_extended,dendrite_clean,697.914983285681,240.4045313905711,872.7200000000003,6.0,6.0,4044,0.619721,6_6
213,264781,864691135977045871,excitatory_neuron,5P-IT,L5,V1,axon_fully_extended,dendrite_extended,618.2719506688144,370.1489002224735,834.5600000000003,6.0,6.0,6674,0.619592,6_6
214,256676,864691135739689073,excitatory_neuron,23P,L2/3,V1,axon_fully_extended,dendrite_extended,678.369812634141,112.06870094481373,894.4800000000002,6.0,2.0,2407,0.617936,6_2
215,256423,864691135584629613,excitatory_neuron,23P,L2/3,V1,axon_partially_extended,dendrite_clean,632.0590387573106,136.92704455272695,833.5600000000003,6.0,2.0,1787,0.617683,6_2
216,330066,864691136013367715,excitatory_neuron,4P,L4,V1,axon_partially_extended,dendrite_extended,759.6315263312463,271.50181710017745,777.4800000000001,6.0,2.0,4484,0.6174,6_2
217,296509,864691136392785279,excitatory_neuron,4P,L4,V1,axon_partially_extended,dendrite_clean,677.3227159280827,262.8231064807323,835.7600000000002,6.0,2.0,4552,0.616594,6_2
218,292713,864691136034011579,excitatory_neuron,23P,L2/3,V1,axon_fully_extended,dendrite_extended,684.8391860611167,155.61424794404599,870.7200000000003,9.0,4.0,7991,0.61621,9_4
219,425525,864691136311529306,excitatory_neuron,4P,L4,V1,axon_partially_extended,dendrite_extended,932.993435343453,297.59057865843,731.2000000000002,9.0,3.0,2691,0.615976,9_3
220,260855,864691134949081852,excitatory_neuron,4P,L4,V1,axon_partially_extended,dendrite_clean,663.2192724748032,286.7088026765761,901.4800000000002,9.0,3.0,2063,0.614389,9_3
221,397167,864691135466283333,excitatory_neuron,4P,L4,V1,axon_partially_extended,dendrite_extended,903.6190190923326,346.2234925121762,964.7600000000002,4.0,7.0,6240,0.614147,4_7
222,303145,864691135688186080,excitatory_neuron,5P-ET,L5,V1,axon_partially_extended,dendrite_extended,667.8080332150954,489.8015688177371,890.6400000000002,8.0,5.0,9995,0.6138,8_5
223,256761,864691135546902056,excitatory_neuron,23P,L2/3,V1,axon_fully_extended,dendrite_extended,659.080073105196,161.45542074786866,921.8000000000003,9.0,6.0,2307,0.612158,9_6
224,294858,864691135782702387,excitatory_neuron,23P,L2/3,V1,axon_interareal,dendrite_clean,721.017451678166,199.5746742493292,920.3600000000002,4.0,7.0,3927,0.611852,4_7
225,329901,864691136954028511,excitatory_neuron,4P,L4,V1,axon_partially_extended,dendrite_extended,753.1637427425186,298.4325923480122,727.0000000000001,9.0,3.0,2649,0.611138,9_3
226,262956,864691135583223405,excitatory_neuron,4P,L5,V1,axon_partially_extended,dendrite_clean,648.3856356712213,365.20265886404746,877.9600000000003,6.0,7.0,6855,0.610718,6_7
227,331122,864691135764015926,excitatory_neuron,4P,L4,V1,axon_partially_extended,dendrite_extended,775.1501264052503,297.52939500791075,999.7200000000003,9.0,3.0,5489,0.610012,9_3
228,267299,864691135774294603,excitatory_neuron,5P-ET,L5,V1,axon_partially_extended,dendrite_extended,630.2603333332733,493.06950663608706,897.6000000000003,4.0,7.0,8215,0.60902,4_7
229,292646,864691135738969220,excitatory_neuron,23P,L2/3,V1,axon_partially_extended,dendrite_clean,686.4248895052358,134.55230405020487,815.1600000000002,6.0,2.0,2395,0.607467,6_2
230,426184,864691135595040043,excitatory_neuron,4P,L4,V1,axon_partially_extended,dendrite_extended,924.8256432108434,315.31415221678657,878.3200000000003,7.0,3.0,5278,0.607358,7_3
231,262816,864691136814508659,excitatory_neuron,4P,L4,V1,axon_fully_extended,dendrite_extended,641.7253976153517,357.6173163510725,866.2000000000003,6.0,7.0,6546,0.605716,6_7
232,428164,864691136363473634,excitatory_neuron,4P,L4,V1,axon_partially_extended,dendrite_extended,927.2958160278123,351.6999007215831,787.4800000000002,4.0,7.0,6207,0.604928,4_7
233,260682,864691136313406781,excitatory_neuron,4P,L4,V1,axon_partially_extended,dendrite_extended,612.5345625435871,289.5983346782111,886.4800000000002,9.0,3.0,2552,0.604172,9_3
234,260648,864691135765013302,excitatory_neuron,4P,L4,V1,axon_partially_extended,dendrite_clean,658.8154525180944,300.32881272755964,861.8400000000003,9.0,3.0,4917,0.603284,9_3
235,296482,864691136033227451,excitatory_neuron,23P,L2/3,V1,axon_partially_extended,dendrite_clean,667.6586699451253,247.7153397616144,842.2800000000002,6.0,4.0,4391,0.603259,6_4
236,298868,864691136489147922,excitatory_neuron,5P-IT,L5,V1,axon_partially_extended,dendrite_extended,658.4950230813238,366.4083380056369,871.2800000000002,6.0,7.0,6962,0.602525,6_7
237,452379,864691135810308125,excitatory_neuron,23P,L2/3,V1,axon_fully_extended,dendrite_extended,1015.1096751089766,119.75074627330002,768.8400000000001,6.0,4.0,1327,0.601688,6_4
238,583848,864691135497743635,excitatory_neuron,4P,L4,AL,axon_interareal,dendrite_extended,1277.1787863897277,264.2293590591285,785.5200000000001,6.0,2.0,5296,0.601497,6_2
239,304956,864691135750307881,excitatory_neuron,5P-ET,L6,V1,axon_partially_extended,dendrite_extended,649.37712722104,513.9511057954578,873.8800000000002,6.0,6.0,8424,0.601246,6_6
240,582471,864691135700648226,excitatory_neuron,23P,L2/3,AL,axon_interareal,dendrite_clean,1324.090506565936,172.2881207048996,861.2400000000002,7.0,5.0,2099,0.600817,7_5
241,262670,864691135853088967,excitatory_neuron,4P,L4,V1,axon_fully_extended,dendrite_extended,623.4518884449751,346.18918760660296,841.7200000000003,4.0,7.0,6025,0.60061,4_7
242,228126,864691135430275120,excitatory_neuron,4P,L4,V1,axon_partially_extended,dendrite_extended,580.128939750283,303.85223896363766,826.1600000000002,9.0,3.0,5428,0.598485,9_3
243,558709,864691135462420637,excitatory_neuron,4P,L4,RL,axon_interareal,dendrite_extended,1240.8617946211175,356.9690271029529,753.1600000000001,4.0,7.0,5495,0.598227,4_7
244,614178,864691136275364365,excitatory_neuron,4P,L4,AL,axon_partially_extended,dendrite_extended,1326.7008516081369,342.18614052491,773.4800000000001,7.0,5.0,6655,0.597978,7_5
245,298958,864691135184104194,excitatory_neuron,4P,L4,V1,axon_fully_extended,dendrite_extended,708.7077154803906,343.94719106170993,859.7200000000003,4.0,7.0,6671,0.597515,4_7
246,262710,864691136488999186,excitatory_neuron,4P,L4,V1,axon_partially_extended,dendrite_clean,648.4498833544826,338.032869166017,841.9200000000003,8.0,5.0,8146,0.596414,8_5
247,587426,864691135919645872,excitatory_neuron,5P-IT,L5,AL,axon_interareal,dendrite_extended,1289.342195756196,360.1826010918171,810.7200000000003,6.0,7.0,6890,0.595945,6_7
248,292575,864691135774368763,excitatory_neuron,23P,L2/3,V1,axon_partially_extended,dendrite_clean,699.0172241531936,174.20067234089046,809.9200000000003,7.0,5.0,1953,0.59527,7_5
249,520364,864691135807579933,excitatory_neuron,4P,L4,RL,axon_interareal,dendrite_extended,1159.6065840415818,279.7051565186021,879.4400000000003,5.0,7.0,4251,0.594817,5_7
250,296401,864691135584008045,excitatory_neuron,4P,L4,V1,axon_partially_extended,dendrite_extended,693.914453299245,256.75809246538375,800.9200000000003,6.0,4.0,4355,0.594801,6_4
251,301319,864691135157994084,excitatory_neuron,5P-IT,L5,V1,axon_fully_extended,dendrite_extended,689.6927992027629,382.11517260324297,905.1600000000002,6.0,4.0,6860,0.593972,6_4
252,264624,864691135060882843,excitatory_neuron,4P,L5,V1,axon_partially_extended,dendrite_extended,631.8576547607369,371.27325084693166,807.1200000000002,6.0,7.0,6952,0.593876,6_7
253,610396,864691135940685057,excitatory_neuron,23P,L2/3,AL,axon_interareal,dendrite_clean,1346.5163359313246,200.14064779445582,767.2800000000001,7.0,3.0,2340,0.593202,7_3
254,256664,864691135562975969,excitatory_neuron,23P,L2/3,V1,axon_fully_extended,dendrite_extended,671.2158812166267,141.7019582290459,895.8000000000003,9.0,4.0,4765,0.592793,9_4
255,303174,864691136195798504,excitatory_neuron,5P-ET,L5,V1,axon_partially_extended,dendrite_extended,694.563261364027,476.98065314456375,904.8800000000002,8.0,5.0,10107,0.591902,8_5
256,296987,864691136010639022,excitatory_neuron,4P,L4,V1,axon_partially_extended,dendrite_extended,683.7655867156856,288.31363884108623,940.3200000000003,9.0,3.0,2268,0.5915,9_3
257,580988,864691135659358850,excitatory_neuron,23P,L2/3,AL,axon_partially_extended,dendrite_clean,1333.9667174284534,132.09996111778875,825.4000000000002,6.0,2.0,1923,0.591109,6_2
258,189149,864691135855890478,excitatory_neuron,23P,L2/3,V1,axon_fully_extended,dendrite_extended,532.3479515607174,131.09445592730498,961.8800000000002,9.0,4.0,2058,0.590304,9_4
259,255214,864691135504081986,excitatory_neuron,23P,L2/3,V1,axon_partially_extended,dendrite_extended,654.8331295752721,93.24170143383596,883.6000000000003,6.0,6.0,1498,0.589483,6_6
260,291483,864691135802453858,excitatory_neuron,23P,L2/3,V1,axon_fully_extended,dendrite_extended,730.2832939090589,97.33720115970209,943.4400000000003,6.0,4.0,1579,0.58612,6_4
261,226128,864691135119709149,excitatory_neuron,4P,L4,V1,axon_partially_extended,dendrite_extended,582.0977310029299,260.7879578364263,819.9200000000003,6.0,4.0,4444,0.585005,6_4
262,258402,864691135294442678,excitatory_neuron,23P,L2/3,V1,axon_partially_extended,dendrite_extended,668.4064931737583,201.7174811112519,888.2800000000002,4.0,7.0,3149,0.584291,4_7
263,292708,864691135993150913,excitatory_neuron,23P,L2/3,V1,axon_partially_extended,dendrite_clean,678.864431145819,157.08310317929758,861.7200000000003,9.0,4.0,4763,0.582688,9_4
264,305067,864691135811335116,excitatory_neuron,6P-IT,L6,V1,axon_partially_extended,dendrite_extended,678.4010566674356,551.5678509961085,888.5600000000003,5.0,7.0,8501,0.582193,5_7
265,520182,864691136904761266,excitatory_neuron,23P,L2/3,RL,axon_partially_extended,dendrite_extended,1180.9428886117232,228.95562068535384,838.1200000000002,4.0,7.0,3437,0.582147,4_7
266,489084,864691136239068732,excitatory_neuron,23P,L2/3,RL,axon_partially_extended,dendrite_extended,1076.1224696217353,218.37164398643137,885.0400000000003,7.0,5.0,4787,0.581552,7_5
267,260562,864691136196265704,excitatory_neuron,4P,L4,V1,axon_fully_extended,dendrite_extended,662.166423808834,280.3849768024262,818.2400000000002,5.0,6.0,4920,0.581124,5_6
268,265135,864691135857993774,excitatory_neuron,5P-IT,L5,V1,axon_partially_extended,dendrite_extended,644.1251665627527,369.8409847447703,914.5200000000002,6.0,7.0,6548,0.580656,6_7
269,260628,864691135375888840,excitatory_neuron,4P,L4,V1,axon_partially_extended,dendrite_clean,642.8078410742587,302.654507433057,856.6400000000002,9.0,3.0,5297,0.579336,9_3
270,257700,864691136239108156,excitatory_neuron,23P,L2/3,V1,axon_partially_extended,dendrite_extended,627.7108541846394,207.9222334243821,719.4800000000001,9.0,6.0,4727,0.578057,9_6
271,459562,864691136925029092,excitatory_neuron,4P,L4,V1,axon_fully_extended,dendrite_extended,1023.3797501316091,338.77699179451616,817.5600000000003,7.0,5.0,7348,0.577433,7_5
272,558684,864691136275031565,excitatory_neuron,5P-IT,L5,RL,axon_interareal,dendrite_extended,1212.0203487919014,388.49529644266966,762.3600000000001,6.0,4.0,6540,0.577386,6_4
273,391039,864691135975824495,excitatory_neuron,23P,L2/3,V1,axon_partially_extended,dendrite_extended,890.3875008250375,162.61159099067288,851.7600000000002,9.0,4.0,7405,0.57535,9_4
274,299060,864691135357351375,excitatory_neuron,4P,L4,V1,axon_partially_extended,dendrite_clean,685.8649835699965,307.6421642077072,875.4000000000002,9.0,3.0,5667,0.574806,9_3
275,258306,864691136196202472,excitatory_neuron,23P,L2/3,V1,axon_fully_extended,dendrite_extended,646.2625392217166,222.77965629260132,871.7200000000003,6.0,7.0,3806,0.574769,6_7
276,583792,864691135502730562,excitatory_neuron,23P,L2/3,AL,axon_interareal,dendrite_clean,1291.8965866039193,231.85289765805595,771.8400000000001,8.0,5.0,2515,0.573372,8_5
277,389134,864691135774177531,excitatory_neuron,23P,L2/3,V1,axon_fully_extended,dendrite_extended,887.5171593656706,117.58207333939622,690.4400000000002,6.0,4.0,1392,0.573104,6_4
278,493419,864691136391623039,excitatory_neuron,5P-IT,L5,RL,axon_interareal,dendrite_extended,1103.092464634696,381.53512022115996,891.0000000000002,6.0,6.0,7214,0.572868,6_6
279,236197,864691136903144370,excitatory_neuron,6P-IT,L6,V1,axon_interareal,dendrite_extended,528.5106292332362,557.5347452965847,772.4000000000001,5.0,6.0,8902,0.572704,5_6
280,291402,864691135540440178,excitatory_neuron,23P,L2/3,V1,axon_fully_extended,dendrite_extended,719.8870313368446,98.67620247769158,928.6000000000003,6.0,4.0,1577,0.572074,6_4
281,223068,864691136452447743,excitatory_neuron,23P,L2/3,V1,axon_partially_extended,dendrite_extended,579.5285706161884,138.884160000152,942.0000000000002,9.0,4.0,4848,0.572027,9_4
282,296779,864691135280682401,excitatory_neuron,4P,L4,V1,axon_partially_extended,dendrite_clean,696.5544217819503,297.0776088118173,877.0400000000003,9.0,3.0,2036,0.571778,9_3
283,261962,864691136523118481,excitatory_neuron,4P,L4,V1,axon_partially_extended,dendrite_extended,623.8422305287304,331.44711010519063,707.0400000000001,8.0,5.0,8142,0.57107,8_5
284,518312,864691136066069400,excitatory_neuron,23P,L2/3,RL,axon_interareal,dendrite_clean,1154.507858612054,155.13876057252736,809.8400000000003,5.0,6.0,1507,0.57055,5_6
285,427884,864691136905203378,excitatory_neuron,4P,L4,V1,axon_partially_extended,dendrite_extended,923.1897958807785,342.0894668837091,727.7600000000001,8.0,5.0,7683,0.570452,8_5
286,192995,864691135503163202,excitatory_neuron,4P,L4,V1,axon_partially_extended,dendrite_extended,500.34466546683035,275.8640778760855,915.6800000000003,5.0,6.0,5047,0.570303,5_6
287,330154,864691135779020221,excitatory_neuron,4P,L4,V1,axon_partially_extended,dendrite_extended,790.4924568702594,310.8853908113861,760.4800000000001,9.0,3.0,5311,0.570164,9_3
288,612266,864691135739733140,excitatory_neuron,4P,L4,AL,axon_interareal,dendrite_clean,1346.2603854653235,259.6086338824256,767.1600000000001,6.0,4.0,3820,0.569517,6_4
289,264997,864691136619096795,excitatory_neuron,5P-IT,L5,V1,axon_partially_extended,dendrite_extended,618.6579576920193,395.1095256669217,882.0000000000002,7.0,3.0,7294,0.569084,7_3
290,269593,864691135480311494,excitatory_neuron,6P-IT,L6,V1,axon_partially_extended,dendrite_extended,609.8756358596098,547.628476539369,930.1200000000002,5.0,7.0,8524,0.568512,5_7
291,556712,864691135586414716,excitatory_neuron,4P,L4,RL,axon_partially_extended,dendrite_extended,1236.9214950143448,343.2614458790874,861.0800000000003,8.0,5.0,8418,0.567962,8_5
292,560732,864691135382556378,excitatory_neuron,5P-ET,L5,RL,axon_interareal,dendrite_extended,1239.0333198850237,475.53283611792773,834.8000000000003,7.0,5.0,8899,0.567862,7_5
293,363613,864691135583172717,excitatory_neuron,4P,L4,V1,axon_partially_extended,dendrite_extended,811.8850036907761,300.6147913872047,894.3200000000003,9.0,3.0,4807,0.567629,9_3
294,581093,864691135468854156,excitatory_neuron,23P,L2/3,RL,axon_partially_extended,dendrite_extended,1286.627400820441,115.10941365496832,903.7200000000003,6.0,2.0,2444,0.567604,6_2
295,298916,864691135577816862,excitatory_neuron,4P,L4,V1,axon_fully_extended,dendrite_extended,679.2120576112317,312.45664405367086,872.2400000000002,9.0,3.0,8134,0.567136,9_3
296,301096,864691135810466333,excitatory_neuron,4P,L5,V1,axon_fully_extended,dendrite_extended,674.8423415003859,382.2293042373748,847.3600000000002,6.0,6.0,6647,0.566755,6_6
297,299318,864691135773209163,excitatory_neuron,4P,L4,V1,axon_partially_extended,dendrite_extended,705.7979526694437,336.81846155470595,946.4000000000002,4.0,7.0,5971,0.566591,4_7
298,296598,864691135325487004,excitatory_neuron,4P,L4,V1,axon_partially_extended,dendrite_extended,665.5016149945661,274.5735436096059,852.8400000000003,5.0,7.0,5226,0.565934,5_7
299,262654,864691135474504498,excitatory_neuron,4P,L4,V1,axon_partially_extended,dendrite_clean,623.1948393633094,308.0054837819396,817.7200000000003,9.0,3.0,4946,0.565656,9_3
300,296879,864691136484732972,excitatory_neuron,4P,L4,V1,axon_partially_extended,dendrite_extended,680.1125092022871,302.89875291952603,929.4000000000002,9.0,3.0,8362,0.564832,9_3
301,455492,864691135504315317,excitatory_neuron,4P,L4,V1,axon_partially_extended,dendrite_extended,1017.1354894707113,257.4111470142968,766.0400000000001,6.0,4.0,4067,0.564657,6_4
302,332599,864691136424439855,excitatory_neuron,4P,L4,V1,axon_partially_extended,dendrite_extended,728.4410914812222,341.6262361699024,765.3600000000001,8.0,5.0,7881,0.56445,8_5
303,228219,864691136445557123,excitatory_neuron,4P,L4,V1,axon_partially_extended,dendrite_extended,562.3372168488213,330.242009182372,866.4800000000002,8.0,5.0,8026,0.564168,8_5
304,225498,864691135753932237,excitatory_neuron,4P,L4,V1,axon_interareal,dendrite_extended,543.7012262580582,259.80574432753326,701.9600000000002,6.0,4.0,4805,0.563517,6_4
305,265077,864691135656674242,excitatory_neuron,5P-IT,L5,V1,axon_partially_extended,dendrite_extended,591.2860317862691,420.8538701373122,907.9600000000003,5.0,6.0,7352,0.562926,5_6
306,394838,864691135339729894,excitatory_neuron,4P,L4,V1,axon_partially_extended,dendrite_extended,865.7696463885576,311.81777819128575,896.1600000000002,9.0,3.0,8539,0.562712,9_3
307,227723,864691136975300636,excitatory_neuron,4P,L4,V1,axon_partially_extended,dendrite_extended,586.0089270393485,308.60680618689054,730.5600000000002,9.0,3.0,4941,0.562594,9_3
308,298809,864691135504168285,excitatory_neuron,4P,L4,V1,axon_partially_extended,dendrite_extended,691.7449708590619,312.39673143095996,837.3600000000002,9.0,3.0,8333,0.56257,9_3
309,612049,864691135519106442,excitatory_neuron,23P,L2/3,AL,axon_partially_extended,dendrite_extended,1350.7223260932974,240.9183956326751,714.4400000000002,6.0,7.0,3162,0.56151,6_7
310,258335,864691135778419901,excitatory_neuron,23P,L2/3,V1,axon_partially_extended,dendrite_extended,608.1880537518638,226.19423975269805,900.8000000000003,6.0,7.0,3840,0.560809,6_7
311,292684,864691134950156796,excitatory_neuron,23P,L2/3,V1,axon_fully_extended,dendrite_extended,726.0811767593638,117.46354934958083,829.8400000000003,6.0,4.0,2254,0.560712,6_4
312,258377,864691135257669039,excitatory_neuron,23P,L2/3,V1,axon_partially_extended,dendrite_clean,652.630035038553,207.2756225909298,879.6000000000003,4.0,7.0,3702,0.560561,4_7
313,296650,864691136991359893,excitatory_neuron,4P,L4,V1,axon_partially_extended,dendrite_clean,701.024888239704,256.9947080977959,860.7600000000002,6.0,2.0,5111,0.560179,6_2
314,256439,864691136438469534,excitatory_neuron,23P,L2/3,V1,axon_fully_extended,dendrite_extended,646.9027912289205,107.51684814805171,829.4400000000003,6.0,6.0,1497,0.559658,6_6
315,301106,864691136336107187,excitatory_neuron,5P-IT,L5,V1,axon_fully_extended,dendrite_extended,689.1058988788235,422.6020857976292,865.4800000000002,5.0,6.0,7037,0.559523,5_6
316,294539,864691136914414321,excitatory_neuron,23P,L2/3,V1,axon_fully_extended,dendrite_extended,675.1726547909323,202.95188824436667,850.6400000000002,8.0,5.0,2740,0.559272,8_5
317,154704,864691136034271675,excitatory_neuron,23P,L2/3,V1,axon_fully_extended,dendrite_extended,473.65102572155774,166.81862299992105,695.8000000000002,9.0,4.0,7772,0.559269,9_4
318,294549,864691135646775791,excitatory_neuron,23P,L2/3,V1,axon_partially_extended,dendrite_clean,686.4854381685948,203.6204061948227,851.6400000000002,8.0,5.0,2450,0.558264,8_5
319,260109,864691134966114591,excitatory_neuron,4P,L4,V1,axon_partially_extended,dendrite_extended,610.613602828546,263.0900399429176,777.6000000000001,6.0,4.0,5169,0.557707,6_4
320,518752,864691135270320293,excitatory_neuron,23P,L2/3,RL,axon_interareal,dendrite_clean,1195.6791568580913,208.85146872186422,859.1600000000002,4.0,7.0,2703,0.557633,4_7
321,294776,864691135015605910,excitatory_neuron,23P,L2/3,V1,axon_fully_extended,dendrite_extended,723.2150844178473,237.60693479667867,887.0400000000003,6.0,7.0,4548,0.557265,6_7
322,394177,864691135503443549,excitatory_neuron,4P,L4,V1,axon_partially_extended,dendrite_extended,866.7148951855313,317.1685232526598,725.0800000000002,9.0,3.0,8020,0.557178,9_3
323,582313,864691136273494206,excitatory_neuron,23P,L2/3,RL,axon_interareal,dendrite_clean,1265.330431132436,191.110467398375,831.8400000000003,9.0,6.0,2433,0.556866,9_6
324,225881,864691135417478842,excitatory_neuron,4P,L4,V1,axon_partially_extended,dendrite_extended,577.552785550133,268.67786321172065,777.3600000000001,6.0,2.0,4952,0.556759,6_2
325,583961,864691135801604706,excitatory_neuron,4P,L4,AL,axon_fully_extended,dendrite_extended,1295.8106726807046,253.20327737794648,815.6800000000003,6.0,4.0,4655,0.554487,6_4
326,610615,864691135572385061,excitatory_neuron,23P,L2/3,AL,axon_interareal,dendrite_clean,1342.8123342000117,221.91668717663998,829.5200000000002,4.0,7.0,3619,0.554142,4_7
327,459186,864691135772920651,excitatory_neuron,5P-IT,L5,V1,axon_partially_extended,dendrite_extended,1004.438965917762,378.30059291289217,732.4000000000001,6.0,4.0,6633,0.553747,6_4
328,551802,864691135851792071,excitatory_neuron,23P,L2/3,RL,axon_interareal,dendrite_clean,1213.0470985181496,129.29444608719794,797.3600000000002,6.0,6.0,1099,0.553465,6_6
329,298929,864691135686283703,excitatory_neuron,4P,L4,V1,axon_partially_extended,dendrite_clean,682.8518694811604,322.9899569964979,866.0800000000003,7.0,3.0,5254,0.552493,7_3
330,292667,864691134919972106,excitatory_neuron,23P,L2/3,V1,axon_partially_extended,dendrite_clean,708.7410957626744,123.27035837246554,821.7600000000002,6.0,4.0,2296,0.552296,6_4
331,269247,864691135479404742,excitatory_neuron,5P-NP,L6,V1,axon_interareal,dendrite_extended,632.8977295325636,517.2634360665861,795.7600000000002,6.0,6.0,8237,0.552088,6_6
332,582414,864691135585046648,excitatory_neuron,23P,L2/3,RL,axon_interareal,dendrite_clean,1277.3880320546107,161.97047007508104,872.9200000000003,7.0,5.0,1511,0.550774,7_5
333,335440,864691135586724220,excitatory_neuron,5P-IT,L5,V1,axon_partially_extended,dendrite_extended,738.835649098178,401.2550873406889,866.6400000000002,6.0,2.0,6905,0.550659,6_2
334,518898,864691135749141801,excitatory_neuron,23P,L2/3,RL,axon_interareal,dendrite_extended,1136.034120829158,197.4014906822681,936.6400000000002,7.0,5.0,4749,0.550471,7_5
335,582091,864691135501703746,excitatory_neuron,23P,L2/3,AL,axon_interareal,dendrite_clean,1314.5040609058972,183.46313120185764,740.0000000000001,7.0,5.0,2077,0.549985,7_5
336,303137,864691136022520056,excitatory_neuron,5P-ET,L5,V1,axon_partially_extended,dendrite_clean,658.5640689268957,482.3756463673956,877.4400000000003,4.0,7.0,8395,0.54941,4_7
337,194600,864691135927381774,excitatory_neuron,4P,L4,V1,axon_partially_extended,dendrite_extended,481.44604835360946,309.0311656470652,803.8000000000003,9.0,3.0,5306,0.547945,9_3
338,260559,864691135571515270,excitatory_neuron,4P,L4,V1,axon_fully_extended,dendrite_extended,660.2974577530615,270.9060153676292,815.2400000000002,6.0,2.0,4961,0.547428,6_2
339,292676,864691135764583990,excitatory_neuron,23P,L2/3,V1,axon_fully_extended,dendrite_extended,715.137001814084,153.70360601023077,827.4800000000002,5.0,6.0,2080,0.546983,5_6
340,516758,864691136309871706,excitatory_neuron,23P,L2/3,RL,axon_interareal,dendrite_extended,1198.686230404375,152.45093137790596,763.2400000000001,5.0,7.0,2529,0.546618,5_7
341,299091,864691135717457946,excitatory_neuron,4P,L4,V1,axon_fully_extended,dendrite_extended,709.1922761459178,345.01749614037846,895.2000000000003,8.0,5.0,7920,0.546513,8_5
342,583741,864691135952121379,excitatory_neuron,23P,L2/3,AL,axon_interareal,dendrite_clean,1324.7161062581076,242.24083651368838,741.9200000000002,6.0,7.0,4077,0.546183,6_7
343,520668,864691135473383730,excitatory_neuron,23P,L2/3,RL,axon_partially_extended,dendrite_extended,1152.3874219688958,249.135638842193,968.4000000000002,6.0,4.0,4845,0.545303,6_4
344,553584,864691135496333968,excitatory_neuron,23P,L2/3,RL,axon_fully_extended,dendrite_extended,1258.2489554710105,214.77532806681418,885.0800000000003,4.0,7.0,2677,0.544638,4_7
345,525758,864691135367033849,excitatory_neuron,5P-IT,L5,RL,axon_interareal,dendrite_extended,1135.8449908565767,387.54857397794615,1068.3200000000002,6.0,4.0,7169,0.544617,6_4
346,394291,864691135375484489,excitatory_neuron,4P,L4,V1,axon_partially_extended,dendrite_extended,888.0251596913165,289.48047379637876,773.1200000000001,5.0,6.0,4521,0.544581,5_6
347,262355,864691137199038273,excitatory_neuron,4P,L4,V1,axon_partially_extended,dendrite_extended,640.3903557790833,344.97284375252514,771.5600000000002,8.0,5.0,8437,0.544571,8_5
348,188180,864691135566945559,excitatory_neuron,23P,L2/3,V1,axon_fully_extended,dendrite_extended,495.3257078904964,157.72910767315636,684.4800000000001,9.0,4.0,4859,0.543947,9_4
349,583891,864691135118894813,excitatory_neuron,4P,L4,AL,axon_interareal,dendrite_clean,1302.0716380698996,260.94642146774004,810.0400000000003,6.0,4.0,5010,0.543262,6_4
350,584004,864691135491204327,excitatory_neuron,23P,L2/3,RL,axon_interareal,dendrite_clean,1270.0538428988134,249.47222396280029,866.6800000000003,6.0,6.0,3588,0.543252,6_6
351,517898,864691135686494647,excitatory_neuron,23P,L2/3,RL,axon_fully_extended,dendrite_extended,1142.5765855261268,149.7905299726908,670.8000000000002,9.0,4.0,5117,0.543146,9_4
352,303164,864691135878061395,excitatory_neuron,5P-IT,L5,V1,axon_fully_extended,dendrite_extended,683.3483091185949,459.0389319859714,904.3200000000003,7.0,3.0,9122,0.542871,7_3
353,553585,864691135491167207,excitatory_neuron,23P,L2/3,RL,axon_interareal,dendrite_clean,1263.452592315621,172.18679266596476,884.0800000000003,9.0,6.0,2255,0.542726,9_6
354,423560,864691135339103718,excitatory_neuron,23P,L2/3,V1,axon_partially_extended,dendrite_extended,983.3448830683913,211.86076867378787,735.9200000000002,8.0,5.0,2438,0.542693,8_5
355,266848,864691135955962888,excitatory_neuron,5P-IT,L5,V1,axon_partially_extended,dendrite_extended,611.1521809190402,461.0743702664066,809.8800000000002,7.0,3.0,9183,0.541852,7_3
356,269502,864691136968094158,excitatory_neuron,6P-CT,L6,V1,axon_partially_extended,dendrite_extended,624.6192740249599,545.0637095617988,886.0800000000003,5.0,7.0,8855,0.541141,5_7
357,296668,864691135465343045,excitatory_neuron,4P,L4,V1,axon_partially_extended,dendrite_clean,705.8868532187548,304.96098242197576,868.3600000000002,9.0,3.0,5332,0.540758,9_3
358,560530,864691136521831825,excitatory_neuron,5P-IT,L5,RL,axon_fully_extended,dendrite_extended,1231.458497266472,425.5303723556542,769.2400000000001,5.0,6.0,6741,0.540601,5_6
359,363954,864691136372047496,excitatory_neuron,4P,L4,V1,axon_partially_extended,dendrite_extended,849.7249254147376,274.18016614067517,988.8400000000003,5.0,6.0,4593,0.539945,5_6
360,296207,864691136967703758,excitatory_neuron,4P,L4,V1,axon_partially_extended,dendrite_extended,712.9219710103243,269.3425946193431,727.2800000000001,6.0,2.0,4514,0.538327,6_2
361,260618,864691135576881950,excitatory_neuron,4P,L4,V1,axon_partially_extended,dendrite_clean,636.7704856090811,265.18573725058263,853.2800000000002,5.0,7.0,4716,0.538227,5_7
362,269500,864691136424990255,excitatory_neuron,6P-IT,L6,V1,axon_partially_extended,dendrite_extended,619.5667335264004,558.7554528587796,878.4400000000003,5.0,6.0,8997,0.538126,5_6
363,296531,864691136118686884,excitatory_neuron,4P,L4,V1,axon_partially_extended,dendrite_clean,691.4984130242531,285.8421944695649,835.4400000000003,5.0,6.0,4717,0.538013,5_6
364,299278,864691135611140359,excitatory_neuron,4P,L4,V1,axon_partially_extended,dendrite_extended,679.6562431275788,337.48660392633286,944.7200000000003,4.0,7.0,6004,0.537014,4_7
365,294667,864691135210134905,excitatory_neuron,23P,L2/3,V1,axon_partially_extended,dendrite_extended,696.6192471572385,179.58014539378982,901.1200000000002,7.0,3.0,1966,0.536722,7_3
366,255156,864691135325071004,excitatory_neuron,23P,L2/3,V1,axon_fully_extended,dendrite_extended,646.5263216549724,80.2442562165925,843.8800000000002,4.0,7.0,829,0.536371,4_7
367,296612,864691135810473245,excitatory_neuron,4P,L4,V1,axon_partially_extended,dendrite_clean,675.111210678594,266.8055153662543,868.8800000000002,5.0,7.0,5167,0.534308,5_7
368,264935,864691135756075981,excitatory_neuron,5P-ET,L5,V1,axon_fully_extended,dendrite_extended,649.698770390486,414.07909569417086,858.7200000000003,5.0,6.0,7344,0.53377,5_6
369,587208,864691136380264149,excitatory_neuron,5P-IT,L5,AL,axon_partially_extended,dendrite_extended,1271.4673523861566,365.49291318213386,721.2000000000002,6.0,7.0,6017,0.533625,6_7
370,264776,864691136452609023,excitatory_neuron,5P-IT,L5,V1,axon_partially_extended,dendrite_extended,609.6835277969864,402.2264345506393,831.1600000000002,6.0,2.0,6966,0.531057,6_2
371,267194,864691135977666883,excitatory_neuron,5P-ET,L5,V1,axon_partially_extended,dendrite_extended,629.271674528688,454.4363284369262,871.0400000000003,7.0,3.0,8796,0.530829,7_3
372,330329,864691135384285931,excitatory_neuron,4P,L4,V1,axon_partially_extended,dendrite_extended,777.7438234875435,262.7430781657197,822.0800000000003,6.0,4.0,4989,0.530774,6_4
373,553339,864691135684657079,excitatory_neuron,23P,L2/3,RL,axon_interareal,dendrite_clean,1196.6825263263297,209.13198558447144,822.3200000000003,8.0,5.0,2696,0.529709,8_5
374,296315,864691136086630764,excitatory_neuron,4P,L4,V1,axon_partially_extended,dendrite_extended,692.4138643883473,263.62945513376985,768.4400000000002,6.0,4.0,4351,0.528839,6_4
375,296262,864691136085904236,excitatory_neuron,4P,L4,V1,axon_partially_extended,dendrite_extended,664.3762527506308,269.07855172426844,758.1200000000001,6.0,2.0,5098,0.528049,6_2
376,296725,864691135375351369,excitatory_neuron,4P,L4,V1,axon_partially_extended,dendrite_clean,666.9776088612912,277.5294330029002,888.4800000000002,5.0,6.0,4963,0.52763,5_6
377,296734,864691135760106830,excitatory_neuron,4P,L4,V1,axon_partially_extended,dendrite_clean,670.9162321603724,283.91299803412966,903.1600000000002,9.0,3.0,4922,0.526618,9_3
378,258372,864691136314491965,excitatory_neuron,23P,L2/3,V1,axon_partially_extended,dendrite_extended,648.9136922870601,194.6797910362675,900.7600000000002,8.0,5.0,2070,0.526123,8_5
379,553216,864691135134155168,excitatory_neuron,23P,L2/3,RL,axon_interareal,dendrite_clean,1234.7953350588418,211.8882240572732,777.8000000000002,8.0,5.0,1573,0.525959,8_5
380,256341,864691135577651230,excitatory_neuron,23P,L2/3,V1,axon_partially_extended,dendrite_extended,656.4852487596714,166.8819163588384,797.2000000000003,9.0,4.0,7589,0.52475,9_4
381,260603,864691135209432185,excitatory_neuron,23P,L4,V1,axon_partially_extended,dendrite_clean,626.5868504914437,252.34531327818877,853.4000000000002,6.0,4.0,4783,0.52454,6_4
382,365589,864691134886569210,excitatory_neuron,4P,L4,V1,axon_partially_extended,dendrite_extended,852.2879874370495,349.89165679480095,804.5600000000003,4.0,7.0,6541,0.52236,4_7
383,261049,864691136196517452,excitatory_neuron,4P,L4,V1,axon_partially_extended,dendrite_extended,664.612088051074,263.4456713144723,973.9200000000003,5.0,7.0,4690,0.522282,5_7
384,582011,864691135358995288,excitatory_neuron,23P,L2/3,AL,axon_interareal,dendrite_clean,1328.069967589214,195.82853195798123,717.2800000000001,7.0,3.0,1448,0.521157,7_3
385,226093,864691135336055529,excitatory_neuron,4P,L4,V1,axon_partially_extended,dendrite_extended,560.5204465655154,284.9192002476017,820.9600000000003,5.0,6.0,5132,0.520434,5_6
386,488668,864691135740860820,excitatory_neuron,23P,L2/3,RL,axon_partially_extended,dendrite_extended,1113.180435623634,250.07409593895562,771.9600000000002,6.0,6.0,4382,0.520322,6_6
387,460053,864691135113733529,excitatory_neuron,4P,L4,RL,axon_interareal,dendrite_extended,1041.621236516954,337.3534249877659,953.0800000000003,4.0,7.0,5687,0.520315,4_7
388,556224,864691135970206821,excitatory_neuron,4P,L4,AL,axon_partially_extended,dendrite_extended,1235.6388224161742,310.191813661509,729.1600000000001,9.0,3.0,2408,0.520277,9_3
389,258399,864691136011686318,excitatory_neuron,23P,L2/3,V1,axon_partially_extended,dendrite_clean,664.804108590766,188.5534193780247,882.5200000000002,9.0,6.0,4936,0.519496,9_6
390,610535,864691135927648212,excitatory_neuron,23P,L2/3,AL,axon_interareal,dendrite_clean,1364.7591516930988,175.2037214184574,804.8800000000002,7.0,5.0,2195,0.519464,7_5
391,227810,864691136025504569,excitatory_neuron,4P,L4,V1,axon_partially_extended,dendrite_extended,574.9776721437703,326.015614745456,761.9600000000002,9.0,3.0,7875,0.517983,9_3
392,292899,864691136453384959,excitatory_neuron,23P,L2/3,V1,axon_partially_extended,dendrite_extended,722.2253561719078,174.7534979932771,881.1600000000002,9.0,6.0,2640,0.517928,9_6
393,260548,864691137056393846,excitatory_neuron,4P,L4,V1,axon_partially_extended,dendrite_clean,654.2628480369301,264.9815199820313,830.1200000000002,6.0,2.0,4586,0.517611,6_2
394,223037,864691136195400150,excitatory_neuron,23P,L2/3,V1,axon_interareal,dendrite_extended,567.0916387272655,98.9281653411488,950.8800000000002,6.0,2.0,2464,0.514612,6_2
395,518848,864691134884807418,excitatory_neuron,23P,L2/3,RL,axon_interareal,dendrite_extended,1148.8547473929461,198.4589056962962,919.5600000000003,7.0,5.0,4171,0.513977,7_5
396,582412,864691136724880893,excitatory_neuron,23P,L2/3,RL,axon_interareal,dendrite_clean,1269.7035868548528,214.556833535316,855.4800000000002,4.0,7.0,2649,0.513667,4_7
397,434406,864691135308553030,excitatory_neuron,6P-IT,L6,V1,axon_partially_extended,dendrite_extended,943.3915773900447,534.1490127122148,890.1200000000002,6.0,4.0,8684,0.513528,6_4
398,425602,864691136274546622,excitatory_neuron,4P,L4,V1,axon_partially_extended,dendrite_extended,958.6502372885283,265.01475544625026,723.4000000000001,6.0,2.0,4297,0.513259,6_2
399,582210,864691135517531786,excitatory_neuron,23P,L2/3,AL,axon_interareal,dendrite_extended,1323.449560696207,225.87617732568103,759.6000000000001,7.0,5.0,4795,0.513031,7_5
400,614235,864691136619882637,excitatory_neuron,5P-IT,L4,AL,axon_partially_extended,dendrite_extended,1362.2890663990609,359.11226683883797,777.3600000000001,8.0,5.0,8749,0.51261,8_5
401,299018,864691136954050527,excitatory_neuron,4P,L5,V1,axon_fully_extended,dendrite_extended,657.6175480486263,363.95452351244614,882.2400000000002,6.0,7.0,7118,0.512582,6_7
402,560217,864691136089194039,excitatory_neuron,5P-ET,L5,RL,axon_interareal,dendrite_extended,1182.9116809178577,469.33793953775063,707.6800000000002,8.0,5.0,10257,0.511735,8_5
403,258113,864691135518283475,excitatory_neuron,23P,L2/3,V1,axon_fully_extended,dendrite_extended,632.3234577579583,192.65013336330972,809.0000000000002,7.0,3.0,2204,0.511708,7_3
404,519746,864691136195391208,excitatory_neuron,23P,L2/3,RL,axon_partially_extended,dendrite_clean,1179.0270156416345,229.55893715494867,714.6400000000001,4.0,7.0,2692,0.511611,4_7
405,292685,864691135441799752,excitatory_neuron,23P,L2/3,V1,axon_fully_extended,dendrite_extended,728.1902267066858,144.7592334831523,840.8400000000003,9.0,4.0,2231,0.510627,9_4
406,612143,864691135341198789,excitatory_neuron,23P,L2/3,AL,axon_interareal,dendrite_clean,1345.2417271146612,246.2851520865651,731.9600000000002,6.0,7.0,3164,0.508603,6_7
407,588839,864691136210344892,excitatory_neuron,5P-IT,L5,RL,axon_interareal,dendrite_extended,1256.5432543693262,478.7993575636608,771.5600000000002,7.0,5.0,8791,0.508491,7_5
408,330852,864691135478268840,excitatory_neuron,4P,L4,V1,axon_partially_extended,dendrite_extended,793.0406342365427,267.8075549313195,952.2000000000003,5.0,7.0,5321,0.508397,5_7
409,305061,864691136905458866,excitatory_neuron,6P-CT,L6,V1,axon_partially_extended,dendrite_extended,675.5371891513275,515.2761476074526,885.9600000000003,6.0,6.0,8339,0.508133,6_6
410,258224,864691136091634487,excitatory_neuron,23P,L2/3,V1,axon_partially_extended,dendrite_extended,648.1411870180666,171.93390781293724,838.6000000000003,9.0,4.0,8200,0.507767,9_4
411,302957,864691135585266808,excitatory_neuron,5P-ET,L5,V1,axon_partially_extended,dendrite_extended,660.3475735181844,475.20781326576343,838.1200000000002,4.0,7.0,7908,0.507019,4_7
412,265045,864691136437631902,excitatory_neuron,5P-ET,L5,V1,axon_partially_extended,dendrite_extended,643.0300065048364,427.88641564546697,884.3600000000002,5.0,6.0,7305,0.506788,5_6
413,225873,864691135977309763,excitatory_neuron,4P,L4,V1,axon_partially_extended,dendrite_extended,573.274744385211,269.8454503781592,757.3200000000002,6.0,2.0,4639,0.50646,6_2
414,296535,864691136026254649,excitatory_neuron,4P,L4,V1,axon_fully_extended,dendrite_extended,699.0070511900325,261.700749920918,821.1600000000002,6.0,4.0,4356,0.506331,6_4
415,562808,864691135697613077,excitatory_neuron,5P-ET,L5,RL,axon_interareal,dendrite_extended,1236.205839388808,485.8215566430232,871.3600000000002,4.0,7.0,8135,0.506027,4_7
416,260697,864691135886130288,excitatory_neuron,23P,L2/3,V1,axon_fully_extended,dendrite_extended,629.1832355009059,243.96370860589371,891.2400000000002,6.0,4.0,4776,0.504956,6_4
417,263132,864691135386899029,excitatory_neuron,4P,L4,V1,axon_partially_extended,dendrite_extended,628.2230739270814,329.8388056815427,959.4000000000002,4.0,7.0,6562,0.504255,4_7
418,363820,864691135386963541,excitatory_neuron,4P,L4,V1,axon_partially_extended,dendrite_extended,800.7444147966332,304.58694031337797,936.0800000000003,9.0,3.0,7710,0.503278,9_3
419,262800,864691135941300993,excitatory_neuron,4P,L4,V1,axon_partially_extended,dendrite_clean,631.5366179308847,312.52571854680957,872.4400000000003,7.0,3.0,4868,0.502134,7_3
420,269609,864691135817419343,excitatory_neuron,6P-CT,L6,V1,axon_partially_extended,dendrite_extended,623.0140331073101,529.6330854138162,913.5600000000003,6.0,4.0,8626,0.500906,6_4
421,258209,864691135277186789,excitatory_neuron,23P,L2/3,V1,axon_partially_extended,dendrite_clean,628.3412801599445,210.99687862174395,820.8800000000002,4.0,7.0,3491,0.500901,4_7
422,298919,864691135725748139,excitatory_neuron,4P,L4,V1,axon_partially_extended,dendrite_clean,683.1250742466628,309.5867651693208,865.0000000000002,9.0,3.0,8289,0.500855,9_3
423,302951,864691136991202453,excitatory_neuron,5P-ET,L5,V1,axon_fully_extended,dendrite_extended,652.7145437589246,493.4278837566877,818.9600000000003,8.0,5.0,9992,0.500589,8_5
424,258231,864691135496440208,excitatory_neuron,23P,L2/3,V1,axon_partially_extended,dendrite_clean,652.898731277874,218.15644582867128,818.3200000000003,4.0,7.0,3728,0.500233,4_7
425,362756,864691136022214648,excitatory_neuron,4P,L4,V1,axon_partially_extended,dendrite_extended,844.4320410895536,317.78880491237055,711.0800000000002,7.0,3.0,4626,0.499279,7_3
426,580948,864691136452081151,excitatory_neuron,23P,L2/3,RL,axon_interareal,dendrite_clean,1276.5957871988885,155.60519961039682,820.3200000000003,9.0,4.0,5433,0.499208,9_4
427,269350,864691135853198023,excitatory_neuron,5P-ET,L6,V1,axon_partially_extended,dendrite_extended,636.8800805962086,514.335378689094,836.3200000000003,6.0,6.0,8346,0.498389,6_6
428,258291,864691135587371132,excitatory_neuron,23P,L2/3,V1,axon_partially_extended,dendrite_clean,634.375832054199,211.78181138036126,859.7200000000003,4.0,7.0,3568,0.498357,4_7
429,264917,864691135014966262,excitatory_neuron,5P-IT,L5,V1,axon_partially_extended,dendrite_extended,636.2818503448223,397.8078169340897,871.6400000000002,7.0,3.0,7352,0.497003,7_3
430,224351,864691134948788476,excitatory_neuron,23P,L2/3,V1,axon_partially_extended,dendrite_extended,580.1527252881766,222.07111012422766,865.9200000000003,6.0,7.0,3867,0.496817,6_7
431,332531,864691135060020123,excitatory_neuron,4P,L4,V1,axon_partially_extended,dendrite_extended,759.7828253172393,331.45514418564323,747.9200000000002,7.0,3.0,4734,0.496756,7_3
432,363939,864691136953197279,excitatory_neuron,4P,L4,V1,axon_partially_extended,dendrite_extended,835.7326943809128,265.9533573610774,973.2400000000002,5.0,7.0,5091,0.496501,5_7
433,291295,864691136137293195,excitatory_neuron,23P,L2/3,V1,axon_partially_extended,dendrite_extended,683.4119197077202,91.88735341154528,899.8000000000003,6.0,6.0,1862,0.496346,6_6
434,394232,864691135809568029,excitatory_neuron,4P,L4,V1,axon_partially_extended,dendrite_extended,904.906633617391,322.6941793722893,726.6400000000001,7.0,3.0,4546,0.494957,7_3
435,554775,864691135654715586,excitatory_neuron,23P,L2/3,RL,axon_interareal,dendrite_clean,1216.9595952834306,221.89180354982562,806.2800000000002,4.0,7.0,3469,0.49493,4_7
436,582294,864691135801133666,excitatory_neuron,23P,L2/3,AL,axon_partially_extended,dendrite_extended,1320.9325966086758,209.8518319792378,802.4800000000002,7.0,5.0,4951,0.494293,7_5
437,260649,864691135465955397,excitatory_neuron,4P,L4,V1,axon_fully_extended,dendrite_extended,662.9440444703464,261.95060254923317,846.4800000000002,6.0,2.0,4585,0.494168,6_2
438,301188,864691135294480310,excitatory_neuron,5P-IT,L5,V1,axon_fully_extended,dendrite_extended,651.58932580631,429.9201484439,904.0000000000002,5.0,6.0,7059,0.493872,5_6
439,396693,864691135346571423,excitatory_neuron,4P,L4,V1,axon_partially_extended,dendrite_extended,900.3522085372141,338.0356138615753,827.7600000000002,8.0,5.0,7752,0.493176,8_5
440,305198,864691135272069285,excitatory_neuron,5P-ET,L6,V1,axon_partially_extended,dendrite_extended,669.7059007280242,518.042443926405,926.4000000000002,6.0,6.0,8240,0.492514,6_6
441,428660,864691135134114976,excitatory_neuron,4P,L4,V1,axon_partially_extended,dendrite_extended,949.0349771675205,335.99884620471084,929.0800000000003,8.0,5.0,8622,0.492034,8_5
442,558388,864691136311106650,excitatory_neuron,5P-IT,L5,RL,axon_partially_extended,dendrite_extended,1200.1352022883214,374.542342469104,705.2000000000002,6.0,4.0,7128,0.491342,6_4
443,260596,864691136596901026,excitatory_neuron,4P,L4,V1,axon_fully_extended,dendrite_extended,619.988317009731,274.8960254596414,844.2800000000002,5.0,7.0,4712,0.4901,5_7
444,399297,864691135587532924,excitatory_neuron,5P-IT,L5,V1,axon_partially_extended,dendrite_extended,882.902158028056,415.5938743450844,900.7600000000002,5.0,6.0,6922,0.489649,5_6
445,300984,864691135977654851,excitatory_neuron,5P-IT,L5,V1,axon_partially_extended,dendrite_extended,691.3272593345213,373.713654878588,841.9600000000003,6.0,6.0,6625,0.488822,6_6
446,227896,864691136120159768,excitatory_neuron,4P,L4,V1,axon_partially_extended,dendrite_extended,536.8287076788741,297.23720286682567,794.3200000000003,9.0,3.0,2504,0.486925,9_3
447,228758,864691135868916246,excitatory_neuron,4P,L4,V1,axon_partially_extended,dendrite_extended,586.5662325703502,329.4065277846696,973.0400000000003,8.0,5.0,8034,0.485963,8_5
448,260842,864691135465113157,excitatory_neuron,4P,L4,V1,axon_partially_extended,dendrite_clean,655.381967625115,282.29694811267063,905.1600000000002,9.0,3.0,2065,0.485694,9_3
449,392879,864691135698922005,excitatory_neuron,4P,L2/3,V1,axon_partially_extended,dendrite_extended,896.3098578546708,249.85976405586413,877.2400000000002,6.0,4.0,4202,0.484953,6_4
450,192966,864691135304679079,excitatory_neuron,4P,L4,V1,axon_partially_extended,dendrite_extended,479.9655167863923,256.9278600102971,928.7600000000002,6.0,2.0,4797,0.484578,6_2
451,363826,864691135942924148,excitatory_neuron,4P,L4,V1,axon_partially_extended,dendrite_extended,804.5163637578535,301.12651938031945,946.7600000000002,9.0,3.0,5379,0.484249,9_3
452,516988,864691136143696692,excitatory_neuron,23P,L2/3,RL,axon_interareal,dendrite_clean,1177.307845203051,146.40467450411938,831.3200000000003,9.0,4.0,2531,0.48346,9_4
453,188961,864691135939008565,excitatory_neuron,23P,L2/3,V1,axon_partially_extended,dendrite_extended,528.3291848296136,155.7339580724574,890.9600000000003,9.0,4.0,7715,0.483398,9_4
454,294484,864691135562842337,excitatory_neuron,23P,L2/3,V1,axon_fully_extended,dendrite_extended,688.6766547868942,238.05441510653222,837.1200000000002,6.0,7.0,3733,0.482539,6_7
455,222500,864691135778638013,excitatory_neuron,23P,L2/3,V1,axon_partially_extended,dendrite_extended,576.7258008078996,149.62475371752848,779.6400000000001,9.0,4.0,2003,0.482282,9_4
456,256510,864691135685087474,excitatory_neuron,23P,L2/3,V1,axon_partially_extended,dendrite_extended,634.0511534995779,112.68843356006401,869.4000000000002,6.0,4.0,1939,0.48136,6_4
457,516621,864691136275919117,excitatory_neuron,23P,L2/3,RL,axon_interareal,dendrite_clean,1152.8564332901801,143.17329717129323,689.6800000000002,5.0,7.0,1431,0.480664,5_7
458,223016,864691135763941174,excitatory_neuron,23P,L2/3,V1,axon_partially_extended,dendrite_extended,613.3947827500391,104.2640549208051,927.8800000000002,6.0,4.0,2112,0.480216,6_4
459,292747,864691136177629702,excitatory_neuron,23P,L2/3,V1,axon_partially_extended,dendrite_clean,719.1296706589546,146.98602761506493,855.8800000000002,9.0,4.0,8173,0.480038,9_4
460,330148,864691135479833030,excitatory_neuron,4P,L4,V1,axon_partially_extended,dendrite_extended,790.4344804903153,257.94287558270287,756.6400000000001,6.0,4.0,4257,0.479499,6_4
461,522520,864691135778187360,excitatory_neuron,4P,L4,RL,axon_partially_extended,dendrite_extended,1154.798491669433,344.942350876889,907.3600000000002,8.0,5.0,7543,0.478545,8_5
462,227818,864691135134016928,excitatory_neuron,4P,L4,V1,axon_partially_extended,dendrite_extended,584.0397888554392,320.8337115522179,776.0400000000001,7.0,3.0,5021,0.478378,7_3
463,258322,864691135619756943,excitatory_neuron,23P,L2/3,V1,axon_partially_extended,dendrite_clean,670.2641298288278,195.90526758646274,853.6800000000003,9.0,6.0,5271,0.477389,9_6
464,296910,864691136674744199,excitatory_neuron,4P,L4,V1,axon_partially_extended,dendrite_clean,699.9037745868751,274.94931932102884,904.6800000000003,5.0,6.0,4719,0.475947,5_6
465,298714,864691135728030015,excitatory_neuron,4P,L4,V1,axon_fully_extended,dendrite_extended,709.8583374567135,327.8582511007429,812.2400000000002,7.0,3.0,5329,0.475019,7_3
466,296666,864691137055367798,excitatory_neuron,4P,L4,V1,axon_partially_extended,dendrite_clean,707.2477038318709,273.9857181356331,847.5200000000002,5.0,7.0,5374,0.473956,5_7
467,260504,864691135725920939,excitatory_neuron,4P,L4,V1,axon_partially_extended,dendrite_clean,617.6842116642852,265.2505053307376,833.6400000000002,6.0,2.0,4992,0.473417,6_2
468,340088,864691136380264405,excitatory_neuron,6P-CT,L6,V1,axon_partially_extended,dendrite_extended,774.2328549688875,512.1541615683244,933.4400000000003,6.0,7.0,8196,0.47305,6_7
469,588983,864691135572530981,excitatory_neuron,5P-ET,L5,AL,axon_interareal,dendrite_extended,1293.3857315238479,482.85783475573044,812.6000000000003,8.0,5.0,9774,0.472941,8_5
470,555010,864691135416233914,excitatory_neuron,23P,L2/3,RL,axon_interareal,dendrite_clean,1242.7627251133006,232.4368214721848,868.7600000000002,6.0,6.0,3609,0.472202,6_6
471,553492,864691135134695328,excitatory_neuron,23P,L2/3,RL,axon_fully_extended,dendrite_extended,1255.6769920400898,197.91099279648688,865.0400000000003,8.0,5.0,1577,0.471204,8_5
472,256609,864691137198691137,excitatory_neuron,23P,L2/3,V1,axon_partially_extended,dendrite_clean,639.975706707053,111.79338647091319,882.7600000000002,6.0,4.0,1639,0.470439,6_4
473,190709,864691135890141321,excitatory_neuron,23P,L2/3,V1,axon_partially_extended,dendrite_extended,493.0252442698198,188.42943306442774,893.5200000000002,9.0,6.0,5392,0.47037,9_6
474,581988,864691136451224831,excitatory_neuron,23P,L2/3,AL,axon_interareal,dendrite_clean,1299.6421295114963,226.2988313038535,695.4800000000001,4.0,7.0,2622,0.470362,4_7
475,581967,864691136812081779,excitatory_neuron,23P,L2/3,AL,axon_interareal,dendrite_extended,1282.9909707402062,192.6555644058055,700.7200000000001,7.0,3.0,1469,0.470246,7_3
476,614445,864691135867905302,excitatory_neuron,5P-IT,L4,AL,axon_partially_extended,dendrite_extended,1349.1335883174906,346.46155158454025,840.8800000000002,4.0,7.0,5431,0.469944,4_7
477,225820,864691136040834558,excitatory_neuron,4P,L4,V1,axon_partially_extended,dendrite_extended,536.355851992879,274.00357982821583,765.8400000000001,6.0,2.0,4671,0.469776,6_2
478,518004,864691136124845606,excitatory_neuron,23P,L2/3,RL,axon_interareal,dendrite_clean,1157.595567339688,182.26308837642492,706.2000000000002,7.0,5.0,2265,0.468989,7_5
479,302983,864691136211175612,excitatory_neuron,5P-IT,L5,V1,axon_partially_extended,dendrite_extended,680.2643577594845,482.5395749562103,835.2800000000002,4.0,7.0,7892,0.46793,4_7
480,256610,864691135928366606,excitatory_neuron,23P,L2/3,V1,axon_partially_extended,dendrite_clean,640.1249246322145,128.44575897487817,886.6400000000002,9.0,4.0,1985,0.467811,9_4
481,582409,864691136196127208,excitatory_neuron,23P,L2/3,RL,axon_fully_extended,dendrite_extended,1265.669184310062,195.31599498533103,854.8800000000002,9.0,6.0,5323,0.466668,9_6
482,330086,864691135339729126,excitatory_neuron,4P,L2/3,V1,axon_partially_extended,dendrite_extended,770.4770319904495,248.87295555134577,774.7200000000001,6.0,4.0,4288,0.466375,6_4
483,423614,864691135477469864,excitatory_neuron,23P,L2/3,V1,axon_partially_extended,dendrite_extended,946.6143700177262,242.50410065702576,752.6800000000002,6.0,7.0,4152,0.464573,6_7
484,260625,864691136043283030,excitatory_neuron,4P,L4,V1,axon_fully_extended,dendrite_extended,642.9863360354059,300.6143006913651,866.3200000000003,9.0,3.0,5108,0.463883,9_3
485,262892,864691136011768494,excitatory_neuron,4P,L4,V1,axon_partially_extended,dendrite_clean,625.3251895612979,315.96544609553945,875.5600000000003,7.0,3.0,4869,0.463735,7_3
486,455349,864691135464143934,excitatory_neuron,23P,L2/3,V1,axon_partially_extended,dendrite_extended,1008.7143764506483,214.14455621373415,720.8400000000001,8.0,5.0,1730,0.463595,8_5
487,298502,864691136420303511,excitatory_neuron,4P,L4,V1,axon_partially_extended,dendrite_extended,676.0230208446629,345.970230500088,765.1200000000001,8.0,5.0,8707,0.463487,8_5
488,363488,864691135750649129,excitatory_neuron,4P,L4,V1,axon_partially_extended,dendrite_extended,800.6741843926965,295.8435480832214,855.9600000000003,5.0,6.0,5470,0.463068,5_6
489,294446,864691135717271834,excitatory_neuron,23P,L2/3,V1,axon_fully_extended,dendrite_extended,672.8360354378715,207.6300402298093,817.4400000000003,8.0,5.0,2035,0.461965,8_5
490,362831,864691135271463077,excitatory_neuron,4P,L4,V1,axon_partially_extended,dendrite_extended,819.815457680882,296.6187699269503,725.2000000000002,9.0,3.0,2485,0.461205,9_3
491,294557,864691135732210873,excitatory_neuron,23P,L2/3,V1,axon_partially_extended,dendrite_clean,690.7530459085369,195.96321479209647,852.2800000000002,8.0,5.0,2012,0.461188,8_5
492,493333,864691136010028974,excitatory_neuron,5P-IT,L5,RL,axon_partially_extended,dendrite_extended,1059.9923747063629,384.38153132456875,882.0000000000002,6.0,4.0,7146,0.460019,6_4
493,531133,864691135566155351,excitatory_neuron,5P-ET,L5,RL,axon_partially_extended,dendrite_extended,1136.2334258718759,486.6475297657792,907.0400000000003,4.0,7.0,7751,0.459581,4_7
494,256935,864691136420279191,excitatory_neuron,23P,L2/3,V1,axon_partially_extended,dendrite_extended,639.0624806951112,119.29433696075867,977.6800000000003,9.0,4.0,2422,0.459289,9_4
495,328465,864691135816693327,excitatory_neuron,23P,L2/3,V1,axon_partially_extended,dendrite_extended,794.114869622622,191.64335293106683,879.0000000000002,9.0,6.0,5173,0.457668,9_6
496,269601,864691135662408944,excitatory_neuron,6P-CT,L6,V1,axon_partially_extended,dendrite_extended,618.8338230746185,513.5274693721186,914.7600000000002,6.0,6.0,8369,0.457547,6_6
497,262813,864691135570301676,excitatory_neuron,4P,L4,V1,axon_partially_extended,dendrite_clean,639.3941827641954,346.8130239948952,862.2800000000002,4.0,7.0,6169,0.457334,4_7
498,263209,864691135066958404,excitatory_neuron,4P,L4,V1,axon_partially_extended,dendrite_extended,614.2252071038434,316.53619073564215,974.4000000000002,7.0,3.0,4907,0.455887,7_3
499,328513,864691136120658712,excitatory_neuron,23P,L2/3,V1,axon_partially_extended,dendrite_extended,760.1892360886437,186.55517709701724,913.5600000000003,8.0,5.0,1982,0.455299,8_5
500,269491,864691135868957462,excitatory_neuron,6P-IT,L6,V1,axon_partially_extended,dendrite_extended,616.7290795402799,514.8209509740984,902.4000000000002,6.0,6.0,8250,0.453071,6_6
501,583729,864691136136766845,excitatory_neuron,23P,L2/3,AL,axon_interareal,dendrite_clean,1317.6478384182747,235.6477075338801,736.6400000000001,8.0,5.0,5181,0.453008,8_5
502,362903,864691135619317391,excitatory_neuron,4P,L4,V1,axon_partially_extended,dendrite_extended,804.193939729695,260.75278402246494,753.7600000000001,6.0,4.0,4648,0.452889,6_4
503,396676,864691136579408916,excitatory_neuron,4P,L4,V1,axon_partially_extended,dendrite_extended,881.5600062078807,337.6763985871287,832.5200000000002,4.0,7.0,5803,0.452789,4_7
504,296154,864691136523216017,excitatory_neuron,4P,L4,V1,axon_partially_extended,dendrite_extended,684.0142542588924,289.8772617025702,746.5200000000001,5.0,7.0,5302,0.452626,5_7
505,192020,864691135839248787,excitatory_neuron,4P,L4,V1,axon_partially_extended,dendrite_extended,481.76208490795284,277.514780687868,735.1200000000001,5.0,7.0,5257,0.451767,5_7
506,394760,864691135988742147,excitatory_neuron,4P,L4,V1,axon_partially_extended,dendrite_extended,895.7646912306514,316.305094195401,871.4000000000002,9.0,3.0,8114,0.451468,9_3
507,260839,864691136052738803,excitatory_neuron,4P,L4,V1,axon_partially_extended,dendrite_extended,651.0641581773502,290.52794766149793,929.3600000000002,9.0,3.0,5476,0.450346,9_3
508,363529,864691136125433894,excitatory_neuron,4P,L4,V1,axon_partially_extended,dendrite_extended,840.7566803535783,264.33707615211006,861.8400000000003,6.0,2.0,4752,0.449876,6_2
509,396252,864691135756319186,excitatory_neuron,4P,L4,V1,axon_partially_extended,dendrite_extended,876.3000114691407,329.50687232495,740.1200000000001,7.0,3.0,5106,0.448781,7_3
510,260895,864691135810982860,excitatory_neuron,4P,L4,V1,axon_partially_extended,dendrite_extended,622.8367799996607,287.86563866108264,956.9200000000003,9.0,3.0,2092,0.448712,9_3
511,262691,864691135562004193,excitatory_neuron,4P,L4,V1,axon_partially_extended,dendrite_clean,638.5744814715003,308.45160554105354,821.2000000000003,9.0,3.0,4914,0.448397,9_3
512,255217,864691135164772653,excitatory_neuron,23P,L2/3,V1,axon_fully_extended,dendrite_extended,661.0852222034248,91.54013222601625,877.6000000000003,6.0,7.0,1231,0.447733,6_7
513,395167,864691135778572973,excitatory_neuron,4P,L4,V1,axon_partially_extended,dendrite_extended,864.4590261308308,273.927365650116,981.8400000000003,5.0,6.0,4594,0.447524,5_6
514,301198,864691135280481697,excitatory_neuron,5P-IT,L5,V1,axon_partially_extended,dendrite_extended,669.9300883440686,397.98914411372664,886.6400000000002,6.0,2.0,7281,0.446599,6_2
515,330839,864691135646481135,excitatory_neuron,4P,L4,V1,axon_partially_extended,dendrite_extended,781.9266058036499,294.9742811233517,956.0400000000003,9.0,3.0,4837,0.44551,9_3
516,192790,864691135808684573,excitatory_neuron,4P,L4,V1,axon_partially_extended,dendrite_extended,498.9172548221131,270.14992677103515,866.6800000000003,5.0,7.0,5042,0.444903,5_7
517,258220,864691135396794101,excitatory_neuron,23P,L2/3,V1,axon_fully_extended,dendrite_extended,639.6279656513739,229.58732032218674,821.9600000000003,6.0,7.0,3805,0.444828,6_7
518,299253,864691135325413788,excitatory_neuron,4P,L4,V1,axon_partially_extended,dendrite_extended,670.2880028896527,334.41843267222987,961.0400000000003,8.0,5.0,7955,0.44448,8_5
519,428864,864691136136383883,excitatory_neuron,4P,L4,V1,axon_partially_extended,dendrite_extended,944.1951219454153,340.6507268382889,989.6000000000003,8.0,5.0,7727,0.443351,8_5
520,305110,864691135750642473,excitatory_neuron,6P-IT,L6,V1,axon_partially_extended,dendrite_extended,701.1427491215362,532.4853052455254,888.2000000000003,6.0,4.0,8804,0.443005,6_4
521,291161,864691136010651052,excitatory_neuron,23P,L2/3,V1,axon_fully_extended,dendrite_clean,696.7658058027978,101.53593704644724,870.2000000000003,6.0,4.0,1606,0.442522,6_4
522,298831,864691136814627955,excitatory_neuron,4P,L4,V1,axon_fully_extended,dendrite_extended,707.3497549076413,348.4539867174789,837.5600000000003,4.0,7.0,5933,0.442213,4_7
523,294582,864691135801463650,excitatory_neuron,23P,L2/3,V1,axon_partially_extended,dendrite_clean,710.4639365735936,178.47859786205825,872.1600000000002,7.0,3.0,1962,0.442135,7_3
524,554891,864691136227484753,excitatory_neuron,23P,L2/3,RL,axon_interareal,dendrite_clean,1216.945549307992,248.48778510175512,826.0400000000003,6.0,6.0,3633,0.441921,6_6
525,264217,864691135617440105,excitatory_neuron,4P,L5,V1,axon_partially_extended,dendrite_extended,610.7287752564655,370.45262493094714,730.5200000000001,6.0,7.0,6537,0.441496,6_7
526,489411,864691135489836346,excitatory_neuron,23P,L2/3,RL,axon_partially_extended,dendrite_extended,1110.2691121487492,245.900475493277,989.3200000000003,6.0,4.0,4023,0.4407,6_4
527,582056,864691135975539779,excitatory_neuron,23P,L2/3,AL,axon_interareal,dendrite_extended,1283.3321227356162,197.56799102775386,747.1200000000001,7.0,5.0,2220,0.439899,7_5
528,610434,864691135496339088,excitatory_neuron,23P,L2/3,AL,axon_fully_extended,dendrite_extended,1370.286339829099,202.3487426066837,777.3200000000002,7.0,3.0,2168,0.439004,7_3
529,614654,864691136228367697,excitatory_neuron,4P,L4,RL,axon_partially_extended,dendrite_extended,1340.0960088281176,336.6766400891173,899.1600000000002,8.0,5.0,7405,0.438927,8_5
530,258208,864691135504327861,excitatory_neuron,23P,L2/3,V1,axon_fully_extended,dendrite_extended,628.9585847831008,181.17720741292223,821.7600000000002,9.0,6.0,1958,0.437741,9_6
531,263073,864691135955909640,excitatory_neuron,5P-IT,L5,V1,axon_fully_extended,dendrite_extended,641.7310912266416,367.83268514435593,903.9600000000003,6.0,7.0,6547,0.436854,6_7
532,395176,864691135570791558,excitatory_neuron,4P,L4,V1,axon_partially_extended,dendrite_extended,872.4315893996859,258.4352682154849,973.4000000000002,5.0,7.0,5136,0.436051,5_7
533,256529,864691135102274592,excitatory_neuron,23P,L2/3,V1,axon_partially_extended,dendrite_clean,650.9226274013787,107.09760460713994,847.3600000000002,6.0,4.0,2014,0.435281,6_4
534,612577,864691135498992403,excitatory_neuron,4P,L4,AL,axon_partially_extended,dendrite_extended,1326.3775316042556,293.010834443757,857.4000000000002,9.0,3.0,1521,0.434153,9_3
535,294583,864691135743102827,excitatory_neuron,23P,L2/3,V1,axon_fully_extended,dendrite_extended,709.46883300006,204.5390367086691,849.0800000000003,8.0,5.0,2557,0.433842,8_5
536,612794,864691135741684075,excitatory_neuron,4P,L4,RL,axon_partially_extended,dendrite_extended,1364.876058250587,295.02988522610354,929.2400000000002,9.0,3.0,7254,0.43224,9_3
537,330815,864691135342958789,excitatory_neuron,4P,L4,V1,axon_partially_extended,dendrite_extended,767.5740322321468,276.17985344186593,938.0800000000003,5.0,6.0,4656,0.432197,5_6
538,305244,864691135875460494,excitatory_neuron,6P-CT,L6,V1,axon_partially_extended,dendrite_extended,695.964372009313,553.4899088000705,927.8000000000003,5.0,6.0,8827,0.431655,5_6
539,553589,864691135257404079,excitatory_neuron,23P,L2/3,RL,axon_interareal,dendrite_clean,1261.5155347386205,202.40495620949235,874.4400000000003,8.0,5.0,1578,0.431125,8_5
540,299068,864691136058745048,excitatory_neuron,4P,L4,V1,axon_fully_extended,dendrite_extended,689.6028000377871,316.32096182333987,881.6800000000003,9.0,3.0,7793,0.431071,9_3
541,260802,864691136118370724,excitatory_neuron,4P,L4,V1,axon_partially_extended,dendrite_extended,616.6840791676761,269.3388955994407,932.7200000000003,5.0,7.0,4720,0.4299,5_7
542,296556,864691136092725684,excitatory_neuron,4P,L4,V1,axon_partially_extended,dendrite_extended,719.7644900434312,257.22083248335093,825.8800000000002,6.0,4.0,5092,0.42936,6_4
543,256451,864691135271038885,excitatory_neuron,23P,L2/3,V1,axon_partially_extended,dendrite_clean,655.3774007503125,159.71810056080443,812.6000000000003,9.0,4.0,4756,0.428921,9_4
544,292655,864691135343818161,excitatory_neuron,23P,L2/3,V1,axon_partially_extended,dendrite_clean,697.3179959412803,163.5159161207496,818.5200000000002,9.0,4.0,4718,0.427702,9_4
545,394228,864691136991606421,excitatory_neuron,4P,L4,V1,axon_partially_extended,dendrite_extended,907.8555286705327,266.22430760011713,745.2400000000001,6.0,2.0,4355,0.427508,6_2
546,300823,864691135324725404,excitatory_neuron,5P-IT,L5,V1,axon_partially_extended,dendrite_extended,691.4555525878458,372.24725628299694,806.2000000000003,6.0,7.0,6474,0.427293,6_7
547,265054,864691135340055782,excitatory_neuron,5P-IT,L5,V1,axon_partially_extended,dendrite_extended,651.7993809774721,399.61513623758225,889.7200000000003,6.0,2.0,7297,0.4265,6_2
548,262893,864691135124603687,excitatory_neuron,4P,L4,V1,axon_fully_extended,dendrite_extended,629.6684322070811,301.5692025813497,888.0400000000003,9.0,3.0,4949,0.426234,9_3
549,582468,864691136084684396,excitatory_neuron,23P,L2/3,RL,axon_interareal,dendrite_clean,1318.2922525471417,206.9868085523317,868.2800000000002,4.0,7.0,3718,0.425868,4_7
550,296750,864691135480916422,excitatory_neuron,4P,L4,V1,axon_partially_extended,dendrite_clean,682.073786244631,300.30783023384544,903.3200000000003,9.0,3.0,5104,0.425021,9_3
551,292711,864691136603811281,excitatory_neuron,23P,L2/3,V1,axon_partially_extended,dendrite_clean,686.4023463475841,114.24907938499359,843.8000000000003,6.0,4.0,1604,0.424616,6_4
552,294670,864691135387535957,excitatory_neuron,23P,L2/3,V1,axon_partially_extended,dendrite_clean,697.8415159101148,227.2922320291041,878.1600000000002,6.0,7.0,4226,0.42433,6_7
553,582353,864691135852138183,excitatory_neuron,23P,L2/3,AL,axon_interareal,dendrite_clean,1301.2584393680304,163.03094859510725,829.0800000000003,9.0,4.0,4218,0.42412,9_4
554,264244,864691135562474977,excitatory_neuron,4P,L5,V1,axon_partially_extended,dendrite_extended,620.2364068609106,366.78732204112265,739.0400000000001,6.0,7.0,6703,0.423732,6_7
555,258284,864691135455400554,excitatory_neuron,23P,L2/3,V1,axon_partially_extended,dendrite_clean,631.6181772087806,194.83698574674847,857.8800000000002,8.0,5.0,2331,0.423285,8_5
556,296726,864691135698211994,excitatory_neuron,23P,L2/3,V1,axon_fully_extended,dendrite_extended,670.986664677507,239.78320946381655,886.4800000000002,6.0,7.0,3775,0.422036,6_7
557,257894,864691136390788215,excitatory_neuron,23P,L2/3,V1,axon_partially_extended,dendrite_extended,609.1075802414332,212.01241564453133,757.7200000000001,9.0,6.0,5443,0.421238,9_6
558,485307,864691136438426526,excitatory_neuron,23P,L2/3,RL,axon_fully_extended,dendrite_extended,1133.3206271490094,138.83011234738694,660.3200000000002,5.0,6.0,2548,0.420012,5_6
559,362932,864691135576991518,excitatory_neuron,4P,L4,V1,axon_partially_extended,dendrite_extended,825.3780498648644,282.9716503702563,778.8400000000001,5.0,7.0,5046,0.419455,5_7
560,304973,864691136228250961,excitatory_neuron,5P-ET,L5,V1,axon_partially_extended,dendrite_extended,668.3676797420036,506.1686268235279,873.1200000000002,6.0,6.0,8238,0.419253,6_6
561,294653,864691135868210454,excitatory_neuron,23P,L2/3,V1,axon_partially_extended,dendrite_clean,679.527515946804,229.54463282466662,897.6000000000003,6.0,7.0,4300,0.419037,6_7
562,361588,864691136086088556,excitatory_neuron,4P,L2/3,V1,axon_partially_extended,dendrite_extended,811.8963617390457,247.61409766537935,912.0000000000002,6.0,4.0,4261,0.418849,6_4
563,518939,864691135989817088,excitatory_neuron,23P,L2/3,RL,axon_partially_extended,dendrite_extended,1184.1804507784227,187.54420990019997,940.0800000000003,8.0,5.0,1631,0.418437,8_5
564,330172,864691136523288465,excitatory_neuron,4P,L4,V1,axon_partially_extended,dendrite_extended,735.9811742132624,278.940860902668,797.5200000000002,5.0,7.0,4618,0.418279,5_7
565,493375,864691136228538961,excitatory_neuron,4P,L4,RL,axon_partially_extended,dendrite_extended,1086.3376654761312,344.6705624840033,884.3600000000002,4.0,7.0,6482,0.417016,4_7
566,260617,864691136275894285,excitatory_neuron,4P,L4,V1,axon_partially_extended,dendrite_clean,628.5295730321677,300.63438720935625,843.5200000000002,9.0,3.0,2090,0.415822,9_3
567,369392,864691135618505065,excitatory_neuron,5P-ET,L5,V1,axon_partially_extended,dendrite_extended,786.9301302062389,458.079029820478,732.7200000000001,7.0,3.0,8973,0.414991,7_3
568,554833,864691135937286404,excitatory_neuron,4P,L4,RL,axon_interareal,dendrite_extended,1244.5556806844027,286.1093279379728,797.2400000000002,5.0,6.0,4259,0.414896,5_6
569,363845,864691135763795510,excitatory_neuron,4P,L4,V1,axon_partially_extended,dendrite_extended,823.6025220588951,290.7826260462029,952.0000000000002,9.0,3.0,1952,0.414502,9_3
570,558881,864691135741619051,excitatory_neuron,5P-IT,L5,RL,axon_partially_extended,dendrite_extended,1184.0860306101968,366.3283081103927,862.5600000000003,6.0,7.0,6094,0.414391,6_7
571,258398,864691135938816260,excitatory_neuron,23P,L2/3,V1,axon_partially_extended,dendrite_clean,663.0351125499327,210.24177194357284,886.8800000000002,4.0,7.0,3150,0.413272,4_7
572,223191,864691135594721579,excitatory_neuron,23P,L2/3,V1,axon_partially_extended,dendrite_extended,608.5958230740079,131.2123444032162,983.8800000000002,5.0,7.0,1930,0.412938,5_7
573,394316,864691134887460346,excitatory_neuron,4P,L4,V1,axon_partially_extended,dendrite_extended,903.9472518487916,265.3684219274716,768.5600000000002,6.0,2.0,4356,0.412884,6_2
574,222257,864691136488446226,excitatory_neuron,23P,L2/3,V1,axon_partially_extended,dendrite_extended,547.7387496039802,131.41306476506318,711.8800000000001,6.0,2.0,2156,0.412397,6_2
575,256509,864691135304641703,excitatory_neuron,23P,L2/3,V1,axon_partially_extended,dendrite_clean,629.0754329919682,154.1405086037835,852.6000000000003,9.0,4.0,4790,0.411563,9_4
576,258245,864691135773073147,excitatory_neuron,23P,L2/3,V1,axon_partially_extended,dendrite_clean,659.2624410786207,220.31931003427465,826.4800000000002,4.0,7.0,3144,0.41043,4_7
577,296728,864691135779705021,excitatory_neuron,23P,L2/3,V1,axon_fully_extended,dendrite_extended,671.7892273144546,242.3589589108271,879.8400000000003,6.0,4.0,4392,0.409624,6_4
578,192536,864691135346685855,excitatory_neuron,4P,L4,V1,axon_partially_extended,dendrite_extended,529.9864485808423,261.62534682932886,802.9600000000003,6.0,2.0,5020,0.408084,6_2
579,452630,864691136025184569,excitatory_neuron,23P,L2/3,V1,axon_partially_extended,dendrite_extended,1008.6440012286469,121.69060742122377,904.0800000000003,5.0,7.0,1576,0.407972,5_7
580,517993,864691135686414775,excitatory_neuron,23P,L2/3,RL,axon_interareal,dendrite_clean,1145.967527739651,211.63340085450344,716.2000000000002,7.0,5.0,5011,0.407377,7_5
581,368011,864691136904488114,excitatory_neuron,5P-IT,L5,V1,axon_partially_extended,dendrite_extended,851.5002802818195,392.6738025735906,869.1200000000002,6.0,4.0,6749,0.405426,6_4
582,258299,864691135850033758,excitatory_neuron,23P,L2/3,V1,axon_fully_extended,dendrite_extended,642.4495790706682,193.66454312286567,870.4000000000002,8.0,5.0,2068,0.404955,8_5
583,194533,864691136488414994,excitatory_neuron,4P,L4,V1,axon_partially_extended,dendrite_extended,513.6354889637549,347.1818350672199,768.9200000000002,4.0,7.0,6434,0.404684,4_7
584,553325,864691136108938168,excitatory_neuron,23P,L2/3,RL,axon_interareal,dendrite_extended,1254.241171209347,223.86862940966878,781.0400000000001,8.0,5.0,2760,0.40425,8_5
585,269733,864691136372759688,excitatory_neuron,5P-NP,L6,V1,axon_partially_extended,dendrite_extended,640.9582687274401,529.404157457338,934.4400000000003,6.0,4.0,8810,0.403703,6_4
586,365720,864691135503836253,excitatory_neuron,4P,L4,V1,axon_partially_extended,dendrite_extended,796.6564292810697,339.5637462056338,849.0000000000002,8.0,5.0,8173,0.403657,8_5
587,255117,864691135741458324,excitatory_neuron,23P,L2/3,V1,axon_partially_extended,dendrite_clean,640.469689178083,100.27259980860947,841.3600000000002,6.0,6.0,1495,0.403052,6_6
588,291299,864691135892214409,excitatory_neuron,23P,L2/3,V1,axon_fully_extended,dendrite_extended,687.2953123759034,76.87267801096792,899.6800000000003,6.0,7.0,1496,0.402593,6_7
589,223029,864691136336179123,excitatory_neuron,23P,L2/3,V1,axon_partially_extended,dendrite_extended,554.9560619033433,139.23987836789428,959.1200000000002,9.0,4.0,4849,0.402442,9_4
590,391223,864691134965778719,excitatory_neuron,23P,L2/3,V1,axon_fully_extended,dendrite_extended,910.9239885072773,140.8305805072905,921.0400000000003,9.0,4.0,8283,0.401789,9_4
591,305065,864691135573276197,excitatory_neuron,6P-IT,L6,V1,axon_partially_extended,dendrite_extended,677.131621065168,561.671660438675,889.4800000000002,5.0,6.0,8826,0.40004,5_6
592,256444,864691135774179147,excitatory_neuron,23P,L2/3,V1,axon_partially_extended,dendrite_clean,648.9355415821868,153.30826417771047,828.7600000000002,9.0,4.0,4758,0.399779,9_4
593,294589,864691136228491601,excitatory_neuron,23P,L2/3,V1,axon_partially_extended,dendrite_clean,713.183066043155,242.1257823632423,859.2400000000002,6.0,6.0,4607,0.399763,6_6
594,300966,864691135324705692,excitatory_neuron,5P-IT,L5,V1,axon_partially_extended,dendrite_extended,681.2449814301293,373.66674796427174,835.1600000000002,6.0,6.0,7225,0.399482,6_6
595,263109,864691134887026938,excitatory_neuron,4P,L4,V1,axon_partially_extended,dendrite_extended,615.8086273739332,305.04647306077004,947.4800000000002,7.0,3.0,4908,0.399109,7_3
596,525220,864691135778132576,excitatory_neuron,5P-IT,L5,RL,axon_partially_extended,dendrite_extended,1117.2520346945962,387.84923518042154,874.4400000000003,6.0,4.0,6602,0.398378,6_4
597,525405,864691135059143323,excitatory_neuron,5P-IT,L5,RL,axon_interareal,dendrite_extended,1123.8491231561256,378.5327573142559,953.8000000000003,6.0,4.0,7492,0.398244,6_4
598,260598,864691135455507818,excitatory_neuron,4P,L4,V1,axon_partially_extended,dendrite_clean,621.6858689139524,278.25676548714625,866.0800000000003,5.0,7.0,4714,0.396238,5_7
599,292673,864691136813937267,excitatory_neuron,23P,L2/3,V1,axon_partially_extended,dendrite_clean,712.6217140342446,145.0032768564233,814.3600000000002,9.0,4.0,2589,0.39609,9_4
600,292714,864691136976001308,excitatory_neuron,23P,L2/3,V1,axon_partially_extended,dendrite_clean,689.8532876532628,125.47255746020545,861.8800000000002,9.0,4.0,1953,0.394908,9_4
601,255219,864691135060727707,excitatory_neuron,23P,L2/3,V1,axon_partially_extended,dendrite_clean,668.6850154449779,94.2608510070818,891.6800000000003,6.0,6.0,1682,0.393993,6_6
602,330853,864691136091074615,excitatory_neuron,4P,L4,V1,axon_partially_extended,dendrite_extended,790.4573127573524,303.9439133828176,951.2800000000002,9.0,3.0,8608,0.393462,9_3
603,258297,864691136330407914,excitatory_neuron,23P,L2/3,V1,axon_partially_extended,dendrite_clean,638.0052683210249,220.96508271388112,852.4800000000002,4.0,7.0,3177,0.393293,4_7
604,581998,864691135616363211,excitatory_neuron,23P,L2/3,AL,axon_fully_extended,dendrite_extended,1309.026207676307,220.37416245262423,711.2800000000001,4.0,7.0,3715,0.391973,4_7
605,332773,864691135877951571,excitatory_neuron,4P,L4,V1,axon_partially_extended,dendrite_extended,754.7184641953937,357.0310801886039,803.7200000000003,4.0,7.0,5895,0.391235,4_7
606,192278,864691135890695049,excitatory_neuron,4P,L4,V1,axon_partially_extended,dendrite_extended,513.656933505742,269.833369819798,767.1600000000001,6.0,2.0,4914,0.389922,6_2
607,265033,864691134949263100,excitatory_neuron,5P-IT,L5,V1,axon_partially_extended,dendrite_extended,639.274328871207,390.0390661806464,875.8400000000003,6.0,4.0,6909,0.388759,6_4
608,616159,864691135724393131,excitatory_neuron,5P-IT,L5,AL,axon_interareal,dendrite_extended,1342.4591021729846,418.3453714239645,772.4000000000001,5.0,6.0,7492,0.38855,5_6
609,330340,864691135209369465,excitatory_neuron,4P,L4,V1,axon_partially_extended,dendrite_extended,790.8282330113312,262.98839309354287,814.3600000000002,6.0,2.0,4806,0.387771,6_2
610,228115,864691136125457446,excitatory_neuron,4P,L4,V1,axon_partially_extended,dendrite_extended,563.2392869256913,322.8685716138823,832.4000000000002,7.0,3.0,4936,0.387635,7_3
611,518632,864691135719761713,excitatory_neuron,23P,L2/3,RL,axon_interareal,dendrite_clean,1195.559042503284,158.0878290913003,821.0000000000002,5.0,6.0,2169,0.386956,5_6
612,262825,864691135583277677,excitatory_neuron,4P,L5,V1,axon_partially_extended,dendrite_extended,648.8717570006861,363.31785488139053,857.1200000000002,6.0,7.0,6666,0.386793,6_7
613,368359,864691135339088102,excitatory_neuron,5P-IT,L5,V1,axon_partially_extended,dendrite_extended,807.9952240755218,385.46264646053436,989.1200000000002,6.0,4.0,6811,0.386735,6_4
614,294605,864691135214986368,excitatory_neuron,23P,L2/3,V1,axon_partially_extended,dendrite_clean,717.9042232830699,241.76789646522496,849.7200000000003,6.0,6.0,4043,0.385097,6_6
615,292837,864691135656578242,excitatory_neuron,23P,L2/3,V1,axon_fully_extended,dendrite_extended,694.879007755497,136.31985507085471,900.5600000000003,9.0,4.0,4724,0.384752,9_4
616,292856,864691135102381856,excitatory_neuron,23P,L2/3,V1,axon_fully_extended,dendrite_extended,705.653358387474,164.43789924997958,892.2400000000002,9.0,6.0,2294,0.384142,9_6
617,291334,864691136389688695,excitatory_neuron,23P,L1,V1,axon_partially_extended,dendrite_extended,716.6844684649875,63.31853412906028,904.1200000000002,4.0,7.0,808,0.384088,4_7
618,519002,864691135408560329,excitatory_neuron,23P,L2/3,RL,axon_partially_extended,dendrite_extended,1162.9799536719083,196.35398869632633,968.6400000000002,8.0,5.0,1664,0.382841,8_5
619,519033,864691136663528670,excitatory_neuron,23P,L2/3,RL,axon_partially_extended,dendrite_extended,1190.173731547774,203.48722672951203,980.4400000000003,8.0,5.0,4548,0.382453,8_5
620,394229,864691134886499066,excitatory_neuron,4P,L4,V1,axon_partially_extended,dendrite_extended,905.9830657080558,300.11005720749876,741.1600000000001,9.0,3.0,2441,0.382329,9_3
621,459533,864691135137137433,excitatory_neuron,4P,L4,V1,axon_fully_extended,dendrite_extended,1003.6575300658492,340.970433764968,819.5600000000003,7.0,5.0,6929,0.382041,7_5
622,258230,864691136298125851,excitatory_neuron,23P,L2/3,V1,axon_partially_extended,dendrite_clean,654.9131000684076,188.52324636631604,816.2800000000002,9.0,6.0,2479,0.38128,9_6
623,326376,864691135741524587,excitatory_neuron,23P,L2/3,V1,axon_partially_extended,dendrite_extended,795.9479977029624,132.50608541352693,898.4800000000002,5.0,7.0,2132,0.380888,5_7
624,228180,864691135858273326,excitatory_neuron,4P,L4,V1,axon_partially_extended,dendrite_extended,533.2541264641172,346.90666488464007,861.1600000000002,4.0,7.0,6657,0.379912,4_7
625,303089,864691136372039560,excitatory_neuron,5P-IT,L5,V1,axon_partially_extended,dendrite_extended,681.0279324455582,490.70118225494673,865.5600000000003,4.0,7.0,8300,0.379801,4_7
626,292647,864691136364308962,excitatory_neuron,23P,L2/3,V1,axon_fully_extended,dendrite_extended,688.8625769621565,116.96985598793631,818.1200000000002,6.0,4.0,2174,0.37933,6_4
627,296113,864691135417443514,excitatory_neuron,4P,L4,V1,axon_partially_extended,dendrite_extended,667.4691925145378,265.301747305604,742.1200000000001,6.0,2.0,4547,0.377473,6_2
628,294535,864691135135019168,excitatory_neuron,23P,L2/3,V1,axon_fully_extended,dendrite_extended,670.3528282649409,216.92096925420228,854.3200000000003,4.0,7.0,3148,0.375728,4_7
629,258285,864691135741780116,excitatory_neuron,23P,L2/3,V1,axon_partially_extended,dendrite_clean,630.7200666136316,199.96221328890516,850.1200000000002,9.0,6.0,4739,0.375539,9_6
630,330600,864691135578360837,excitatory_neuron,4P,L4,V1,axon_partially_extended,dendrite_extended,782.559979641199,276.72002031712043,903.7600000000002,5.0,6.0,5252,0.375168,5_6
631,394398,864691135927494158,excitatory_neuron,4P,L4,V1,axon_partially_extended,dendrite_extended,881.3559332306502,262.1712927318293,784.0800000000002,6.0,4.0,4570,0.374834,6_4
632,425514,864691135976105839,excitatory_neuron,4P,L4,V1,axon_partially_extended,dendrite_extended,931.296490305569,277.33359621932016,736.5200000000001,5.0,7.0,4436,0.374021,5_7
633,291341,864691136814442867,excitatory_neuron,23P,L2/3,V1,axon_fully_extended,dendrite_extended,725.1022288696668,91.93709254435119,897.0800000000003,6.0,7.0,1634,0.373469,6_7
634,292678,864691135431654960,excitatory_neuron,23P,L2/3,V1,axon_fully_extended,dendrite_extended,716.3740390524905,168.20259393597215,832.3600000000002,9.0,4.0,7916,0.373174,9_4
635,363525,864691136107283417,excitatory_neuron,4P,L4,V1,axon_partially_extended,dendrite_extended,835.6023492410674,297.5502326835602,870.4800000000002,9.0,3.0,4780,0.372529,9_3
636,366165,864691136196338764,excitatory_neuron,4P,L4,V1,axon_partially_extended,dendrite_extended,829.68600410642,319.6466728549483,973.6800000000003,7.0,3.0,5367,0.371424,7_3
637,260689,864691136975624220,excitatory_neuron,4P,L4,V1,axon_partially_extended,dendrite_extended,617.6191258271781,288.75828693245006,897.6400000000002,9.0,3.0,2091,0.370833,9_3
638,560109,864691135782544435,excitatory_neuron,5P-ET,L5,AL,axon_partially_extended,dendrite_extended,1211.7985886412068,440.9636266089286,677.0800000000002,7.0,3.0,8551,0.369955,7_3
639,296417,864691135779377341,excitatory_neuron,4P,L4,V1,axon_partially_extended,dendrite_extended,701.8109482615527,280.3199774347628,796.9200000000003,5.0,7.0,5448,0.369255,5_7
640,258375,864691135774053371,excitatory_neuron,23P,L2/3,V1,axon_partially_extended,dendrite_clean,654.0418676914608,174.24899562782335,896.0000000000002,7.0,3.0,2192,0.368504,7_3
641,194599,864691135276505573,excitatory_neuron,4P,L4,V1,axon_partially_extended,dendrite_extended,482.0658674383035,290.19751872719735,809.3600000000002,9.0,3.0,2633,0.368504,9_3
642,298791,864691135569592300,excitatory_neuron,4P,L4,V1,axon_partially_extended,dendrite_clean,671.6006750339005,342.17836848650796,824.7600000000002,8.0,5.0,7946,0.36807,8_5
643,518224,864691135360017752,excitatory_neuron,23P,L2/3,RL,axon_interareal,dendrite_clean,1172.4020659899927,170.902328643092,767.7600000000001,9.0,4.0,5066,0.367911,9_4
644,258590,864691136034084795,excitatory_neuron,23P,L2/3,V1,axon_partially_extended,dendrite_extended,652.6515665767276,208.49815127888095,954.0000000000002,4.0,7.0,3184,0.367297,4_7
645,256552,864691135567047191,excitatory_neuron,23P,L2/3,V1,axon_partially_extended,dendrite_extended,669.7999156163667,161.55810733754333,853.0400000000003,9.0,4.0,8392,0.367267,9_4
646,269576,864691135817195343,excitatory_neuron,6P-IT,L6,V1,axon_partially_extended,dendrite_extended,608.7333662474356,526.9060661551231,920.3200000000003,6.0,4.0,8629,0.367095,6_4
647,260154,864691135134052512,excitatory_neuron,4P,L4,V1,axon_partially_extended,dendrite_extended,636.5280607216247,251.80167814379647,760.4000000000001,6.0,6.0,4066,0.366911,6_6
648,522408,864691135911276969,excitatory_neuron,4P,L4,RL,axon_partially_extended,dendrite_extended,1164.1243913411017,338.948347597446,899.7600000000002,8.0,5.0,7545,0.365361,8_5
649,359672,864691135518989962,excitatory_neuron,23P,L2/3,V1,axon_partially_extended,dendrite_extended,810.2375951457562,149.81738059681405,935.2800000000002,9.0,4.0,7469,0.364912,9_4
650,459250,864691135397982753,excitatory_neuron,5P-IT,L5,V1,axon_partially_extended,dendrite_extended,1035.5712514489544,381.53827072334576,741.8800000000001,6.0,6.0,7355,0.364339,6_6
651,525389,864691135755197133,excitatory_neuron,5P-IT,L5,RL,axon_partially_extended,dendrite_extended,1179.233458789082,374.06281072665223,934.8400000000003,6.0,6.0,6292,0.363508,6_6
652,262810,864691136239980604,excitatory_neuron,4P,L4,V1,axon_partially_extended,dendrite_clean,640.1484799360874,309.55297960715365,848.8400000000003,9.0,3.0,8403,0.362434,9_3
653,296680,864691136239902780,excitatory_neuron,4P,L4,V1,axon_fully_extended,dendrite_extended,711.3124528540014,298.75423604420183,847.6400000000002,9.0,3.0,2002,0.362269,9_3
654,194171,864691135342848433,excitatory_neuron,4P,L4,V1,axon_partially_extended,dendrite_extended,498.5736753613531,332.8224697955059,714.7200000000001,8.0,5.0,8048,0.362065,8_5
655,234165,864691135594817067,excitatory_neuron,6P-CT,L6,V1,axon_partially_extended,dendrite_extended,518.3268206499677,529.2756334432489,773.6000000000001,6.0,2.0,8638,0.361397,6_2
656,291326,864691135398817569,excitatory_neuron,23P,L2/3,V1,axon_fully_extended,dendrite_extended,705.8391362714156,101.36608355883405,901.6800000000003,6.0,4.0,1576,0.361165,6_4
657,292643,864691136968542926,excitatory_neuron,23P,L2/3,V1,axon_fully_extended,dendrite_extended,682.206992250533,168.81105497239653,813.8400000000003,9.0,4.0,7558,0.360339,9_4
658,296628,864691136041575422,excitatory_neuron,4P,L4,V1,axon_partially_extended,dendrite_clean,687.5332870857992,261.4036147994572,850.8800000000002,6.0,2.0,4830,0.358797,6_2
659,296731,864691135466236229,excitatory_neuron,4P,L4,V1,axon_partially_extended,dendrite_clean,669.0635087846242,301.41813488286516,887.2800000000002,9.0,3.0,4920,0.358686,9_3
660,330597,864691136523335057,excitatory_neuron,4P,L4,V1,axon_partially_extended,dendrite_extended,782.6239673893854,297.2838487925791,874.1600000000002,9.0,3.0,5641,0.358631,9_3
661,296800,864691136905758130,excitatory_neuron,4P,L4,V1,axon_partially_extended,dendrite_clean,708.944706691632,299.3822632017234,904.3200000000003,9.0,3.0,4894,0.358407,9_3
662,298814,864691135593133067,excitatory_neuron,4P,L4,V1,axon_fully_extended,dendrite_extended,695.796049484583,326.3067379719306,840.6800000000003,7.0,3.0,4795,0.358345,7_3
663,495010,864691136578820884,excitatory_neuron,5P-ET,L5,RL,axon_fully_extended,dendrite_extended,1078.8851830912834,472.44324949614827,781.9600000000002,7.0,3.0,8593,0.358086,7_3
664,262804,864691135295165196,excitatory_neuron,4P,L4,V1,axon_fully_extended,dendrite_extended,630.9584169023566,347.0386571578669,844.3600000000002,4.0,7.0,6026,0.358078,4_7
665,365621,864691135773208651,excitatory_neuron,4P,L5,V1,axon_partially_extended,dendrite_extended,808.7681049233444,370.75403676433706,837.7600000000002,6.0,7.0,6378,0.357825,6_7
666,294565,864691135919956656,excitatory_neuron,23P,L2/3,V1,axon_partially_extended,dendrite_clean,694.2263569062359,212.07122965157748,854.1600000000002,4.0,7.0,3119,0.357493,4_7
667,301122,864691135430346544,excitatory_neuron,5P-IT,L5,V1,axon_fully_extended,dendrite_extended,701.7011235671483,435.78198545774103,854.6800000000003,5.0,6.0,7019,0.357271,5_6
668,303139,864691136330101226,excitatory_neuron,5P-ET,L5,V1,axon_partially_extended,dendrite_extended,664.17914599273,458.5824924456317,899.7200000000003,7.0,3.0,9002,0.356856,7_3
669,490973,864691135430004016,excitatory_neuron,4P,L4,RL,axon_partially_extended,dendrite_extended,1089.3642764959454,324.7625931818686,826.7600000000002,9.0,3.0,7456,0.356536,9_3
670,396528,864691136725343485,excitatory_neuron,4P,L4,V1,axon_partially_extended,dendrite_extended,914.5357089530728,346.27915654378063,777.6800000000002,4.0,7.0,6702,0.35625,4_7
671,227555,864691136125440038,excitatory_neuron,4P,L4,V1,axon_partially_extended,dendrite_extended,585.2980107007578,305.7178524040265,706.9600000000002,9.0,3.0,4938,0.355149,9_3
672,264798,864691136618795227,excitatory_neuron,5P-IT,L5,V1,axon_partially_extended,dendrite_extended,625.2767511573545,402.43426436964927,837.2400000000002,5.0,7.0,7403,0.355084,5_7
673,294431,864691136452602367,excitatory_neuron,23P,L2/3,V1,axon_partially_extended,dendrite_extended,728.0076279724968,207.0603936786275,789.0000000000002,8.0,5.0,1975,0.355017,8_5
674,226449,864691136664127454,excitatory_neuron,4P,L4,V1,axon_partially_extended,dendrite_extended,591.7348987676851,295.2952028361934,922.8000000000003,9.0,3.0,4981,0.351236,9_3
675,456175,864691136117695908,excitatory_neuron,4P,L4,RL,axon_partially_extended,dendrite_extended,1046.4730566536662,262.80460822075764,966.0800000000003,5.0,7.0,4385,0.349726,5_7
676,610403,864691135404763374,excitatory_neuron,23P,L2/3,AL,axon_interareal,dendrite_clean,1356.1704397118854,181.5834426117199,775.0800000000002,9.0,4.0,7972,0.349623,9_4
677,256516,864691136524172689,excitatory_neuron,23P,L2/3,V1,axon_partially_extended,dendrite_clean,637.7503867696342,162.9300274162874,871.2000000000003,9.0,4.0,7628,0.349556,9_4
678,262547,864691135102433056,excitatory_neuron,4P,L4,V1,axon_partially_extended,dendrite_clean,646.2046211903935,316.7000036807027,805.8000000000003,9.0,3.0,5524,0.348536,9_3
679,296503,864691135750958889,excitatory_neuron,4P,L4,V1,axon_partially_extended,dendrite_clean,670.2372807849363,288.73617717550445,839.4400000000003,5.0,6.0,4748,0.34806,5_6
680,395083,864691136101516661,excitatory_neuron,4P,L4,V1,axon_partially_extended,dendrite_extended,867.6639299985944,304.8523704067589,946.4400000000003,9.0,3.0,8051,0.346337,9_3
681,610607,864691135518453642,excitatory_neuron,23P,L2/3,AL,axon_interareal,dendrite_clean,1333.899926636088,216.57559520827695,840.6000000000003,4.0,7.0,3586,0.346289,4_7
682,426518,864691135698016410,excitatory_neuron,4P,L4,V1,axon_partially_extended,dendrite_extended,933.4673312964919,271.61302899288813,982.0000000000002,5.0,6.0,4533,0.345559,5_6
683,197609,864691135384176619,excitatory_neuron,4P,L5,V1,axon_partially_extended,dendrite_extended,511.9079375134561,369.13079144301526,984.2000000000003,6.0,6.0,6935,0.345438,6_6
684,256371,864691135277309669,excitatory_neuron,23P,L2/3,V1,axon_fully_extended,dendrite_extended,667.9477412850789,157.0274391476933,806.5200000000002,9.0,4.0,5534,0.345032,9_4
685,192061,864691135996158378,excitatory_neuron,4P,L4,V1,axon_partially_extended,dendrite_extended,500.2043203027111,268.6564186697336,746.7600000000001,6.0,2.0,4944,0.344706,6_2
686,260303,864691134966714655,excitatory_neuron,4P,L4,V1,axon_partially_extended,dendrite_clean,628.7909571743838,299.1153880881591,805.7600000000002,9.0,3.0,2518,0.343289,9_3
687,584198,864691135257638575,excitatory_neuron,23P,L2/3,RL,axon_partially_extended,dendrite_extended,1261.0647309876942,226.64992550166005,961.1200000000002,6.0,6.0,3613,0.342248,6_6
688,234684,864691135700814114,excitatory_neuron,6P-CT,L6,V1,axon_partially_extended,dendrite_extended,570.4668310635802,531.781470243275,886.3200000000003,6.0,2.0,8540,0.341637,6_2
689,517056,864691135772053835,excitatory_neuron,23P,L2/3,RL,axon_interareal,dendrite_extended,1176.1375701094435,115.72192116930144,874.1200000000002,6.0,4.0,1238,0.340456,6_4
690,580774,864691135428676144,excitatory_neuron,23P,L2/3,AL,axon_interareal,dendrite_clean,1311.0334086610567,120.32839720388013,713.8800000000001,6.0,6.0,1629,0.33915,6_6
691,258363,864691135742756203,excitatory_neuron,23P,L2/3,V1,axon_partially_extended,dendrite_clean,638.1319430885347,217.314230552635,875.7600000000002,6.0,7.0,3807,0.339128,6_7
692,260533,864691136177799686,excitatory_neuron,4P,L4,V1,axon_partially_extended,dendrite_clean,638.9178588190625,298.6522433170523,821.6000000000003,9.0,3.0,2709,0.336281,9_3
693,485971,864691136009893294,excitatory_neuron,23P,L2/3,RL,axon_partially_extended,dendrite_extended,1072.4012422384874,125.79102042641112,1000.4000000000002,9.0,4.0,1631,0.336065,9_4
694,292727,864691136331249642,excitatory_neuron,23P,L2/3,V1,axon_partially_extended,dendrite_clean,700.6187655241972,144.14588834171713,844.0000000000002,9.0,4.0,2526,0.335964,9_4
695,298820,864691135757083346,excitatory_neuron,4P,L4,V1,axon_fully_extended,dendrite_extended,697.5479938658567,347.40371033492437,834.6800000000003,4.0,7.0,5964,0.335552,4_7
696,256607,864691135947258916,excitatory_neuron,23P,L2/3,V1,axon_partially_extended,dendrite_extended,638.8440439854899,112.97926820389705,900.2800000000002,6.0,2.0,2182,0.334657,6_2
697,267163,864691135868919318,excitatory_neuron,5P-IT,L5,V1,axon_partially_extended,dendrite_extended,605.0047402976395,485.07792629059503,866.6000000000003,8.0,5.0,10031,0.334451,8_5
698,256550,864691135060651419,excitatory_neuron,23P,L2/3,V1,axon_fully_extended,dendrite_extended,669.2522053564992,143.58598187973402,856.8800000000002,5.0,6.0,2243,0.334361,5_6
699,361751,864691134989865338,excitatory_neuron,23P,L2/3,V1,axon_partially_extended,dendrite_extended,807.7269028882862,195.40403031346116,974.7200000000003,8.0,5.0,4874,0.333623,8_5
700,260742,864691136006519498,excitatory_neuron,4P,L4,V1,axon_partially_extended,dendrite_clean,654.261634304255,298.77400480524085,887.8800000000002,9.0,3.0,4919,0.333352,9_3
701,296265,864691135810905036,excitatory_neuron,4P,L4,V1,axon_partially_extended,dendrite_extended,669.0976412780539,289.2789163341738,763.6000000000001,5.0,6.0,4712,0.332249,5_6
702,260592,864691135387988609,excitatory_neuron,4P,L4,V1,axon_partially_extended,dendrite_clean,621.0934192700439,250.51556646079868,860.9600000000003,6.0,2.0,4864,0.329752,6_2
703,587042,864691135014355094,excitatory_neuron,5P-IT,L5,AL,axon_partially_extended,dendrite_extended,1255.3363031464405,375.838367180188,708.4000000000001,6.0,4.0,7299,0.32974,6_4
704,258222,864691136137237899,excitatory_neuron,23P,L2/3,V1,axon_fully_extended,dendrite_extended,645.2818572024507,184.7896206677551,828.0000000000002,9.0,6.0,1959,0.328028,9_6
705,330167,864691135360346200,excitatory_neuron,4P,L4,V1,axon_partially_extended,dendrite_extended,732.173907673504,260.041116526216,808.8000000000003,6.0,4.0,4319,0.326647,6_4
706,361632,864691136119885080,excitatory_neuron,23P,L2/3,V1,axon_partially_extended,dendrite_extended,845.5181549207962,234.8799728331187,912.2000000000003,6.0,6.0,4573,0.326629,6_6
707,520027,864691136903681458,excitatory_neuron,4P,L4,RL,axon_interareal,dendrite_clean,1164.1571652837915,276.8910573096106,782.0400000000001,6.0,2.0,4152,0.326337,6_2
708,363868,864691135430486576,excitatory_neuron,4P,L4,V1,axon_partially_extended,dendrite_extended,847.6842852723396,306.3166014720748,940.3600000000002,9.0,3.0,8185,0.325814,9_3
709,256597,864691135496381840,excitatory_neuron,23P,L2/3,V1,axon_fully_extended,dendrite_extended,629.4236079750974,145.75494444976718,887.2800000000002,9.0,4.0,5428,0.325684,9_4
710,332859,864691136110366904,excitatory_neuron,4P,L5,V1,axon_partially_extended,dendrite_extended,784.7144628350875,375.4595295429986,794.4000000000002,6.0,7.0,6958,0.323437,6_7
711,296745,864691135868386070,excitatory_neuron,4P,L4,V1,axon_partially_extended,dendrite_clean,682.838516841503,269.5373900823915,873.5600000000003,5.0,7.0,5140,0.3233,5_7
712,328395,864691135732578745,excitatory_neuron,23P,L2/3,V1,axon_partially_extended,dendrite_extended,743.1462037439713,244.04052807009947,885.3200000000003,6.0,4.0,4325,0.321927,6_4
713,298917,864691135976063855,excitatory_neuron,4P,L4,V1,axon_partially_extended,dendrite_clean,680.828396642076,322.6201926533171,856.4000000000002,7.0,3.0,5289,0.321876,7_3
714,361263,864691136438585502,excitatory_neuron,23P,L2/3,V1,axon_partially_extended,dendrite_extended,856.4479369593748,194.39852196251422,808.4400000000003,7.0,3.0,2471,0.321669,7_3
715,426596,864691135539491442,excitatory_neuron,4P,L4,V1,axon_partially_extended,dendrite_extended,976.1211838219568,273.8671347437091,976.1600000000003,5.0,6.0,5292,0.32066,5_6
716,256436,864691135448303762,excitatory_neuron,23P,L2/3,V1,axon_partially_extended,dendrite_clean,641.7388070233984,132.76284591255123,826.5600000000003,6.0,2.0,1786,0.320122,6_2
717,491560,864691135772987899,excitatory_neuron,4P,L4,RL,axon_partially_extended,dendrite_extended,1088.1379039700273,337.3114600003376,966.1600000000003,4.0,7.0,6222,0.319733,4_7
718,292700,864691135493620831,excitatory_neuron,23P,L2/3,V1,axon_fully_extended,dendrite_extended,677.6399370407905,124.08280538993289,860.8000000000003,6.0,2.0,2233,0.319107,6_2
719,267266,864691135716679194,excitatory_neuron,5P-IT,L5,V1,axon_partially_extended,dendrite_extended,605.8391522539878,485.08668340788336,883.2400000000002,4.0,7.0,8055,0.31893,4_7
720,305068,864691136239460668,excitatory_neuron,6P-IT,L6,V1,axon_partially_extended,dendrite_extended,683.0723877783568,514.3292803246643,895.7200000000003,6.0,7.0,8217,0.318147,6_7
721,392918,864691135570502278,excitatory_neuron,23P,L2/3,V1,axon_partially_extended,dendrite_extended,917.3086521541715,234.54364712084242,893.8800000000002,6.0,7.0,3982,0.315651,6_7
722,262925,864691135719900721,excitatory_neuron,4P,L4,V1,axon_partially_extended,dendrite_clean,633.9317627083501,338.7542767514648,893.6400000000002,7.0,5.0,7554,0.314891,7_5
723,263131,864691135360809560,excitatory_neuron,4P,L4,V1,axon_partially_extended,dendrite_extended,630.0701615134166,307.2578626665044,945.6400000000002,9.0,3.0,8236,0.314382,9_3
724,294576,864691136389921911,excitatory_neuron,23P,L2/3,V1,axon_partially_extended,dendrite_clean,704.6016948066131,192.6134572340318,864.2000000000003,9.0,6.0,4657,0.313986,9_6
725,267272,864691135741910164,excitatory_neuron,5P-IT,L5,V1,axon_fully_extended,dendrite_extended,609.5409286331484,478.0224328716489,876.0000000000002,8.0,5.0,10225,0.313907,8_5
726,612352,864691135927647956,excitatory_neuron,4P,L4,AL,axon_interareal,dendrite_clean,1341.0029630099982,267.5646945361815,784.1200000000001,6.0,4.0,4666,0.313694,6_4
727,358984,864691136924515300,excitatory_neuron,23P,L2/3,V1,axon_partially_extended,dendrite_extended,827.059532027949,133.04368000536664,746.5600000000002,6.0,2.0,2396,0.313549,6_2
728,305222,864691135271696549,excitatory_neuron,6P-IT,L6,V1,axon_partially_extended,dendrite_extended,681.1394053268316,552.5783590958202,912.6800000000003,5.0,7.0,8503,0.312636,5_7
729,296513,864691135725842603,excitatory_neuron,4P,L4,V1,axon_partially_extended,dendrite_clean,679.6022840512328,287.43544129829706,834.2400000000002,9.0,3.0,4892,0.312397,9_3
730,291335,864691136664950750,excitatory_neuron,23P,L2/3,V1,axon_partially_extended,dendrite_clean,717.7695712034968,103.0523060623525,875.2800000000002,6.0,4.0,1573,0.312069,6_4
731,294570,864691135727790911,excitatory_neuron,23P,L2/3,V1,axon_partially_extended,dendrite_extended,695.4316026471192,234.27677253402194,855.9600000000003,6.0,6.0,4325,0.309662,6_6
732,333154,864691135592830731,excitatory_neuron,4P,L4,V1,axon_partially_extended,dendrite_extended,744.5201470616697,314.25144887135195,891.7600000000002,9.0,3.0,7761,0.309628,9_3
733,269504,864691134919529994,excitatory_neuron,6P-CT,L5,V1,axon_partially_extended,dendrite_extended,629.1152893244863,509.09469013637624,900.4800000000002,6.0,7.0,8236,0.309459,6_7
734,304978,864691135447540882,excitatory_neuron,6P-CT,L6,V1,axon_partially_extended,dendrite_extended,682.7169585200002,515.4545847467226,873.3600000000002,6.0,6.0,8239,0.309316,6_6
735,230644,864691135547082280,excitatory_neuron,4P,L5,V1,axon_partially_extended,dendrite_extended,532.941991569618,371.03527719052374,919.1600000000002,6.0,7.0,7026,0.309276,6_7
736,261949,864691135375107272,excitatory_neuron,4P,L4,V1,axon_partially_extended,dendrite_extended,616.3237658043087,332.20270800594517,711.1600000000001,8.0,5.0,7974,0.309156,8_5
737,296578,864691135258563503,excitatory_neuron,4P,L4,V1,axon_partially_extended,dendrite_extended,725.6050559809164,299.8761878508764,828.8400000000003,9.0,3.0,2001,0.30871,9_3
738,264989,864691135480892614,excitatory_neuron,5P-IT,L5,V1,axon_partially_extended,dendrite_extended,614.5071403390675,370.5904556335286,887.6400000000002,6.0,7.0,6924,0.306782,6_7
739,554921,864691135848030814,excitatory_neuron,23P,L2/3,RL,axon_interareal,dendrite_extended,1246.7714631725644,237.28465347960946,829.5200000000002,6.0,6.0,3607,0.306493,6_6
740,554734,864691136176327430,excitatory_neuron,23P,L2/3,AL,axon_interareal,dendrite_clean,1247.8400919435412,229.47607662144637,757.5600000000002,4.0,7.0,3825,0.30627,4_7
741,294897,864691135294190518,excitatory_neuron,23P,L2/3,V1,axon_interareal,dendrite_extended,674.4511315617303,178.15464234427276,960.9600000000003,8.0,5.0,2224,0.305924,8_5
742,260443,864691135765006134,excitatory_neuron,4P,L4,V1,axon_partially_extended,dendrite_extended,645.4948029407237,269.73943982066766,799.2400000000002,6.0,2.0,4583,0.304521,6_2
743,193069,864691136596107938,excitatory_neuron,23P,L2/3,V1,axon_partially_extended,dendrite_extended,496.24298038034686,226.55094109235083,963.2400000000002,6.0,6.0,4217,0.302623,6_6
744,361200,864691135717275162,excitatory_neuron,4P,L2/3,V1,axon_partially_extended,dendrite_extended,809.3851490846818,246.94468373920006,794.8000000000003,6.0,7.0,3626,0.302539,6_7
745,292725,864691135272003237,excitatory_neuron,23P,L2/3,V1,axon_fully_extended,dendrite_extended,696.9327692500442,137.07773614563868,861.2800000000002,9.0,4.0,1917,0.300304,9_4
746,296550,864691135757040082,excitatory_neuron,4P,L4,V1,axon_fully_extended,dendrite_extended,707.6287975757547,287.25342025613503,829.0000000000002,5.0,6.0,4683,0.299895,5_6
747,260729,864691135611019015,excitatory_neuron,4P,L4,V1,axon_partially_extended,dendrite_clean,649.24863080103,284.8440852119103,899.8000000000003,9.0,3.0,2586,0.298862,9_3
748,300975,864691135384843738,excitatory_neuron,5P-IT,L5,V1,axon_partially_extended,dendrite_extended,686.773498942559,377.2984095832499,827.2800000000002,6.0,7.0,6477,0.298013,6_7
749,305096,864691135212492992,excitatory_neuron,6P-IT,L6,V1,axon_partially_extended,dendrite_extended,688.2403028180335,555.1269412152434,897.4000000000002,5.0,7.0,8500,0.297352,5_7
750,333202,864691135582973549,excitatory_neuron,4P,L4,V1,axon_partially_extended,dendrite_extended,773.4785280959413,334.2594746578695,882.0400000000003,7.0,5.0,7139,0.297264,7_5
751,422361,864691135417045946,excitatory_neuron,23P,L2/3,V1,axon_partially_extended,dendrite_extended,959.2166463413366,174.0941408597611,911.8400000000003,7.0,3.0,1722,0.297194,7_3
752,391352,864691135209194617,excitatory_neuron,23P,L2/3,V1,axon_partially_extended,dendrite_extended,936.6887950744881,145.2047764967513,958.8800000000002,7.0,5.0,1793,0.296995,7_5
753,389133,864691136120663064,excitatory_neuron,23P,L2/3,V1,axon_fully_extended,dendrite_extended,883.3849835105266,120.75400062452816,711.8400000000001,6.0,4.0,1818,0.296071,6_4
754,589183,864691135777400237,excitatory_neuron,5P-IT,L5,RL,axon_partially_extended,dendrite_extended,1271.113137387219,474.5490327707867,894.8400000000003,7.0,5.0,8864,0.295836,7_5
755,366062,864691137055405174,excitatory_neuron,4P,L5,V1,axon_partially_extended,dendrite_extended,825.09600151263,360.36156020821267,937.4400000000003,6.0,7.0,6382,0.295559,6_7
756,256435,864691136314404669,excitatory_neuron,23P,L2/3,V1,axon_fully_extended,dendrite_extended,639.5949598944317,129.3630601122954,817.9600000000003,6.0,2.0,2210,0.291899,6_2
757,432201,864691135502902338,excitatory_neuron,6P-IT,L6,V1,axon_partially_extended,dendrite_extended,956.0891995586585,510.9112567262526,782.6400000000001,6.0,6.0,8319,0.291177,6_6
758,300796,864691135360482392,excitatory_neuron,5P-IT,L5,V1,axon_partially_extended,dendrite_extended,677.1948566022082,373.6978747735804,805.9200000000003,6.0,7.0,7106,0.291008,6_7
759,292825,864691136111251896,excitatory_neuron,23P,L2/3,V1,axon_partially_extended,dendrite_clean,678.9283032502511,167.36780640079482,900.8400000000003,9.0,6.0,1925,0.289527,9_6
760,260509,864691134966324767,excitatory_neuron,4P,L4,V1,axon_partially_extended,dendrite_clean,619.8456308497053,272.12102984527786,836.9600000000003,5.0,7.0,4713,0.289253,5_7
761,361787,864691135195825450,excitatory_neuron,23P,L2/3,V1,axon_partially_extended,dendrite_extended,838.2330688571571,224.15622866210407,978.7200000000003,6.0,6.0,3947,0.288782,6_6
762,264934,864691135546339880,excitatory_neuron,5P-IT,L5,V1,axon_partially_extended,dendrite_extended,649.3842653257698,369.20894028365035,845.3200000000003,6.0,7.0,6513,0.288739,6_7
763,303095,864691135566168599,excitatory_neuron,5P-ET,L5,V1,axon_partially_extended,dendrite_extended,693.8308134872617,472.86917067374833,864.2400000000002,8.0,5.0,10443,0.288662,8_5
764,426330,864691136603221201,excitatory_neuron,4P,L4,V1,axon_partially_extended,dendrite_extended,952.3293884509329,318.1701294170188,920.2800000000002,7.0,3.0,4565,0.288518,7_3
765,298772,864691135339600102,excitatory_neuron,5P-IT,L5,V1,axon_partially_extended,dendrite_extended,656.6906516400751,360.5969626346937,827.3600000000002,6.0,7.0,6512,0.287194,6_7
766,396638,864691135941708033,excitatory_neuron,4P,L4,V1,axon_partially_extended,dendrite_extended,917.0300720610749,336.8607145980319,783.4400000000002,7.0,3.0,4587,0.287008,7_3
767,260615,864691136363303138,excitatory_neuron,4P,L4,V1,axon_partially_extended,dendrite_clean,632.0182015598575,261.4934983206789,872.7200000000003,6.0,2.0,4615,0.286905,6_2
768,269498,864691135350420951,excitatory_neuron,6P-CT,L6,V1,axon_partially_extended,dendrite_extended,619.6590445129723,546.685568738302,875.2800000000002,5.0,7.0,8716,0.28501,5_7
769,426535,864691135583352941,excitatory_neuron,4P,L4,V1,axon_partially_extended,dendrite_extended,946.6640226810885,263.9660975495105,972.1600000000003,5.0,7.0,5319,0.28492,5_7
770,325900,864691136110256824,excitatory_neuron,23P,L2/3,V1,axon_partially_extended,dendrite_extended,771.2127741339775,120.76960779064824,772.5600000000002,6.0,4.0,1510,0.283987,6_4
771,256466,864691135464928318,excitatory_neuron,23P,L2/3,V1,axon_fully_extended,dendrite_extended,671.9666236599371,142.66706225650228,819.0400000000003,9.0,4.0,1948,0.282868,9_4
772,294694,864691135885911920,excitatory_neuron,23P,L2/3,V1,axon_partially_extended,dendrite_extended,703.9455178763371,238.2981115485407,892.4400000000003,6.0,6.0,4583,0.280762,6_6
773,359237,864691135495698832,excitatory_neuron,23P,L2/3,V1,axon_partially_extended,dendrite_extended,825.7563108635146,186.12408375850862,774.2800000000001,9.0,4.0,7431,0.280548,9_4
774,299071,864691135591726603,excitatory_neuron,4P,L5,V1,axon_partially_extended,dendrite_extended,684.6343916272823,370.17285922599814,898.2400000000002,6.0,6.0,6960,0.280286,6_6
775,298437,864691135808925981,excitatory_neuron,4P,L4,V1,axon_partially_extended,dendrite_extended,710.7779795900369,323.9555522465375,746.7600000000001,9.0,3.0,7754,0.279457,9_3
776,292720,864691135586240120,excitatory_neuron,23P,L2/3,V1,axon_fully_extended,dendrite_extended,692.3966965582895,154.41235481854628,845.3600000000002,9.0,4.0,4720,0.277471,9_4
777,296642,864691136211385020,excitatory_neuron,4P,L4,V1,axon_fully_extended,dendrite_extended,697.6291775649235,267.1694704543908,866.5600000000003,6.0,2.0,4554,0.276013,6_2
778,304951,864691135477839784,excitatory_neuron,6P-IT,L6,V1,axon_partially_extended,dendrite_extended,644.603832030536,555.2924018204292,855.9600000000003,5.0,7.0,8510,0.275229,5_7
779,292871,864691135577644574,excitatory_neuron,23P,L2/3,V1,axon_partially_extended,dendrite_clean,717.2457626520206,155.3014770088987,897.1600000000002,5.0,6.0,2519,0.273555,5_6
780,453705,864691135115049881,excitatory_neuron,23P,L2/3,V1,axon_partially_extended,dendrite_extended,1009.0119449728151,170.35586181695393,763.0400000000001,9.0,4.0,4446,0.273029,9_4
781,260769,864691135492568551,excitatory_neuron,4P,L4,V1,axon_partially_extended,dendrite_extended,601.615300399432,273.41708373067235,907.7600000000002,5.0,7.0,4719,0.27277,5_7
782,192146,864691135519105162,excitatory_neuron,4P,L4,V1,axon_partially_extended,dendrite_extended,533.0882611057918,267.29325570827774,735.1600000000001,6.0,2.0,4669,0.271217,6_2
783,260536,864691135655894978,excitatory_neuron,4P,L4,V1,axon_partially_extended,dendrite_clean,646.6877076614268,257.57311176626587,828.9200000000003,6.0,2.0,5164,0.271034,6_2
784,269511,864691135695042751,excitatory_neuron,6P-IT,L5,V1,axon_partially_extended,dendrite_extended,639.1473076991783,504.5758425698125,892.8800000000002,6.0,7.0,8476,0.27005,6_7
785,426549,864691136380266965,excitatory_neuron,4P,L4,V1,axon_partially_extended,dendrite_extended,945.6593238364206,287.19894025615145,982.0400000000003,9.0,3.0,2559,0.268523,9_3
786,337804,864691135738047620,excitatory_neuron,5P-IT,L5,V1,axon_fully_extended,dendrite_extended,746.3454437014992,479.90489533165544,856.3200000000003,8.0,5.0,9970,0.265973,8_5
787,553623,864691135731705273,excitatory_neuron,23P,L2/3,RL,axon_partially_extended,dendrite_extended,1215.3899897012711,186.22728916484556,905.8800000000002,9.0,6.0,5171,0.264871,9_6
788,422097,864691136135963787,excitatory_neuron,23P,L2/3,V1,axon_partially_extended,dendrite_extended,944.5412153409692,147.2409081129679,821.7600000000002,9.0,4.0,1706,0.264265,9_4
789,460199,864691135782156368,excitatory_neuron,5P-IT,L5,RL,axon_partially_extended,dendrite_extended,1045.9634967175705,377.3079168047086,986.0400000000003,6.0,7.0,7269,0.263794,6_7
790,260743,864691135274816017,excitatory_neuron,4P,L4,V1,axon_partially_extended,dendrite_clean,655.3203208728353,257.30045604522394,903.8800000000002,6.0,2.0,5042,0.263486,6_2
791,291315,864691135655390658,excitatory_neuron,23P,L2/3,V1,axon_fully_extended,dendrite_extended,700.963125316926,79.99579078658356,881.1200000000002,6.0,7.0,1602,0.261077,6_7
792,612250,864691135782265424,excitatory_neuron,23P,L2/3,AL,axon_partially_extended,dendrite_extended,1334.7402056693575,242.21840899979074,774.5200000000001,6.0,7.0,4031,0.260205,6_7
793,298950,864691136211371452,excitatory_neuron,4P,L4,V1,axon_fully_extended,dendrite_extended,704.2691848114811,318.310793391578,848.4800000000002,9.0,3.0,7792,0.258368,9_3
794,303048,864691135258642863,excitatory_neuron,5P-ET,L5,V1,axon_partially_extended,dendrite_extended,666.9198934699098,460.2998995803361,869.7200000000003,7.0,3.0,8956,0.258236,7_3
795,298548,864691135499231763,excitatory_neuron,4P,L4,V1,axon_partially_extended,dendrite_extended,697.2512343232254,321.42298151963024,765.9600000000002,9.0,3.0,5700,0.257367,9_3
796,294534,864691135886208112,excitatory_neuron,23P,L2/3,V1,axon_partially_extended,dendrite_clean,669.9049145543812,214.69746991579615,866.7600000000002,4.0,7.0,3151,0.257203,4_7
797,587235,864691135511802576,excitatory_neuron,5P-IT,L5,AL,axon_partially_extended,dendrite_extended,1280.0288683922158,421.1067258160291,726.6400000000001,5.0,6.0,6714,0.250038,5_6
798,291119,864691135739008132,excitatory_neuron,23P,L2/3,V1,axon_fully_extended,dendrite_extended,706.2910672855735,106.48093549788778,829.6800000000003,6.0,6.0,1431,0.24954,6_6
799,305113,864691135562410721,excitatory_neuron,6P-IT,L6,V1,axon_partially_extended,dendrite_extended,699.8695275031789,560.2560125953669,896.4000000000002,5.0,6.0,8989,0.24918,5_6
800,428755,864691136420195223,excitatory_neuron,4P,L4,V1,axon_partially_extended,dendrite_extended,929.5861353328945,340.2077842289275,961.5200000000002,4.0,7.0,6593,0.248578,4_7
801,256522,864691135717163802,excitatory_neuron,23P,L2/3,V1,axon_partially_extended,dendrite_clean,643.203760598806,146.12537348116265,856.0000000000002,9.0,4.0,5262,0.248555,9_4
802,554741,864691136066631832,excitatory_neuron,4P,L4,RL,axon_interareal,dendrite_extended,1250.53896142948,263.24781023845014,775.2400000000001,6.0,4.0,3895,0.246623,6_4
803,292842,864691135405626862,excitatory_neuron,23P,L2/3,V1,axon_partially_extended,dendrite_clean,698.3354113849574,137.20045143142733,874.8000000000003,9.0,4.0,1918,0.24652,9_4
804,294682,864691136975144988,excitatory_neuron,23P,L2/3,V1,axon_partially_extended,dendrite_clean,705.8631536235612,181.86650521715086,891.6400000000002,7.0,3.0,1965,0.245916,7_3
805,395023,864691136953413599,excitatory_neuron,4P,L4,V1,axon_partially_extended,dendrite_extended,903.5678344125995,259.42473599960545,907.3600000000002,5.0,7.0,4475,0.244724,5_7
806,260799,864691136913993713,excitatory_neuron,4P,L4,V1,axon_partially_extended,dendrite_extended,611.6603823043963,296.6529899433115,913.7200000000003,9.0,3.0,5309,0.243055,9_3
807,256449,864691135839950227,excitatory_neuron,23P,L2/3,V1,axon_partially_extended,dendrite_clean,654.6261957319853,117.63649551750271,839.6800000000003,6.0,4.0,1603,0.242995,6_4
808,424435,864691136298111003,excitatory_neuron,4P,L2/3,V1,axon_partially_extended,dendrite_extended,980.2674634744167,249.23878853362828,977.5200000000002,6.0,2.0,4341,0.24082,6_2
809,264841,864691135877825107,excitatory_neuron,5P-IT,L5,V1,axon_partially_extended,dendrite_clean,646.2094480002709,391.54523305908003,831.2800000000002,7.0,3.0,7080,0.240478,7_3
810,553321,864691136602371025,excitatory_neuron,23P,L2/3,RL,axon_interareal,dendrite_clean,1253.8671004531823,197.3029365132021,810.3200000000003,7.0,3.0,2288,0.239284,7_3
811,363582,864691135640398651,excitatory_neuron,4P,L4,V1,axon_partially_extended,dendrite_extended,859.8246597318289,267.4186865153142,871.4000000000002,5.0,7.0,5079,0.237004,5_7
812,296761,864691135939049988,excitatory_neuron,4P,L4,V1,axon_partially_extended,dendrite_clean,690.6790586628207,278.31815177760734,891.7200000000003,5.0,6.0,5174,0.235872,5_6
813,426435,864691135569902316,excitatory_neuron,4P,L4,V1,axon_partially_extended,dendrite_extended,949.8394182253581,293.0254310438876,965.7600000000002,9.0,3.0,1828,0.233048,9_3
814,291175,864691136674749575,excitatory_neuron,23P,L2/3,V1,axon_fully_extended,dendrite_extended,711.2900534609266,78.71496796173608,866.2400000000002,6.0,7.0,1182,0.231982,6_7
815,425858,864691136311381338,excitatory_neuron,4P,L4,V1,axon_partially_extended,dendrite_extended,936.3960533621988,263.83870027190886,798.6000000000003,6.0,2.0,5126,0.231787,6_2
816,420750,864691136117770660,excitatory_neuron,23P,L2/3,V1,axon_partially_extended,dendrite_extended,1002.3757815642244,106.6872035994723,899.3200000000003,6.0,4.0,1963,0.22976,6_4
817,260651,864691135751110185,excitatory_neuron,4P,L4,V1,axon_partially_extended,dendrite_clean,662.4813622742564,292.9402019204,847.0800000000003,9.0,3.0,2059,0.228559,9_3
818,422239,864691135397846049,excitatory_neuron,23P,L2/3,V1,axon_partially_extended,dendrite_extended,987.4922029878948,138.0212497595554,870.6400000000002,9.0,4.0,1681,0.226634,9_4
819,296508,864691135294520844,excitatory_neuron,4P,L4,V1,axon_partially_extended,dendrite_clean,670.1099413292117,304.14370912137485,822.5200000000002,9.0,3.0,4890,0.225814,9_3
820,269405,864691135760635214,excitatory_neuron,6P-CT,L6,V1,axon_partially_extended,dendrite_extended,616.2696343158193,550.1794574765756,867.2800000000002,5.0,6.0,8846,0.22503,5_6
821,553407,864691136596815778,excitatory_neuron,23P,L2/3,RL,axon_partially_extended,dendrite_clean,1255.1619692534687,181.03388310527308,824.8000000000003,9.0,6.0,1430,0.224275,9_6
822,363553,864691135787537348,excitatory_neuron,4P,L4,V1,axon_fully_extended,dendrite_extended,852.4473783253723,279.04395171873847,858.8000000000003,5.0,6.0,4991,0.222225,5_6
823,294449,864691134991010426,excitatory_neuron,23P,L2/3,V1,axon_partially_extended,dendrite_clean,674.6418518993034,200.2071812854658,825.7200000000003,7.0,3.0,1960,0.221689,7_3
824,487390,864691135938555908,excitatory_neuron,23P,L2/3,RL,axon_partially_extended,dendrite_extended,1119.8909040348929,188.79376162441804,891.8400000000003,7.0,3.0,2650,0.221565,7_3
825,256766,864691135274195217,excitatory_neuron,23P,L2/3,V1,axon_partially_extended,dendrite_clean,666.142242580599,121.85624254552857,904.6000000000003,5.0,7.0,1870,0.220701,5_7
826,491214,864691136578982164,excitatory_neuron,4P,L4,RL,axon_fully_extended,dendrite_extended,1083.5854729544942,317.38285513575136,899.6800000000003,7.0,3.0,4444,0.220221,7_3
827,269595,864691135124146727,excitatory_neuron,6P-IT,L6,V1,axon_partially_extended,dendrite_extended,613.2010583085766,523.5707593256367,913.2800000000002,6.0,4.0,8554,0.220079,6_4
828,395199,864691135209280633,excitatory_neuron,4P,L4,V1,axon_partially_extended,dendrite_extended,883.2715462656637,309.3015944357235,968.0400000000003,7.0,3.0,4640,0.219901,7_3
829,305205,864691135431089968,excitatory_neuron,6P-IT,L6,V1,axon_partially_extended,dendrite_extended,665.1715621658385,547.8406414189292,935.0800000000003,5.0,7.0,8513,0.219428,5_7
830,292674,864691135490326074,excitatory_neuron,23P,L2/3,V1,axon_partially_extended,dendrite_clean,715.6139034512439,111.53671296807653,826.0400000000003,6.0,6.0,1430,0.218314,6_6
831,292740,864691136421279639,excitatory_neuron,23P,L2/3,V1,axon_partially_extended,dendrite_clean,706.23976748883,151.12635372115957,873.3600000000002,9.0,4.0,5235,0.217776,9_4
832,291208,864691136144827444,excitatory_neuron,23P,L2/3,V1,axon_partially_extended,dendrite_extended,726.1487770580085,104.9417920368223,858.8000000000003,6.0,6.0,1432,0.214753,6_6
833,296619,864691135741963627,excitatory_neuron,4P,L4,V1,axon_partially_extended,dendrite_clean,680.2908306978029,285.439858296892,858.2000000000003,5.0,6.0,5141,0.214699,5_6
834,297074,864691136195834070,excitatory_neuron,4P,L4,V1,axon_partially_extended,dendrite_extended,698.9170233774902,264.1984078224266,969.0400000000003,5.0,7.0,4661,0.212135,5_7
835,292739,864691134941412707,excitatory_neuron,23P,L2/3,V1,axon_partially_extended,dendrite_clean,703.8053170035387,173.07770891473857,872.1200000000002,9.0,6.0,2179,0.211319,9_6
836,294548,864691135470787666,excitatory_neuron,23P,L2/3,V1,axon_fully_extended,dendrite_extended,687.177048321163,190.575042443786,865.0000000000002,8.0,5.0,2040,0.21074,8_5
837,291110,864691136445215875,excitatory_neuron,23P,L2/3,V1,axon_fully_extended,dendrite_extended,692.7307963916696,99.19134090806708,842.2800000000002,6.0,6.0,1461,0.210569,6_6
838,256521,864691135398805281,excitatory_neuron,23P,L2/3,V1,axon_partially_extended,dendrite_clean,642.8053260859771,149.94518315429912,865.1200000000002,9.0,4.0,4791,0.208155,9_4
839,424084,864691136107486169,excitatory_neuron,4P,L2/3,V1,axon_partially_extended,dendrite_extended,944.1717692814842,248.39362539534812,891.3600000000002,6.0,4.0,4588,0.205199,6_4
840,305032,864691135510846217,excitatory_neuron,6P-CT,L6,V1,axon_partially_extended,dendrite_extended,648.4084106431253,547.7874340269855,875.1600000000002,5.0,7.0,8691,0.205122,5_7
841,453769,864691135938629892,excitatory_neuron,23P,L2/3,V1,axon_partially_extended,dendrite_extended,1046.769671378233,205.07478047369798,774.7200000000001,9.0,6.0,4311,0.204591,9_6
842,291099,864691135464795710,excitatory_neuron,23P,L2/3,V1,axon_fully_extended,dendrite_extended,684.142806920548,98.95394494368614,816.6400000000002,6.0,6.0,1458,0.201896,6_6
843,291179,864691135502885954,excitatory_neuron,23P,L2/3,V1,axon_partially_extended,dendrite_clean,709.4549599635089,104.83040615173657,872.2800000000002,6.0,4.0,1574,0.201483,6_4
844,294547,864691135015652246,excitatory_neuron,23P,L2/3,V1,axon_partially_extended,dendrite_clean,687.1402857224414,181.44911144956208,852.1600000000002,7.0,3.0,2171,0.201441,7_3
845,518884,864691135989836288,excitatory_neuron,23P,L2/3,RL,axon_partially_extended,dendrite_extended,1194.335675661487,154.44735253315693,910.8000000000003,9.0,4.0,4295,0.197865,9_4
846,517249,864691135749995049,excitatory_neuron,23P,L2/3,RL,axon_partially_extended,dendrite_extended,1182.3452702848176,135.08865415482742,954.4000000000002,9.0,4.0,4331,0.197714,9_4
847,425915,864691135335635177,excitatory_neuron,4P,L4,V1,axon_partially_extended,dendrite_extended,980.0078712836464,268.3609291014227,785.8800000000001,6.0,2.0,4301,0.197296,6_2
848,192139,864691136675875719,excitatory_neuron,4P,L4,V1,axon_partially_extended,dendrite_extended,526.9786811720337,256.35113264951895,749.8000000000002,6.0,4.0,4792,0.196823,6_4
849,391336,864691135271081125,excitatory_neuron,23P,L2/3,V1,axon_partially_extended,dendrite_extended,921.8207653156575,141.8481694165988,965.1600000000003,9.0,4.0,4541,0.195528,9_4
850,292648,864691136043380566,excitatory_neuron,23P,L2/3,V1,axon_fully_extended,dendrite_extended,688.3111385080762,121.80419106438285,829.7600000000002,6.0,4.0,2283,0.195169,6_4
851,554924,864691135578103301,excitatory_neuron,23P,L2/3,RL,axon_partially_extended,dendrite_extended,1249.9360205387145,223.87744434883405,822.2000000000003,8.0,5.0,4486,0.194575,8_5
852,303100,864691136137794941,excitatory_neuron,5P-ET,L5,V1,axon_partially_extended,dendrite_clean,699.212136313484,498.00985174328133,871.7200000000003,6.0,7.0,8215,0.194449,6_7
853,553283,864691135946676260,excitatory_neuron,23P,L2/3,RL,axon_interareal,dendrite_clean,1222.9270381016236,208.02312595563527,799.3200000000003,9.0,6.0,5144,0.194279,9_6
854,305228,864691136523033233,excitatory_neuron,5P-IT,L5,V1,axon_partially_extended,dendrite_extended,689.6105174147755,506.4210225609476,913.8000000000003,6.0,7.0,8340,0.193813,6_7
855,269411,864691135865648254,excitatory_neuron,6P-IT,L6,V1,axon_partially_extended,dendrite_extended,627.2819877785147,552.8132697729741,862.1200000000002,5.0,6.0,9043,0.190167,5_6
856,294493,864691136665051614,excitatory_neuron,23P,L2/3,V1,axon_fully_extended,dendrite_extended,702.7679306856248,195.215535854784,822.5600000000003,8.0,5.0,2011,0.188555,8_5
857,305059,864691136380718037,excitatory_neuron,6P-IT,L6,V1,axon_partially_extended,dendrite_extended,668.083665972692,550.536707333945,888.4800000000002,5.0,7.0,8511,0.188501,5_7
858,333230,864691135868466710,excitatory_neuron,4P,L4,V1,axon_partially_extended,dendrite_extended,726.2367248632072,342.5897795334211,908.4400000000003,4.0,7.0,5938,0.184163,4_7
859,292734,864691135540272498,excitatory_neuron,23P,L2/3,V1,axon_partially_extended,dendrite_extended,707.9472902430147,119.86019696910674,869.2800000000002,6.0,2.0,1726,0.183391,6_2
860,296873,864691135455819114,excitatory_neuron,4P,L4,V1,axon_partially_extended,dendrite_extended,677.2226594436999,294.808098534818,924.4400000000003,9.0,3.0,5748,0.182079,9_3
861,304975,864691136664680926,excitatory_neuron,6P-CT,L6,V1,axon_partially_extended,dendrite_extended,670.6251672825188,551.5942379917273,848.7200000000003,5.0,7.0,8497,0.181786,5_7
862,553219,864691135273918993,excitatory_neuron,23P,L2/3,RL,axon_partially_extended,dendrite_extended,1240.6692818053546,175.5900467253584,756.7600000000001,9.0,4.0,8343,0.180952,9_4
863,434471,864691135510191369,excitatory_neuron,6P-CT,L6,V1,axon_partially_extended,dendrite_extended,963.5348907700393,558.7181109877993,899.6400000000002,5.0,6.0,8723,0.180906,5_6
864,363900,864691136101464181,excitatory_neuron,4P,L4,V1,axon_partially_extended,dendrite_extended,807.2645098015815,252.09144281953138,978.2800000000002,6.0,2.0,4497,0.177939,6_2
865,267197,864691136927187786,excitatory_neuron,5P-IT,L5,V1,axon_partially_extended,dendrite_extended,629.4106903163779,485.1573472125263,871.7200000000003,8.0,5.0,10533,0.17651,8_5
866,363867,864691135375590217,excitatory_neuron,4P,L4,V1,axon_partially_extended,dendrite_extended,846.8123303853009,298.6594678912255,944.6800000000003,9.0,3.0,5730,0.174972,9_3
867,305199,864691135577221406,excitatory_neuron,6P-IT,L5,V1,axon_partially_extended,dendrite_extended,670.3935513988715,507.24529020170127,913.4800000000002,6.0,7.0,8448,0.174406,6_7
868,485867,864691135763495478,excitatory_neuron,23P,L2/3,RL,axon_partially_extended,dendrite_extended,1095.9202375971486,130.8681559691432,964.8800000000002,9.0,4.0,5554,0.173687,9_4
869,305200,864691135388828033,excitatory_neuron,6P-IT,L6,V1,axon_partially_extended,dendrite_extended,667.7535542685996,535.2176425366793,912.8400000000003,6.0,2.0,8615,0.173118,6_2
870,262868,864691136026198585,excitatory_neuron,4P,L4,V1,axon_fully_extended,dendrite_extended,611.4919451893998,342.63729384081864,881.5600000000003,4.0,7.0,6474,0.17064,4_7
871,359649,864691136311059034,excitatory_neuron,23P,L2/3,V1,axon_partially_extended,dendrite_extended,859.3003880785923,136.82805645621073,881.4000000000002,9.0,4.0,1798,0.167935,9_4
872,463358,864691135157025636,excitatory_neuron,6P-IT,L6,V1,axon_partially_extended,dendrite_extended,977.8278694757835,522.3855698749463,710.6000000000001,6.0,2.0,8372,0.167428,6_2
873,225650,864691135874914702,excitatory_neuron,4P,L4,V1,axon_partially_extended,dendrite_extended,535.2813561449809,256.17810001215344,741.0800000000002,6.0,4.0,4863,0.166179,6_4
874,533149,864691135955060232,excitatory_neuron,6P-CT,L6,RL,axon_partially_extended,dendrite_extended,1113.862133801604,560.2417915740656,980.8000000000003,5.0,6.0,9136,0.163459,5_6
875,258166,864691135465932357,excitatory_neuron,23P,L2/3,V1,axon_partially_extended,dendrite_clean,666.0744979906334,192.39074328573753,810.5200000000002,7.0,3.0,2006,0.161916,7_3
876,256652,864691135939477508,excitatory_neuron,23P,L2/3,V1,axon_partially_extended,dendrite_clean,666.0176488739207,168.80804928827547,884.0800000000003,9.0,6.0,2141,0.161729,9_6
877,305034,864691135809509917,excitatory_neuron,6P-IT,L6,V1,axon_partially_extended,dendrite_extended,645.268506143025,556.5069537230611,903.8800000000002,5.0,6.0,8835,0.159407,5_6
878,329954,864691136489055762,excitatory_neuron,4P,L4,V1,axon_partially_extended,dendrite_extended,777.3079616877784,269.1936366292564,722.8800000000001,6.0,2.0,4444,0.159368,6_2
879,329980,864691134966069023,excitatory_neuron,4P,L4,V1,axon_partially_extended,dendrite_extended,782.8406699694375,291.1353387298241,728.1200000000001,9.0,3.0,2610,0.156147,9_3
880,324476,864691135408808649,excitatory_neuron,23P,L2/3,V1,axon_partially_extended,dendrite_extended,759.6175662985075,93.22219260787185,951.9200000000003,6.0,4.0,1550,0.156031,6_4
881,291464,864691135476528704,excitatory_neuron,23P,L2/3,V1,axon_partially_extended,dendrite_extended,707.3877015379837,108.6327015902967,955.8000000000003,6.0,2.0,2313,0.154389,6_2
882,291160,864691136288598467,excitatory_neuron,23P,L2/3,V1,axon_fully_extended,dendrite_extended,694.1452591498693,87.4298634878759,860.1200000000002,6.0,7.0,1553,0.151457,6_7
883,363864,864691136953677535,excitatory_neuron,4P,L4,V1,axon_partially_extended,dendrite_extended,842.0840923357897,307.175781938227,953.4400000000003,9.0,3.0,7686,0.151175,9_3
884,260647,864691135640297787,excitatory_neuron,4P,L4,V1,axon_partially_extended,dendrite_clean,660.5812115872982,274.27155303070117,863.1600000000002,5.0,6.0,5431,0.15074,5_6
885,256331,864691135469753426,excitatory_neuron,23P,L2/3,V1,axon_partially_extended,dendrite_clean,650.1446889829141,168.12603440684134,805.9600000000003,9.0,4.0,8089,0.14481,9_4
886,305227,864691135786943684,excitatory_neuron,6P-CT,L6,V1,axon_partially_extended,dendrite_extended,680.804004764589,563.0208638941359,919.8000000000003,5.0,6.0,8828,0.139411,5_6
887,587776,864691135585415544,excitatory_neuron,5P-IT,L5,RL,axon_partially_extended,dendrite_extended,1301.661325638651,413.23416120967977,933.2800000000002,5.0,6.0,6720,0.137351,5_6
888,399282,864691135591854347,excitatory_neuron,5P-IT,L5,V1,axon_partially_extended,dendrite_extended,866.3597842108703,417.4230721180139,899.5600000000003,5.0,6.0,6923,0.136048,5_6
889,292637,864691135164887853,excitatory_neuron,23P,L2/3,V1,axon_partially_extended,dendrite_clean,680.3293847212267,170.445630747909,827.2800000000002,9.0,4.0,7559,0.13193,9_4
890,256551,864691135801163874,excitatory_neuron,23P,L2/3,V1,axon_partially_extended,dendrite_clean,668.1463227642174,169.4439954092395,865.1200000000002,9.0,6.0,2283,0.127428,9_6
891,492688,864691136298045979,excitatory_neuron,5P-IT,L5,RL,axon_partially_extended,dendrite_extended,1065.2823111693033,362.1017985564664,723.0000000000001,6.0,7.0,7279,0.12569,6_7
892,333112,864691136033332155,excitatory_neuron,4P,L4,V1,axon_partially_extended,dendrite_extended,726.8811389920738,313.92888055187285,901.5600000000003,9.0,3.0,7759,0.116457,9_3
893,305115,864691137021162094,excitatory_neuron,6P-CT,L6,V1,axon_partially_extended,dendrite_extended,699.525312001771,566.3933667230501,873.8400000000003,5.0,6.0,9052,0.10738,5_6
894,305173,864691135499283987,excitatory_neuron,6P-IT,L6,V1,axon_partially_extended,dendrite_extended,653.211503266509,534.0096223991835,921.9600000000003,6.0,2.0,8456,0.104082,6_2
895,432233,864691136033116347,excitatory_neuron,6P-CT,L6,V1,axon_partially_extended,dendrite_extended,971.5071649295089,517.5282004182648,786.0400000000001,6.0,6.0,8463,0.0988918,6_6
896,256606,864691135577749022,excitatory_neuron,23P,L2/3,V1,axon_partially_extended,dendrite_clean,636.0581237235631,133.80771779320116,876.7600000000002,5.0,7.0,1900,0.0983955,5_7
897,619464,864691136310966106,excitatory_neuron,6P-CT,L6,AL,axon_partially_extended,dendrite_extended,1310.057930610729,544.8989980072959,726.4800000000001,5.0,7.0,8311,0.0956394,5_7
898,305184,864691135369002233,excitatory_neuron,6P-CT,L6,V1,axon_partially_extended,dendrite_extended,660.0647448339812,554.0752776343825,904.8000000000003,5.0,6.0,9123,0.0714059,5_6
899,292945,864691135970226021,excitatory_neuron,23P,L2/3,V1,axon_partially_extended,dendrite_clean,700.4496345466758,128.45544071545598,905.2400000000002,9.0,4.0,4725,0.0667855,9_4
900,454103,864691137198382657,excitatory_neuron,23P,L2/3,V1,axon_partially_extended,dendrite_extended,1009.2118558283827,159.25905850925187,874.7200000000003,9.0,4.0,7905,0.062782,9_4
901,269709,864691135976425327,excitatory_neuron,6P-IT,L6,V1,axon_partially_extended,dendrite_extended,621.2983601021746,544.8374117106125,942.4400000000003,5.0,7.0,8527,0.0609203,5_7
902,296613,864691135258509487,excitatory_neuron,23P,L2/3,V1,axon_partially_extended,dendrite_clean,677.4635523147853,242.85539802151786,847.3600000000002,6.0,6.0,4072,0.0426554,6_6
903,269476,864691136484364844,excitatory_neuron,6P-IT,L6,V1,axon_partially_extended,dendrite_extended,606.6539980892386,516.8947411647596,885.2000000000003,6.0,6.0,8331,0.0258578,6_6
904,305051,864691135396115189,excitatory_neuron,6P-IT,L6,V1,axon_partially_extended,dendrite_extended,658.108207605327,552.9404357630671,877.5200000000002,5.0,7.0,8652,0.0188126,5_7
905,194481,864691137199050049,excitatory_neuron,4P,L4,V1,axon_partially_extended,dendrite_extended,498.00850868878626,321.6587308773738,761.0400000000001,9.0,3.0,8224,0.01085,9_3
