pre_pt_root_id,post_pt_root_id,synapse_count,synapse_size_sum
864691134884807418,864691135117980637,1,16156.0
864691134884807418,864691135382556378,1,17636.0
864691134884807418,864691135385422677,1,11556.0
864691134884807418,864691135408560329,1,3896.0
864691134884807418,864691135578103301,1,2600.0
864691134884807418,864691135731705273,1,7260.0
864691134884807418,864691136143696692,1,8368.0
864691134884807418,864691136239068732,1,7900.0
864691134884807418,864691136275031565,1,12840.0
864691134884807418,864691136904761266,1,1236.0
864691134886499066,864691135015605910,1,21440.0
864691134886499066,864691135124603687,1,2084.0
864691134886499066,864691135477670312,1,1828.0
864691134886499066,864691135741090196,2,11488.0
864691134886499066,864691135809568029,1,3524.0
864691134886499066,864691135941708033,2,1996.0
864691134886499066,864691136010639022,1,3028.0
864691134886499066,864691136011768494,1,18684.0
864691134886499066,864691136052738803,1,12872.0
864691134886499066,864691136110366904,1,3096.0
864691134886499066,864691136125433894,1,904.0
864691134886499066,864691136674492295,1,3896.0
864691134886499066,864691136924515300,1,16444.0
864691134886499066,864691136953413599,1,14284.0
864691134886499066,864691137055405174,1,5288.0
864691134886569210,864691135593133067,1,1932.0
864691134886569210,864691135849426270,1,2684.0
864691134886569210,864691136524297617,1,5600.0
864691134886569210,864691136904488114,2,7988.0
864691134886828794,864691136596815778,1,356.0
864691134887026938,864691134919972106,2,6216.0
864691134887026938,864691135102433056,1,6536.0
864691134887026938,864691135295165196,1,4016.0
864691134887026938,864691135351096279,1,512.0
864691134887026938,864691135360809560,1,2860.0
864691134887026938,864691135448215698,1,2148.0
864691134887026938,864691135476495936,1,11020.0
864691134887026938,864691135546902056,1,26052.0
864691134887026938,864691135547082280,1,5612.0
864691134887026938,864691135569592300,1,14628.0
864691134887026938,864691135583277677,1,11644.0
864691134887026938,864691135611019015,1,1620.0
864691134887026938,864691135716679194,1,17816.0
864691134887026938,864691135719900721,1,916.0
864691134887026938,864691135739587697,1,2936.0
864691134887026938,864691135750958889,1,14448.0
864691134887026938,864691135774294603,1,12304.0
864691134887026938,864691135816565839,1,20372.0
864691134887026938,864691135842486243,1,3056.0
864691134887026938,864691135886130288,1,3324.0
864691134887026938,864691136196517452,1,20492.0
864691134887026938,864691136311059034,1,5120.0
864691134887026938,864691136330101226,1,3840.0
864691134887026938,864691136391042167,1,1480.0
864691134887026938,864691136453384959,1,19964.0
864691134887026938,864691136488999186,1,14432.0
864691134887460346,864691135717457946,1,2340.0
864691134887460346,864691135731705273,1,15168.0
864691134887460346,864691135911276969,1,13712.0
864691134919529994,864691135774294603,1,856.0
864691134919529994,864691136484364844,1,172.0
864691134919869706,864691135336055529,1,448.0
864691134919869706,864691135340055782,1,2876.0
864691134919869706,864691135360346200,1,13376.0
864691134919869706,864691135368949241,1,5860.0
864691134919869706,864691135384285931,1,5420.0
864691134919869706,864691135503836253,1,6924.0
864691134919869706,864691135719900721,1,2772.0
864691134919869706,864691135750649129,1,7108.0
864691134919869706,864691135763795510,1,6072.0
864691134919869706,864691135939049988,1,280.0
864691134919869706,864691136010639022,1,14624.0
864691134919869706,864691136025504569,1,6308.0
864691134919869706,864691136033227451,1,1848.0
864691134919869706,864691136211175612,1,7532.0
864691134919972106,864691135210134905,1,6972.0
864691134919972106,864691135362104647,1,16336.0
864691134919972106,864691135431089968,1,2960.0
864691134919972106,864691135493620831,1,2596.0
864691134919972106,864691135566168599,1,3048.0
864691134919972106,864691135584504429,1,3176.0
864691134919972106,864691135685087474,1,1168.0
864691134919972106,864691135694246079,1,260.0
864691134919972106,864691135764583990,1,756.0
864691134919972106,864691135774368763,1,2280.0
864691134919972106,864691135842486243,1,6288.0
864691134919972106,864691135885911920,1,2100.0
864691134919972106,864691135977666883,4,65948.0
864691134919972106,864691136364308962,1,7528.0
864691134919972106,864691136991359893,1,6604.0
864691134941412707,864691135060651419,1,336.0
864691134941412707,864691135134052512,1,7132.0
864691134941412707,864691135277186789,1,5724.0
864691134941412707,864691135357351375,1,500.0
864691134941412707,864691135360809560,1,4052.0
864691134941412707,864691135477839784,2,14612.0
864691134941412707,864691135695146943,2,18304.0
864691134941412707,864691135698211994,1,2624.0
864691134941412707,864691135868210454,1,2500.0
864691134941412707,864691136086630764,1,12996.0
864691134941412707,864691136364308962,1,11420.0
864691134941412707,864691136391042167,1,536.0
864691134941412707,864691136452602367,1,14780.0
864691134941412707,864691136523081105,2,11832.0
864691134941412707,864691136523335057,1,5976.0
864691134942169955,864691135060651419,1,60052.0
864691134942169955,864691135277186789,1,4440.0
864691134942169955,864691135294442678,1,15856.0
864691134942169955,864691135304641703,1,2832.0
864691134942169955,864691135510191369,1,7352.0
864691134942169955,864691135571192966,1,14448.0
864691134942169955,864691135578360837,1,27612.0
864691134942169955,864691135591041291,1,9564.0
864691134942169955,864691135594817067,1,7616.0
864691134942169955,864691135685087474,1,872.0
864691134942169955,864691135885911920,1,2668.0
864691134942472035,864691135387690069,1,8020.0
864691134942472035,864691135397982753,1,4308.0
864691134942472035,864691135502885954,1,1448.0
864691134942472035,864691135504327861,1,5424.0
864691134942472035,864691135562798817,1,11052.0
864691134942472035,864691135562842337,1,7572.0
864691134942472035,864691135566168599,1,8540.0
864691134942472035,864691135584629613,1,11572.0
864691134942472035,864691135619756943,2,15876.0
864691134942472035,864691135717163802,1,4184.0
864691134942472035,864691135732210873,1,15604.0
864691134942472035,864691135741524587,1,17464.0
864691134942472035,864691135750649129,1,14364.0
864691134942472035,864691135849088094,1,1712.0
864691134942472035,864691135853198023,2,35424.0
864691134942472035,864691135885911920,1,2552.0
864691134942472035,864691136013367715,1,2520.0
864691134942472035,864691136022520056,1,4624.0
864691134942472035,864691136092725684,1,12016.0
864691134942472035,864691136107283417,1,3148.0
864691134942472035,864691136211385020,1,1176.0
864691134942472035,864691136389688695,1,1576.0
864691134942472035,864691136420195223,1,400.0
864691134942472035,864691136452609023,1,11800.0
864691134942472035,864691136991202453,1,5680.0
864691134948788476,864691135134016928,1,6088.0
864691134948788476,864691135304679079,2,18680.0
864691134948788476,864691135375107272,2,10352.0
864691134948788476,864691135562842337,1,5312.0
864691134948788476,864691135591041291,1,16172.0
864691134948788476,864691135774389755,3,25388.0
864691134948788476,864691135853198023,1,4756.0
864691134948788476,864691135977666883,1,5124.0
864691134948788476,864691136011686318,1,1492.0
864691134948788476,864691136021865976,1,18340.0
864691134948788476,864691136330101226,3,26404.0
864691134948788476,864691136419797655,1,2304.0
864691134948788476,864691136437631902,4,22420.0
864691134948788476,864691136619096795,1,4628.0
864691134948788476,864691136814627955,1,6272.0
864691134948788476,864691136991202453,1,7476.0
864691134949081852,864691134887026938,1,4744.0
864691134949081852,864691134991010426,1,1820.0
864691134949081852,864691135015154934,1,13148.0
864691134949081852,864691135155894884,1,2252.0
864691134949081852,864691135214986368,1,3872.0
864691134949081852,864691135274195217,1,3948.0
864691134949081852,864691135357351375,1,3464.0
864691134949081852,864691135478316200,1,3676.0
864691134949081852,864691135480892614,1,816.0
864691134949081852,864691135576881950,1,7992.0
864691134949081852,864691135577749022,1,5088.0
864691134949081852,864691135760635214,1,19440.0
864691134949081852,864691135858298670,1,800.0
864691134949081852,864691135868916246,1,11836.0
864691134949081852,864691135977045871,1,21700.0
864691134949081852,864691135977666883,1,3612.0
864691134949081852,864691136010639022,1,6376.0
864691134949081852,864691136021865976,1,6384.0
864691134949081852,864691136034084795,1,7292.0
864691134949081852,864691136107283417,1,2072.0
864691134949081852,864691136125433894,1,3476.0
864691134949081852,864691136125956134,1,340.0
864691134949081852,864691136177629702,1,5328.0
864691134949081852,864691136196202472,1,25420.0
864691134949081852,864691136314404669,1,4268.0
864691134949081852,864691136373008520,1,6512.0
864691134949081852,864691136453384959,2,8048.0
864691134949081852,864691136579129876,1,1136.0
864691134949081852,864691136604001745,1,4464.0
864691134949081852,864691136664950750,1,10416.0
864691134949081852,864691136991359893,1,6352.0
864691134949221372,864691134949248508,1,2896.0
864691134949221372,864691134966710559,1,3016.0
864691134949221372,864691135362104647,1,42088.0
864691134949221372,864691135655894978,1,8792.0
864691134949221372,864691135750307881,1,11236.0
864691134949221372,864691135773073147,1,8812.0
864691134949221372,864691135853088967,1,3656.0
864691134949221372,864691135868916246,1,512.0
864691134949221372,864691135977666883,1,224.0
864691134949221372,864691135993150913,1,23160.0
864691134949221372,864691136453419007,1,11272.0
864691134949221372,864691136991202453,1,1872.0
864691134949221372,864691137056393846,1,4160.0
864691134949248508,864691134948788476,1,27232.0
864691134949248508,864691135102274592,1,6504.0
864691134949248508,864691135102381856,1,2368.0
864691134949248508,864691135134016928,1,13500.0
864691134949248508,864691135210134905,1,1368.0
864691134949248508,864691135274195217,1,1064.0
864691134949248508,864691135375484489,1,948.0
864691134949248508,864691135409859785,1,3308.0
864691134949248508,864691135496381840,1,3208.0
864691134949248508,864691135503182685,1,5272.0
864691134949248508,864691135585266808,1,388.0
864691134949248508,864691135617152361,1,7692.0
864691134949248508,864691135738969220,1,14836.0
864691134949248508,864691135742102635,1,3476.0
864691134949248508,864691135774053371,1,240.0
864691134949248508,864691135774389755,1,4092.0
864691134949248508,864691135779049056,1,17520.0
864691134949248508,864691135811335116,1,2600.0
864691134949248508,864691135839932307,2,16628.0
864691134949248508,864691135855890478,1,11532.0
864691134949248508,864691135885911920,1,2472.0
864691134949248508,864691135977134403,1,1172.0
864691134949248508,864691135977654851,1,2072.0
864691134949248508,864691135990004992,1,200.0
864691134949248508,864691135994235841,1,3284.0
864691134949248508,864691136137794941,1,1264.0
864691134949248508,864691136314404669,2,6340.0
864691134949248508,864691136330101226,2,26056.0
864691134949248508,864691136331249642,1,12344.0
864691134949248508,864691136380757461,1,4964.0
864691134949248508,864691136665051614,2,10680.0
864691134949248508,864691136927187786,1,15680.0
864691134949248508,864691136976001308,1,2412.0
864691134949248508,864691137199828801,2,15156.0
864691134949263100,864691134966714655,1,12552.0
864691134949263100,864691135134052512,1,4144.0
864691134949263100,864691135258642863,1,6944.0
864691134949263100,864691135272069285,1,3216.0
864691134949263100,864691135274816017,1,3984.0
864691134949263100,864691135466236229,1,7892.0
864691134949263100,864691135476528704,1,5480.0
864691134949263100,864691135503182685,1,7324.0
864691134949263100,864691135773209163,2,17720.0
864691134949263100,864691135954393891,1,2240.0
864691134949263100,864691136228250961,1,3444.0
864691134949263100,864691136619096795,1,18592.0
864691134949263100,864691136905560754,1,39828.0
864691134949263100,864691136991202453,1,5576.0
864691134949263100,864691137021264750,2,12876.0
864691134950156796,864691134949081852,1,1148.0
864691134950156796,864691134989865338,1,6120.0
864691134950156796,864691135060727707,1,17132.0
864691134950156796,864691135155894884,1,27684.0
864691134950156796,864691135210134905,1,2224.0
864691134950156796,864691135277186789,1,2436.0
864691134950156796,864691135448303762,1,4192.0
864691134950156796,864691135465343045,1,2132.0
864691134950156796,864691135469422674,1,3108.0
864691134950156796,864691135476495936,1,184.0
864691134950156796,864691135562975969,1,488.0
864691134950156796,864691135566168599,1,3832.0
864691134950156796,864691135577651230,1,15496.0
864691134950156796,864691135594721579,2,52464.0
864691134950156796,864691135689417440,1,4480.0
864691134950156796,864691135738969220,1,4396.0
864691134950156796,864691135739587697,1,12220.0
864691134950156796,864691135742102635,1,27976.0
864691134950156796,864691135743102827,3,37412.0
864691134950156796,864691135810492189,1,3340.0
864691134950156796,864691135810905036,1,2996.0
864691134950156796,864691135839932307,1,1312.0
864691134950156796,864691135861093992,1,5636.0
864691134950156796,864691136022520056,1,10932.0
864691134950156796,864691136026254649,1,15732.0
864691134950156796,864691136034084795,1,15480.0
864691134950156796,864691136043283030,1,5744.0
864691134950156796,864691136331249642,1,3452.0
864691134950156796,864691136364308962,1,1416.0
864691134950156796,864691136991202453,1,1108.0
864691134965778719,864691135756075981,1,8440.0
864691134965778719,864691135868957462,1,456.0
864691134965778719,864691136022214648,1,1328.0
864691134965778719,864691136953413599,1,25736.0
864691134966069023,864691134919529994,1,3912.0
864691134966069023,864691135015652246,1,3012.0
864691134966069023,864691135346571423,1,4644.0
864691134966069023,864691135388368001,1,13476.0
864691134966069023,864691135430486576,1,8744.0
864691134966069023,864691135478316200,1,2464.0
864691134966069023,864691135478400936,1,1300.0
864691134966069023,864691135732578745,1,3328.0
864691134966069023,864691135765013302,1,6728.0
864691134966069023,864691135774389755,3,9940.0
864691134966069023,864691135810492189,1,9736.0
864691134966069023,864691135861093992,1,22524.0
864691134966069023,864691135866576604,1,1356.0
864691134966069023,864691135990004992,1,496.0
864691134966069023,864691136006519498,1,6992.0
864691134966069023,864691136011686318,1,11764.0
864691134966069023,864691136314491965,1,720.0
864691134966069023,864691136484732972,1,1672.0
864691134966069023,864691137056393846,1,3112.0
864691134966114591,864691135134052512,1,2408.0
864691134966114591,864691135396115189,1,204.0
864691134966114591,864691135465955397,1,1092.0
864691134966114591,864691135503182685,1,30888.0
864691134966114591,864691135566945559,1,4420.0
864691134966114591,864691135750307881,1,7504.0
864691134966114591,864691135976063855,1,5128.0
864691134966324767,864691135015652246,1,2840.0
864691134966324767,864691135474504498,1,10304.0
864691134966324767,864691135476495936,1,2288.0
864691134966324767,864691135477469352,1,2508.0
864691134966324767,864691135493149927,1,11376.0
864691134966324767,864691135656674242,1,780.0
864691134966324767,864691135731679929,1,2484.0
864691134966324767,864691135782241616,1,3400.0
864691134966324767,864691135857993774,1,7408.0
864691134966324767,864691135868210454,1,2280.0
864691134966324767,864691135928366606,1,29844.0
864691134966324767,864691135977045871,1,6404.0
864691134966324767,864691135977666883,2,34508.0
864691134966324767,864691136010639022,1,216.0
864691134966324767,864691136238090767,1,23244.0
864691134966324767,864691136330101226,1,35868.0
864691134966324767,864691136619693275,1,11904.0
864691134966324767,864691137056393846,1,4392.0
864691134966710559,864691134887026938,1,4908.0
864691134966710559,864691134989865338,1,2512.0
864691134966710559,864691135015652246,1,4312.0
864691134966710559,864691135157994084,1,2160.0
864691134966710559,864691135294520844,1,196.0
864691134966710559,864691135396940021,1,3792.0
864691134966710559,864691135448215698,1,19712.0
864691134966710559,864691135480892614,1,21932.0
864691134966710559,864691135480916422,1,2228.0
864691134966710559,864691135591041291,1,4476.0
864691134966710559,864691135619756943,1,1160.0
864691134966710559,864691135749141801,1,10420.0
864691134966710559,864691135757040082,1,6616.0
864691134966710559,864691135843242211,1,7204.0
864691134966710559,864691135858298670,2,27116.0
864691134966710559,864691135877825107,1,2256.0
864691134966710559,864691135988557315,1,21356.0
864691134966710559,864691136010639022,1,6324.0
864691134966710559,864691136021865976,1,19256.0
864691134966710559,864691136034181307,1,4908.0
864691134966710559,864691136136383883,1,7544.0
864691134966710559,864691136137293195,1,8592.0
864691134966710559,864691136195798504,1,3176.0
864691134966710559,864691136196265704,1,3408.0
864691134966710559,864691136196517452,1,3268.0
864691134966710559,864691136330101226,1,20108.0
864691134966710559,864691136363303138,1,1948.0
864691134966710559,864691136453419007,1,27284.0
864691134966710559,864691136904488114,1,17916.0
864691134966710559,864691136991202453,1,33696.0
864691134966714655,864691134966114591,1,5788.0
864691134966714655,864691134991010426,3,31176.0
864691134966714655,864691135214986368,1,4836.0
864691134966714655,864691135336055529,1,864.0
864691134966714655,864691135357351375,2,34136.0
864691134966714655,864691135493149927,1,1596.0
864691134966714655,864691135698211994,1,25772.0
864691134966714655,864691135725842603,1,656.0
864691134966714655,864691135750958889,1,3536.0
864691134966714655,864691135801463650,1,2376.0
864691134966714655,864691135977309763,1,4268.0
864691134966714655,864691136134678667,1,13008.0
864691134966714655,864691136239902780,1,260.0
864691134966714655,864691136275894285,3,34844.0
864691134966714655,864691137056393846,1,224.0
864691134989865338,864691135324623260,1,312.0
864691134989865338,864691135416233914,1,1708.0
864691134989865338,864691135463695429,1,2080.0
864691134989865338,864691135851792071,1,3164.0
864691134989865338,864691136194355176,1,6244.0
864691134991010426,864691134942472035,1,5176.0
864691134991010426,864691135060651419,1,4656.0
864691134991010426,864691135102151968,1,4532.0
864691134991010426,864691135209432185,1,26320.0
864691134991010426,864691135271038885,1,7112.0
864691134991010426,864691135272003237,1,4388.0
864691134991010426,864691135503182685,1,17708.0
864691134991010426,864691135567047191,1,2588.0
864691134991010426,864691135577651230,1,34108.0
864691134991010426,864691135584629613,1,18208.0
864691134991010426,864691135586240120,1,320.0
864691134991010426,864691135619756943,1,29116.0
864691134991010426,864691135656578242,1,13588.0
864691134991010426,864691135741780116,1,3716.0
864691134991010426,864691135750307881,1,8688.0
864691134991010426,864691135750958889,2,16576.0
864691134991010426,864691135773073147,1,5240.0
864691134991010426,864691135774294603,1,2076.0
864691134991010426,864691135774389755,1,1180.0
864691134991010426,864691135839932307,1,17988.0
864691134991010426,864691135842486243,2,12120.0
864691134991010426,864691135892214409,1,5052.0
864691134991010426,864691136011686318,1,26468.0
864691134991010426,864691136042982742,1,33600.0
864691134991010426,864691136091634487,1,18336.0
864691134991010426,864691136118686884,1,3068.0
864691134991010426,864691136177629702,2,12344.0
864691134991010426,864691136195798504,1,8896.0
864691134991010426,864691136381301461,1,1044.0
864691134991010426,864691136389688695,1,12716.0
864691134991010426,864691136390788215,1,16292.0
864691134991010426,864691136437631902,2,32780.0
864691134991010426,864691136445215875,3,28072.0
864691134991010426,864691136619693275,1,3368.0
864691134991010426,864691136674749575,1,3676.0
864691134991010426,864691136976001308,1,18792.0
864691135014355094,864691135270320293,1,20756.0
864691135014355094,864691135273918993,1,22236.0
864691135014355094,864691135468854156,1,14344.0
864691135014355094,864691135697613077,1,8672.0
864691135014355094,864691135807579933,1,29164.0
864691135014355094,864691135885140848,1,7604.0
864691135014355094,864691135946676260,1,9552.0
864691135014355094,864691135989817088,2,6724.0
864691135014355094,864691136137834877,1,4540.0
864691135014355094,864691136596815778,1,50792.0
864691135014966262,864691135304679079,1,604.0
864691135014966262,864691135455507818,1,2440.0
864691135014966262,864691135566168599,1,2336.0
864691135014966262,864691135577221406,1,992.0
864691135014966262,864691135611019015,1,4116.0
864691135014966262,864691135618505065,1,500.0
864691135014966262,864691135698211994,1,2820.0
864691135014966262,864691136085904236,1,9208.0
864691135014966262,864691136239902780,1,8860.0
864691135014966262,864691136330101226,1,4764.0
864691135014966262,864691136391042167,1,3148.0
864691135014966262,864691136424990255,1,3456.0
864691135014966262,864691136489147922,1,11340.0
864691135014966262,864691136991390869,1,2616.0
864691135015154934,864691135060882843,1,4920.0
864691135015154934,864691135124146727,1,8684.0
864691135015154934,864691135134052512,1,7748.0
864691135015154934,864691135214931072,1,5300.0
864691135015154934,864691135277186789,1,26420.0
864691135015154934,864691135476495936,1,5952.0
864691135015154934,864691135477469352,1,4428.0
864691135015154934,864691135546339880,1,2224.0
864691135015154934,864691135571192966,1,16440.0
864691135015154934,864691135586724220,3,58428.0
864691135015154934,864691135725842603,1,3568.0
864691135015154934,864691135757083346,1,2776.0
864691135015154934,864691135810492189,1,20912.0
864691135015154934,864691135977309763,1,23332.0
864691135015154934,864691135977666883,1,1408.0
864691135015154934,864691136438666398,1,1924.0
864691135015154934,864691136524297617,2,21836.0
864691135015154934,864691136905560754,1,31620.0
864691135015605910,864691135101431072,1,3168.0
864691135015605910,864691135157025636,1,8980.0
864691135015605910,864691135274195217,1,9412.0
864691135015605910,864691135277186789,1,13708.0
864691135015605910,864691135304641703,1,53480.0
864691135015605910,864691135455507818,1,4852.0
864691135015605910,864691135480311494,1,16000.0
864691135015605910,864691135493686111,1,33648.0
864691135015605910,864691135502885954,1,432.0
864691135015605910,864691135503163202,1,7624.0
864691135015605910,864691135504327861,1,24188.0
864691135015605910,864691135566168599,2,2704.0
864691135015605910,864691135577651230,1,4252.0
864691135015605910,864691135618505065,5,59228.0
864691135015605910,864691135662408944,1,8232.0
864691135015605910,864691135732578745,1,800.0
864691135015605910,864691135741930603,1,6580.0
864691135015605910,864691135763941174,1,2452.0
864691135015605910,864691135816565839,1,13968.0
864691135015605910,864691135866576604,1,312.0
864691135015605910,864691135938816260,1,584.0
864691135015605910,864691135955909640,1,448.0
864691135015605910,864691135977666883,1,15276.0
864691135015605910,864691136006519498,1,16936.0
864691135015605910,864691136033116347,1,14092.0
864691135015605910,864691136118370724,2,15160.0
864691135015605910,864691136137794941,1,35560.0
864691135015605910,864691136144674612,1,12116.0
864691135015605910,864691136195798504,2,33448.0
864691135015605910,864691136330101226,1,4948.0
864691135015605910,864691136336107187,1,7956.0
864691135015605910,864691136578820884,1,3912.0
864691135015605910,864691136674492295,1,13140.0
864691135015605910,864691136914414321,1,25384.0
864691135015605910,864691137056393846,2,26672.0
864691135015652246,864691135164887853,1,696.0
864691135015652246,864691135280682401,1,6344.0
864691135015652246,864691135384843738,1,1740.0
864691135015652246,864691135430346544,1,4208.0
864691135015652246,864691135465343045,1,8100.0
864691135015652246,864691135493686111,1,2656.0
864691135015652246,864691135504168285,1,11564.0
864691135015652246,864691135577651230,1,14508.0
864691135015652246,864691135688186080,1,5100.0
864691135015652246,864691135739587697,2,4696.0
864691135015652246,864691135750307881,1,1708.0
864691135015652246,864691135774294603,1,796.0
864691135015652246,864691136011768494,1,29148.0
864691135015652246,864691136228250961,1,1952.0
864691135015652246,864691136330101226,1,7100.0
864691135015652246,864691136364308962,1,18532.0
864691135015652246,864691136389921911,1,29856.0
864691135015652246,864691136603811281,1,2932.0
864691135015652246,864691136914414321,1,2376.0
864691135059143323,864691135385422677,1,21072.0
864691135059143323,864691136084313196,1,1848.0
864691135059143323,864691136812081779,1,12016.0
864691135059845275,864691135113733529,1,2164.0
864691135059845275,864691135455123562,1,284.0
864691135059845275,864691135572385061,1,19144.0
864691135059845275,864691135782265424,1,1644.0
864691135059845275,864691135955060232,1,2808.0
864691135059845275,864691136023980601,1,10440.0
864691135059845275,864691136084684396,1,21980.0
864691135059845275,864691136089194039,1,2740.0
864691135059845275,864691136143696692,1,20312.0
864691135059845275,864691136227484753,2,42048.0
864691135059845275,864691136812081779,1,18580.0
864691135060020123,864691134966114591,1,5024.0
864691135060020123,864691135728030015,1,11296.0
864691135060020123,864691135742102635,1,1840.0
864691135060020123,864691135757040082,1,9840.0
864691135060020123,864691135757083346,2,14612.0
864691135060020123,864691135868210454,1,5892.0
864691135060020123,864691136013367715,1,28192.0
864691135060020123,864691136021865976,1,2460.0
864691135060020123,864691136058745048,1,1496.0
864691135060020123,864691136523288465,1,3340.0
864691135060651419,864691135277186789,1,1584.0
864691135060651419,864691135280481697,1,1516.0
864691135060651419,864691135325071004,1,45324.0
864691135060651419,864691135362104647,1,13864.0
864691135060651419,864691135367033849,1,2552.0
864691135060651419,864691135397846049,1,1288.0
864691135060651419,864691135448698196,1,7780.0
864691135060651419,864691135464795710,1,5172.0
864691135060651419,864691135493620831,3,12032.0
864691135060651419,864691135493686111,1,3468.0
864691135060651419,864691135504327861,1,1084.0
864691135060651419,864691135585266808,1,3436.0
864691135060651419,864691135698211994,1,4688.0
864691135060651419,864691135717163802,1,4072.0
864691135060651419,864691135719900721,1,3968.0
864691135060651419,864691135741780116,1,7500.0
864691135060651419,864691135774294603,1,4212.0
864691135060651419,864691135774389755,1,2700.0
864691135060651419,864691135853198023,1,4316.0
864691135060651419,864691135939049988,1,2396.0
864691135060651419,864691136084313196,1,45724.0
864691135060651419,864691136238679567,1,1884.0
864691135060651419,864691136314491965,1,472.0
864691135060651419,864691136380757461,1,14988.0
864691135060651419,864691136437631902,5,73888.0
864691135060651419,864691136523033233,1,2600.0
864691135060651419,864691136524172689,1,3468.0
864691135060651419,864691136604001745,1,7356.0
864691135060651419,864691136619096795,1,5044.0
864691135060651419,864691136620914829,1,3652.0
864691135060651419,864691136814627955,1,1604.0
864691135060651419,864691136976001308,1,4032.0
864691135060651419,864691136991202453,1,6920.0
864691135060727707,864691134949221372,1,23112.0
864691135060727707,864691135101431072,1,3476.0
864691135060727707,864691135258642863,1,5024.0
864691135060727707,864691135396794101,1,14908.0
864691135060727707,864691135540440178,1,26716.0
864691135060727707,864691135594721579,1,3908.0
864691135060727707,864691135685087474,1,4528.0
864691135060727707,864691136275894285,1,3600.0
864691135060727707,864691136453419007,2,26996.0
864691135060882843,864691134949221372,1,1396.0
864691135060882843,864691135567047191,1,3764.0
864691135060882843,864691135570301676,1,2780.0
864691135060882843,864691135741090196,1,8308.0
864691135060882843,864691135868210454,1,26540.0
864691135060882843,864691135885911920,1,3456.0
864691135060882843,864691135954393891,1,2936.0
864691135060882843,864691136011768494,1,1396.0
864691135060882843,864691136288644291,1,2924.0
864691135060882843,864691136389921911,1,10444.0
864691135060882843,864691136578820884,1,2732.0
864691135060882843,864691136814627955,1,656.0
864691135060882843,864691136954028511,1,2036.0
864691135066958404,864691134989865338,1,7280.0
864691135066958404,864691135257669039,1,22088.0
864691135066958404,864691135280944545,1,3460.0
864691135066958404,864691135374981320,1,2088.0
864691135066958404,864691135466236229,1,1984.0
864691135066958404,864691135480916422,1,7040.0
864691135066958404,864691135518989962,1,2156.0
864691135066958404,864691135584629613,1,5664.0
864691135066958404,864691135689417440,1,3084.0
864691135066958404,864691135698211994,1,2600.0
864691135066958404,864691135719900721,4,36652.0
864691135066958404,864691135757083346,1,3868.0
864691135066958404,864691135760106830,1,2188.0
864691135066958404,864691135778288573,1,2520.0
864691135066958404,864691135810982860,2,10528.0
864691135066958404,864691135853088967,1,2316.0
864691135066958404,864691135919956656,1,5300.0
864691135066958404,864691135988557315,1,3796.0
864691135066958404,864691136011686318,1,2384.0
864691135066958404,864691136195834070,1,480.0
864691135066958404,864691136488414994,1,18168.0
864691135067066948,864691135066958404,1,7992.0
864691135067066948,864691135294442678,1,4056.0
864691135067066948,864691135469753426,1,1892.0
864691135067066948,864691135503163202,1,4196.0
864691135067066948,864691135562004193,1,900.0
864691135067066948,864691135719900721,1,2552.0
864691135067066948,864691135855890478,1,10352.0
864691135067066948,864691135939008565,1,2080.0
864691135067066948,864691136022520056,1,3288.0
864691135067066948,864691136912172017,1,3020.0
864691135082864887,864691135102274592,1,8388.0
864691135082864887,864691135157025636,1,5904.0
864691135082864887,864691135404763374,2,32288.0
864691135082864887,864691135519106442,1,1068.0
864691135082864887,864691135778132576,1,936.0
864691135082864887,864691135782544435,1,2288.0
864691135082864887,864691135864188286,2,23600.0
864691135082864887,864691136194355176,2,8136.0
864691135082864887,864691136445215875,1,424.0
864691135082864887,864691136903681458,1,3668.0
864691135101431072,864691135405626862,1,30624.0
864691135101431072,864691135455123562,1,24952.0
864691135101431072,864691135502730562,1,1404.0
864691135101431072,864691135782265424,1,336.0
864691135101431072,864691135885140848,1,6056.0
864691135101431072,864691135937286404,1,3644.0
864691135101431072,864691136298125851,1,3184.0
864691135101595680,864691134887460346,1,9600.0
864691135101595680,864691135060882843,1,20112.0
864691135101595680,864691135102274592,1,8036.0
864691135101595680,864691135258642863,1,9548.0
864691135101595680,864691135294520844,1,756.0
864691135101595680,864691135375351369,2,30908.0
864691135101595680,864691135470787666,1,7328.0
864691135101595680,864691135495698832,2,59140.0
864691135101595680,864691135496440208,1,360.0
864691135101595680,864691135562004193,1,6752.0
864691135101595680,864691135576881950,1,7028.0
864691135101595680,864691135577749022,1,2276.0
864691135101595680,864691135617440105,3,24732.0
864691135101595680,864691135695146943,1,6240.0
864691135101595680,864691135742102635,1,1912.0
864691135101595680,864691135773073147,1,3412.0
864691135101595680,864691135774053371,1,1468.0
864691135101595680,864691135778419901,1,276.0
864691135101595680,864691135778467517,1,5952.0
864691135101595680,864691135782241616,1,344.0
864691135101595680,864691135866576604,1,3260.0
864691135101595680,864691135868210454,1,34636.0
864691135101595680,864691135927381774,1,8528.0
864691135101595680,864691135955962888,1,7652.0
864691135101595680,864691135970226021,1,200.0
864691135101595680,864691135988557315,1,5160.0
864691135101595680,864691136010639022,1,9380.0
864691135101595680,864691136033332155,1,7032.0
864691135101595680,864691136091634487,1,3136.0
864691135101595680,864691136118686884,1,1464.0
864691135101595680,864691136238679567,1,3860.0
864691135101595680,864691136330407914,1,7144.0
864691135101595680,864691136390474359,1,2028.0
864691135101595680,864691136453384959,2,11664.0
864691135101595680,864691136953197279,1,14184.0
864691135101595680,864691136968542926,1,1940.0
864691135101595680,864691136991202453,1,8092.0
864691135101595680,864691136991359893,1,14452.0
864691135101595680,864691137055367798,1,2516.0
864691135102151968,864691135015605910,1,2012.0
864691135102151968,864691135102381856,1,27744.0
864691135102151968,864691135274195217,1,7628.0
864691135102151968,864691135491167207,1,6140.0
864691135102151968,864691135688186080,1,5108.0
864691135102151968,864691135694246079,1,296.0
864691135102151968,864691135731889337,1,5032.0
864691135102151968,864691135774389755,1,2096.0
864691135102151968,864691136453419007,1,32400.0
864691135102151968,864691136904488114,1,16212.0
864691135102274592,864691134919972106,1,14464.0
864691135102274592,864691135015652246,1,4496.0
864691135102274592,864691135135019168,1,9476.0
864691135102274592,864691135155894884,2,17572.0
864691135102274592,864691135164772653,1,3592.0
864691135102274592,864691135164887853,1,23460.0
864691135102274592,864691135258642863,1,27708.0
864691135102274592,864691135294442678,2,38260.0
864691135102274592,864691135304641703,1,1912.0
864691135102274592,864691135325263004,1,39056.0
864691135102274592,864691135360096071,1,21528.0
864691135102274592,864691135441799752,1,1952.0
864691135102274592,864691135464928318,1,22144.0
864691135102274592,864691135466158917,1,14888.0
864691135102274592,864691135567047191,1,34560.0
864691135102274592,864691135577644574,1,19228.0
864691135102274592,864691135584008045,1,5500.0
864691135102274592,864691135585266808,5,101504.0
864691135102274592,864691135586724220,1,21772.0
864691135102274592,864691135619756943,1,3352.0
864691135102274592,864691135739587697,1,29492.0
864691135102274592,864691135741930603,1,6812.0
864691135102274592,864691135750307881,1,10076.0
864691135102274592,864691135756075981,1,32724.0
864691135102274592,864691135773073147,1,12824.0
864691135102274592,864691135774053371,1,17592.0
864691135102274592,864691135774389755,1,5904.0
864691135102274592,864691135782241616,1,10720.0
864691135102274592,864691135885911920,2,39964.0
864691135102274592,864691135886208112,1,6360.0
864691135102274592,864691136011686318,2,8264.0
864691135102274592,864691136040834558,1,11888.0
864691135102274592,864691136042982742,1,32920.0
864691135102274592,864691136111251896,1,25396.0
864691135102274592,864691136111559352,1,28936.0
864691135102274592,864691136137794941,1,5216.0
864691135102274592,864691136195798504,1,704.0
864691135102274592,864691136331249642,1,3112.0
864691135102274592,864691136452602367,1,1616.0
864691135102274592,864691136453419007,1,6772.0
864691135102274592,864691136488446226,1,9792.0
864691135102274592,864691136619096795,2,32136.0
864691135102274592,864691136905560754,3,65044.0
864691135102381856,864691135066958404,1,1092.0
864691135102381856,864691135136360217,1,10348.0
864691135102381856,864691135258642863,1,2236.0
864691135102381856,864691135362104647,2,18824.0
864691135102381856,864691135388368001,1,2160.0
864691135102381856,864691135465955397,1,4360.0
864691135102381856,864691135492568551,1,856.0
864691135102381856,864691135562798817,1,4128.0
864691135102381856,864691135591041291,1,2928.0
864691135102381856,864691135617152361,1,16448.0
864691135102381856,864691135688186080,1,11356.0
864691135102381856,864691135732578745,1,13652.0
864691135102381856,864691135741524587,1,14208.0
864691135102381856,864691135939049988,1,1340.0
864691135102381856,864691135955962888,2,42696.0
864691135102381856,864691135977666883,1,8596.0
864691135102381856,864691136022520056,1,3564.0
864691135102381856,864691136034181307,1,5228.0
864691135102381856,864691136177629702,1,860.0
864691135102381856,864691136437631902,2,10704.0
864691135102381856,864691136619096795,1,1564.0
864691135102381856,864691136665051614,1,14328.0
864691135102381856,864691136905758130,1,10708.0
864691135102381856,864691136991202453,1,4264.0
864691135102433056,864691135214931072,1,8620.0
864691135102433056,864691135258642863,1,23672.0
864691135102433056,864691135342958789,1,12112.0
864691135102433056,864691135357351375,2,26344.0
864691135102433056,864691135360809560,1,4532.0
864691135102433056,864691135465343045,1,2832.0
864691135102433056,864691135503182685,1,2492.0
864691135102433056,864691135519105162,1,752.0
864691135102433056,864691135562410721,1,3364.0
864691135102433056,864691135584008045,1,772.0
864691135102433056,864691135656579010,1,15668.0
864691135102433056,864691135742102635,1,1808.0
864691135102433056,864691135808684573,1,1112.0
864691135102433056,864691136013367715,1,15288.0
864691135102433056,864691136033332155,1,5148.0
864691135102433056,864691136299034139,2,17280.0
864691135102433056,864691136378815445,1,2472.0
864691135102433056,864691136381301461,3,40456.0
864691135102433056,864691136445557123,1,1872.0
864691135102433056,864691136453419007,1,14460.0
864691135102433056,864691136905560754,1,4520.0
864691135113733529,864691135539491442,1,2428.0
864691135113733529,864691135698016410,1,3632.0
864691135113733529,864691136210975676,1,2384.0
864691135115049881,864691135857099310,1,5276.0
864691135115049881,864691137198382657,1,2016.0
864691135117980637,864691135059143323,1,3932.0
864691135117980637,864691135749995049,2,12820.0
864691135117980637,864691135809608652,1,308.0
864691135117980637,864691136137834877,1,2276.0
864691135119709149,864691134884807418,1,1452.0
864691135119709149,864691134942472035,3,47992.0
864691135119709149,864691135067066948,1,2220.0
864691135119709149,864691135405337326,1,5268.0
864691135119709149,864691135455400554,1,2064.0
864691135119709149,864691135470787666,1,13644.0
864691135119709149,864691135497743635,1,40632.0
864691135119709149,864691135499707667,1,4556.0
864691135119709149,864691135583172717,1,188.0
864691135119709149,864691135618505065,1,16656.0
864691135119709149,864691135688186080,1,2244.0
864691135119709149,864691135727790911,1,2936.0
864691135119709149,864691135755197133,1,7412.0
864691135119709149,864691135760106830,1,12456.0
864691135119709149,864691135779049056,1,7052.0
864691135119709149,864691135782241616,1,5312.0
864691135119709149,864691135849088094,1,3644.0
864691135119709149,864691135857993774,1,15400.0
864691135119709149,864691135866576604,1,6800.0
864691135119709149,864691135867644805,1,2444.0
864691135119709149,864691135885911920,1,14824.0
864691135119709149,864691135941300993,1,10900.0
864691135119709149,864691135975633475,1,1324.0
864691135119709149,864691135988557315,1,14016.0
864691135119709149,864691135993150913,1,10612.0
864691135119709149,864691136125411622,1,12112.0
864691135119709149,864691136330101226,1,192.0
864691135119709149,864691136330407914,3,18936.0
864691135119709149,864691136336107187,1,5552.0
864691135119709149,864691136596815778,1,3748.0
864691135119709149,864691136675427975,1,4784.0
864691135119709149,864691136813937267,1,14416.0
864691135119709149,864691136991202453,1,1352.0
864691135119709149,864691137054934902,1,14844.0
864691135122469671,864691135940685057,1,2608.0
864691135124146727,864691135362104647,1,3060.0
864691135124603687,864691135067066948,1,1648.0
864691135124603687,864691135274816017,1,6364.0
864691135124603687,864691135294520844,1,3060.0
864691135124603687,864691135339600102,1,3020.0
864691135124603687,864691135396940021,1,3904.0
864691135124603687,864691135441799752,1,16516.0
864691135124603687,864691135518173395,1,3564.0
864691135124603687,864691135593133067,1,1452.0
864691135124603687,864691135619463567,1,4592.0
864691135124603687,864691135727790911,1,29028.0
864691135124603687,864691135757040082,1,1868.0
864691135124603687,864691135774294603,3,55760.0
864691135124603687,864691135808684573,1,1356.0
864691135124603687,864691135858273326,1,2892.0
864691135124603687,864691136034084795,1,13872.0
864691135124603687,864691136137794941,1,8872.0
864691135124603687,864691136381301461,1,6768.0
864691135134016928,864691135396115189,1,21012.0
864691135134016928,864691135503182685,2,36732.0
864691135134016928,864691135566168599,1,6216.0
864691135134016928,864691135695146943,2,24480.0
864691135134016928,864691135782241616,1,600.0
864691135134016928,864691135955962888,1,11672.0
864691135134016928,864691136013367715,1,7892.0
864691135134016928,864691136022520056,1,15524.0
864691135134016928,864691136211175612,1,3476.0
864691135134016928,864691136392785279,1,16228.0
864691135134016928,864691136419797655,1,27308.0
864691135134016928,864691136452609023,1,4992.0
864691135134016928,864691137021264750,1,16512.0
864691135134052512,864691135518283475,1,9288.0
864691135134052512,864691135577221406,1,3064.0
864691135134052512,864691135741458324,2,77568.0
864691135134052512,864691135927494158,1,324.0
864691135134052512,864691135977309763,2,28764.0
864691135134052512,864691136011686318,1,11100.0
864691135134052512,864691136927187786,1,5200.0
864691135134114976,864691134886499066,1,5516.0
864691135134114976,864691135137137433,1,1904.0
864691135134114976,864691135339103718,1,18016.0
864691135134114976,864691135430004016,1,2644.0
864691135134114976,864691135539491442,1,3368.0
864691135134114976,864691135860969064,1,2476.0
864691135134114976,864691136363473634,1,5236.0
864691135134155168,864691134919972106,1,11104.0
864691135134155168,864691135101431072,2,7064.0
864691135134155168,864691135214986368,1,15920.0
864691135134155168,864691135272069285,1,7268.0
864691135134155168,864691135476528704,1,2700.0
864691135134155168,864691135566945559,1,208.0
864691135134155168,864691135975824495,1,23944.0
864691135134155168,864691136011684526,1,5588.0
864691135134155168,864691136137794941,2,31436.0
864691135134155168,864691136334080435,1,5548.0
864691135134155168,864691136524172689,1,3748.0
864691135134155168,864691136905458866,1,1632.0
864691135134695328,864691135270320293,1,9752.0
864691135134695328,864691135273918993,1,4116.0
864691135134695328,864691135408560329,1,1236.0
864691135134695328,864691135616363211,1,14448.0
864691135134695328,864691135697613077,1,19068.0
864691135134695328,864691135719761713,1,2484.0
864691135134695328,864691135852138183,1,13476.0
864691135134695328,864691135855860782,1,576.0
864691135134695328,864691136009893294,2,37324.0
864691135134695328,864691136084684396,1,5492.0
864691135134695328,864691136137834877,4,31280.0
864691135134695328,864691136196127208,1,2840.0
864691135134695328,864691136228538961,1,7184.0
864691135134695328,864691136451224831,1,45384.0
864691135134695328,864691136812081779,1,9900.0
864691135135019168,864691134942472035,2,5236.0
864691135135019168,864691134949081852,1,4664.0
864691135135019168,864691134949263100,1,784.0
864691135135019168,864691134991010426,1,11512.0
864691135135019168,864691135164887853,2,6560.0
864691135135019168,864691135210134905,1,3128.0
864691135135019168,864691135277186789,1,2480.0
864691135135019168,864691135280481697,2,22160.0
864691135135019168,864691135280682401,1,12960.0
864691135135019168,864691135295165196,1,2404.0
864691135135019168,864691135362104647,1,6460.0
864691135135019168,864691135375351369,1,17760.0
864691135135019168,864691135430346544,1,3180.0
864691135135019168,864691135441799752,1,764.0
864691135135019168,864691135470787666,1,4084.0
864691135135019168,864691135476495936,1,2552.0
864691135135019168,864691135732210873,1,2944.0
864691135135019168,864691135774179147,1,28400.0
864691135135019168,864691135774389755,1,5688.0
864691135135019168,864691135855890478,1,29256.0
864691135135019168,864691135877951571,1,17860.0
864691135135019168,864691135941300993,2,25608.0
864691135135019168,864691136091634487,1,26920.0
864691135135019168,864691136298125851,1,2260.0
864691135135019168,864691136381243349,1,14144.0
864691135135019168,864691136437631902,1,3112.0
864691135135019168,864691136438717086,1,5136.0
864691135135019168,864691136453384959,1,17064.0
864691135135019168,864691136489055762,1,2440.0
864691135135019168,864691136524172689,1,1616.0
864691135135019168,864691136596901026,1,616.0
864691135135019168,864691136603811281,1,26192.0
864691135135019168,864691136975144988,1,3732.0
864691135135019168,864691136991202453,2,10404.0
864691135136360217,864691134966114591,1,16588.0
864691135136360217,864691134991010426,1,772.0
864691135136360217,864691135272003237,1,4408.0
864691135136360217,864691135375351369,1,11744.0
864691135136360217,864691135455819114,1,10356.0
864691135136360217,864691135465343045,1,3376.0
864691135136360217,864691135465932357,1,1584.0
864691135136360217,864691135465955397,1,7712.0
864691135136360217,864691135611019015,1,13564.0
864691135136360217,864691135619756943,1,3072.0
864691135136360217,864691135655894978,1,13900.0
864691135136360217,864691135727790911,1,11676.0
864691135136360217,864691135732210873,1,9088.0
864691135136360217,864691135773073147,1,3244.0
864691135136360217,864691135946676260,1,6804.0
864691135136360217,864691135977666883,1,29568.0
864691135136360217,864691136111251896,1,29024.0
864691135136360217,864691136314404669,1,848.0
864691135136360217,864691136373008520,1,3508.0
864691135136360217,864691136991202453,1,12828.0
864691135136360217,864691137055367798,1,12832.0
864691135137137433,864691136125433894,1,26236.0
864691135155894884,864691135060727707,1,1060.0
864691135155894884,864691135214986368,1,23152.0
864691135155894884,864691135362104647,1,13612.0
864691135155894884,864691135586724220,1,14268.0
864691135155894884,864691135591041291,1,3072.0
864691135155894884,864691135594721579,2,14424.0
864691135155894884,864691135619756943,2,7848.0
864691135155894884,864691135688186080,1,9404.0
864691135155894884,864691135739008132,1,2912.0
864691135155894884,864691135750307881,4,19652.0
864691135155894884,864691135774368763,1,16480.0
864691135155894884,864691135774389755,1,1888.0
864691135155894884,864691135868919318,1,2184.0
864691135155894884,864691135938816260,1,12768.0
864691135155894884,864691135955962888,2,7436.0
864691135155894884,864691135977666883,1,14488.0
864691135155894884,864691136034011579,1,10552.0
864691135155894884,864691136042982742,1,348.0
864691135155894884,864691136389688695,1,16908.0
864691135155894884,864691136419797655,1,4992.0
864691135155894884,864691136967703758,1,22176.0
864691135157198692,864691135157994084,1,17288.0
864691135157198692,864691135209432185,1,20512.0
864691135157198692,864691135274195217,1,18072.0
864691135157198692,864691135384843738,1,2972.0
864691135157198692,864691135388828033,1,5948.0
864691135157198692,864691135466158917,1,17796.0
864691135157198692,864691135480892614,2,13364.0
864691135157198692,864691135496440208,1,6072.0
864691135157198692,864691135518283475,1,1912.0
864691135157198692,864691135562410721,1,16452.0
864691135157198692,864691135656578242,1,5852.0
864691135157198692,864691135688186080,1,8604.0
864691135157198692,864691135719900721,1,4568.0
864691135157198692,864691135774179147,1,10748.0
864691135157198692,864691135778419901,1,2248.0
864691135157198692,864691135779705021,1,7952.0
864691135157198692,864691135809509917,1,14340.0
864691135157198692,864691135868060950,1,3112.0
864691135157198692,864691135874914702,1,7112.0
864691135157198692,864691135919956656,1,19192.0
864691135157198692,864691135938816260,1,1292.0
864691135157198692,864691135939477508,1,6048.0
864691135157198692,864691135947258916,1,9584.0
864691135157198692,864691135955909640,1,8728.0
864691135157198692,864691135976425327,1,5368.0
864691135157198692,864691135977666883,1,1708.0
864691135157198692,864691135990004992,1,13956.0
864691135157198692,864691136041575422,1,19996.0
864691135157198692,864691136111559352,1,1312.0
864691135157198692,864691136238090767,1,7404.0
864691135157198692,864691136438585502,1,4256.0
864691135157198692,864691136664127454,1,6116.0
864691135157994084,864691135339088102,1,3224.0
864691135157994084,864691135503836253,1,1924.0
864691135157994084,864691135546902056,2,26656.0
864691135157994084,864691135567047191,1,14476.0
864691135157994084,864691135576881950,1,3696.0
864691135157994084,864691135656578242,1,8172.0
864691135157994084,864691135719900721,1,1028.0
864691135157994084,864691135810982860,1,952.0
864691135157994084,864691135816565839,1,20880.0
864691135157994084,864691135875460494,1,1756.0
864691135157994084,864691135928366606,2,16688.0
864691135157994084,864691136006519498,1,6828.0
864691135157994084,864691136664680926,1,956.0
864691135162908461,864691135341198789,1,7212.0
864691135162908461,864691135385422677,1,1304.0
864691135162908461,864691135741619051,1,240.0
864691135162908461,864691135955060232,1,6988.0
864691135164772653,864691134966324767,1,2124.0
864691135164772653,864691135295165196,1,3008.0
864691135164772653,864691135343818161,1,1276.0
864691135164772653,864691135430275120,1,2776.0
864691135164772653,864691135431089968,1,6872.0
864691135164772653,864691135546339880,1,3532.0
864691135164772653,864691135566168599,1,13704.0
864691135164772653,864691135567047191,1,188.0
864691135164772653,864691135577816862,1,2892.0
864691135164772653,864691135725920939,1,1052.0
864691135164772653,864691135741780116,1,4844.0
864691135164772653,864691135868210454,1,1012.0
864691135164772653,864691135977045871,2,7808.0
864691135164772653,864691136011686318,1,28988.0
864691135164772653,864691136041575422,1,27632.0
864691135164772653,864691136091634487,1,13676.0
864691135164772653,864691136125457446,1,1380.0
864691135164772653,864691136134678667,1,3308.0
864691135164772653,864691136228250961,1,8520.0
864691135164772653,864691136330101226,1,3100.0
864691135164772653,864691136372759688,1,6996.0
864691135164772653,864691136389921911,1,44340.0
864691135164772653,864691136392785279,1,1212.0
864691135164772653,864691136452609023,1,744.0
864691135164772653,864691136453419007,1,2960.0
864691135164772653,864691136596901026,1,4004.0
864691135164772653,864691137021264750,1,3692.0
864691135164887853,864691135059143323,1,8072.0
864691135164887853,864691135209369465,1,4144.0
864691135164887853,864691135277186789,1,11288.0
864691135164887853,864691135577651230,1,19200.0
864691135164887853,864691135577749022,1,3596.0
864691135164887853,864691135586724220,1,11104.0
864691135164887853,864691135640297787,1,352.0
864691135164887853,864691135694246079,1,8780.0
864691135164887853,864691135743102827,1,2612.0
864691135164887853,864691135760106830,1,10676.0
864691135164887853,864691135764583990,1,22456.0
864691135164887853,864691135774389755,1,3436.0
864691135164887853,864691135885911920,1,4480.0
864691135164887853,864691135941300993,1,10872.0
864691135164887853,864691135975633475,1,1428.0
864691135164887853,864691135977666883,3,34596.0
864691135164887853,864691136023980601,1,3388.0
864691135164887853,864691136034181307,1,29024.0
864691135164887853,864691136111559352,1,24200.0
864691135164887853,864691136118370724,1,14052.0
864691135164887853,864691136330101226,1,20740.0
864691135164887853,864691136596901026,1,8968.0
864691135164887853,864691136914414321,1,384.0
864691135164887853,864691136968542926,1,29268.0
864691135184104194,864691135164772653,1,20776.0
864691135184104194,864691135362104647,1,1976.0
864691135184104194,864691135656579010,3,14440.0
864691135184104194,864691135731889337,1,1120.0
864691135184104194,864691135773073147,1,33948.0
864691135184104194,864691136041575422,1,520.0
864691135184104194,864691136136383883,1,5348.0
864691135184104194,864691136380757461,1,2044.0
864691135184104194,864691136438585502,1,17416.0
864691135184104194,864691136674492295,1,268.0
864691135195825450,864691136107486169,1,30256.0
864691135209194617,864691135209280633,1,160.0
864691135209194617,864691135802453858,1,20608.0
864691135209194617,864691135857099310,1,2116.0
864691135209194617,864691135938816260,1,7340.0
864691135209194617,864691136010028974,1,14564.0
864691135209194617,864691136298045979,1,23292.0
864691135209194617,864691136311106650,1,1468.0
864691135209194617,864691136975144988,1,4208.0
864691135209280633,864691135157994084,1,6864.0
864691135209280633,864691135209194617,1,10380.0
864691135209280633,864691135210134905,1,4592.0
864691135209280633,864691135408808649,1,10648.0
864691135209280633,864691135466283333,1,280.0
864691135209280633,864691135518989962,1,9448.0
864691135209280633,864691135741524587,2,2920.0
864691135209280633,864691135778572973,1,19140.0
864691135209280633,864691135816693327,1,1940.0
864691135209280633,864691135843242211,1,9864.0
864691135209280633,864691136091074615,1,3228.0
864691135209280633,864691136119885080,2,30964.0
864691135209280633,864691136125433894,1,4044.0
864691135209280633,864691136138131325,1,12368.0
864691135209280633,864691136438585502,1,2736.0
864691135209280633,864691136578982164,2,5848.0
864691135209280633,864691136904488114,1,2292.0
864691135209369465,864691134949263100,1,8920.0
864691135209369465,864691135209432185,1,576.0
864691135209369465,864691135294441654,1,1736.0
864691135209369465,864691135396940021,1,15204.0
864691135209369465,864691135448698196,1,1336.0
864691135209369465,864691135478400936,1,2532.0
864691135209369465,864691135480892614,1,10072.0
864691135209369465,864691135577221406,1,5212.0
864691135209369465,864691135578360837,1,11392.0
864691135209369465,864691135617152361,1,22248.0
864691135209369465,864691135689417440,1,1704.0
864691135209369465,864691135801463650,1,21596.0
864691135209369465,864691135953985800,1,3360.0
864691135209369465,864691136026198585,1,1856.0
864691135209369465,864691136034084795,2,47212.0
864691135209369465,864691136092725684,1,3744.0
864691135209369465,864691136125411622,1,984.0
864691135209369465,864691136227484753,1,380.0
864691135209369465,864691136274546622,1,2752.0
864691135209369465,864691136311106650,1,10880.0
864691135209369465,864691136674744199,1,2792.0
864691135209369465,864691136975624220,1,7368.0
864691135209369465,864691137199828801,1,7840.0
864691135209432185,864691134949263100,1,1044.0
864691135209432185,864691135503182685,1,7228.0
864691135209432185,864691135617152361,2,31848.0
864691135209432185,864691135868210454,1,1396.0
864691135209432185,864691135977666883,2,19784.0
864691135209432185,864691136022520056,1,17216.0
864691135209432185,864691136195391208,1,12516.0
864691135209432185,864691136314491965,1,14328.0
864691135209432185,864691136330101226,1,2260.0
864691135209432185,864691136913993713,1,1264.0
864691135210134905,864691134948788476,1,2184.0
864691135210134905,864691135164772653,1,22000.0
864691135210134905,864691135258642863,1,1008.0
864691135210134905,864691135342541509,1,3232.0
864691135210134905,864691135343818161,1,192.0
864691135210134905,864691135447540882,1,9036.0
864691135210134905,864691135476495936,1,2996.0
864691135210134905,864691135562975969,1,22464.0
864691135210134905,864691135576881950,1,16544.0
864691135210134905,864691135577651230,1,3400.0
864691135210134905,864691135591041291,1,23676.0
864691135210134905,864691135868210454,1,2988.0
864691135210134905,864691135885911920,2,18900.0
864691135210134905,864691135886208112,1,14224.0
864691135210134905,864691135941300993,2,32864.0
864691135210134905,864691136452447743,1,5300.0
864691135210134905,864691136619096795,1,29504.0
864691135212492992,864691135750307881,1,4808.0
864691135212492992,864691136033116347,1,15084.0
864691135214931072,864691135102274592,2,12536.0
864691135214931072,864691135271038885,1,28860.0
864691135214931072,864691135465932357,1,3188.0
864691135214931072,864691135465955397,1,3892.0
864691135214931072,864691135470787666,1,532.0
864691135214931072,864691135493149927,2,11988.0
864691135214931072,864691135567047191,1,6260.0
864691135214931072,864691135646481135,1,2632.0
864691135214931072,864691135686283703,1,5052.0
864691135214931072,864691135688186080,1,6264.0
864691135214931072,864691135719900721,1,2008.0
864691135214931072,864691135739689073,1,3704.0
864691135214931072,864691135742102635,1,2852.0
864691135214931072,864691135861093992,1,20468.0
864691135214931072,864691135886208112,1,264.0
864691135214931072,864691136040834558,1,3476.0
864691135214931072,864691136041575422,1,22824.0
864691135214931072,864691136108378073,1,18608.0
864691135214931072,864691136196265704,1,23680.0
864691135214931072,864691136196517452,1,3680.0
864691135214931072,864691136228491601,1,35972.0
864691135214931072,864691136239108156,1,21556.0
864691135214931072,864691136330407914,1,596.0
864691135214931072,864691136331249642,1,7216.0
864691135214931072,864691136391042167,1,39804.0
864691135214931072,864691136452609023,1,5268.0
864691135214931072,864691136604001745,1,1016.0
864691135214931072,864691137056393846,1,24056.0
864691135214986368,864691134949081852,1,1988.0
864691135214986368,864691135566168599,1,3352.0
864691135214986368,864691135850033758,1,11676.0
864691135214986368,864691136419797655,1,8900.0
864691135233242713,864691135059143323,1,344.0
864691135233242713,864691135385422677,1,33196.0
864691135233242713,864691135408560329,1,5336.0
864691135233242713,864691136991166101,1,17184.0
864691135257404079,864691135396115189,1,9780.0
864691135257404079,864691135396794101,1,11792.0
864691135257404079,864691135397846049,1,2628.0
864691135257404079,864691135441799752,1,6296.0
864691135257404079,864691135510191369,1,11364.0
864691135257404079,864691135725842603,1,15900.0
864691135257404079,864691135773073147,1,2880.0
864691135257669039,864691135210134905,2,7244.0
864691135257669039,864691135294190518,1,1800.0
864691135257669039,864691135396794101,2,872.0
864691135257669039,864691135398805281,2,16504.0
864691135257669039,864691135405626862,1,3724.0
864691135257669039,864691135441799752,1,1128.0
864691135257669039,864691135577644574,1,5760.0
864691135257669039,864691135688186080,1,22920.0
864691135257669039,864691135727790911,1,2352.0
864691135257669039,864691135739587697,1,20820.0
864691135257669039,864691135755197133,1,376.0
864691135257669039,864691135774389755,1,3408.0
864691135257669039,864691135853198023,1,720.0
864691135257669039,864691135886130288,1,916.0
864691135257669039,864691135947258916,2,16740.0
864691135257669039,864691135970226021,1,1228.0
864691135257669039,864691136040834558,1,2800.0
864691135257669039,864691136084684396,2,3376.0
864691135257669039,864691136091634487,1,760.0
864691135257669039,864691136364308962,1,1436.0
864691135257669039,864691136419797655,1,2696.0
864691135257669039,864691136437631902,1,6940.0
864691135257669039,864691136453419007,1,2072.0
864691135257669039,864691136524172689,1,4468.0
864691135257669039,864691136914414321,1,5884.0
864691135258509487,864691135210134905,1,8320.0
864691135258509487,864691135447540882,1,248.0
864691135258509487,864691135566168599,1,24812.0
864691135258509487,864691135725748139,1,10016.0
864691135258509487,864691135774368763,1,3700.0
864691135258509487,864691135816693327,1,456.0
864691135258509487,864691136033227451,1,5544.0
864691135258509487,864691136033332155,1,15100.0
864691135258509487,864691136118370724,1,5332.0
864691135258509487,864691136392785279,1,14364.0
864691135258509487,864691136421279639,1,1172.0
864691135258509487,864691136453419007,1,5520.0
864691135258509487,864691136914414321,1,3396.0
864691135258563503,864691134887026938,1,312.0
864691135258563503,864691134965778719,1,9712.0
864691135258563503,864691135157994084,1,804.0
864691135258563503,864691135342585541,1,6740.0
864691135258563503,864691135360809560,2,4432.0
864691135258563503,864691135417045946,1,11900.0
864691135258563503,864691135480916422,1,1016.0
864691135258563503,864691135490326074,1,9324.0
864691135258563503,864691135495698832,1,10680.0
864691135258563503,864691135502885954,1,1112.0
864691135258563503,864691135562842337,1,1848.0
864691135258563503,864691135595040043,1,2208.0
864691135258563503,864691135717275162,2,13360.0
864691135258563503,864691135739587697,1,1996.0
864691135258563503,864691135750958889,1,3376.0
864691135258563503,864691135763795510,1,736.0
864691135258563503,864691135782241616,1,420.0
864691135258563503,864691135810492189,1,9664.0
864691135258563503,864691135868060950,1,1732.0
864691135258563503,864691135868916246,1,1200.0
864691135258563503,864691135938816260,1,16452.0
864691135258563503,864691135942924148,1,3396.0
864691135258563503,864691136118686884,1,744.0
864691135258563503,864691136125433894,1,7404.0
864691135258563503,864691136579408916,1,2956.0
864691135258563503,864691137055405174,1,1308.0
864691135258642863,864691135124146727,1,6772.0
864691135258642863,864691135184104194,1,2804.0
864691135258642863,864691135465955397,1,9860.0
864691135258642863,864691135585266808,1,232.0
864691135258642863,864691135865648254,1,172.0
864691135258642863,864691136927187786,1,416.0
864691135270320293,864691136195391208,1,2356.0
864691135271038885,864691134966324767,1,13288.0
864691135271038885,864691135362104647,1,18784.0
864691135271038885,864691135503182685,1,964.0
864691135271038885,864691135504327861,1,41616.0
864691135271038885,864691135518283475,1,14308.0
864691135271038885,864691135577651230,1,37728.0
864691135271038885,864691135617152361,1,6888.0
864691135271038885,864691135774294603,1,6964.0
864691135271038885,864691135878061395,3,59216.0
864691135271038885,864691135928366606,1,916.0
864691135271038885,864691135977045871,2,6380.0
864691135271038885,864691136177799686,1,3124.0
864691135271038885,864691136991202453,1,6436.0
864691135271081125,864691135233242713,1,11264.0
864691135271081125,864691135539491442,2,29364.0
864691135271081125,864691135860969064,1,3076.0
864691135271081125,864691136107486169,1,5812.0
864691135271081125,864691136210975676,1,9688.0
864691135271081125,864691136420195223,1,9540.0
864691135271081125,864691137198382657,1,6428.0
864691135271463077,864691135570791558,1,3068.0
864691135271463077,864691135764015926,1,2908.0
864691135271696549,864691134919972106,1,1380.0
864691135271696549,864691134949221372,1,26404.0
864691135271696549,864691135277186789,1,3836.0
864691135271696549,864691135562410721,1,676.0
864691135271696549,864691135584008045,1,3048.0
864691135271696549,864691135738969220,1,14308.0
864691135271696549,864691135741998484,1,656.0
864691135271696549,864691135808684573,1,3196.0
864691135271696549,864691135868060950,1,5288.0
864691135271696549,864691136034011579,1,2184.0
864691135271696549,864691136137293195,1,6232.0
864691135271696549,864691136330101226,1,8700.0
864691135271696549,864691136381301461,1,3256.0
864691135271696549,864691136596901026,1,4240.0
864691135271696549,864691137056393846,1,6260.0
864691135272003237,864691135398805281,1,576.0
864691135272003237,864691135503182685,1,3936.0
864691135272003237,864691135750307881,1,536.0
864691135272003237,864691135919956656,1,10604.0
864691135272003237,864691135970226021,1,3712.0
864691135272003237,864691136331249642,1,1460.0
864691135272003237,864691136445215875,1,2936.0
864691135272003237,864691136665051614,1,34444.0
864691135272069285,864691135271696549,1,6736.0
864691135272069285,864691136228250961,1,3044.0
864691135272069285,864691136523033233,1,3744.0
864691135272206865,864691135134695328,1,28400.0
864691135273918993,864691135782156368,1,15820.0
864691135273918993,864691135809608652,1,8568.0
864691135274195217,864691135060727707,2,19256.0
864691135274195217,864691135155894884,1,2532.0
864691135274195217,864691135280481697,1,2180.0
864691135274195217,864691135448303762,1,844.0
864691135274195217,864691135470787666,1,33644.0
864691135274195217,864691135493686111,1,26028.0
864691135274195217,864691135546902056,1,3440.0
864691135274195217,864691135562798817,1,3200.0
864691135274195217,864691135567047191,1,11832.0
864691135274195217,864691135584504429,1,912.0
864691135274195217,864691135594721579,1,1868.0
864691135274195217,864691135741458324,2,57584.0
864691135274195217,864691135779705021,1,2244.0
864691135274195217,864691135939477508,1,10548.0
864691135274195217,864691136041575422,1,440.0
864691135274195217,864691136975144988,1,5640.0
864691135274816017,864691134966714655,1,160.0
864691135274816017,864691135060882843,1,1052.0
864691135274816017,864691135340055782,1,2072.0
864691135274816017,864691135351096279,1,22076.0
864691135274816017,864691135368949241,1,2752.0
864691135274816017,864691135587519868,2,6896.0
864691135274816017,864691135640297787,1,832.0
864691135274816017,864691135741963627,1,1416.0
864691135274816017,864691135977666883,1,3440.0
864691135274816017,864691136125457446,1,4144.0
864691135274816017,864691136228491601,1,11596.0
864691135274816017,864691136274655166,1,324.0
864691135274816017,864691136288644291,1,22964.0
864691135274816017,864691136311106650,1,4100.0
864691135274816017,864691136438666398,1,2176.0
864691135274816017,864691136445557123,1,16364.0
864691135274816017,864691136905560754,1,336.0
864691135276505573,864691135396940021,1,5956.0
864691135276505573,864691135572530981,1,3524.0
864691135276505573,864691135808684573,1,18652.0
864691135276505573,864691135927381774,1,3560.0
864691135276505573,864691136089194039,1,3140.0
864691135276505573,864691136310966106,2,25652.0
864691135277186789,864691135503182685,3,35768.0
864691135277186789,864691135727790911,1,24928.0
864691135277186789,864691135742756203,1,10796.0
864691135277186789,864691135774389755,1,632.0
864691135277186789,864691135937286404,1,5516.0
864691135277186789,864691135970206821,1,24828.0
864691135277309669,864691134919972106,1,620.0
864691135277309669,864691134991010426,1,32056.0
864691135277309669,864691135101431072,1,39572.0
864691135277309669,864691135164887853,1,23944.0
864691135277309669,864691135362104647,1,6216.0
864691135277309669,864691135448303762,1,7880.0
864691135277309669,864691135465932357,1,12076.0
864691135277309669,864691135493686111,1,39152.0
864691135277309669,864691135585266808,1,8440.0
864691135277309669,864691135685087474,1,15516.0
864691135277309669,864691135756075981,1,16436.0
864691135277309669,864691135993150913,1,25224.0
864691135277309669,864691136022520056,1,7080.0
864691135277309669,864691136111251896,1,1932.0
864691135277309669,864691136137794941,2,6316.0
864691135277309669,864691136299034139,1,5552.0
864691135277309669,864691136314404669,1,1052.0
864691135277309669,864691136314491965,1,21196.0
864691135277309669,864691136390474359,1,564.0
864691135277309669,864691136437631902,1,8568.0
864691135277309669,864691136578820884,1,2172.0
864691135277309669,864691136603811281,1,6444.0
864691135277309669,864691137055367798,1,7244.0
864691135280481697,864691135350420951,1,4928.0
864691135280481697,864691135656579010,1,5936.0
864691135280481697,864691135716679194,1,168.0
864691135280481697,864691136437631902,1,2148.0
864691135280481697,864691136674495623,1,600.0
864691135280481697,864691137021162094,1,2772.0
864691135280682401,864691134966324767,1,12264.0
864691135280682401,864691134966710559,4,11792.0
864691135280682401,864691135102433056,1,2320.0
864691135280682401,864691135295165196,1,10548.0
864691135280682401,864691135324623260,1,2328.0
864691135280682401,864691135325487004,1,7228.0
864691135280682401,864691135357351375,2,18688.0
864691135280682401,864691135374981320,1,19772.0
864691135280682401,864691135409859785,1,1840.0
864691135280682401,864691135448215698,2,5328.0
864691135280682401,864691135465100189,1,452.0
864691135280682401,864691135480916422,2,15956.0
864691135280682401,864691135593133067,1,6552.0
864691135280682401,864691135686283703,1,920.0
864691135280682401,864691135688186080,1,6916.0
864691135280682401,864691135719900721,4,16000.0
864691135280682401,864691135757040082,1,1616.0
864691135280682401,864691135773073147,1,16696.0
864691135280682401,864691135809509917,1,204.0
864691135280682401,864691135955909640,1,628.0
864691135280682401,864691136010639022,1,4276.0
864691135280682401,864691136058745048,1,4196.0
864691135280682401,864691136086088556,1,4372.0
864691135280682401,864691136177799686,1,1240.0
864691135280682401,864691137021264750,2,28212.0
864691135280944545,864691135066958404,1,1236.0
864691135280944545,864691135209432185,1,1060.0
864691135280944545,864691135280481697,1,14852.0
864691135280944545,864691135448698196,1,1288.0
864691135280944545,864691135476528704,1,1040.0
864691135280944545,864691135688186080,1,1084.0
864691135280944545,864691135774053371,1,7052.0
864691135280944545,864691135810905036,1,880.0
864691135280944545,864691135861093992,1,416.0
864691135280944545,864691135977666883,1,23952.0
864691135280944545,864691136034084795,1,14676.0
864691135280944545,864691136125433894,1,3744.0
864691135280944545,864691136389688695,1,752.0
864691135280944545,864691136524297617,1,1076.0
864691135294190518,864691135294442678,1,6088.0
864691135294190518,864691135577221406,1,8340.0
864691135294190518,864691135616363211,1,30728.0
864691135294190518,864691135787537348,1,2088.0
864691135294190518,864691135816693327,1,2032.0
864691135294190518,864691135868210454,1,3244.0
864691135294190518,864691136013367715,1,3404.0
864691135294190518,864691136136778621,1,172.0
864691135294190518,864691136275031565,1,27436.0
864691135294190518,864691136596107938,1,1592.0
864691135294441654,864691134966710559,5,34164.0
864691135294441654,864691135102433056,1,4908.0
864691135294441654,864691135340055782,1,3516.0
864691135294441654,864691135357351375,1,5872.0
864691135294441654,864691135430275120,1,5664.0
864691135294441654,864691135431089968,1,1084.0
864691135294441654,864691135448215698,1,560.0
864691135294441654,864691135474504498,1,4892.0
864691135294441654,864691135493686111,1,8056.0
864691135294441654,864691135578360837,1,536.0
864691135294441654,864691135640297787,1,6356.0
864691135294441654,864691135686283703,1,3696.0
864691135294441654,864691135694246079,1,2076.0
864691135294441654,864691135727790911,2,25040.0
864691135294441654,864691135774053371,1,3220.0
864691135294441654,864691135808925981,1,3976.0
864691135294441654,864691135810905036,1,2824.0
864691135294441654,864691135843242211,2,25488.0
864691135294441654,864691135853088967,1,9472.0
864691135294441654,864691135868210454,1,456.0
864691135294441654,864691135885911920,1,7800.0
864691135294441654,864691136026254649,1,10980.0
864691135294441654,864691136058745048,1,992.0
864691135294441654,864691136118370724,1,2440.0
864691135294441654,864691136299034139,1,1724.0
864691135294441654,864691136381301461,1,1836.0
864691135294441654,864691136438717086,1,3700.0
864691135294441654,864691136596901026,1,5336.0
864691135294441654,864691136725093373,1,33944.0
864691135294441654,864691136905458866,1,10796.0
864691135294441654,864691136913993713,1,2000.0
864691135294441654,864691136914414321,1,3732.0
864691135294441654,864691136954050527,1,6496.0
864691135294442678,864691134991010426,1,596.0
864691135294442678,864691135102381856,1,2372.0
864691135294442678,864691135210134905,1,36508.0
864691135294442678,864691135362104647,1,18984.0
864691135294442678,864691135656578242,1,1036.0
864691135294442678,864691135732210873,1,3532.0
864691135294442678,864691135774389755,1,892.0
864691135294442678,864691135779705021,1,4464.0
864691135294442678,864691135801463650,1,10452.0
864691135294442678,864691135817419343,1,7596.0
864691135294442678,864691135886208112,1,3376.0
864691135294442678,864691135939477508,1,45464.0
864691135294442678,864691136137794941,2,48056.0
864691135294442678,864691136288598467,1,16048.0
864691135294442678,864691136619096795,2,40164.0
864691135294480310,864691135339088102,1,2996.0
864691135294480310,864691135386963541,1,9520.0
864691135294480310,864691135396794101,1,6888.0
864691135294480310,864691135409859785,1,1852.0
864691135294480310,864691135480311494,1,1628.0
864691135294480310,864691135499283987,4,7832.0
864691135294480310,864691135584629613,1,13252.0
864691135294480310,864691135725748139,1,8916.0
864691135294480310,864691135817195343,2,6856.0
864691135294480310,864691135817419343,1,192.0
864691135294480310,864691135994226881,1,10772.0
864691135294480310,864691136228250961,1,2188.0
864691135294480310,864691136330101226,1,788.0
864691135294480310,864691136523335057,1,1120.0
864691135294520844,864691134919869706,1,13008.0
864691135294520844,864691135258642863,1,3360.0
864691135294520844,864691135360482392,1,2084.0
864691135294520844,864691135455507818,2,6324.0
864691135294520844,864691135585266808,1,35696.0
864691135294520844,864691135618505065,1,4140.0
864691135294520844,864691135640398651,1,5512.0
864691135294520844,864691135750958889,1,2020.0
864691135294520844,864691135774053371,1,6148.0
864691135294520844,864691135885911920,1,2456.0
864691135294520844,864691136011684526,1,4040.0
864691135294520844,864691136034011579,1,180.0
864691135294520844,864691136101340021,2,25436.0
864691135294520844,864691136228491601,2,3768.0
864691135294520844,864691136424439855,1,9828.0
864691135295165196,864691135280481697,1,9748.0
864691135295165196,864691135465100189,1,600.0
864691135295165196,864691135469845388,1,2068.0
864691135295165196,864691135583277677,1,1312.0
864691135295165196,864691135698211994,1,10200.0
864691135295165196,864691135719900721,1,1900.0
864691135295165196,864691135774294603,1,2528.0
864691135295165196,864691135954393891,1,4740.0
864691135295165196,864691136058745048,1,4364.0
864691135295165196,864691136125457446,1,6664.0
864691135295165196,864691136239980604,1,656.0
864691135295165196,864691136484364844,1,12580.0
864691135295165196,864691136912172017,1,444.0
864691135295165196,864691136954050527,1,2688.0
864691135295165196,864691136991202453,1,3816.0
864691135304641703,864691135015652246,1,19644.0
864691135304641703,864691135164772653,1,2752.0
864691135304641703,864691135277309669,1,3840.0
864691135304641703,864691135546902056,1,5088.0
864691135304641703,864691135567047191,1,3492.0
864691135304641703,864691135619756943,1,10852.0
864691135304641703,864691135688186080,1,13164.0
864691135304641703,864691135738969220,1,11476.0
864691135304641703,864691135763941174,1,8408.0
864691135304641703,864691135774179147,1,3992.0
864691135304641703,864691135774389755,1,1628.0
864691135304641703,864691135842486243,1,12644.0
864691135304641703,864691135868919318,1,3332.0
864691135304641703,864691136092725684,1,824.0
864691135304641703,864691136137794941,1,9168.0
864691135304641703,864691136331249642,1,1304.0
864691135304641703,864691136914414321,1,7476.0
864691135304641703,864691136968542926,1,1900.0
864691135304641703,864691136991202453,3,18292.0
864691135304641703,864691137021264750,2,46296.0
864691135304641703,864691137198691137,1,2768.0
864691135304679079,864691134991010426,1,428.0
864691135304679079,864691135102381856,1,21612.0
864691135304679079,864691135210134905,1,3256.0
864691135304679079,864691135294441654,1,9244.0
864691135304679079,864691135375351369,1,3872.0
864691135304679079,864691135386899029,1,7744.0
864691135304679079,864691135496440208,1,1068.0
864691135304679079,864691135518283475,1,19560.0
864691135304679079,864691135562842337,1,14152.0
864691135304679079,864691135576991518,1,2860.0
864691135304679079,864691136011686318,1,2564.0
864691135304679079,864691136033227451,2,16392.0
864691135304679079,864691136040834558,1,756.0
864691135304679079,864691136052738803,1,4268.0
864691135304679079,864691136085781356,1,4912.0
864691135304679079,864691136177629702,1,1696.0
864691135304679079,864691136195391208,1,1972.0
864691135304679079,864691136275894285,1,24036.0
864691135304679079,864691136313406781,1,4980.0
864691135304679079,864691136330407914,1,28352.0
864691135304679079,864691136334080435,1,20660.0
864691135304679079,864691136380264405,1,364.0
864691135308553030,864691135779020221,1,11936.0
864691135308553030,864691136274546622,1,15060.0
864691135324623260,864691135015605910,1,10608.0
864691135324623260,864691135136360217,1,7720.0
864691135324623260,864691135280481697,1,25788.0
864691135324623260,864691135280944545,1,1248.0
864691135324623260,864691135398817569,1,4916.0
864691135324623260,864691135465955397,1,1536.0
864691135324623260,864691135476495936,1,5652.0
864691135324623260,864691135497743635,2,12072.0
864691135324623260,864691135518173395,1,2860.0
864691135324623260,864691135572346349,1,1280.0
864691135324623260,864691135578146565,1,1964.0
864691135324623260,864691135817419343,2,10256.0
864691135324623260,864691135858298670,1,26720.0
864691135324623260,864691135866576604,1,4636.0
864691135324623260,864691135868210454,1,936.0
864691135324623260,864691135868466710,1,2500.0
864691135324623260,864691136380757461,1,3192.0
864691135324623260,864691136596815778,1,10908.0
864691135324705692,864691134919869706,1,14264.0
864691135324705692,864691134966114591,1,12444.0
864691135324705692,864691135280682401,1,19392.0
864691135324705692,864691135384344043,1,5664.0
864691135324705692,864691135417478842,1,6120.0
864691135324705692,864691135465955397,1,12680.0
864691135324705692,864691135570301676,1,21580.0
864691135324705692,864691135619756943,1,2668.0
864691135324705692,864691135695146943,1,13092.0
864691135324705692,864691135927494158,1,1864.0
864691135324705692,864691135928366606,1,532.0
864691135324705692,864691135942924148,1,15152.0
864691135324705692,864691135954393891,1,7404.0
864691135324705692,864691135977309763,2,6732.0
864691135324705692,864691136011768494,1,16736.0
864691135324705692,864691136058745048,1,3092.0
864691135324705692,864691136118370724,1,176.0
864691135324705692,864691136120159768,1,3156.0
864691135324705692,864691136125433894,1,25452.0
864691135324705692,864691136239902780,1,7420.0
864691135324705692,864691136380718037,1,5180.0
864691135324705692,864691136380757461,1,2320.0
864691135324705692,864691136437631902,1,5796.0
864691135324705692,864691136523118481,1,5668.0
864691135324705692,864691136912172017,1,3180.0
864691135324725404,864691135060727707,1,6512.0
864691135324725404,864691135350420951,1,4660.0
864691135324725404,864691135362104647,2,32416.0
864691135324725404,864691135562004193,1,3376.0
864691135324725404,864691135572346349,1,1896.0
864691135324725404,864691135739689073,1,1916.0
864691135324725404,864691135760635214,2,2820.0
864691135324725404,864691135858298670,1,3676.0
864691135324725404,864691135954393891,1,472.0
864691135324725404,864691136488414994,1,2584.0
864691135324725404,864691136619096795,1,2652.0
864691135325071004,864691135441799752,1,14948.0
864691135325071004,864691135466158917,1,1556.0
864691135325071004,864691135476528704,1,47048.0
864691135325071004,864691135585266808,2,10928.0
864691135325071004,864691135750307881,1,13452.0
864691135325071004,864691135778419901,1,3844.0
864691135325071004,864691135868919318,1,520.0
864691135325071004,864691136011684526,2,4628.0
864691135325071004,864691136137293195,2,4780.0
864691135325071004,864691136288598467,1,1200.0
864691135325071004,864691136314404669,1,7776.0
864691135325071004,864691136619096795,1,2280.0
864691135325071004,864691136813937267,1,7908.0
864691135325071004,864691136814627955,1,4784.0
864691135325071004,864691136968542926,1,4088.0
864691135325263004,864691135102274592,1,4696.0
864691135325263004,864691135258509487,1,5012.0
864691135325263004,864691135258642863,3,10084.0
864691135325263004,864691135396794101,1,15916.0
864691135325263004,864691135504168285,1,1388.0
864691135325263004,864691135504327861,1,1360.0
864691135325263004,864691135655390658,1,17168.0
864691135325263004,864691135741458324,1,796.0
864691135325263004,864691135853088967,1,1052.0
864691135325263004,864691135947258916,3,22664.0
864691135325263004,864691135994226881,1,1476.0
864691135325263004,864691136011686318,1,2808.0
864691135325263004,864691136043380566,1,5236.0
864691135325263004,864691136211385020,1,9608.0
864691135325263004,864691136312150874,1,5848.0
864691135325263004,864691136314491965,1,9920.0
864691135325263004,864691136445215875,1,47432.0
864691135325263004,864691136976001308,1,2332.0
864691135325263004,864691137198691137,1,600.0
864691135325413788,864691135101431072,1,1884.0
864691135325413788,864691135465113157,1,4608.0
864691135325413788,864691136905560754,1,7636.0
864691135325487004,864691134942169955,2,1560.0
864691135325487004,864691135067066948,1,2712.0
864691135325487004,864691135368949241,1,3344.0
864691135325487004,864691135396940021,1,6348.0
864691135325487004,864691135466158917,1,39336.0
864691135325487004,864691135504327861,1,28656.0
864691135325487004,864691135562842337,1,8028.0
864691135325487004,864691135577749022,1,3496.0
864691135325487004,864691135587532924,1,4908.0
864691135325487004,864691135688186080,1,3976.0
864691135325487004,864691135743102827,1,5432.0
864691135325487004,864691135774053371,1,824.0
864691135325487004,864691135808925981,1,3840.0
864691135325487004,864691135976425327,1,2032.0
864691135325487004,864691136010639022,1,2616.0
864691135325487004,864691136195834070,1,3196.0
864691135325487004,864691136392785279,1,12684.0
864691135325487004,864691136438469534,1,26408.0
864691135325487004,864691136488414994,1,2160.0
864691135325487004,864691136991202453,1,4992.0
864691135325487004,864691137199828801,1,3184.0
864691135335635177,864691135274195217,1,3992.0
864691135335635177,864691135731889337,1,316.0
864691135335635177,864691135763495478,1,21928.0
864691135335635177,864691135802453858,1,7480.0
864691135335635177,864691135885911920,1,4680.0
864691135336055529,864691134919972106,1,20728.0
864691135336055529,864691134948788476,1,4980.0
864691135336055529,864691135060651419,1,4224.0
864691135336055529,864691135209432185,1,7644.0
864691135336055529,864691135272069285,1,5828.0
864691135336055529,864691135276505573,1,3380.0
864691135336055529,864691135387988609,4,15432.0
864691135336055529,864691135396794101,1,11240.0
864691135336055529,864691135499231763,1,7156.0
864691135336055529,864691135562798817,1,1212.0
864691135336055529,864691135562975969,1,31676.0
864691135336055529,864691135577749022,3,54836.0
864691135336055529,864691135584008045,1,21284.0
864691135336055529,864691135741910164,1,6748.0
864691135336055529,864691135779049056,1,30624.0
864691135336055529,864691135782241616,1,4000.0
864691135336055529,864691135802453858,1,12328.0
864691135336055529,864691135886130288,1,16168.0
864691135336055529,864691135928366606,1,1576.0
864691135336055529,864691136125457446,1,27884.0
864691135336055529,864691136195798504,1,3828.0
864691135336055529,864691136238679567,1,14716.0
864691135336055529,864691136445215875,1,15168.0
864691135336055529,864691136725093373,1,11976.0
864691135336055529,864691136914414321,1,3200.0
864691135336055529,864691136975144988,1,15464.0
864691135336055529,864691137199038273,1,3096.0
864691135339088102,864691135115049881,1,11504.0
864691135339088102,864691135386963541,1,2596.0
864691135339088102,864691135466283333,1,13888.0
864691135339088102,864691135480718022,1,3272.0
864691135339088102,864691135640398651,1,4344.0
864691135339088102,864691135763795510,1,976.0
864691135339088102,864691135782156368,1,10516.0
864691135339088102,864691135809568029,1,7144.0
864691135339088102,864691135810308125,1,1232.0
864691135339088102,864691135938629892,1,1196.0
864691135339088102,864691136025184569,1,1648.0
864691135339088102,864691136058745048,1,1776.0
864691135339088102,864691136066069400,1,3848.0
864691135339088102,864691136091074615,1,4792.0
864691135339088102,864691136101516661,1,9356.0
864691135339088102,864691136420195223,1,24760.0
864691135339088102,864691136453384959,2,7380.0
864691135339103718,864691135618505065,1,8776.0
864691135339600102,864691135384843738,1,2232.0
864691135339600102,864691135562474977,1,3672.0
864691135339600102,864691135571515270,1,3368.0
864691135339600102,864691135572346349,1,588.0
864691135339600102,864691135585266808,1,3000.0
864691135339600102,864691135750307881,1,2632.0
864691135339600102,864691135756075981,2,30796.0
864691135339600102,864691135810492189,1,976.0
864691135339600102,864691135817419343,1,23408.0
864691135339600102,864691135849426270,1,14760.0
864691135339600102,864691136125440038,2,10960.0
864691135339600102,864691136674495623,2,24492.0
864691135339729126,864691135210134905,1,10880.0
864691135339729126,864691135272003237,1,13612.0
864691135339729126,864691135409859785,1,16844.0
864691135339729126,864691135476528704,1,4872.0
864691135339729126,864691135577644574,1,6516.0
864691135339729126,864691135809568029,1,4788.0
864691135339729126,864691135816693327,2,13800.0
864691135339729126,864691135878061395,1,29308.0
864691135339729126,864691135938816260,1,1424.0
864691135339729126,864691136389921911,1,16388.0
864691135339729126,864691136912172017,1,5528.0
864691135339729894,864691135646481135,1,3716.0
864691135339729894,864691135860969064,1,3296.0
864691135339729894,864691135941708033,1,11644.0
864691135339729894,864691136120658712,1,2412.0
864691135340055782,864691135124603687,1,4712.0
864691135340055782,864691135351096279,2,1628.0
864691135340055782,864691135656674242,1,2528.0
864691135340055782,864691135782544435,1,3656.0
864691135340055782,864691135843242211,1,380.0
864691135340055782,864691135849088094,2,4304.0
864691135340055782,864691135877825107,1,3544.0
864691135340055782,864691135994235841,1,1576.0
864691135340055782,864691136380757461,2,4908.0
864691135340055782,864691136420303511,1,3436.0
864691135340055782,864691136991202453,1,4448.0
864691135340055782,864691137021264750,1,41900.0
864691135341198789,864691135595040043,2,10972.0
864691135341198789,864691136137834877,1,6584.0
864691135342523057,864691134966324767,1,14476.0
864691135342523057,864691135014966262,1,8748.0
864691135342523057,864691135335635177,2,29876.0
864691135342523057,864691135618505065,2,69012.0
864691135342523057,864691135731889337,1,13392.0
864691135342523057,864691136336107187,1,3640.0
864691135342541509,864691135119709149,1,2388.0
864691135342541509,864691135258642863,1,1632.0
864691135342541509,864691135360482392,1,13072.0
864691135342541509,864691135469422674,1,2136.0
864691135342541509,864691135571192966,1,268.0
864691135342541509,864691135572346349,1,20160.0
864691135342541509,864691135583223405,1,6548.0
864691135342541509,864691135585266808,1,4324.0
864691135342541509,864691135779049056,2,7588.0
864691135342541509,864691135810905036,1,2316.0
864691135342541509,864691135867644805,1,3880.0
864691135342541509,864691136058745048,1,4360.0
864691135342541509,864691136111559352,1,332.0
864691135342541509,864691136125457446,1,1652.0
864691135342541509,864691136195798504,1,2700.0
864691135342541509,864691136238090767,1,3384.0
864691135342541509,864691136381243349,1,22672.0
864691135342541509,864691136619693275,1,2800.0
864691135342541509,864691136674495623,1,9600.0
864691135342541509,864691136905560754,1,12416.0
864691135342585541,864691135270320293,1,18624.0
864691135342585541,864691135360096071,1,8064.0
864691135342585541,864691135409859785,1,6740.0
864691135342585541,864691135441799752,3,52588.0
864691135342585541,864691135476495936,1,2480.0
864691135342585541,864691135583172717,1,5644.0
864691135342585541,864691135584008045,1,6212.0
864691135342585541,864691135617152361,1,11496.0
864691135342585541,864691135927494158,1,204.0
864691135342585541,864691135976063855,1,1028.0
864691135342585541,864691135976105839,1,6764.0
864691135342585541,864691136101516661,1,16592.0
864691135342585541,864691136119885080,1,20588.0
864691135342585541,864691136489055762,1,164.0
864691135342585541,864691136905758130,1,16268.0
864691135342585541,864691136991359893,1,4008.0
864691135342848433,864691135492568551,1,2420.0
864691135342848433,864691135725748139,1,14824.0
864691135342848433,864691135810466333,1,6700.0
864691135342848433,864691135874914702,1,7496.0
864691135342848433,864691135977654851,1,5140.0
864691135342848433,864691135977666883,1,17568.0
864691135342848433,864691136040834558,1,260.0
864691135342848433,864691136196338764,1,7932.0
864691135342848433,864691136675875719,1,34048.0
864691135342958789,864691134919869706,2,20480.0
864691135342958789,864691134966714655,1,2756.0
864691135342958789,864691134991010426,1,4836.0
864691135342958789,864691135325487004,1,25452.0
864691135342958789,864691135339103718,1,10640.0
864691135342958789,864691135448215698,1,1272.0
864691135342958789,864691135465343045,1,6380.0
864691135342958789,864691135477469864,1,18088.0
864691135342958789,864691135499283987,1,5980.0
864691135342958789,864691135518989962,1,10288.0
864691135342958789,864691135562410721,1,12560.0
864691135342958789,864691135578146565,1,2648.0
864691135342958789,864691135656578242,1,268.0
864691135342958789,864691135720638769,1,1996.0
864691135342958789,864691135731889337,1,5692.0
864691135342958789,864691135741524587,1,10060.0
864691135342958789,864691135773208651,3,37476.0
864691135342958789,864691135774368763,1,804.0
864691135342958789,864691135787537348,1,5484.0
864691135342958789,864691135861093992,1,1328.0
864691135342958789,864691135886208112,1,4800.0
864691135342958789,864691136033332155,1,1748.0
864691135342958789,864691136066069400,1,26328.0
864691135342958789,864691136125956134,1,4600.0
864691135342958789,864691136311059034,1,12188.0
864691135342958789,864691136313406781,1,1996.0
864691135342958789,864691136389921911,1,14604.0
864691135342958789,864691136903681458,2,18784.0
864691135342958789,864691136991202453,1,5924.0
864691135343818161,864691135272003237,1,17828.0
864691135343818161,864691135774053371,1,8924.0
864691135343818161,864691135892214409,1,1484.0
864691135343818161,864691136298125851,1,440.0
864691135346571423,864691135113733529,1,2852.0
864691135346571423,864691135115049881,1,1164.0
864691135346571423,864691135360482392,1,6100.0
864691135346571423,864691135384843738,1,3480.0
864691135346571423,864691135464143934,1,1848.0
864691135346571423,864691135476495936,2,6452.0
864691135346571423,864691135698016410,1,2028.0
864691135346571423,864691135741090196,1,1812.0
864691135346571423,864691135778572973,1,23492.0
864691135346571423,864691135860969064,1,1768.0
864691135346571423,864691135885911920,1,1132.0
864691135346571423,864691136119885080,1,13072.0
864691135346571423,864691136239980604,1,5032.0
864691135346571423,864691136311059034,1,19860.0
864691135346571423,864691136391623039,1,9136.0
864691135346571423,864691136453384959,1,3640.0
864691135346571423,864691136725343485,2,19156.0
864691135346571423,864691136814508659,1,1820.0
864691135346571423,864691136953413599,1,5064.0
864691135346571423,864691136967703758,1,828.0
864691135346685855,864691134919869706,1,1700.0
864691135346685855,864691135397982753,1,508.0
864691135346685855,864691135476495936,1,9016.0
864691135346685855,864691136452447743,1,2664.0
864691135346685855,864691136991202453,1,10244.0
864691135350420951,864691135688186080,1,532.0
864691135351096279,864691134966069023,1,7276.0
864691135351096279,864691135014966262,1,1336.0
864691135351096279,864691135101595680,1,18112.0
864691135351096279,864691135388368001,1,3480.0
864691135351096279,864691135586724220,1,3360.0
864691135351096279,864691135611140359,1,2360.0
864691135351096279,864691135656579010,1,2220.0
864691135351096279,864691135717457946,1,2416.0
864691135351096279,864691135741998484,1,3108.0
864691135351096279,864691135750307881,1,8160.0
864691135351096279,864691136011768494,1,2612.0
864691135351096279,864691136311059034,1,20888.0
864691135351096279,864691136424439855,1,14860.0
864691135351096279,864691136452602367,1,8860.0
864691135351096279,864691136523288465,1,2888.0
864691135351096279,864691136927761226,1,3096.0
864691135351096279,864691136991202453,1,3896.0
864691135351096279,864691137199828801,1,14012.0
864691135357351375,864691135280682401,1,4820.0
864691135357351375,864691135396940021,1,10280.0
864691135357351375,864691135455507818,1,1460.0
864691135357351375,864691135493686111,1,1256.0
864691135357351375,864691135717163802,1,212.0
864691135357351375,864691135743102827,1,2984.0
864691135357351375,864691135751110185,1,4712.0
864691135357351375,864691135774294603,1,20708.0
864691135357351375,864691136084313196,1,15752.0
864691135357351375,864691136195834070,1,10680.0
864691135357351375,864691136364308962,1,2316.0
864691135357351375,864691136438469534,1,3356.0
864691135357351375,864691136452609023,1,2880.0
864691135359010904,864691135358995288,1,1512.0
864691135360017752,864691135342523057,1,1184.0
864691135360017752,864691135955962888,1,940.0
864691135360017752,864691136137834877,1,3624.0
864691135360017752,864691136991166101,2,32536.0
864691135360096071,864691135774389755,1,688.0
864691135360346200,864691134948788476,1,3276.0
864691135360346200,864691135384344043,1,1156.0
864691135360346200,864691135465113157,1,3564.0
864691135360346200,864691135577221406,3,15288.0
864691135360346200,864691135592830731,1,1280.0
864691135360346200,864691135732578745,1,2288.0
864691135360346200,864691135810982860,1,9280.0
864691135360346200,864691135842486243,1,1492.0
864691135360346200,864691136125433894,1,2664.0
864691135360346200,864691136195798504,1,10156.0
864691135360346200,864691136391042167,1,412.0
864691135360346200,864691136927187786,1,1104.0
864691135360346200,864691137055367798,1,3136.0
864691135360346200,864691137056393846,1,2824.0
864691135360482392,864691135325071004,1,3248.0
864691135360482392,864691135340055782,1,5460.0
864691135360482392,864691135384843738,1,14580.0
864691135360482392,864691135572346349,1,4200.0
864691135360482392,864691135592830731,1,724.0
864691135360482392,864691135757083346,1,4180.0
864691135360482392,864691135857993774,1,7484.0
864691135360482392,864691135858298670,1,20296.0
864691135360482392,864691135919956656,1,5424.0
864691135360482392,864691136011768494,1,19660.0
864691135360482392,864691136034084795,1,13400.0
864691135360482392,864691136058745048,3,11524.0
864691135360482392,864691136438717086,1,956.0
864691135360482392,864691136620914829,1,328.0
864691135360482392,864691136674749575,1,4884.0
864691135360482392,864691136924515300,1,2516.0
864691135360809560,864691134941412707,1,1776.0
864691135360809560,864691134948788476,1,23864.0
864691135360809560,864691134949081852,1,3708.0
864691135360809560,864691135015154934,1,4140.0
864691135360809560,864691135210134905,1,1952.0
864691135360809560,864691135304641703,2,12996.0
864691135360809560,864691135342848433,1,4484.0
864691135360809560,864691135375888840,1,4612.0
864691135360809560,864691135396940021,1,1252.0
864691135360809560,864691135398805281,1,9272.0
864691135360809560,864691135577644574,2,59144.0
864691135360809560,864691135583277677,1,15284.0
864691135360809560,864691135655894978,1,2592.0
864691135360809560,864691135685087474,2,6516.0
864691135360809560,864691135750649129,1,15016.0
864691135360809560,864691135757040082,1,8332.0
864691135360809560,864691135778419901,1,17696.0
864691135360809560,864691135810466333,1,3020.0
864691135360809560,864691135939477508,1,3276.0
864691135360809560,864691135977666883,1,17104.0
864691135360809560,864691136010639022,1,2168.0
864691135360809560,864691136091074615,1,13272.0
864691135360809560,864691136125457446,1,5092.0
864691135360809560,864691136336179123,1,15292.0
864691135360809560,864691136524297617,1,16976.0
864691135360809560,864691136603811281,2,796.0
864691135360809560,864691136975624220,1,5012.0
864691135362104647,864691136968094158,1,7460.0
864691135368949241,864691134966324767,1,11332.0
864691135368949241,864691135136360217,1,11408.0
864691135368949241,864691135276505573,1,2864.0
864691135368949241,864691135325487004,1,10348.0
864691135368949241,864691135351096279,1,952.0
864691135368949241,864691135387535957,1,4644.0
864691135368949241,864691135499231763,1,2892.0
864691135368949241,864691135503182685,1,6028.0
864691135368949241,864691135504081986,1,644.0
864691135368949241,864691135750307881,1,1200.0
864691135368949241,864691135774389755,1,3400.0
864691135368949241,864691135808684573,1,9744.0
864691135368949241,864691135858273326,1,5768.0
864691135368949241,864691135977666883,1,1232.0
864691135368949241,864691135988557315,1,5144.0
864691135368949241,864691136011686318,1,23844.0
864691135368949241,864691136025504569,1,3692.0
864691135368949241,864691136125457446,1,6012.0
864691135368949241,864691136392785279,1,7100.0
864691135368949241,864691136452609023,1,5168.0
864691135368949241,864691136579129876,1,9232.0
864691135368949241,864691136975624220,1,2712.0
864691135368949241,864691136991359893,1,756.0
864691135369002233,864691135357351375,1,2664.0
864691135369002233,864691135493149927,1,908.0
864691135369002233,864691135731679929,1,4660.0
864691135369002233,864691135878061395,1,176.0
864691135374981320,864691135357351375,1,4264.0
864691135374981320,864691135868210454,1,4908.0
864691135374981320,864691135875460494,1,13200.0
864691135374981320,864691136033227451,1,2032.0
864691135374981320,864691136120658712,1,6724.0
864691135374981320,864691136196517452,1,4272.0
864691135374981320,864691136912172017,1,14312.0
864691135375107272,864691134966710559,1,16876.0
864691135375107272,864691135134052512,1,8640.0
864691135375107272,864691135369002233,2,10556.0
864691135375107272,864691135455400554,1,25816.0
864691135375107272,864691135510846217,1,6532.0
864691135375107272,864691135562474977,1,19636.0
864691135375107272,864691135571192966,1,1008.0
864691135375107272,864691135976425327,1,2544.0
864691135375107272,864691136390788215,1,1940.0
864691135375107272,864691136523118481,1,2204.0
864691135375351369,864691135101595680,1,6440.0
864691135375351369,864691135272003237,1,7048.0
864691135375351369,864691135280481697,1,4492.0
864691135375351369,864691135476495936,1,644.0
864691135375351369,864691135576881950,1,2260.0
864691135375351369,864691135640297787,1,1980.0
864691135375351369,864691135732578745,1,3184.0
864691135375351369,864691135741780116,1,6768.0
864691135375351369,864691135741998484,1,384.0
864691135375351369,864691135774294603,1,24104.0
864691135375351369,864691135779049056,3,98396.0
864691135375351369,864691135858298670,1,6060.0
864691135375351369,864691135866576604,1,1016.0
864691135375351369,864691135928366606,1,1652.0
864691135375351369,864691136010651052,1,5528.0
864691135375351369,864691136041575422,1,17004.0
864691135375351369,864691136118370724,1,36508.0
864691135375351369,864691137055367798,1,12064.0
864691135375484489,864691135294190518,1,11300.0
864691135375484489,864691135469845388,2,18896.0
864691135375484489,864691135503836253,1,3292.0
864691135375484489,864691136119885080,1,432.0
864691135375484489,864691136373008520,1,23072.0
864691135375484489,864691136523033233,1,33940.0
864691135375590217,864691135102151968,1,248.0
864691135375590217,864691135157994084,1,508.0
864691135375590217,864691135257669039,1,3332.0
864691135375590217,864691135280481697,1,8148.0
864691135375590217,864691135280682401,1,1648.0
864691135375590217,864691135324623260,1,7008.0
864691135375590217,864691135464795710,2,33628.0
864691135375590217,864691135476495936,1,3908.0
864691135375590217,864691135477670312,1,680.0
864691135375590217,864691135490326074,1,6128.0
864691135375590217,864691135496381840,1,13312.0
864691135375590217,864691135567047191,1,7332.0
864691135375590217,864691135572346349,1,3252.0
864691135375590217,864691135577644574,1,520.0
864691135375590217,864691135577749022,1,1852.0
864691135375590217,864691135583352941,1,18596.0
864691135375590217,864691135756075981,1,3100.0
864691135375590217,864691135765006134,1,8736.0
864691135375590217,864691135849088094,1,7332.0
864691135375590217,864691135850033758,1,2024.0
864691135375590217,864691135886130288,1,3540.0
864691135375590217,864691135938816260,1,2684.0
864691135375590217,864691135970226021,1,4412.0
864691135375590217,864691136011684526,1,2984.0
864691135375590217,864691136363473634,1,1420.0
864691135375590217,864691136905560754,1,11296.0
864691135375590217,864691136905758130,1,4976.0
864691135375590217,864691136953677535,1,1916.0
864691135375590217,864691136976001308,1,1656.0
864691135375590217,864691136991202453,2,27692.0
864691135375590217,864691136991390869,1,2292.0
864691135375888840,864691134887026938,1,2896.0
864691135375888840,864691134966324767,2,31532.0
864691135375888840,864691134966714655,2,5736.0
864691135375888840,864691135102151968,1,3032.0
864691135375888840,864691135102274592,2,37044.0
864691135375888840,864691135124603687,1,3244.0
864691135375888840,864691135214931072,1,1320.0
864691135375888840,864691135277309669,1,3404.0
864691135375888840,864691135280481697,1,9360.0
864691135375888840,864691135324623260,1,4020.0
864691135375888840,864691135362104647,1,436.0
864691135375888840,864691135398868257,1,788.0
864691135375888840,864691135430486576,1,4748.0
864691135375888840,864691135466158917,1,1988.0
864691135375888840,864691135466283333,1,3284.0
864691135375888840,864691135493620831,2,23008.0
864691135375888840,864691135503182685,1,708.0
864691135375888840,864691135504327861,1,13848.0
864691135375888840,864691135518283475,1,1540.0
864691135375888840,864691135577651230,1,3528.0
864691135375888840,864691135583277677,1,10140.0
864691135375888840,864691135584629613,1,4964.0
864691135375888840,864691135591854347,1,21560.0
864691135375888840,864691135655894978,1,536.0
864691135375888840,864691135685087474,1,6376.0
864691135375888840,864691135698211994,2,6116.0
864691135375888840,864691135774368763,1,3372.0
864691135375888840,864691135782241616,1,1516.0
864691135375888840,864691135801463650,1,3068.0
864691135375888840,864691135810905036,1,3148.0
864691135375888840,864691135850033758,1,8840.0
864691135375888840,864691135861093992,1,3212.0
864691135375888840,864691135886208112,1,3080.0
864691135375888840,864691135919956656,1,6240.0
864691135375888840,864691136034084795,1,5428.0
864691135375888840,864691136085781356,1,2864.0
864691135375888840,864691136125440038,4,36468.0
864691135375888840,864691136239980604,1,7396.0
864691135375888840,864691136314491965,1,544.0
864691135375888840,864691136330101226,1,8804.0
864691135375888840,864691136380757461,1,13332.0
864691135375888840,864691136604001745,1,2644.0
864691135375888840,864691136905758130,1,1448.0
864691135375888840,864691136991359893,1,476.0
864691135384176619,864691135388368001,1,3164.0
864691135384176619,864691135782544435,1,31648.0
864691135384176619,864691136084313196,1,11772.0
864691135384176619,864691136136383883,1,2148.0
864691135384285931,864691135060020123,1,5780.0
864691135384285931,864691135417443514,1,5016.0
864691135384285931,864691135750307881,1,32552.0
864691135384285931,864691135760106830,1,1188.0
864691135384285931,864691135811335116,1,3728.0
864691135384285931,864691136298111003,1,23380.0
864691135384285931,864691136991390869,1,504.0
864691135384344043,864691135258642863,1,6156.0
864691135384344043,864691135857993774,1,3976.0
864691135384344043,864691136239980604,1,6636.0
864691135384344043,864691136523216017,1,1444.0
864691135384843738,864691134949081852,1,412.0
864691135384843738,864691135157994084,1,3292.0
864691135384843738,864691135295165196,1,4432.0
864691135384843738,864691135360096071,2,17548.0
864691135384843738,864691135362104647,3,81832.0
864691135384843738,864691135385422677,1,548.0
864691135384843738,864691135757040082,1,9280.0
864691135384843738,864691135868916246,1,1764.0
864691135384843738,864691136010028974,1,3140.0
864691135384843738,864691136211175612,1,400.0
864691135384843738,864691136239902780,2,16024.0
864691135384843738,864691136239980604,1,3872.0
864691135384843738,864691136452447743,1,9172.0
864691135384843738,864691136904488114,1,12112.0
864691135385422677,864691135233242713,1,35160.0
864691135386899029,864691134991010426,1,28696.0
864691135386899029,864691135257669039,1,18732.0
864691135386899029,864691135258642863,1,36620.0
864691135386899029,864691135398805281,1,7344.0
864691135386899029,864691135448215698,1,4088.0
864691135386899029,864691135455400554,1,14240.0
864691135386899029,864691135466236229,1,3736.0
864691135386899029,864691135493620831,1,9648.0
864691135386899029,864691135540440178,1,5216.0
864691135386899029,864691135567047191,1,23988.0
864691135386899029,864691135591854347,1,288.0
864691135386899029,864691135719900721,1,12156.0
864691135386899029,864691135725842603,1,7700.0
864691135386899029,864691135741910164,1,6708.0
864691135386899029,864691135774294603,1,4092.0
864691135386899029,864691135861093992,1,608.0
864691135386899029,864691135885911920,1,10388.0
864691135386899029,864691136021865976,1,5096.0
864691135386899029,864691136288644291,1,2652.0
864691135386899029,864691136438666398,1,1320.0
864691135386963541,864691134942472035,1,33152.0
864691135386963541,864691134965778719,1,23524.0
864691135386963541,864691135184104194,1,18356.0
864691135386963541,864691135195825450,2,30456.0
864691135386963541,864691135209369465,1,1772.0
864691135386963541,864691135294442678,1,9620.0
864691135386963541,864691135397846049,1,2388.0
864691135386963541,864691135470787666,1,29796.0
864691135386963541,864691135493149927,1,5232.0
864691135386963541,864691135504168285,1,2236.0
864691135386963541,864691135717457946,1,4752.0
864691135386963541,864691135727961663,1,8360.0
864691135386963541,864691135764015926,1,3088.0
864691135386963541,864691135787537348,1,4236.0
864691135386963541,864691135861093992,1,3760.0
864691135386963541,864691136026198585,1,352.0
864691135386963541,864691136086088556,1,17268.0
864691135386963541,864691136108378073,1,2164.0
864691135386963541,864691136110366904,2,9156.0
864691135386963541,864691136196338764,1,760.0
864691135386963541,864691136274546622,1,4944.0
864691135386963541,864691136372047496,1,2684.0
864691135386963541,864691136927761226,1,5632.0
864691135386963541,864691136953677535,1,5528.0
864691135387535957,864691135015652246,1,420.0
864691135387535957,864691135102381856,2,23880.0
864691135387535957,864691135258642863,1,8812.0
864691135387535957,864691135272003237,1,16396.0
864691135387535957,864691135325487004,1,12888.0
864691135387535957,864691135396794101,1,3220.0
864691135387535957,864691135464928318,1,28804.0
864691135387535957,864691135465113157,2,11724.0
864691135387535957,864691135577644574,1,19740.0
864691135387535957,864691135591041291,1,3964.0
864691135387535957,864691135611019015,1,992.0
864691135387535957,864691135646775791,1,1452.0
864691135387535957,864691135732210873,2,6304.0
864691135387535957,864691135750958889,2,10608.0
864691135387535957,864691135774368763,2,4436.0
864691135387535957,864691135774389755,1,38424.0
864691135387535957,864691135779049056,1,8016.0
864691135387535957,864691135782506832,1,13576.0
864691135387535957,864691135919956656,1,7004.0
864691135387535957,864691135977666883,1,660.0
864691135387535957,864691136195400150,1,17532.0
864691135387535957,864691136298125851,1,2568.0
864691135387535957,864691136330101226,1,12924.0
864691135387535957,864691136373008520,1,3416.0
864691135387535957,864691136524297617,1,18132.0
864691135387535957,864691136665051614,1,32460.0
864691135387690069,864691135122469671,3,18168.0
864691135387690069,864691135428676144,1,956.0
864691135387690069,864691135659358850,1,18392.0
864691135387690069,864691135739733140,1,31868.0
864691135387690069,864691135782265424,1,4084.0
864691135387690069,864691135975539779,1,22396.0
864691135387690069,864691136334080435,1,25100.0
864691135387988609,864691134991010426,1,3928.0
864691135387988609,864691135398805281,1,3416.0
864691135387988609,864691135405626862,1,2552.0
864691135387988609,864691135518283475,1,3504.0
864691135387988609,864691135688186080,4,28020.0
864691135387988609,864691135739587697,1,16260.0
864691135387988609,864691135760106830,1,11124.0
864691135387988609,864691135774179147,1,8448.0
864691135387988609,864691135782241616,2,6716.0
864691135387988609,864691135976063855,1,1460.0
864691135387988609,864691136022520056,1,28912.0
864691135387988609,864691136034011579,1,6768.0
864691135387988609,864691136177629702,1,31120.0
864691135387988609,864691136238090767,1,15004.0
864691135387988609,864691136618795227,1,3400.0
864691135387988609,864691136914414321,1,9148.0
864691135388368001,864691135060651419,1,1312.0
864691135388368001,864691135102151968,2,3584.0
864691135388368001,864691135157994084,1,1412.0
864691135388368001,864691135164772653,1,6872.0
864691135388368001,864691135258563503,1,2896.0
864691135388368001,864691135478400936,1,3008.0
864691135388368001,864691135546902056,2,17820.0
864691135388368001,864691135566168599,1,12864.0
864691135388368001,864691135617152361,1,2576.0
864691135388368001,864691135619756943,1,3064.0
864691135388368001,864691135688186080,1,17940.0
864691135388368001,864691135739587697,1,540.0
864691135388368001,864691135763795510,1,6980.0
864691135388368001,864691135774294603,1,2232.0
864691135388368001,864691135779705021,1,3804.0
864691135388368001,864691135810905036,1,556.0
864691135388368001,864691136033227451,1,8244.0
864691135388368001,864691136195834070,1,560.0
864691135388368001,864691136228491601,1,9760.0
864691135388368001,864691136373008520,1,7424.0
864691135388368001,864691136391042167,1,2668.0
864691135388368001,864691136437631902,1,424.0
864691135388368001,864691136904488114,1,840.0
864691135388368001,864691136927761226,1,7556.0
864691135388828033,864691137021162094,1,1168.0
864691135396115189,864691135750307881,1,164.0
864691135396794101,864691134919972106,1,48972.0
864691135396794101,864691135102274592,1,9720.0
864691135396794101,864691135184104194,3,31708.0
864691135396794101,864691135271696549,1,4600.0
864691135396794101,864691135343818161,1,5468.0
864691135396794101,864691135362104647,1,304.0
864691135396794101,864691135448698196,1,10188.0
864691135396794101,864691135469753426,1,6796.0
864691135396794101,864691135496440208,2,3904.0
864691135396794101,864691135503182685,1,1764.0
864691135396794101,864691135591041291,1,432.0
864691135396794101,864691135741458324,1,2220.0
864691135396794101,864691135774294603,1,2812.0
864691135396794101,864691135774389755,1,6624.0
864691135396794101,864691135857099310,1,412.0
864691135396794101,864691135878061395,1,3308.0
864691135396794101,864691135955962888,1,4164.0
864691135396794101,864691136022520056,1,14504.0
864691135396794101,864691136091634487,1,11332.0
864691135396794101,864691136138131325,1,2068.0
864691135396794101,864691136195400150,1,32556.0
864691135396794101,864691136452447743,1,2728.0
864691135396794101,864691136813937267,1,2920.0
864691135396794101,864691137021264750,1,14092.0
864691135396940021,864691135124603687,1,3296.0
864691135396940021,864691135134114976,1,11872.0
864691135396940021,864691135339600102,1,356.0
864691135396940021,864691135357351375,2,12120.0
864691135396940021,864691135388368001,1,3208.0
864691135396940021,864691135396794101,1,7428.0
864691135396940021,864691135469845388,1,2028.0
864691135396940021,864691135493149927,1,1100.0
864691135396940021,864691135499707667,1,788.0
864691135396940021,864691135572346349,1,11884.0
864691135396940021,864691135576881950,1,1276.0
864691135396940021,864691135656579010,1,14792.0
864691135396940021,864691135656674242,2,17812.0
864691135396940021,864691135688186080,1,9944.0
864691135396940021,864691135719900721,1,2644.0
864691135396940021,864691135739689073,1,5032.0
864691135396940021,864691135742102635,1,5972.0
864691135396940021,864691135751110185,1,4856.0
864691135396940021,864691135764015926,1,6632.0
864691135396940021,864691135868466710,2,10436.0
864691135396940021,864691135868919318,1,5252.0
864691135396940021,864691135939049988,1,11880.0
864691135396940021,864691135954393891,4,51308.0
864691135396940021,864691136058745048,2,6312.0
864691135396940021,864691136101516661,1,14780.0
864691135396940021,864691136288644291,2,20796.0
864691135396940021,864691136330407914,2,2980.0
864691135396940021,864691136381301461,1,2276.0
864691135396940021,864691136421279639,5,51552.0
864691135396940021,864691137055405174,2,15516.0
864691135397846049,864691135117980637,1,17400.0
864691135397846049,864691135408560329,1,13920.0
864691135397846049,864691135619463567,1,6900.0
864691135397846049,864691136117770660,1,35404.0
864691135397846049,864691136380757461,1,3116.0
864691135397846049,864691136489147922,1,2280.0
864691135397846049,864691136905560754,1,7352.0
864691135397982753,864691135464143934,1,2772.0
864691135397982753,864691135578146565,1,3376.0
864691135397982753,864691136298045979,1,2816.0
864691135398805281,864691135258642863,1,10588.0
864691135398805281,864691135466158917,2,40512.0
864691135398805281,864691135503182685,2,5472.0
864691135398805281,864691135562975969,1,15588.0
864691135398805281,864691135573276197,1,20704.0
864691135398805281,864691135583223405,1,11012.0
864691135398805281,864691135655390658,1,4880.0
864691135398805281,864691135739587697,1,22276.0
864691135398805281,864691135865648254,1,564.0
864691135398805281,864691135866576604,1,3852.0
864691135398805281,864691136041575422,1,1396.0
864691135398805281,864691136091634487,1,10140.0
864691135398805281,864691136111559352,1,10104.0
864691135398805281,864691136144674612,1,5640.0
864691135398805281,864691136177629702,2,3688.0
864691135398805281,864691136330101226,1,37152.0
864691135398805281,864691136373008520,1,1104.0
864691135398805281,864691136437631902,7,53384.0
864691135398805281,864691136484732972,1,2812.0
864691135398805281,864691136674749575,1,1496.0
864691135398817569,864691135447540882,1,6772.0
864691135398817569,864691135585266808,2,28864.0
864691135398817569,864691135662408944,1,3368.0
864691135398817569,864691135774179147,1,3004.0
864691135398817569,864691136195798504,1,6252.0
864691135398817569,864691136603811281,1,3476.0
864691135398868257,864691135294442678,1,1316.0
864691135398868257,864691135340055782,2,13996.0
864691135398868257,864691135417045946,1,8796.0
864691135398868257,864691135455400554,1,5184.0
864691135398868257,864691135480892614,1,2172.0
864691135398868257,864691135562798817,1,3000.0
864691135398868257,864691135591726603,1,9736.0
864691135398868257,864691135741524587,1,6472.0
864691135398868257,864691135839950227,1,3068.0
864691135398868257,864691135939477508,1,596.0
864691135398868257,864691136314491965,2,2580.0
864691135398868257,864691136389688695,1,3104.0
864691135398868257,864691136604001745,1,2260.0
864691135398868257,864691136674744199,1,8964.0
864691135398868257,864691136742067804,1,24952.0
864691135398868257,864691136814442867,1,3632.0
864691135398868257,864691136905560754,1,33340.0
864691135398868257,864691136968542926,2,788.0
864691135398868257,864691137056393846,1,5616.0
864691135398868257,864691137198691137,1,5584.0
864691135404763374,864691135724393131,2,10540.0
864691135405337326,864691135468161164,1,13236.0
864691135405337326,864691135566168599,1,8148.0
864691135405337326,864691135749141801,1,4372.0
864691135405337326,864691135937286404,1,2644.0
864691135405337326,864691135938629892,1,500.0
864691135405337326,864691136013367715,1,8624.0
864691135405337326,864691136194355176,1,13180.0
864691135405337326,864691136425073455,1,9040.0
864691135405626862,864691135325263004,1,5948.0
864691135405626862,864691135739689073,1,2304.0
864691135405626862,864691135855890478,1,18228.0
864691135405626862,864691135947258916,1,1880.0
864691135405626862,864691135970180709,1,9720.0
864691135405626862,864691136022520056,1,23480.0
864691135405626862,864691136111559352,1,1656.0
864691135405626862,864691136968542926,1,2080.0
864691135405626862,864691137198691137,1,216.0
864691135405733870,864691134966710559,1,628.0
864691135405733870,864691135209194617,1,24124.0
864691135405733870,864691135210134905,1,23736.0
864691135405733870,864691135339088102,1,5828.0
864691135405733870,864691135351096279,1,5712.0
864691135405733870,864691135360346200,1,4732.0
864691135405733870,864691135374981320,1,13616.0
864691135405733870,864691135409859785,1,6424.0
864691135405733870,864691135430346544,1,312.0
864691135405733870,864691135431654960,1,6228.0
864691135405733870,864691135478316200,1,468.0
864691135405733870,864691135504327861,2,62692.0
864691135405733870,864691135546902056,1,6548.0
864691135405733870,864691135562842337,1,2612.0
864691135405733870,864691135591041291,2,10896.0
864691135405733870,864691135685087474,1,12956.0
864691135405733870,864691135688186080,1,29316.0
864691135405733870,864691135725748139,1,3984.0
864691135405733870,864691135739689073,1,4052.0
864691135405733870,864691135741998484,1,2660.0
864691135405733870,864691135757083346,1,1424.0
864691135405733870,864691135760106830,1,2836.0
864691135405733870,864691135782241616,1,8020.0
864691135405733870,864691135782702387,1,14476.0
864691135405733870,864691135810492189,1,228.0
864691135405733870,864691135850033758,1,1488.0
864691135405733870,864691135866576604,1,776.0
864691135405733870,864691135970226021,1,4464.0
864691135405733870,864691135977654851,1,9176.0
864691135405733870,864691136011686318,1,5020.0
864691135405733870,864691136026198585,1,508.0
864691135405733870,864691136111251896,1,1628.0
864691135405733870,864691136311059034,1,25220.0
864691135405733870,864691136421279639,1,19360.0
864691135405733870,864691136445215875,1,21888.0
864691135405733870,864691136453384959,1,4156.0
864691135405733870,864691136524172689,1,16200.0
864691135405733870,864691136674495623,1,10072.0
864691135405733870,864691136675427975,1,3764.0
864691135405733870,864691137055405174,1,1512.0
864691135405733870,864691137199828801,1,1864.0
864691135408560329,864691135382556378,2,9528.0
864691135408808649,864691135756075981,1,2172.0
864691135408808649,864691135774389755,1,1216.0
864691135408808649,864691136330101226,1,13340.0
864691135408808649,864691136419797655,1,2960.0
864691135409859785,864691135102274592,1,10212.0
864691135409859785,864691135164772653,1,3432.0
864691135409859785,864691135277309669,1,2676.0
864691135409859785,864691135396115189,1,4644.0
864691135409859785,864691135469845388,1,5460.0
864691135409859785,864691135577644574,1,7452.0
864691135409859785,864691135578360837,1,3580.0
864691135409859785,864691135584504429,1,9116.0
864691135409859785,864691135741458324,1,36488.0
864691135409859785,864691135946676260,1,2652.0
864691135409859785,864691135975824495,1,5556.0
864691135409859785,864691135993150913,1,22032.0
864691135409859785,864691136042982742,1,1988.0
864691135409859785,864691136144827444,1,2032.0
864691135409859785,864691136211175612,1,6880.0
864691135409859785,864691136389688695,1,11832.0
864691135409859785,864691136391042167,1,12616.0
864691135409859785,864691136453419007,1,14620.0
864691135409859785,864691136905560754,1,1748.0
864691135416233914,864691135566168599,1,3200.0
864691135416233914,864691135578146565,1,920.0
864691135416233914,864691135937286404,1,168.0
864691135417045946,864691135212492992,1,5228.0
864691135417045946,864691135382556378,1,2176.0
864691135417045946,864691135397982753,1,15132.0
864691135417045946,864691135495698832,1,7104.0
864691135417045946,864691135763495478,1,5292.0
864691135417045946,864691136010028974,1,2584.0
864691135417045946,864691136239068732,1,5336.0
864691135417045946,864691136298045979,1,1220.0
864691135417045946,864691136578820884,2,41748.0
864691135417443514,864691135272003237,2,22644.0
864691135417443514,864691135272069285,1,4352.0
864691135417443514,864691135325487004,1,10416.0
864691135417443514,864691135339600102,1,18116.0
864691135417443514,864691135343818161,1,12780.0
864691135417443514,864691135480916422,1,9576.0
864691135417443514,864691135503182685,2,65228.0
864691135417443514,864691135619317391,1,1936.0
864691135417443514,864691135688186080,1,6176.0
864691135417443514,864691135717275162,1,3420.0
864691135417443514,864691135853198023,1,3960.0
864691135417443514,864691136022520056,2,26116.0
864691135417443514,864691136111251896,1,2172.0
864691135417443514,864691136120159768,1,3228.0
864691135417443514,864691136453384959,1,4060.0
864691135417443514,864691137199828801,1,16072.0
864691135417478842,864691135102151968,1,4076.0
864691135417478842,864691135324705692,1,192.0
864691135417478842,864691135346571423,1,2404.0
864691135417478842,864691135357351375,1,212.0
864691135417478842,864691135396115189,1,2920.0
864691135417478842,864691135468948364,1,1736.0
864691135417478842,864691135469753426,1,4240.0
864691135417478842,864691135470787666,1,10240.0
864691135417478842,864691135477469352,1,2104.0
864691135417478842,864691135490326074,1,1244.0
864691135417478842,864691135503443549,1,1452.0
864691135417478842,864691135518283475,1,14416.0
864691135417478842,864691135540272498,1,2496.0
864691135417478842,864691135540440178,1,18096.0
864691135417478842,864691135619317391,1,216.0
864691135417478842,864691135750642473,1,1868.0
864691135417478842,864691135787537348,2,6744.0
864691135417478842,864691135808925981,1,4868.0
864691135417478842,864691135977666883,1,4120.0
864691135417478842,864691136125433894,1,1012.0
864691135417478842,864691136138131325,1,3756.0
864691135417478842,864691136211371452,1,308.0
864691135417478842,864691136330407914,1,4132.0
864691135417478842,864691136372759688,1,2304.0
864691135417478842,864691136424990255,4,11832.0
864691135417478842,864691136579408916,1,3704.0
864691135417478842,864691136603811281,1,35252.0
864691135417478842,864691136725343485,1,3348.0
864691135417478842,864691136813937267,1,1936.0
864691135429763120,864691134887026938,1,5076.0
864691135429763120,864691135157198692,1,20392.0
864691135429763120,864691135455819114,2,26808.0
864691135429763120,864691135499707667,1,2828.0
864691135429763120,864691135741998484,1,11456.0
864691135429763120,864691135810466333,1,9576.0
864691135429763120,864691135849088094,1,1428.0
864691135430004016,864691135271081125,1,1624.0
864691135430004016,864691135346571423,1,2588.0
864691135430004016,864691135539491442,1,3616.0
864691135430004016,864691136010028974,1,3980.0
864691135430275120,864691135466158917,1,1292.0
864691135430275120,864691135480892614,1,3552.0
864691135430275120,864691135567059223,1,5084.0
864691135430275120,864691135858273326,1,2356.0
864691135430275120,864691136125457446,1,11596.0
864691135430275120,864691136144674612,1,2896.0
864691135430346544,864691134942472035,1,19292.0
864691135430346544,864691135124146727,1,15600.0
864691135430346544,864691135271696549,1,5032.0
864691135430346544,864691135272069285,1,1820.0
864691135430346544,864691135464795710,1,2124.0
864691135430346544,864691135476528704,1,1952.0
864691135430346544,864691135546339880,1,3000.0
864691135430346544,864691135567047191,1,11084.0
864691135430346544,864691135617152361,2,29972.0
864691135430346544,864691135619756943,1,9312.0
864691135430346544,864691135732578745,1,7476.0
864691135430346544,864691135741458324,1,25888.0
864691135430346544,864691135765013302,1,11840.0
864691135430346544,864691135774294603,1,3112.0
864691135430346544,864691135885911920,1,8872.0
864691135430346544,864691135976425327,1,2484.0
864691135430346544,864691136022520056,1,6932.0
864691135430346544,864691136058745048,1,1524.0
864691135430346544,864691136137237899,1,3000.0
864691135430346544,864691136228491601,1,10856.0
864691135430346544,864691136380264405,1,1208.0
864691135430346544,864691136437631902,1,5336.0
864691135430346544,864691136975624220,1,2696.0
864691135430486576,864691135375590217,1,384.0
864691135430486576,864691135582973549,1,3164.0
864691135430486576,864691136110366904,1,3852.0
864691135430486576,864691136664680926,1,2108.0
864691135431089968,864691135350420951,1,4248.0
864691135431089968,864691135811335116,1,13068.0
864691135431654960,864691135258642863,1,42348.0
864691135431654960,864691135272069285,1,5144.0
864691135431654960,864691135308553030,1,10452.0
864691135431654960,864691135566168599,1,5708.0
864691135431654960,864691135577644574,1,784.0
864691135431654960,864691135586240120,1,3252.0
864691135431654960,864691135591041291,2,16672.0
864691135431654960,864691135656578242,1,31940.0
864691135431654960,864691135774294603,1,9648.0
864691135431654960,864691135774368763,1,2284.0
864691135431654960,864691135885911920,1,2416.0
864691135431654960,864691136138131325,1,944.0
864691135431654960,864691136177629702,1,7312.0
864691135431654960,864691136975144988,1,8848.0
864691135440543560,864691136275031565,1,3880.0
864691135440543560,864691136663528670,1,2600.0
864691135441799752,864691134884807418,1,16312.0
864691135441799752,864691135082864887,1,4328.0
864691135441799752,864691135134016928,1,7360.0
864691135441799752,864691135270320293,1,7296.0
864691135441799752,864691135325071004,3,34580.0
864691135441799752,864691135325487004,1,2768.0
864691135441799752,864691135448303762,1,31980.0
864691135441799752,864691135465343045,1,13028.0
864691135441799752,864691135469753426,1,12004.0
864691135441799752,864691135503182685,3,101028.0
864691135441799752,864691135577749022,3,35472.0
864691135441799752,864691135584629613,1,13012.0
864691135441799752,864691135585266808,1,1168.0
864691135441799752,864691135618505065,1,27776.0
864691135441799752,864691135619756943,1,2216.0
864691135441799752,864691135684657079,1,4596.0
864691135441799752,864691135688186080,1,23668.0
864691135441799752,864691135697613077,2,60700.0
864691135441799752,864691135750307881,3,16960.0
864691135441799752,864691135774389755,1,644.0
864691135441799752,864691135809608652,2,39488.0
864691135441799752,864691135885140848,2,15672.0
864691135441799752,864691135952122147,1,33708.0
864691135441799752,864691135975824495,1,1712.0
864691135441799752,864691136022520056,4,71800.0
864691135441799752,864691136089194039,2,8260.0
864691135441799752,864691136110256824,1,6420.0
864691135441799752,864691136195798504,1,31928.0
864691135441799752,864691136298045979,1,23640.0
864691135441799752,864691136314404669,1,2096.0
864691135441799752,864691136419797655,5,82480.0
864691135441799752,864691136437631902,1,29396.0
864691135441799752,864691136602371025,2,46200.0
864691135441799752,864691136618795227,1,4576.0
864691135441799752,864691136674749575,1,744.0
864691135441799752,864691136904761266,1,5512.0
864691135441799752,864691137198691137,1,8948.0
864691135447540882,864691135479404742,1,1056.0
864691135447540882,864691135817419343,1,1352.0
864691135447540882,864691135865648254,1,732.0
864691135448215698,864691134886569210,1,7908.0
864691135448215698,864691134950156796,2,27624.0
864691135448215698,864691135164772653,1,408.0
864691135448215698,864691135294441654,1,336.0
864691135448215698,864691135325487004,1,10392.0
864691135448215698,864691135398868257,1,2516.0
864691135448215698,864691135455507818,1,1664.0
864691135448215698,864691135577749022,1,4872.0
864691135448215698,864691135591854347,1,24196.0
864691135448215698,864691135719900721,1,2636.0
864691135448215698,864691135738969220,1,300.0
864691135448215698,864691135751110185,1,2988.0
864691135448215698,864691135773073147,2,6912.0
864691135448215698,864691135849088094,1,4184.0
864691135448215698,864691135885911920,1,172.0
864691135448215698,864691136011686318,1,3440.0
864691135448215698,864691136011768494,1,2104.0
864691135448215698,864691136091634487,1,2584.0
864691135448215698,864691136177629702,1,1004.0
864691135448215698,864691136438469534,2,39904.0
864691135448215698,864691136619693275,1,16972.0
864691135448215698,864691136954050527,1,4592.0
864691135448215698,864691136975624220,1,4880.0
864691135448215698,864691137198691137,1,3128.0
864691135448303762,864691134942472035,1,4280.0
864691135448303762,864691135135019168,1,5080.0
864691135448303762,864691135164887853,1,164.0
864691135448303762,864691135257669039,1,1568.0
864691135448303762,864691135280481697,1,5784.0
864691135448303762,864691135362104647,1,3964.0
864691135448303762,864691135465932357,1,56664.0
864691135448303762,864691135717163802,1,1628.0
864691135448303762,864691135750307881,2,11916.0
864691135448303762,864691135868919318,1,13548.0
864691135448303762,864691135919956656,1,12764.0
864691135448303762,864691136119885080,1,9140.0
864691135448303762,864691136144674612,1,6628.0
864691135448303762,864691136228250961,1,5736.0
864691135448303762,864691136274655166,1,4472.0
864691135448303762,864691136331249642,1,4784.0
864691135448303762,864691136524172689,1,3792.0
864691135448303762,864691136742067804,1,6036.0
864691135448303762,864691137198691137,2,1620.0
864691135448698196,864691135014966262,1,2516.0
864691135448698196,864691135157994084,1,1812.0
864691135448698196,864691135362104647,1,3704.0
864691135448698196,864691135686283703,1,904.0
864691135448698196,864691135860969064,1,424.0
864691135448698196,864691137198691137,1,3404.0
864691135455123562,864691135503182685,1,2616.0
864691135455123562,864691135975539779,1,10100.0
864691135455123562,864691136196127208,1,41272.0
864691135455400554,864691135304641703,1,8604.0
864691135455400554,864691135357351375,1,10620.0
864691135455400554,864691135493149927,1,11632.0
864691135455400554,864691135619756943,1,6348.0
864691135455400554,864691135698211994,1,4976.0
864691135455400554,864691135738969220,1,48380.0
864691135455400554,864691135816565839,1,18588.0
864691135455400554,864691136010639022,1,5396.0
864691135455400554,864691136023889209,1,1820.0
864691135455400554,864691136524172689,1,12580.0
864691135455400554,864691136618795227,1,3664.0
864691135455400554,864691136968542926,1,3624.0
864691135455507818,864691134966714655,1,3736.0
864691135455507818,864691135102381856,1,7640.0
864691135455507818,864691135102433056,1,34104.0
864691135455507818,864691135294190518,1,9588.0
864691135455507818,864691135342958789,1,3800.0
864691135455507818,864691135357351375,1,5352.0
864691135455507818,864691135360482392,1,188.0
864691135455507818,864691135431089968,1,2168.0
864691135455507818,864691135431654960,1,288.0
864691135455507818,864691135465100189,1,4784.0
864691135455507818,864691135492568551,1,7080.0
864691135455507818,864691135493686111,1,13516.0
864691135455507818,864691135640398651,1,28040.0
864691135455507818,864691135695146943,2,20868.0
864691135455507818,864691135719900721,1,1476.0
864691135455507818,864691135725842603,2,11840.0
864691135455507818,864691135773209163,1,12928.0
864691135455507818,864691135842486243,2,5264.0
864691135455507818,864691135868210454,1,176.0
864691135455507818,864691136058745048,1,3132.0
864691135455507818,864691136092725684,1,4008.0
864691135455507818,864691136125433894,1,18180.0
864691135455507818,864691136138131325,1,26748.0
864691135455507818,864691136195834070,1,11332.0
864691135455507818,864691136330407914,3,17892.0
864691135455507818,864691136453419007,1,2392.0
864691135455507818,864691136596901026,1,4240.0
864691135455507818,864691136904488114,1,24648.0
864691135455701354,864691135502885954,1,35772.0
864691135455701354,864691135578146565,1,1016.0
864691135455701354,864691135595040043,1,2652.0
864691135455701354,864691135741524587,1,22984.0
864691135455701354,864691136107283417,1,2248.0
864691135455701354,864691136137237899,1,13692.0
864691135455701354,864691136452602367,1,10840.0
864691135455701354,864691136523216017,1,3860.0
864691135455701354,864691136953677535,1,4976.0
864691135455701354,864691136991606421,1,8420.0
864691135455819114,864691135209432185,1,5164.0
864691135455819114,864691135210134905,1,9652.0
864691135455819114,864691135257669039,1,4124.0
864691135455819114,864691135274816017,1,8168.0
864691135455819114,864691135587371132,1,1688.0
864691135455819114,864691135593133067,1,16708.0
864691135455819114,864691135698211994,1,4772.0
864691135455819114,864691135725842603,1,11724.0
864691135455819114,864691135727790911,1,14408.0
864691135455819114,864691135757040082,1,2852.0
864691135455819114,864691135774053371,1,440.0
864691135455819114,864691135774179147,1,10372.0
864691135455819114,864691135861093992,1,6412.0
864691135455819114,864691135877951571,1,10920.0
864691135455819114,864691135885911920,1,3080.0
864691135455819114,864691135955909640,2,28944.0
864691135455819114,864691135976063855,1,2816.0
864691135455819114,864691135976425327,1,23028.0
864691135455819114,864691135977045871,1,2004.0
864691135455819114,864691136085781356,1,5184.0
864691135455819114,864691136091074615,2,25428.0
864691135455819114,864691136120159768,1,13552.0
864691135455819114,864691136137237899,1,10136.0
864691135455819114,864691136238090767,1,18772.0
864691135455819114,864691136390788215,1,5156.0
864691135455819114,864691136438585502,1,4896.0
864691135455819114,864691136484364844,1,18652.0
864691135455819114,864691136742067804,2,11112.0
864691135455819114,864691136814627955,1,6732.0
864691135455819114,864691136991359893,2,15580.0
864691135455819114,864691137199828801,1,3520.0
864691135462420637,864691135134155168,1,33136.0
864691135462420637,864691135975633475,1,18944.0
864691135462420637,864691136380264149,1,2416.0
864691135463695429,864691135118894813,1,3172.0
864691135464143934,864691135059143323,1,18328.0
864691135464143934,864691135117980637,2,24744.0
864691135464143934,864691136023980601,4,60280.0
864691135464143934,864691136420195223,1,11208.0
864691135464795710,864691135233242713,1,25904.0
864691135464795710,864691135398805281,1,212.0
864691135464795710,864691135518173395,1,6140.0
864691135464795710,864691135577651230,1,2140.0
864691135464795710,864691135591041291,1,2520.0
864691135464795710,864691135782702387,1,1024.0
864691135464795710,864691136311059034,1,7028.0
864691135464795710,864691136991202453,1,5500.0
864691135464928318,864691135398817569,1,10244.0
864691135464928318,864691135584629613,2,49616.0
864691135464928318,864691135586240120,1,30980.0
864691135464928318,864691135617152361,1,164.0
864691135464928318,864691135619756943,1,6056.0
864691135464928318,864691136091634487,1,18312.0
864691135464928318,864691136389921911,1,1464.0
864691135465100189,864691135184104194,2,17416.0
864691135465100189,864691135210134905,2,14736.0
864691135465100189,864691135340055782,1,12064.0
864691135465100189,864691135396794101,1,12052.0
864691135465100189,864691135518173395,1,2956.0
864691135465100189,864691135571192966,1,6520.0
864691135465100189,864691135611140359,1,15392.0
864691135465100189,864691135617152361,1,528.0
864691135465100189,864691135656674242,1,4464.0
864691135465100189,864691135717457946,1,3688.0
864691135465100189,864691135732210873,1,16080.0
864691135465100189,864691135773073147,1,3248.0
864691135465100189,864691135778638013,1,10152.0
864691135465100189,864691135976063855,1,5008.0
864691135465100189,864691135988557315,1,380.0
864691135465100189,864691136006519498,1,3684.0
864691135465100189,864691136058745048,1,1808.0
864691135465100189,864691136239460668,1,26684.0
864691135465100189,864691136239980604,2,9708.0
864691135465100189,864691136381301461,1,5108.0
864691135465100189,864691136438717086,2,7508.0
864691135465100189,864691136742067804,1,11848.0
864691135465100189,864691136813937267,1,4388.0
864691135465100189,864691136991202453,1,2632.0
864691135465113157,864691134919869706,1,2140.0
864691135465113157,864691135351096279,1,2168.0
864691135465113157,864691135357351375,1,2904.0
864691135465113157,864691135374981320,1,5588.0
864691135465113157,864691135787537348,1,26600.0
864691135465113157,864691135868957462,1,2792.0
864691135465113157,864691135994235841,1,5512.0
864691135465113157,864691136092725684,1,2472.0
864691135465113157,864691136238679567,1,1760.0
864691135465113157,864691136299034139,1,2868.0
864691135465113157,864691136438717086,1,15292.0
864691135465113157,864691136523335057,1,4024.0
864691135465343045,864691134919529994,1,6848.0
864691135465343045,864691134989865338,1,1348.0
864691135465343045,864691135274816017,1,4004.0
864691135465343045,864691135324705692,1,8836.0
864691135465343045,864691135342958789,1,6148.0
864691135465343045,864691135465955397,1,2580.0
864691135465343045,864691135539491442,1,10836.0
864691135465343045,864691135583277677,2,12808.0
864691135465343045,864691135760635214,1,7276.0
864691135465343045,864691135810466333,1,3148.0
864691135465343045,864691135868919318,1,34968.0
864691135465343045,864691135977654851,1,5788.0
864691135465343045,864691136299034139,1,10304.0
864691135465343045,864691136330101226,1,4788.0
864691135465343045,864691136378815445,1,13356.0
864691135465343045,864691136391042167,1,2196.0
864691135465343045,864691136905560754,1,368.0
864691135465343045,864691136927761226,1,15692.0
864691135465343045,864691136953873631,1,12360.0
864691135465343045,864691136991202453,1,464.0
864691135465932357,864691134919972106,1,12388.0
864691135465932357,864691134948788476,1,6524.0
864691135465932357,864691135060651419,1,4216.0
864691135465932357,864691135135019168,1,4152.0
864691135465932357,864691135214986368,2,22736.0
864691135465932357,864691135325263004,1,19464.0
864691135465932357,864691135362104647,1,15116.0
864691135465932357,864691135398805281,1,1472.0
864691135465932357,864691135448303762,1,37304.0
864691135465932357,864691135464795710,1,6588.0
864691135465932357,864691135496381840,1,16384.0
864691135465932357,864691135502885954,1,18548.0
864691135465932357,864691135577644574,1,17304.0
864691135465932357,864691135586240120,1,6688.0
864691135465932357,864691135732210873,1,4900.0
864691135465932357,864691135853198023,1,2144.0
864691135465932357,864691135977666883,1,468.0
864691135465932357,864691136177629702,1,1428.0
864691135465932357,864691136364308962,1,6332.0
864691135465932357,864691136603811281,1,14732.0
864691135465932357,864691136742067804,1,16336.0
864691135465932357,864691136976001308,1,11684.0
864691135465955397,864691134919529994,1,3000.0
864691135465955397,864691135060882843,1,14016.0
864691135465955397,864691135135019168,1,172.0
864691135465955397,864691135214931072,1,3620.0
864691135465955397,864691135258642863,1,2596.0
864691135465955397,864691135336055529,1,7680.0
864691135465955397,864691135362104647,1,6428.0
864691135465955397,864691135496440208,1,2580.0
864691135465955397,864691135503182685,2,4848.0
864691135465955397,864691135584008045,1,9680.0
864691135465955397,864691135617152361,2,10856.0
864691135465955397,864691135738969220,1,580.0
864691135465955397,864691135774179147,2,9008.0
864691135465955397,864691135801463650,1,9848.0
864691135465955397,864691135955962888,1,24440.0
864691135465955397,864691135990004992,1,8988.0
864691135465955397,864691136022520056,2,7256.0
864691135465955397,864691136120159768,1,14924.0
864691135465955397,864691136195798504,1,21508.0
864691135465955397,864691136604001745,1,6636.0
864691135466158917,864691134966114591,1,14876.0
864691135466158917,864691135134016928,1,232.0
864691135466158917,864691135214986368,1,548.0
864691135466158917,864691135274816017,1,172.0
864691135466158917,864691135280682401,1,13484.0
864691135466158917,864691135476528704,1,8136.0
864691135466158917,864691135584008045,1,844.0
864691135466158917,864691135698211994,1,3196.0
864691135466158917,864691135719900721,3,22904.0
864691135466158917,864691135874914702,2,27740.0
864691135466158917,864691135941300993,1,200.0
864691135466158917,864691135954393891,1,7144.0
864691135466158917,864691136022520056,1,12704.0
864691135466158917,864691136137237899,1,1032.0
864691135466236229,864691134966710559,1,39192.0
864691135466236229,864691135164887853,1,18472.0
864691135466236229,864691135388368001,1,1672.0
864691135466236229,864691135469753426,3,48288.0
864691135466236229,864691135480892614,1,3472.0
864691135466236229,864691135576881950,1,6916.0
864691135466236229,864691135617440105,1,23092.0
864691135466236229,864691135688186080,1,19600.0
864691135466236229,864691135689417440,1,5376.0
864691135466236229,864691135719900721,2,17080.0
864691135466236229,864691135727790911,2,35364.0
864691135466236229,864691135757083346,2,13252.0
864691135466236229,864691135774368763,1,2936.0
864691135466236229,864691135810982860,1,17024.0
864691135466236229,864691135853198023,1,3652.0
864691135466236229,864691135867644805,1,20592.0
864691135466236229,864691135885911920,2,13244.0
864691135466236229,864691135955909640,1,828.0
864691135466236229,864691135988557315,1,4532.0
864691135466236229,864691136058745048,1,4304.0
864691135466236229,864691136120658712,2,8484.0
864691135466236229,864691136274655166,1,10508.0
864691135466236229,864691136298125851,2,12940.0
864691135466236229,864691136604001745,1,21848.0
864691135466236229,864691136905758130,1,15068.0
864691135466236229,864691136927761226,1,1632.0
864691135466236229,864691136954050527,2,9784.0
864691135466283333,864691135773208651,1,788.0
864691135466283333,864691135988742147,1,3204.0
864691135468161164,864691135416233914,1,1160.0
864691135468854156,864691134886828794,1,2244.0
864691135468854156,864691135257404079,1,568.0
864691135468854156,864691135429763120,1,1364.0
864691135468854156,864691135616363211,1,2960.0
864691135468854156,864691135864188286,1,1696.0
864691135468854156,864691135937286404,1,756.0
864691135468854156,864691135952121379,1,13616.0
864691135468854156,864691136136766845,1,1952.0
864691135468854156,864691136176327430,1,5272.0
864691135468854156,864691136438426526,1,3996.0
864691135468948364,864691134942472035,1,1136.0
864691135468948364,864691135155894884,1,4020.0
864691135468948364,864691135294442678,1,2932.0
864691135468948364,864691135384344043,1,4944.0
864691135468948364,864691135386963541,1,5992.0
864691135468948364,864691135417478842,1,28496.0
864691135468948364,864691135431654960,1,11340.0
864691135468948364,864691135455400554,1,28776.0
864691135468948364,864691135477670312,1,11488.0
864691135468948364,864691135738047620,1,4640.0
864691135468948364,864691135741780116,1,8508.0
864691135468948364,864691135757040082,1,2548.0
864691135468948364,864691135774389755,1,540.0
864691135468948364,864691135941300993,1,28768.0
864691135468948364,864691135977134403,1,1400.0
864691135468948364,864691135988557315,1,18948.0
864691135468948364,864691136013367715,1,7736.0
864691135468948364,864691136137237899,1,18448.0
864691135468948364,864691136238679567,1,31520.0
864691135468948364,864691136311059034,1,4312.0
864691135468948364,864691136311381338,1,2788.0
864691135468948364,864691136373008520,1,3560.0
864691135468948364,864691136392785279,1,5380.0
864691135468948364,864691136924515300,1,14536.0
864691135469422674,864691135258642863,2,4728.0
864691135469422674,864691135491204327,1,2624.0
864691135469422674,864691135503182685,1,6904.0
864691135469422674,864691135576991518,1,12312.0
864691135469422674,864691135587371132,1,1720.0
864691135469422674,864691135686414775,1,3140.0
864691135469422674,864691135774179147,3,5064.0
864691135469422674,864691135857099310,1,15548.0
864691135469422674,864691135994235841,1,16396.0
864691135469422674,864691136026254649,1,640.0
864691135469422674,864691136091634487,1,1020.0
864691135469422674,864691136108938168,1,4392.0
864691135469422674,864691136137794941,3,42664.0
864691135469422674,864691136195391208,1,15160.0
864691135469422674,864691136211385020,1,2672.0
864691135469422674,864691136372759688,1,13924.0
864691135469422674,864691136663528670,1,26132.0
864691135469422674,864691136953677535,1,16592.0
864691135469753426,864691134966114591,1,2360.0
864691135469753426,864691134989865338,1,4104.0
864691135469753426,864691135214931072,1,2884.0
864691135469753426,864691135257669039,1,3924.0
864691135469753426,864691135271038885,2,1128.0
864691135469753426,864691135272069285,1,4240.0
864691135469753426,864691135294442678,1,4296.0
864691135469753426,864691135357351375,1,3012.0
864691135469753426,864691135368949241,1,12476.0
864691135469753426,864691135466158917,1,3724.0
864691135469753426,864691135499707667,1,4008.0
864691135469753426,864691135518283475,1,8428.0
864691135469753426,864691135540440178,1,2440.0
864691135469753426,864691135576881950,1,4452.0
864691135469753426,864691135694246079,1,18788.0
864691135469753426,864691135727790911,1,18616.0
864691135469753426,864691135731679929,1,17868.0
864691135469753426,864691135751110185,1,4824.0
864691135469753426,864691135765013302,1,5712.0
864691135469753426,864691135802453858,1,7304.0
864691135469753426,864691135810905036,1,18464.0
864691135469753426,864691135890141321,1,3248.0
864691135469753426,864691136040834558,1,3568.0
864691135469753426,864691136137237899,1,9128.0
864691135469753426,864691136380718037,1,14176.0
864691135469753426,864691136438469534,1,492.0
864691135469753426,864691136524172689,1,7540.0
864691135469753426,864691136914414321,2,8536.0
864691135469753426,864691136967703758,1,4232.0
864691135469753426,864691136991202453,1,7420.0
864691135469845388,864691134949263100,1,13960.0
864691135469845388,864691134965778719,1,8544.0
864691135469845388,864691135102381856,1,49208.0
864691135469845388,864691135271463077,1,2948.0
864691135469845388,864691135340055782,1,4268.0
864691135469845388,864691135396940021,1,15600.0
864691135469845388,864691135465100189,2,22944.0
864691135469845388,864691135547082280,1,6424.0
864691135469845388,864691135572346349,1,3728.0
864691135469845388,864691135656674242,1,14716.0
864691135469845388,864691135732578745,1,2492.0
864691135469845388,864691135782506832,1,284.0
864691135469845388,864691135857993774,1,3944.0
864691135469845388,864691136033227451,1,3312.0
864691135469845388,864691136136383883,1,9780.0
864691135469845388,864691136378815445,1,1880.0
864691135469845388,864691136452602367,1,6192.0
864691135469845388,864691136674492295,1,16168.0
864691135469845388,864691136905758130,1,1568.0
864691135469845388,864691136913993713,1,2124.0
864691135469845388,864691136991202453,1,3888.0
864691135470787666,864691135212492992,1,192.0
864691135470787666,864691135277186789,1,10088.0
864691135470787666,864691135280481697,1,16824.0
864691135470787666,864691135430346544,1,4200.0
864691135470787666,864691135468948364,1,10052.0
864691135470787666,864691135499231763,1,2284.0
864691135470787666,864691135583172717,1,984.0
864691135470787666,864691135732210873,1,7616.0
864691135470787666,864691135927494158,1,5332.0
864691135470787666,864691136330101226,1,14096.0
864691135470787666,864691136424439855,1,3548.0
864691135470787666,864691136914414321,1,2848.0
864691135473383730,864691135134695328,1,16296.0
864691135473383730,864691135162908461,1,7112.0
864691135473383730,864691136578820884,1,18612.0
864691135474504498,864691134919972106,1,8752.0
864691135474504498,864691135357351375,1,2612.0
864691135474504498,864691135375107272,1,6288.0
864691135474504498,864691135469753426,1,12644.0
864691135474504498,864691135480892614,1,2124.0
864691135474504498,864691135518283475,1,18216.0
864691135474504498,864691135584629613,1,1148.0
864691135474504498,864691135808925981,1,1024.0
864691135474504498,864691135811335116,1,20172.0
864691135474504498,864691136424439855,1,4028.0
864691135476495936,864691134949248508,1,1816.0
864691135476495936,864691134966710559,1,4132.0
864691135476495936,864691134991010426,1,2244.0
864691135476495936,864691135118894813,1,17104.0
864691135476495936,864691135209369465,1,884.0
864691135476495936,864691135258509487,1,716.0
864691135476495936,864691135277186789,1,564.0
864691135476495936,864691135294520844,1,1144.0
864691135476495936,864691135342958789,1,9848.0
864691135476495936,864691135351096279,1,1192.0
864691135476495936,864691135360346200,1,6188.0
864691135476495936,864691135396794101,1,22980.0
864691135476495936,864691135430346544,2,4992.0
864691135476495936,864691135465955397,1,2300.0
864691135476495936,864691135469753426,1,11764.0
864691135476495936,864691135469845388,1,3448.0
864691135476495936,864691135504168285,1,5940.0
864691135476495936,864691135562004193,1,924.0
864691135476495936,864691135562474977,1,2880.0
864691135476495936,864691135572385061,1,18308.0
864691135476495936,864691135577651230,2,25932.0
864691135476495936,864691135577749022,1,3432.0
864691135476495936,864691135578360837,2,14660.0
864691135476495936,864691135583277677,1,2276.0
864691135476495936,864691135584629613,1,3188.0
864691135476495936,864691135591726603,1,14452.0
864691135476495936,864691135593133067,2,16220.0
864691135476495936,864691135686283703,1,992.0
864691135476495936,864691135698211994,1,3672.0
864691135476495936,864691135724393131,1,17776.0
864691135476495936,864691135725842603,1,924.0
864691135476495936,864691135727961663,1,25892.0
864691135476495936,864691135750958889,3,10904.0
864691135476495936,864691135751110185,1,3508.0
864691135476495936,864691135756075981,1,2384.0
864691135476495936,864691135774179147,2,6852.0
864691135476495936,864691135778638013,1,2840.0
864691135476495936,864691135787537348,1,3420.0
864691135476495936,864691135842486243,2,8464.0
864691135476495936,864691135868386070,1,492.0
864691135476495936,864691135885911920,1,1988.0
864691135476495936,864691135892214409,1,3076.0
864691135476495936,864691135919645872,1,24552.0
864691135476495936,864691135942924148,1,3508.0
864691135476495936,864691135947258916,2,42908.0
864691135476495936,864691135970206821,1,10196.0
864691135476495936,864691136013367715,1,7896.0
864691135476495936,864691136026254649,1,1220.0
864691135476495936,864691136042982742,1,1968.0
864691135476495936,864691136058745048,3,10088.0
864691135476495936,864691136091074615,1,5624.0
864691135476495936,864691136101516661,1,1616.0
864691135476495936,864691136111559352,1,7016.0
864691135476495936,864691136118370724,1,3268.0
864691135476495936,864691136211175612,1,23248.0
864691135476495936,864691136211385020,1,3328.0
864691135476495936,864691136330101226,1,34616.0
864691135476495936,864691136391042167,1,10988.0
864691135476495936,864691136523288465,2,4588.0
864691135476495936,864691136523335057,1,1428.0
864691135476495936,864691136604001745,2,10168.0
864691135476495936,864691136814508659,1,3028.0
864691135476495936,864691136913993713,1,3684.0
864691135476495936,864691136954050527,1,1456.0
864691135476495936,864691136991359893,1,324.0
864691135476528704,864691135015652246,1,7940.0
864691135476528704,864691135164887853,1,8420.0
864691135476528704,864691135325263004,1,4772.0
864691135476528704,864691135546902056,1,37196.0
864691135476528704,864691135618505065,1,23376.0
864691135476528704,864691135738969220,1,21576.0
864691135476528704,864691135741524587,1,10728.0
864691135476528704,864691135779377341,1,312.0
864691135476528704,864691135892214409,1,892.0
864691135476528704,864691136111251896,1,6564.0
864691135476528704,864691136195798504,1,6212.0
864691135476528704,864691136336107187,1,1904.0
864691135476528704,864691136742067804,1,2072.0
864691135477469352,864691135214986368,1,7196.0
864691135477469352,864691135405337326,1,9452.0
864691135477469352,864691135719900721,1,1188.0
864691135477469352,864691135778419901,1,3776.0
864691135477469352,864691135778467517,2,35884.0
864691135477469352,864691135782544435,1,22752.0
864691135477469352,864691135857993774,1,2040.0
864691135477469352,864691136041575422,1,572.0
864691135477469352,864691136336179123,1,7340.0
864691135477469864,864691135271463077,1,888.0
864691135477469864,864691135387690069,1,3144.0
864691135477469864,864691136228250961,1,2480.0
864691135477469864,864691136380264149,1,10580.0
864691135477670312,864691135136360217,1,12872.0
864691135477670312,864691135274195217,1,1668.0
864691135477670312,864691135375484489,1,1084.0
864691135477670312,864691135478400936,1,6080.0
864691135477670312,864691135731889337,1,6112.0
864691135477670312,864691135732578745,1,14056.0
864691135477670312,864691135839932307,1,2932.0
864691135477670312,864691135860969064,1,332.0
864691135477670312,864691135993150913,1,188.0
864691135477670312,864691136013367715,1,752.0
864691135477670312,864691136107283417,1,2484.0
864691135477670312,864691136136383883,1,24936.0
864691135477670312,864691136239902780,1,3168.0
864691135477670312,864691136380266965,1,1884.0
864691135477670312,864691136603811281,1,29324.0
864691135477839784,864691135853198023,1,4156.0
864691135477839784,864691135976425327,1,32980.0
864691135478268840,864691134965778719,1,41868.0
864691135478268840,864691135417045946,1,4220.0
864691135478268840,864691135499231763,1,5336.0
864691135478268840,864691135562842337,1,1260.0
864691135478268840,864691135569902316,1,3132.0
864691135478268840,864691135618505065,1,32432.0
864691135478268840,864691135619317391,1,5320.0
864691135478268840,864691136010651052,1,3856.0
864691135478268840,864691136026254649,1,1124.0
864691135478316200,864691134948788476,1,8640.0
864691135478316200,864691135101595680,1,3360.0
864691135478316200,864691135134052512,1,1940.0
864691135478316200,864691135209369465,1,2108.0
864691135478316200,864691135335635177,1,6680.0
864691135478316200,864691135384285931,1,9328.0
864691135478316200,864691135388368001,1,2756.0
864691135478316200,864691135465100189,1,184.0
864691135478316200,864691135583223405,1,2980.0
864691135478316200,864691135640297787,1,3672.0
864691135478316200,864691135717457946,1,2132.0
864691135478316200,864691135719900721,1,2676.0
864691135478316200,864691135741458324,1,2020.0
864691135478316200,864691135990004992,2,10656.0
864691135478316200,864691136058745048,1,232.0
864691135478316200,864691136373008520,1,21704.0
864691135478316200,864691136438717086,1,648.0
864691135478316200,864691136453419007,1,21188.0
864691135478316200,864691136596901026,1,2136.0
864691135478316200,864691136664127454,2,8504.0
864691135478316200,864691136991390869,1,7616.0
864691135478400936,864691135276505573,1,9396.0
864691135478400936,864691135325487004,1,1756.0
864691135478400936,864691135357351375,1,4524.0
864691135478400936,864691135455400554,1,1544.0
864691135478400936,864691135572346349,2,35124.0
864691135478400936,864691135578146565,1,25300.0
864691135478400936,864691135618505065,1,3540.0
864691135478400936,864691135686283703,1,3020.0
864691135478400936,864691135689417440,1,3628.0
864691135478400936,864691135764015926,1,16596.0
864691135478400936,864691135810466333,1,15516.0
864691135478400936,864691135868466710,4,13284.0
864691135478400936,864691135988557315,1,2764.0
864691135479404742,864691135617152361,1,10220.0
864691135479404742,864691135618505065,1,7540.0
864691135479404742,864691135662408944,1,5924.0
864691135479404742,864691135688186080,1,2156.0
864691135479404742,864691135750307881,2,8976.0
864691135479404742,864691135779049056,1,8096.0
864691135479404742,864691135809509917,1,3416.0
864691135479404742,864691135875460494,1,6492.0
864691135479404742,864691135977666883,3,22632.0
864691135479404742,864691136022520056,1,1664.0
864691135479404742,864691136134678667,1,8196.0
864691135479404742,864691136137794941,1,7444.0
864691135479404742,864691136228250961,1,6992.0
864691135479404742,864691136664680926,1,6252.0
864691135479404742,864691136991202453,1,11528.0
864691135479833030,864691134886569210,1,21348.0
864691135479833030,864691134949248508,1,26748.0
864691135479833030,864691135060882843,1,22960.0
864691135479833030,864691135101431072,1,7208.0
864691135479833030,864691135209369465,1,10004.0
864691135479833030,864691135409859785,1,8888.0
864691135479833030,864691135441799752,1,15520.0
864691135479833030,864691135583277677,1,2756.0
864691135479833030,864691135617152361,1,8472.0
864691135479833030,864691135728030015,1,6196.0
864691135479833030,864691135731679929,1,2308.0
864691135479833030,864691135773208651,1,3980.0
864691135479833030,864691135940996774,1,20100.0
864691135479833030,864691136086088556,1,13096.0
864691135479833030,864691136107283417,1,9536.0
864691135479833030,864691136381301461,1,2932.0
864691135479833030,864691136392785279,1,9764.0
864691135479833030,864691136674744199,1,2224.0
864691135480311494,864691134966069023,1,24784.0
864691135480311494,864691135465343045,1,13380.0
864691135480311494,864691135569592300,1,12588.0
864691135480311494,864691135583223405,1,6204.0
864691135480311494,864691135739733140,1,21952.0
864691135480311494,864691135751110185,1,484.0
864691135480311494,864691135782506832,1,8792.0
864691135480311494,864691135842486243,1,5192.0
864691135480311494,864691135866576604,1,16664.0
864691135480311494,864691135952121379,1,4628.0
864691135480311494,864691136390474359,1,3332.0
864691135480311494,864691136954028511,1,1668.0
864691135480311494,864691137054934902,1,9868.0
864691135480718022,864691135115049881,1,1432.0
864691135480892614,864691135135019168,1,17216.0
864691135480892614,864691135271038885,1,7984.0
864691135480892614,864691135280481697,1,4632.0
864691135480892614,864691135324623260,1,4060.0
864691135480892614,864691135343818161,1,668.0
864691135480892614,864691135351096279,1,1644.0
864691135480892614,864691135360809560,1,2100.0
864691135480892614,864691135466158917,1,2628.0
864691135480892614,864691135466236229,1,4136.0
864691135480892614,864691135469753426,1,2692.0
864691135480892614,864691135577221406,1,9688.0
864691135480892614,864691135577749022,2,18692.0
864691135480892614,864691135583223405,1,3288.0
864691135480892614,864691135584629613,2,19456.0
864691135480892614,864691135587519868,1,5048.0
864691135480892614,864691135656578242,1,1852.0
864691135480892614,864691135689417440,1,7476.0
864691135480892614,864691135694415551,1,21140.0
864691135480892614,864691135719900721,2,7780.0
864691135480892614,864691135732578745,1,2520.0
864691135480892614,864691135741458324,1,5984.0
864691135480892614,864691135774294603,1,14872.0
864691135480892614,864691135774368763,1,2436.0
864691135480892614,864691135839950227,1,6104.0
864691135480892614,864691135850033758,1,7620.0
864691135480892614,864691135875460494,1,10680.0
864691135480892614,864691135954393891,1,764.0
864691135480892614,864691135994235841,1,2504.0
864691135480892614,864691136040834558,1,368.0
864691135480892614,864691136101340021,1,15060.0
864691135480892614,864691136195798504,2,10736.0
864691135480892614,864691136196517452,1,7612.0
864691135480892614,864691136238679567,1,12940.0
864691135480892614,864691136239980604,1,13896.0
864691135480892614,864691136274655166,1,600.0
864691135480892614,864691136314491965,1,8748.0
864691135480892614,864691136453419007,1,11896.0
864691135480892614,864691136976001308,1,1860.0
864691135480892614,864691137055712630,2,28104.0
864691135480916422,864691134942169955,1,8712.0
864691135480916422,864691134949263100,1,16016.0
864691135480916422,864691135066958404,1,9924.0
864691135480916422,864691135272069285,1,30688.0
864691135480916422,864691135280682401,2,11732.0
864691135480916422,864691135388368001,1,1632.0
864691135480916422,864691135480892614,1,27328.0
864691135480916422,864691135689417440,1,3500.0
864691135480916422,864691136006519498,1,1052.0
864691135480916422,864691136022520056,1,1948.0
864691135480916422,864691136023889209,1,1320.0
864691135480916422,864691136196517452,2,11112.0
864691135480916422,864691136336179123,1,6824.0
864691135480916422,864691136453419007,1,212.0
864691135480916422,864691136953677535,1,10556.0
864691135480916422,864691136954050527,1,2628.0
864691135480916422,864691137055367798,1,8632.0
864691135480916422,864691137055405174,1,3152.0
864691135489836346,864691135502902338,1,344.0
864691135489836346,864691135731705273,1,19456.0
864691135489836346,864691136009893294,1,736.0
864691135489836346,864691136137834877,1,4460.0
864691135490326074,864691135257669039,1,764.0
864691135490326074,864691135782156368,1,4632.0
864691135490326074,864691135839950227,1,3124.0
864691135490326074,864691136043380566,1,2856.0
864691135490326074,864691136195400150,1,30560.0
864691135490326074,864691136195798504,1,3160.0
864691135490326074,864691136298125851,1,1116.0
864691135490326074,864691136419797655,1,8044.0
864691135490326074,864691136438469534,1,27228.0
864691135490326074,864691136453419007,1,1188.0
864691135490326074,864691137021264750,1,648.0
864691135491167207,864691135585266808,1,4996.0
864691135491204327,864691134949263100,1,912.0
864691135491204327,864691135503182685,1,4252.0
864691135491204327,864691136022520056,1,8280.0
864691135491204327,864691136991202453,1,11596.0
864691135492568551,864691135214931072,1,16484.0
864691135492568551,864691135396794101,1,4472.0
864691135492568551,864691135455400554,1,8920.0
864691135492568551,864691135476528704,2,15136.0
864691135492568551,864691135490326074,1,21460.0
864691135492568551,864691135493149927,1,2156.0
864691135492568551,864691135493686111,1,3404.0
864691135492568551,864691135611019015,1,23008.0
864691135492568551,864691135751110185,1,3496.0
864691135492568551,864691135760106830,1,5744.0
864691135492568551,864691135861093992,1,1056.0
864691135492568551,864691135868916246,1,4520.0
864691135492568551,864691136011684526,1,15988.0
864691135492568551,864691136034084795,1,7672.0
864691135492568551,864691136137293195,1,34368.0
864691135492568551,864691136373008520,1,33020.0
864691135492568551,864691136391042167,1,4556.0
864691135492568551,864691136596901026,1,9096.0
864691135493079783,864691135517531786,1,2476.0
864691135493079783,864691135585046648,1,7120.0
864691135493079783,864691135801133666,1,11984.0
864691135493079783,864691135940685057,2,4968.0
864691135493079783,864691136619882637,1,38044.0
864691135493149927,864691134948788476,1,996.0
864691135493149927,864691134966710559,1,208.0
864691135493149927,864691135102151968,1,556.0
864691135493149927,864691135124146727,1,8192.0
864691135493149927,864691135124603687,1,5044.0
864691135493149927,864691135258642863,1,1864.0
864691135493149927,864691135294190518,1,2272.0
864691135493149927,864691135362104647,1,16652.0
864691135493149927,864691135386899029,1,4184.0
864691135493149927,864691135417478842,1,4888.0
864691135493149927,864691135466236229,1,1992.0
864691135493149927,864691135496440208,2,45060.0
864691135493149927,864691135499707667,1,4900.0
864691135493149927,864691135577644574,1,288.0
864691135493149927,864691135583223405,2,18380.0
864691135493149927,864691135584504429,1,4368.0
864691135493149927,864691135586240120,1,9664.0
864691135493149927,864691135698211994,1,920.0
864691135493149927,864691135719900721,1,2628.0
864691135493149927,864691135743102827,1,55676.0
864691135493149927,864691135773073147,1,2340.0
864691135493149927,864691135810982860,1,10296.0
864691135493149927,864691135842486243,2,3464.0
864691135493149927,864691135858298670,2,13656.0
864691135493149927,864691135988557315,1,7388.0
864691135493149927,864691135994235841,1,2168.0
864691135493149927,864691136101340021,1,3840.0
864691135493149927,864691136275894285,1,488.0
864691135493149927,864691136381301461,1,1400.0
864691135493149927,864691136424439855,1,7124.0
864691135493620831,864691135504081986,1,6076.0
864691135493620831,864691136010639022,1,1936.0
864691135493620831,864691136101516661,1,4208.0
864691135493620831,864691136195798504,1,1828.0
864691135493620831,864691136239980604,1,260.0
864691135493620831,864691136275894285,1,9344.0
864691135493620831,864691136419797655,2,8596.0
864691135493620831,864691136437631902,1,3720.0
864691135493686111,864691134949081852,1,748.0
864691135493686111,864691134966324767,1,11792.0
864691135493686111,864691135164887853,1,572.0
864691135493686111,864691135209432185,1,21344.0
864691135493686111,864691135257669039,1,2092.0
864691135493686111,864691135258642863,4,38792.0
864691135493686111,864691135294442678,1,2620.0
864691135493686111,864691135384344043,1,11540.0
864691135493686111,864691135466158917,1,3528.0
864691135493686111,864691135470787666,1,12456.0
864691135493686111,864691135499283987,1,8692.0
864691135493686111,864691135503182685,1,5392.0
864691135493686111,864691135504327861,1,484.0
864691135493686111,864691135640297787,1,440.0
864691135493686111,864691135739587697,1,2888.0
864691135493686111,864691135861093992,1,16048.0
864691135493686111,864691135947258916,1,400.0
864691135493686111,864691135955962888,1,17160.0
864691135493686111,864691135994226881,1,200.0
864691135493686111,864691136137237899,2,24928.0
864691135493686111,864691136330101226,1,21680.0
864691135493686111,864691136330407914,4,70564.0
864691135493686111,864691136373008520,1,1504.0
864691135493686111,864691136452447743,1,1244.0
864691135493686111,864691136968542926,1,10596.0
864691135493686111,864691136991202453,2,29416.0
864691135493686111,864691137021264750,1,3908.0
864691135493686111,864691137198691137,1,5172.0
864691135495698832,864691135688186080,1,21052.0
864691135495698832,864691136228250961,1,9612.0
864691135495698832,864691136419797655,1,6780.0
864691135495698832,864691136991202453,3,74148.0
864691135496333968,864691135059143323,1,2004.0
864691135496333968,864691135416233914,1,4472.0
864691135496333968,864691135463695429,1,1660.0
864691135496333968,864691135511802576,1,7356.0
864691135496333968,864691135755197133,1,2572.0
864691135496333968,864691135989817088,1,7648.0
864691135496333968,864691136176327430,1,9124.0
864691135496333968,864691136227484753,1,2488.0
864691135496333968,864691136275031565,1,1596.0
864691135496339088,864691135493079783,1,2160.0
864691135496339088,864691135572385061,1,33760.0
864691135496381840,864691134919529994,1,15676.0
864691135496381840,864691134948788476,1,23768.0
864691135496381840,864691135164887853,1,11620.0
864691135496381840,864691135272003237,1,9848.0
864691135496381840,864691135294442678,1,456.0
864691135496381840,864691135362104647,1,31692.0
864691135496381840,864691135585266808,1,3252.0
864691135496381840,864691135774294603,1,1600.0
864691135496381840,864691136137794941,1,10096.0
864691135496381840,864691136228250961,1,3808.0
864691135496440208,864691135102151968,1,34664.0
864691135496440208,864691135136360217,1,1848.0
864691135496440208,864691135210134905,1,2540.0
864691135496440208,864691135294190518,2,27428.0
864691135496440208,864691135362104647,1,27892.0
864691135496440208,864691135388368001,1,8360.0
864691135496440208,864691135469753426,1,35060.0
864691135496440208,864691135470787666,1,1284.0
864691135496440208,864691135518283475,2,83868.0
864691135496440208,864691135576881950,1,17900.0
864691135496440208,864691135582973549,1,6752.0
864691135496440208,864691135619756943,1,3440.0
864691135496440208,864691135725748139,1,3048.0
864691135496440208,864691135731679929,2,15876.0
864691135496440208,864691135774053371,2,4664.0
864691135496440208,864691135885911920,1,1704.0
864691135496440208,864691135970226021,1,9228.0
864691135496440208,864691135977666883,1,4360.0
864691135496440208,864691136022520056,1,196.0
864691135496440208,864691136034084795,1,15560.0
864691135496440208,864691136195798504,1,1800.0
864691135496440208,864691136274655166,1,2524.0
864691135496440208,864691136330101226,1,9100.0
864691135496440208,864691136373008520,1,11012.0
864691135496440208,864691136389921911,1,3832.0
864691135496440208,864691136452602367,1,2200.0
864691135496440208,864691136453419007,1,15704.0
864691135497743635,864691135270320293,1,6012.0
864691135497743635,864691135359010904,1,1968.0
864691135497743635,864691135367033849,2,31936.0
864691135497743635,864691135382556378,2,22400.0
864691135497743635,864691135428676144,1,504.0
864691135497743635,864691135501703746,1,13528.0
864691135497743635,864691135700648226,1,1004.0
864691135497743635,864691135701624699,1,7768.0
864691135497743635,864691135852138183,1,20836.0
864691135497743635,864691135864188286,1,3304.0
864691135497743635,864691135885140848,1,7240.0
864691135497743635,864691135946676260,1,5184.0
864691135497743635,864691135975539779,1,336.0
864691135497743635,864691135975633475,1,612.0
864691135497743635,864691136108938168,1,13688.0
864691135497743635,864691136136766845,1,6896.0
864691135497743635,864691136196127208,1,2792.0
864691135497743635,864691136334080435,1,816.0
864691135497743635,864691136419797655,1,8932.0
864691135497743635,864691136812081779,1,24452.0
864691135499231763,864691134887026938,2,8316.0
864691135499231763,864691135102433056,1,4564.0
864691135499231763,864691135339600102,1,10768.0
864691135499231763,864691135384843738,1,2208.0
864691135499231763,864691135587519868,1,2304.0
864691135499231763,864691135719900721,1,4388.0
864691135499231763,864691135810492189,1,1300.0
864691135499231763,864691135990004992,1,416.0
864691135499231763,864691136314473021,1,3024.0
864691135499231763,864691136391042167,1,6624.0
864691135499283987,864691135386899029,1,7844.0
864691135499283987,864691135388828033,2,18668.0
864691135499283987,864691136091074615,1,13104.0
864691135499283987,864691136330101226,1,5536.0
864691135499707667,864691134919869706,1,2272.0
864691135499707667,864691134949263100,1,4584.0
864691135499707667,864691135157994084,1,6868.0
864691135499707667,864691135335635177,1,5820.0
864691135499707667,864691135375351369,1,3720.0
864691135499707667,864691135375590217,1,3376.0
864691135499707667,864691135417045946,1,3240.0
864691135499707667,864691135448698196,1,756.0
864691135499707667,864691135465113157,1,300.0
864691135499707667,864691135469845388,1,3188.0
864691135499707667,864691135504203357,1,3712.0
864691135499707667,864691135619756943,1,392.0
864691135499707667,864691135662408944,1,5288.0
864691135499707667,864691135760106830,1,2552.0
864691135499707667,864691135774294603,1,2836.0
864691135499707667,864691135842486243,1,16380.0
864691135499707667,864691135942924148,1,3608.0
864691135499707667,864691135977045871,1,2336.0
864691135499707667,864691136033332155,1,888.0
864691135499707667,864691136058745048,1,2960.0
864691135499707667,864691136195798504,1,41936.0
864691135499707667,864691136238679567,1,24392.0
864691135499707667,864691136380718037,1,9176.0
864691135499707667,864691136424439855,1,6972.0
864691135499707667,864691136618795227,1,4276.0
864691135499707667,864691136664127454,1,1592.0
864691135499707667,864691136674749575,1,16772.0
864691135499707667,864691136905758130,1,15748.0
864691135501703746,864691135496440208,1,9280.0
864691135501703746,864691135779049056,2,25456.0
864691135501703746,864691136578820884,1,6112.0
864691135502730562,864691135740860820,1,2696.0
864691135502885954,864691134942472035,1,3744.0
864691135502885954,864691134950156796,1,3116.0
864691135502885954,864691135562975969,1,10148.0
864691135502885954,864691135774053371,1,10308.0
864691135502885954,864691135774179147,1,2064.0
864691135502885954,864691135774368763,1,3428.0
864691135502885954,864691136011684526,1,11680.0
864691135502885954,864691136110256824,1,3520.0
864691135502885954,864691136336039091,1,2488.0
864691135502902338,864691135258642863,1,4968.0
864691135502902338,864691136135963787,1,15380.0
864691135503163202,864691135136360217,1,18204.0
864691135503163202,864691135210134905,1,1496.0
864691135503163202,864691135272206865,1,14504.0
864691135503163202,864691135277186789,2,32252.0
864691135503163202,864691135280682401,1,4688.0
864691135503163202,864691135359010904,1,5440.0
864691135503163202,864691135387690069,1,36396.0
864691135503163202,864691135388368001,1,200.0
864691135503163202,864691135493686111,1,35672.0
864691135503163202,864691135688186080,1,2648.0
864691135503163202,864691135779049056,1,6424.0
864691135503163202,864691135955962888,2,18968.0
864691135503163202,864691135977045871,1,3332.0
864691135503163202,864691135989817088,1,17440.0
864691135503163202,864691136026198585,1,10068.0
864691135503163202,864691136137834877,1,2764.0
864691135503163202,864691136176327430,1,17072.0
864691135503163202,864691136298125851,1,7316.0
864691135503163202,864691136521831825,1,3096.0
864691135503182685,864691134942472035,1,4796.0
864691135503182685,864691135134016928,1,13952.0
864691135503182685,864691135725748139,1,10228.0
864691135503182685,864691135750307881,1,6604.0
864691135503182685,864691136390788215,1,10968.0
864691135503182685,864691136391042167,1,16432.0
864691135503182685,864691136813937267,1,16348.0
864691135503443549,864691135495698832,2,31304.0
864691135503443549,864691135774177531,4,8896.0
864691135503836253,864691135134052512,2,5536.0
864691135503836253,864691135184104194,1,12408.0
864691135503836253,864691135294442678,1,27204.0
864691135503836253,864691135325487004,1,496.0
864691135503836253,864691135430275120,1,1708.0
864691135503836253,864691135473383730,1,4164.0
864691135503836253,864691135583277677,1,16616.0
864691135503836253,864691135584008045,3,22940.0
864691135503836253,864691135640297787,1,3324.0
864691135503836253,864691135656578242,1,1376.0
864691135503836253,864691135662059248,1,748.0
864691135503836253,864691135698211994,1,26132.0
864691135503836253,864691135700814114,1,724.0
864691135503836253,864691135725748139,1,8660.0
864691135503836253,864691135741930603,1,9192.0
864691135503836253,864691135743102827,1,3444.0
864691135503836253,864691135750307881,1,14888.0
864691135503836253,864691135757040082,1,3568.0
864691135503836253,864691135954393891,1,1844.0
864691135503836253,864691135976063855,1,444.0
864691135503836253,864691135990004992,1,6304.0
864691135503836253,864691136034084795,1,25640.0
864691135503836253,864691136040834558,1,8412.0
864691135503836253,864691136043283030,1,38868.0
864691135503836253,864691136058745048,1,5140.0
864691135503836253,864691136110366904,2,28800.0
864691135503836253,864691136125433894,1,10684.0
864691135503836253,864691136125956134,1,6072.0
864691135503836253,864691136137794941,1,1968.0
864691135503836253,864691136196265704,1,3468.0
864691135503836253,864691136299034139,1,2876.0
864691135503836253,864691136488999186,1,8664.0
864691135503836253,864691136523216017,1,5152.0
864691135503836253,864691136675427975,1,3536.0
864691135503836253,864691136725343485,1,2100.0
864691135503836253,864691136912172017,1,4508.0
864691135503836253,864691136927761226,1,4436.0
864691135503836253,864691136975144988,1,9920.0
864691135503836253,864691136990522517,1,8516.0
864691135503836253,864691136991202453,1,1232.0
864691135504081986,864691135164772653,1,224.0
864691135504081986,864691135342585541,1,18484.0
864691135504081986,864691135455400554,1,3532.0
864691135504081986,864691135717163802,1,10472.0
864691135504081986,864691135774053371,1,176.0
864691135504081986,864691135861093992,1,17728.0
864691135504081986,864691136137794941,1,808.0
864691135504081986,864691136314404669,1,2140.0
864691135504081986,864691136438469534,1,15180.0
864691135504081986,864691136976001308,1,220.0
864691135504168285,864691135384285931,1,2044.0
864691135504168285,864691135448698196,1,8984.0
864691135504168285,864691135466158917,1,1120.0
864691135504168285,864691135592830731,1,13196.0
864691135504168285,864691135694246079,1,13740.0
864691135504168285,864691135750958889,1,4068.0
864691135504168285,864691135810492189,1,1572.0
864691135504168285,864691136033332155,1,4604.0
864691135504168285,864691136058745048,1,2172.0
864691135504168285,864691136196517452,1,1416.0
864691135504168285,864691136484732972,1,1864.0
864691135504168285,864691136523335057,1,19064.0
864691135504203357,864691135157994084,1,8248.0
864691135504203357,864691135209432185,1,1796.0
864691135504203357,864691135294442678,1,1600.0
864691135504203357,864691135375107272,1,7660.0
864691135504203357,864691135396940021,1,2128.0
864691135504203357,864691135465343045,1,1816.0
864691135504203357,864691135466158917,1,6200.0
864691135504203357,864691135466236229,1,5064.0
864691135504203357,864691135493149927,1,6328.0
864691135504203357,864691135502902338,1,2336.0
864691135504203357,864691135518173395,1,3780.0
864691135504203357,864691135572346349,1,5852.0
864691135504203357,864691135578360837,1,5344.0
864691135504203357,864691135618505065,1,7844.0
864691135504203357,864691135689417440,1,3680.0
864691135504203357,864691135717457946,2,17060.0
864691135504203357,864691135732210873,1,1068.0
864691135504203357,864691135764583990,1,1824.0
864691135504203357,864691135773073147,1,9836.0
864691135504203357,864691135778419901,1,3408.0
864691135504203357,864691135779020221,3,11864.0
864691135504203357,864691135810492189,1,164.0
864691135504203357,864691135868060950,1,10744.0
864691135504203357,864691135875460494,1,26176.0
864691135504203357,864691135977045871,1,232.0
864691135504203357,864691136011768494,1,4520.0
864691135504203357,864691136013367715,1,2944.0
864691135504203357,864691136118686884,1,25976.0
864691135504203357,864691136239902780,1,4328.0
864691135504203357,864691136330101226,1,35360.0
864691135504203357,864691136438666398,1,884.0
864691135504203357,864691136484732972,1,5100.0
864691135504203357,864691136619096795,1,44276.0
864691135504203357,864691136991359893,1,20552.0
864691135504327861,864691135124146727,1,5164.0
864691135504327861,864691135362104647,2,17868.0
864691135504327861,864691135396794101,1,9204.0
864691135504327861,864691135566168599,1,4996.0
864691135504327861,864691135617152361,1,9052.0
864691135504327861,864691135739587697,1,4812.0
864691135504327861,864691135756075981,1,10568.0
864691135504327861,864691135773073147,1,3272.0
864691135504327861,864691135954393891,1,2988.0
864691135504327861,864691136013367715,1,5512.0
864691135504327861,864691136330101226,1,5044.0
864691135504327861,864691136380757461,1,21716.0
864691135504327861,864691136437631902,2,39940.0
864691135504327861,864691136484364844,1,2352.0
864691135504327861,864691136524172689,1,18304.0
864691135504327861,864691136905560754,1,29244.0
864691135504327861,864691136991202453,2,9264.0
864691135510191369,864691134886499066,1,8608.0
864691135510846217,864691135417443514,1,1900.0
864691135510846217,864691135757040082,1,832.0
864691135510846217,864691135810492189,1,1608.0
864691135510846217,864691136058745048,1,3360.0
864691135510846217,864691136438666398,1,3272.0
864691135511802576,864691135209194617,1,12792.0
864691135511802576,864691135585415544,1,23196.0
864691135517531786,864691135387690069,1,2764.0
864691135517531786,864691135463695429,1,7640.0
864691135517531786,864691136273494206,1,2944.0
864691135517531786,864691136311106650,1,548.0
864691135518173395,864691134942472035,1,36472.0
864691135518173395,864691134966114591,1,1760.0
864691135518173395,864691135060651419,1,14812.0
864691135518173395,864691135214931072,1,1640.0
864691135518173395,864691135294442678,1,22504.0
864691135518173395,864691135336055529,1,3464.0
864691135518173395,864691135398805281,1,1792.0
864691135518173395,864691135464928318,1,5052.0
864691135518173395,864691135465932357,2,29360.0
864691135518173395,864691135577749022,2,11804.0
864691135518173395,864691135582973549,1,5760.0
864691135518173395,864691135617152361,1,16428.0
864691135518173395,864691135656674242,1,7320.0
864691135518173395,864691135717457946,1,9188.0
864691135518173395,864691135839950227,1,2820.0
864691135518173395,864691135843242211,1,5108.0
864691135518173395,864691135858273326,1,3684.0
864691135518173395,864691135939049988,1,8980.0
864691135518173395,864691135970180709,1,12876.0
864691135518173395,864691135990004992,1,3136.0
864691135518173395,864691136040834558,1,6136.0
864691135518173395,864691136091074615,1,2756.0
864691135518173395,864691136137237899,1,15312.0
864691135518173395,864691136195798504,1,2980.0
864691135518173395,864691136274655166,1,4008.0
864691135518173395,864691136311059034,1,4384.0
864691135518173395,864691136314491965,1,15800.0
864691135518173395,864691136330407914,2,52864.0
864691135518173395,864691136336107187,1,4092.0
864691135518173395,864691136372047496,1,25812.0
864691135518173395,864691136390788215,1,2892.0
864691135518173395,864691136618795227,1,2764.0
864691135518173395,864691136674744199,2,7028.0
864691135518173395,864691136968542926,2,3556.0
864691135518283475,864691134942472035,1,3580.0
864691135518283475,864691135102151968,2,26412.0
864691135518283475,864691135157994084,1,7428.0
864691135518283475,864691135164887853,1,892.0
864691135518283475,864691135209369465,1,8628.0
864691135518283475,864691135258563503,1,9324.0
864691135518283475,864691135277186789,1,484.0
864691135518283475,864691135324623260,1,2040.0
864691135518283475,864691135375888840,1,2048.0
864691135518283475,864691135396940021,1,10556.0
864691135518283475,864691135417478842,1,6996.0
864691135518283475,864691135478400936,1,5652.0
864691135518283475,864691135570791558,1,2164.0
864691135518283475,864691135582973549,1,3264.0
864691135518283475,864691135585266808,1,3152.0
864691135518283475,864691135591854347,1,3804.0
864691135518283475,864691135640398651,1,2912.0
864691135518283475,864691135742102635,1,11532.0
864691135518283475,864691135808925981,1,8052.0
864691135518283475,864691135892214409,1,12420.0
864691135518283475,864691135988742147,1,732.0
864691135518283475,864691136085904236,1,2168.0
864691135518283475,864691136390474359,1,14768.0
864691135518283475,864691136814627955,2,9860.0
864691135518283475,864691136904488114,1,1568.0
864691135518453642,864691135724393131,1,15248.0
864691135518989962,864691135430346544,1,2648.0
864691135518989962,864691135473383730,1,4236.0
864691135518989962,864691135479833030,1,160.0
864691135518989962,864691135502885954,1,14876.0
864691135518989962,864691135577644574,1,3960.0
864691135518989962,864691135656578242,1,6340.0
864691135518989962,864691135731889337,1,3760.0
864691135518989962,864691135741524587,1,10724.0
864691135518989962,864691135810308125,1,5516.0
864691135518989962,864691135849426270,1,5036.0
864691135518989962,864691136013367715,1,548.0
864691135518989962,864691136389688695,1,6484.0
864691135518989962,864691136391042167,1,9204.0
864691135518989962,864691136437631902,1,9552.0
864691135518989962,864691136602371025,1,15760.0
864691135539491442,864691135417045946,1,2076.0
864691135539491442,864691135455819114,1,4844.0
864691135539491442,864691135698016410,1,15808.0
864691135539491442,864691136579408916,1,4204.0
864691135539491442,864691137198382657,2,5412.0
864691135540272498,864691135060727707,1,6648.0
864691135540272498,864691135271081125,1,1148.0
864691135540272498,864691135272069285,1,3288.0
864691135540272498,864691135325263004,1,5472.0
864691135540272498,864691135396794101,1,836.0
864691135540272498,864691135455400554,1,16152.0
864691135540272498,864691135656578242,1,2924.0
864691135540272498,864691135739689073,1,372.0
864691135540272498,864691135763941174,1,3128.0
864691135540272498,864691135866576604,1,18332.0
864691135540272498,864691135886130288,1,2556.0
864691135540272498,864691136331249642,1,3480.0
864691135540272498,864691136364308962,1,2516.0
864691135540272498,864691136603811281,1,2516.0
864691135540272498,864691136674749575,1,5852.0
864691135540440178,864691135849088094,1,2680.0
864691135540440178,864691135994235841,1,1540.0
864691135540440178,864691136144827444,1,45728.0
864691135546339880,864691134948788476,1,7588.0
864691135546339880,864691134949263100,2,26048.0
864691135546339880,864691134989865338,1,31820.0
864691135546339880,864691135060651419,1,39488.0
864691135546339880,864691135209280633,1,3912.0
864691135546339880,864691135257669039,1,11784.0
864691135546339880,864691135294442678,1,3332.0
864691135546339880,864691135409859785,2,18024.0
864691135546339880,864691135455400554,1,12240.0
864691135546339880,864691135465343045,1,2456.0
864691135546339880,864691135470787666,1,13328.0
864691135546339880,864691135477469352,1,6940.0
864691135546339880,864691135496440208,1,3864.0
864691135546339880,864691135540440178,1,2460.0
864691135546339880,864691135577651230,1,20244.0
864691135546339880,864691135577749022,1,8360.0
864691135546339880,864691135778419901,1,11984.0
864691135546339880,864691135850033758,1,8944.0
864691135546339880,864691135855890478,1,560.0
864691135546339880,864691135868916246,1,4548.0
864691135546339880,864691135878061395,1,11900.0
864691135546339880,864691136034011579,1,8992.0
864691135546339880,864691136034084795,1,11732.0
864691135546339880,864691136041575422,1,7664.0
864691135546339880,864691136134678667,1,14596.0
864691135546339880,864691136211175612,1,9720.0
864691135546339880,864691136314491965,1,7360.0
864691135546339880,864691136421279639,1,2824.0
864691135546339880,864691136523033233,1,12808.0
864691135546339880,864691136814627955,1,7032.0
864691135546339880,864691136975144988,1,4072.0
864691135546902056,864691135257669039,1,7452.0
864691135546902056,864691135358995288,1,2620.0
864691135546902056,864691135387690069,1,1116.0
864691135546902056,864691135503182685,2,14472.0
864691135546902056,864691135685087474,3,109932.0
864691135546902056,864691135698211994,1,5124.0
864691135546902056,864691135738969220,1,5020.0
864691135546902056,864691135763941174,1,1440.0
864691135546902056,864691135782241616,1,6384.0
864691135546902056,864691135868210454,1,652.0
864691135546902056,864691135938816260,1,2020.0
864691135546902056,864691135977666883,1,9036.0
864691135546902056,864691136022520056,1,29864.0
864691135546902056,864691136042982742,1,33388.0
864691135546902056,864691136419797655,1,19512.0
864691135546902056,864691136812081779,1,1556.0
864691135546902056,864691136967703758,1,3224.0
864691135547082280,864691135572346349,2,13740.0
864691135562004193,864691134949263100,1,308.0
864691135562004193,864691134966324767,1,4292.0
864691135562004193,864691135294520844,1,8368.0
864691135562004193,864691135336055529,1,12404.0
864691135562004193,864691135480892614,1,3660.0
864691135562004193,864691135504168285,1,380.0
864691135562004193,864691135576881950,1,3472.0
864691135562004193,864691135611140359,1,2896.0
864691135562004193,864691135694415551,2,16692.0
864691135562004193,864691135778638013,1,19420.0
864691135562004193,864691135810905036,1,2528.0
864691135562004193,864691135868210454,1,42672.0
864691135562004193,864691136010639022,1,5524.0
864691135562004193,864691136091634487,1,4576.0
864691135562004193,864691136125433894,1,1040.0
864691135562004193,864691136228250961,1,1576.0
864691135562004193,864691136313406781,1,6960.0
864691135562004193,864691136364308962,1,440.0
864691135562004193,864691136424439855,1,17024.0
864691135562004193,864691136742067804,1,2164.0
864691135562004193,864691136814442867,1,4204.0
864691135562410721,864691135274816017,1,4700.0
864691135562410721,864691135466236229,1,3664.0
864691135562410721,864691135480892614,1,4452.0
864691135562410721,864691135646775791,1,27748.0
864691135562410721,864691135773208651,1,3056.0
864691135562410721,864691135938816260,1,3204.0
864691135562410721,864691136011686318,1,5224.0
864691135562410721,864691136177629702,1,2912.0
864691135562410721,864691136438717086,1,15288.0
864691135562474977,864691135102381856,1,2148.0
864691135562474977,864691135257669039,1,380.0
864691135562474977,864691135360482392,1,2424.0
864691135562474977,864691135362104647,1,2332.0
864691135562474977,864691135502885954,1,4252.0
864691135562474977,864691135571192966,1,9228.0
864691135562474977,864691135861093992,1,15804.0
864691135562474977,864691135885911920,1,3976.0
864691135562474977,864691135993150913,1,6036.0
864691135562474977,864691136025504569,1,2220.0
864691135562474977,864691136137237899,1,1620.0
864691135562474977,864691136239108156,1,10688.0
864691135562474977,864691136336039091,1,28284.0
864691135562474977,864691137199038273,1,8528.0
864691135562798817,864691135496381840,1,6192.0
864691135562798817,864691135517531786,1,38388.0
864691135562798817,864691135567047191,1,1140.0
864691135562798817,864691135583172717,1,3076.0
864691135562798817,864691135655390658,1,6004.0
864691135562798817,864691135656578242,1,21688.0
864691135562798817,864691135684657079,1,21612.0
864691135562798817,864691135727790911,1,540.0
864691135562798817,864691135739587697,1,1892.0
864691135562798817,864691135740860820,1,2216.0
864691135562798817,864691135741458324,1,32828.0
864691135562798817,864691135749141801,1,40104.0
864691135562798817,864691135787537348,1,1296.0
864691135562798817,864691135816565839,1,11224.0
864691135562798817,864691135842486243,1,3692.0
864691135562798817,864691135977309763,1,9732.0
864691135562798817,864691135977666883,3,10464.0
864691135562798817,864691136022520056,1,17876.0
864691135562798817,864691136119885080,1,2484.0
864691135562798817,864691136389921911,1,1792.0
864691135562798817,864691136814442867,1,1196.0
864691135562798817,864691137055712630,1,10700.0
864691135562842337,864691135270320293,1,25312.0
864691135562842337,864691135272069285,1,1252.0
864691135562842337,864691135360017752,1,4244.0
864691135562842337,864691135375351369,1,9564.0
864691135562842337,864691135463695429,1,3324.0
864691135562842337,864691135499283987,2,18872.0
864691135562842337,864691135573276197,1,9588.0
864691135562842337,864691135586724220,1,13504.0
864691135562842337,864691135750958889,1,7984.0
864691135562842337,864691135757040082,1,4548.0
864691135562842337,864691135778288573,1,208.0
864691135562842337,864691135842486243,2,13176.0
864691135562842337,864691135977666883,1,12956.0
864691135562842337,864691135988557315,1,8104.0
864691135562842337,864691136034084795,1,1884.0
864691135562842337,864691136034181307,1,18524.0
864691135562842337,864691136118686884,1,4836.0
864691135562842337,864691136124845606,1,18268.0
864691135562842337,864691136125411622,1,10772.0
864691135562842337,864691136137293195,1,2576.0
864691135562842337,864691136177629702,1,9692.0
864691135562842337,864691136299034139,4,49820.0
864691135562842337,864691136391042167,1,1320.0
864691135562842337,864691136421279639,1,3496.0
864691135562842337,864691136445215875,1,7432.0
864691135562842337,864691136453419007,1,3712.0
864691135562842337,864691136812081779,1,2232.0
864691135562842337,864691136903681458,2,6060.0
864691135562842337,864691136975144988,1,14888.0
864691135562842337,864691137055367798,2,32196.0
864691135562975969,864691135164772653,1,21124.0
864691135562975969,864691135272003237,1,18508.0
864691135562975969,864691135362104647,1,29584.0
864691135562975969,864691135398805281,1,16652.0
864691135562975969,864691135398817569,1,3860.0
864691135562975969,864691135688186080,1,4680.0
864691135562975969,864691135717163802,1,2228.0
864691135562975969,864691135738969220,1,42436.0
864691135562975969,864691135947258916,1,10636.0
864691135562975969,864691135994226881,1,1376.0
864691135562975969,864691136011686318,1,9152.0
864691135562975969,864691136177629702,1,1372.0
864691135562975969,864691136331249642,1,4168.0
864691135562975969,864691136991202453,1,5312.0
864691135566155351,864691135852138183,1,11856.0
864691135566155351,864691136389607287,1,872.0
864691135566168599,864691134887026938,1,232.0
864691135566168599,864691135465343045,1,244.0
864691135566168599,864691135731679929,1,476.0
864691135566168599,864691135750307881,1,2392.0
864691135566168599,864691135774294603,1,1568.0
864691135566168599,864691135810905036,1,2204.0
864691135566168599,864691136228250961,1,10172.0
864691135566168599,864691136373008520,1,516.0
864691135566945559,864691135571192966,1,1868.0
864691135567047191,864691135060882843,1,4268.0
864691135567047191,864691135102151968,1,15252.0
864691135567047191,864691135164887853,1,16076.0
864691135567047191,864691135258642863,2,6560.0
864691135567047191,864691135277309669,1,15240.0
864691135567047191,864691135325263004,2,30880.0
864691135567047191,864691135396794101,1,1312.0
864691135567047191,864691135584629613,1,25096.0
864691135567047191,864691135619756943,1,4644.0
864691135567047191,864691135694246079,1,2900.0
864691135567047191,864691135750307881,1,26164.0
864691135567047191,864691135774368763,1,14448.0
864691135567047191,864691135779049056,1,8044.0
864691135567047191,864691135839932307,1,17908.0
864691135567047191,864691135839950227,1,2368.0
864691135567047191,864691135861093992,2,36596.0
864691135567047191,864691135955962888,1,4836.0
864691135567047191,864691136033227451,1,26752.0
864691135567047191,864691136091634487,1,4104.0
864691135567047191,864691136111251896,1,2544.0
864691135567047191,864691136118686884,1,3304.0
864691135567047191,864691136195798504,1,1396.0
864691135567047191,864691136330101226,1,37960.0
864691135567047191,864691136389688695,1,7912.0
864691135567047191,864691136453419007,1,9876.0
864691135567047191,864691136604001745,1,1724.0
864691135567047191,864691136674495623,1,11296.0
864691135567047191,864691136991390869,1,2560.0
864691135567059223,864691134942472035,1,3860.0
864691135567059223,864691135015652246,1,1248.0
864691135567059223,864691135060651419,1,13720.0
864691135567059223,864691135384843738,1,4812.0
864691135567059223,864691135405733870,1,2368.0
864691135567059223,864691135448698196,2,15660.0
864691135567059223,864691135504168285,1,3196.0
864691135567059223,864691135577651230,1,9152.0
864691135567059223,864691135698211994,1,9616.0
864691135567059223,864691135919956656,1,13740.0
864691135567059223,864691135994235841,1,652.0
864691135567059223,864691136110366904,1,1140.0
864691135567059223,864691136239980604,1,1156.0
864691135567059223,864691136453419007,1,8768.0
864691135567059223,864691136523335057,1,4604.0
864691135567059223,864691136524172689,2,22176.0
864691135567059223,864691136927761226,3,20052.0
864691135569592300,864691134919972106,1,520.0
864691135569592300,864691134942472035,1,1444.0
864691135569592300,864691134991010426,1,332.0
864691135569592300,864691135015652246,1,9364.0
864691135569592300,864691135304641703,1,3568.0
864691135569592300,864691135325071004,1,3296.0
864691135569592300,864691135339729894,1,4140.0
864691135569592300,864691135343818161,1,25704.0
864691135569592300,864691135430275120,1,2704.0
864691135569592300,864691135493686111,1,24688.0
864691135569592300,864691135503182685,1,10280.0
864691135569592300,864691135503836253,1,17028.0
864691135569592300,864691135504327861,3,24488.0
864691135569592300,864691135567059223,1,4312.0
864691135569592300,864691135587519868,2,11680.0
864691135569592300,864691135774179147,2,37528.0
864691135569592300,864691135782506832,1,2536.0
864691135569592300,864691135810492189,1,8856.0
864691135569592300,864691135816693327,1,7904.0
864691135569592300,864691135843242211,2,14552.0
864691135569592300,864691135942924148,1,4540.0
864691135569592300,864691136091634487,1,12512.0
864691135569592300,864691136137237899,1,14760.0
864691135569592300,864691136177629702,1,11220.0
864691135569592300,864691136381301461,1,748.0
864691135569592300,864691136392785279,1,3784.0
864691135569592300,864691136814508659,2,19016.0
864691135569592300,864691136968542926,1,22076.0
864691135569592300,864691136991202453,1,13504.0
864691135569592300,864691137055367798,1,1268.0
864691135569902316,864691135346571423,1,2208.0
864691135569902316,864691135417045946,1,940.0
864691135569902316,864691135583352941,1,244.0
864691135569902316,864691135741659499,1,1204.0
864691135569902316,864691135772987899,1,2296.0
864691135569902316,864691136013367715,1,20704.0
864691135569902316,864691136058745048,1,1196.0
864691135569902316,864691136125433894,1,3640.0
864691135569902316,864691136420195223,1,15804.0
864691135569902316,864691136578982164,1,2332.0
864691135569902316,864691136603221201,1,2412.0
864691135570301676,864691134942169955,1,23248.0
864691135570301676,864691135102433056,2,6336.0
864691135570301676,864691135214931072,1,13528.0
864691135570301676,864691135304679079,1,1500.0
864691135570301676,864691135466158917,1,17948.0
864691135570301676,864691135492568551,1,4480.0
864691135570301676,864691135583223405,1,492.0
864691135570301676,864691135592830731,1,12268.0
864691135570301676,864691135695146943,1,25848.0
864691135570301676,864691135750642473,1,284.0
864691135570301676,864691135782506832,1,2008.0
864691135570301676,864691135810905036,1,4968.0
864691135570301676,864691135858273326,1,6084.0
864691135570301676,864691135954393891,4,26932.0
864691135570301676,864691136336179123,2,13848.0
864691135570301676,864691136424439855,1,1620.0
864691135570301676,864691136523335057,1,1848.0
864691135570301676,864691136675875719,1,14756.0
864691135570301676,864691136975624220,1,4448.0
864691135570301676,864691137199050049,1,20636.0
864691135570502278,864691135280481697,1,5476.0
864691135570502278,864691135802453858,1,3612.0
864691135570791558,864691135272206865,1,22516.0
864691135570791558,864691135342585541,2,2960.0
864691135570791558,864691135382556378,1,4480.0
864691135570791558,864691135388828033,1,7252.0
864691135570791558,864691135409859785,1,8868.0
864691135570791558,864691135480892614,1,4132.0
864691135570791558,864691135546339880,2,7600.0
864691135570791558,864691135585415544,1,26988.0
864691135570791558,864691135587519868,1,5816.0
864691135570791558,864691135595040043,1,19764.0
864691135570791558,864691136022520056,1,31128.0
864691135570791558,864691136120658712,2,44924.0
864691135570791558,864691136579129876,1,4200.0
864691135570791558,864691136674495623,1,10496.0
864691135571192966,864691134942472035,1,12268.0
864691135571192966,864691135362104647,1,8268.0
864691135571192966,864691135430346544,1,2644.0
864691135571192966,864691135499707667,1,9632.0
864691135571192966,864691135562975969,1,1524.0
864691135571192966,864691135585266808,1,2992.0
864691135571192966,864691135739689073,1,2228.0
864691135571192966,864691135741458324,1,4356.0
864691135571192966,864691136111251896,1,52376.0
864691135571515270,864691135015605910,1,7180.0
864691135571515270,864691135157198692,1,13208.0
864691135571515270,864691135258642863,1,24864.0
864691135571515270,864691135277186789,1,6464.0
864691135571515270,864691135325263004,1,4704.0
864691135571515270,864691135325487004,1,3104.0
864691135571515270,864691135405626862,1,212.0
864691135571515270,864691135466158917,1,768.0
864691135571515270,864691135562004193,1,3548.0
864691135571515270,864691135567059223,1,8520.0
864691135571515270,864691135727790911,1,4596.0
864691135571515270,864691135868210454,1,428.0
864691135571515270,864691135868386070,1,10864.0
864691135571515270,864691135868957462,1,6576.0
864691135571515270,864691135990004992,1,2532.0
864691135571515270,864691136033227451,1,5864.0
864691135571515270,864691136137794941,1,21996.0
864691135571515270,864691136288644291,1,8068.0
864691135571515270,864691136380757461,1,6720.0
864691135571515270,864691136381301461,1,2256.0
864691135571515270,864691136489147922,1,1596.0
864691135571515270,864691136524297617,1,18904.0
864691135571515270,864691136674749575,1,4408.0
864691135571515270,864691136976001308,1,3168.0
864691135572346349,864691135015652246,1,512.0
864691135572346349,864691135280481697,1,2536.0
864691135572346349,864691135510846217,1,16376.0
864691135572346349,864691135585266808,1,32376.0
864691135572346349,864691135586724220,1,3128.0
864691135572346349,864691135750958889,1,1268.0
864691135572346349,864691135865648254,1,3904.0
864691135572346349,864691136144827444,1,3532.0
864691135572346349,864691136484732972,1,1616.0
864691135572346349,864691136742067804,1,13052.0
864691135572346349,864691136905758130,1,5880.0
864691135572346349,864691136914414321,1,3180.0
864691135572385061,864691135134695328,1,680.0
864691135572385061,864691135417045946,1,10536.0
864691135572385061,864691135952122147,1,2572.0
864691135572385061,864691136602371025,1,712.0
864691135572530981,864691135875460494,2,15508.0
864691135572530981,864691136310966106,1,516.0
864691135572530981,864691136380264149,1,184.0
864691135572530981,864691136905458866,1,13836.0
864691135573276197,864691134949081852,1,208.0
864691135573276197,864691135388828033,1,4436.0
864691135573276197,864691135499283987,1,656.0
864691135573276197,864691136196517452,1,5068.0
864691135573276197,864691136313406781,1,3236.0
864691135576881950,864691135102151968,1,2596.0
864691135576881950,864691135102274592,1,276.0
864691135576881950,864691135119709149,1,3980.0
864691135576881950,864691135135019168,1,3536.0
864691135576881950,864691135258642863,1,16228.0
864691135576881950,864691135277309669,1,1624.0
864691135576881950,864691135304641703,1,6296.0
864691135576881950,864691135343818161,1,9088.0
864691135576881950,864691135384176619,1,212.0
864691135576881950,864691135388828033,1,4116.0
864691135576881950,864691135492568551,1,408.0
864691135576881950,864691135493686111,3,24096.0
864691135576881950,864691135591041291,1,19296.0
864691135576881950,864691135757083346,1,3460.0
864691135576881950,864691135774053371,1,3144.0
864691135576881950,864691135782506832,1,2992.0
864691135576881950,864691135801463650,1,4072.0
864691135576881950,864691135994226881,1,1508.0
864691135576881950,864691136010639022,1,3276.0
864691135576881950,864691136011686318,1,3688.0
864691135576881950,864691136022520056,4,93440.0
864691135576881950,864691136042982742,1,4320.0
864691135576881950,864691136085781356,1,3472.0
864691135576881950,864691136228250961,1,176.0
864691135576881950,864691136298125851,1,8128.0
864691135576881950,864691136373008520,1,19720.0
864691135576881950,864691136419797655,1,22700.0
864691135576881950,864691136420279191,1,4700.0
864691135576881950,864691136437631902,2,55420.0
864691135576881950,864691136452609023,1,6512.0
864691135576881950,864691136524172689,1,7816.0
864691135576881950,864691137055367798,1,26372.0
864691135576991518,864691135102151968,1,2260.0
864691135576991518,864691135360346200,1,252.0
864691135576991518,864691135546902056,1,9604.0
864691135576991518,864691135578360837,1,2768.0
864691135576991518,864691135717457946,2,31856.0
864691135576991518,864691135988557315,1,2752.0
864691135576991518,864691136086088556,1,216.0
864691135576991518,864691136391042167,1,1036.0
864691135576991518,864691136990522517,2,7000.0
864691135576991518,864691137055367798,1,7924.0
864691135577221406,864691135360346200,1,5000.0
864691135577221406,864691135469422674,1,2872.0
864691135577221406,864691135562842337,1,26720.0
864691135577221406,864691135688186080,1,2120.0
864691135577221406,864691135694246079,1,216.0
864691135577221406,864691135698211994,1,2876.0
864691135577221406,864691135732210873,1,5988.0
864691135577221406,864691135801463650,2,14632.0
864691135577221406,864691136058745048,1,11488.0
864691135577221406,864691136092725684,1,5088.0
864691135577221406,864691136905758130,1,2804.0
864691135577644574,864691134966114591,2,3260.0
864691135577644574,864691135258642863,1,9432.0
864691135577644574,864691135272003237,1,24228.0
864691135577644574,864691135476528704,1,25028.0
864691135577644574,864691135493686111,1,3164.0
864691135577644574,864691135731679929,1,1612.0
864691135577644574,864691135774294603,3,18868.0
864691135577644574,864691135774389755,1,4560.0
864691135577644574,864691135810473245,1,16708.0
864691135577644574,864691135861093992,1,4344.0
864691135577644574,864691135878061395,1,7608.0
864691135577644574,864691136010651052,1,4740.0
864691135577644574,864691136022520056,1,8416.0
864691135577644574,864691136111559352,1,3724.0
864691135577644574,864691136314404669,1,15200.0
864691135577644574,864691136437631902,1,2844.0
864691135577644574,864691136742067804,1,1168.0
864691135577644574,864691136813937267,1,1972.0
864691135577651230,864691135119709149,1,21264.0
864691135577651230,864691135277186789,1,6868.0
864691135577651230,864691135346685855,1,2220.0
864691135577651230,864691135384344043,1,24320.0
864691135577651230,864691135441799752,1,7012.0
864691135577651230,864691135571192966,1,17952.0
864691135577651230,864691135571515270,1,27072.0
864691135577651230,864691135584008045,1,2120.0
864691135577651230,864691135738969220,1,19300.0
864691135577651230,864691135773073147,1,244.0
864691135577651230,864691135928366606,1,1912.0
864691135577651230,864691136420279191,1,8820.0
864691135577651230,864691136452447743,1,26900.0
864691135577651230,864691136674749575,1,12932.0
864691135577651230,864691137198691137,1,972.0
864691135577749022,864691134942472035,1,1372.0
864691135577749022,864691134966324767,2,36228.0
864691135577749022,864691135060651419,1,18200.0
864691135577749022,864691135135019168,1,5316.0
864691135577749022,864691135277186789,1,14416.0
864691135577749022,864691135294190518,1,5232.0
864691135577749022,864691135325263004,1,9024.0
864691135577749022,864691135441799752,1,9080.0
864691135577749022,864691135469753426,1,2936.0
864691135577749022,864691135493686111,1,452.0
864691135577749022,864691135496440208,1,9196.0
864691135577749022,864691135504327861,1,15860.0
864691135577749022,864691135540272498,1,18080.0
864691135577749022,864691135566168599,1,4320.0
864691135577749022,864691135577644574,2,52832.0
864691135577749022,864691135732210873,1,4820.0
864691135577749022,864691135741780116,2,30968.0
864691135577749022,864691135928366606,1,11508.0
864691135577749022,864691135941300993,1,9360.0
864691135577749022,864691135994226881,1,10800.0
864691135577749022,864691136022520056,1,10004.0
864691135577749022,864691136033227451,1,19660.0
864691135577749022,864691136058745048,1,920.0
864691135577749022,864691136086630764,1,28340.0
864691135577749022,864691136177629702,1,1364.0
864691135577749022,864691136331249642,1,27304.0
864691135577749022,864691136364308962,2,24548.0
864691135577749022,864691136389688695,1,20160.0
864691135577749022,864691136419797655,1,21052.0
864691135577749022,864691136437631902,1,15156.0
864691135577749022,864691136524172689,1,30224.0
864691135577749022,864691136619096795,1,22992.0
864691135577749022,864691136674749575,1,6704.0
864691135577816862,864691135015605910,1,460.0
864691135577816862,864691135060651419,1,2464.0
864691135577816862,864691135157994084,1,15260.0
864691135577816862,864691135164887853,1,4680.0
864691135577816862,864691135258642863,2,34264.0
864691135577816862,864691135324623260,1,4364.0
864691135577816862,864691135357351375,1,4840.0
864691135577816862,864691135386899029,1,10568.0
864691135577816862,864691135386963541,1,1212.0
864691135577816862,864691135430275120,1,9248.0
864691135577816862,864691135430346544,2,39964.0
864691135577816862,864691135466158917,1,2356.0
864691135577816862,864691135480916422,3,33720.0
864691135577816862,864691135493686111,1,25300.0
864691135577816862,864691135496440208,1,296.0
864691135577816862,864691135518173395,1,3000.0
864691135577816862,864691135546339880,1,1876.0
864691135577816862,864691135577651230,1,3236.0
864691135577816862,864691135583277677,1,5444.0
864691135577816862,864691135591041291,1,8372.0
864691135577816862,864691135619463567,1,10172.0
864691135577816862,864691135619756943,1,10244.0
864691135577816862,864691135686283703,2,10036.0
864691135577816862,864691135773073147,1,24080.0
864691135577816862,864691135816693327,1,1176.0
864691135577816862,864691135842486243,1,1008.0
864691135577816862,864691135858298670,2,43332.0
864691135577816862,864691135928366606,1,1596.0
864691135577816862,864691135977654851,1,5020.0
864691135577816862,864691136011684526,1,776.0
864691135577816862,864691136021865976,2,8236.0
864691135577816862,864691136125457446,1,18528.0
864691135577816862,864691136274546622,1,26000.0
864691135577816862,864691136298125851,1,3776.0
864691135577816862,864691136378815445,1,1980.0
864691135577816862,864691136424439855,1,5256.0
864691135577816862,864691136437631902,1,5016.0
864691135577816862,864691136438666398,1,4956.0
864691135577816862,864691136968542926,1,1688.0
864691135577816862,864691136991202453,3,84296.0
864691135577816862,864691136991359893,1,1000.0
864691135577816862,864691137055405174,5,52596.0
864691135578103301,864691135382556378,1,224.0
864691135578103301,864691136663528670,1,484.0
864691135578146565,864691135339088102,1,2176.0
864691135578146565,864691136905560754,1,9448.0
864691135578360837,864691135209194617,1,8588.0
864691135578360837,864691135732578745,1,2428.0
864691135578360837,864691135757083346,1,3344.0
864691135578360837,864691136953413599,1,3764.0
864691135582973549,864691135066958404,1,10808.0
864691135582973549,864691135102381856,1,7372.0
864691135582973549,864691135124146727,1,8624.0
864691135582973549,864691135124603687,2,17392.0
864691135582973549,864691135214986368,1,308.0
864691135582973549,864691135271038885,1,8236.0
864691135582973549,864691135277186789,1,1120.0
864691135582973549,864691135339088102,1,3552.0
864691135582973549,864691135339103718,1,3668.0
864691135582973549,864691135448215698,1,22384.0
864691135582973549,864691135455701354,1,22764.0
864691135582973549,864691135466158917,1,5432.0
864691135582973549,864691135468948364,1,3508.0
864691135582973549,864691135469753426,1,9912.0
864691135582973549,864691135492568551,1,12764.0
864691135582973549,864691135496440208,1,19592.0
864691135582973549,864691135562474977,1,12352.0
864691135582973549,864691135576991518,1,660.0
864691135582973549,864691135593133067,1,3940.0
864691135582973549,864691135695146943,1,208.0
864691135582973549,864691135731889337,1,13284.0
864691135582973549,864691135750958889,1,10228.0
864691135582973549,864691135774294603,1,15808.0
864691135582973549,864691135858273326,1,2840.0
864691135582973549,864691135927494158,1,21884.0
864691135582973549,864691135938816260,1,7748.0
864691135582973549,864691135954393891,1,6540.0
864691135582973549,864691135977045871,1,672.0
864691135582973549,864691136091074615,1,3124.0
864691135582973549,864691136125457446,1,16844.0
864691135582973549,864691136288644291,1,3028.0
864691135582973549,864691136523335057,1,29884.0
864691135582973549,864691136990522517,1,11580.0
864691135582973549,864691137056393846,1,11180.0
864691135583172717,864691135431654960,1,2572.0
864691135583172717,864691135576991518,1,6764.0
864691135583172717,864691135717457946,1,3808.0
864691135583172717,864691135853088967,1,2276.0
864691135583172717,864691136033332155,2,3988.0
864691135583172717,864691136228250961,1,1828.0
864691135583172717,864691136618795227,1,8084.0
864691135583172717,864691136725343485,1,2512.0
864691135583223405,864691135134016928,1,1464.0
864691135583223405,864691135304641703,1,9468.0
864691135583223405,864691135388828033,1,25064.0
864691135583223405,864691135408808649,1,9844.0
864691135583223405,864691135465113157,1,4768.0
864691135583223405,864691135478400936,1,524.0
864691135583223405,864691135569592300,1,8720.0
864691135583223405,864691135577644574,1,3604.0
864691135583223405,864691135858298670,1,5016.0
864691135583223405,864691135868466710,1,4816.0
864691135583223405,864691136091074615,1,3588.0
864691135583223405,864691136195798504,1,20328.0
864691135583223405,864691136239460668,1,1320.0
864691135583223405,864691136330407914,1,1600.0
864691135583223405,864691136484732972,1,11340.0
864691135583223405,864691136619096795,2,29660.0
864691135583277677,864691134966714655,1,704.0
864691135583277677,864691135214931072,1,11580.0
864691135583277677,864691135271696549,1,9044.0
864691135583277677,864691135295165196,1,6812.0
864691135583277677,864691135324623260,2,13456.0
864691135583277677,864691135336055529,2,7824.0
864691135583277677,864691135340055782,1,3540.0
864691135583277677,864691135360809560,1,5280.0
864691135583277677,864691135384344043,1,16196.0
864691135583277677,864691135474504498,2,25908.0
864691135583277677,864691135572346349,1,1468.0
864691135583277677,864691135727790911,2,9344.0
864691135583277677,864691135750958889,1,4064.0
864691135583277677,864691135779705021,1,3916.0
864691135583277677,864691136011686318,1,19536.0
864691135583277677,864691136108378073,1,3612.0
864691135583277677,864691136118686884,1,7700.0
864691135583277677,864691136596901026,1,14580.0
864691135583277677,864691136814508659,1,6892.0
864691135583352941,864691135113733529,1,3660.0
864691135583352941,864691135988742147,1,236.0
864691135583352941,864691136363473634,1,1108.0
864691135583352941,864691136953413599,1,2632.0
864691135584008045,864691135015652246,1,7212.0
864691135584008045,864691135102151968,1,10068.0
864691135584008045,864691135258642863,1,1192.0
864691135584008045,864691135272069285,1,3152.0
864691135584008045,864691135274195217,1,940.0
864691135584008045,864691135294190518,1,168.0
864691135584008045,864691135304641703,1,7392.0
864691135584008045,864691135340055782,1,1892.0
864691135584008045,864691135455507818,1,360.0
864691135584008045,864691135496440208,2,38348.0
864691135584008045,864691135503182685,1,1948.0
864691135584008045,864691135567047191,1,788.0
864691135584008045,864691135583277677,1,948.0
864691135584008045,864691135585266808,1,14204.0
864691135584008045,864691135618505065,1,9660.0
864691135584008045,864691135656579010,2,5324.0
864691135584008045,864691135743102827,1,7352.0
864691135584008045,864691135750958889,2,3528.0
864691135584008045,864691135849088094,1,6916.0
864691135584008045,864691135886208112,1,3540.0
864691135584008045,864691135977666883,1,1568.0
864691135584008045,864691135993150913,1,23424.0
864691135584008045,864691135994235841,1,3408.0
864691135584008045,864691136033227451,2,19980.0
864691135584008045,864691136033332155,1,16480.0
864691135584008045,864691136043380566,1,520.0
864691135584008045,864691136091634487,1,30512.0
864691135584008045,864691136120663064,1,14856.0
864691135584008045,864691136137794941,2,33772.0
864691135584008045,864691136336107187,1,1420.0
864691135584008045,864691136421279639,1,1144.0
864691135584008045,864691136437631902,2,34808.0
864691135584008045,864691136453419007,1,28384.0
864691135584008045,864691136618795227,1,3444.0
864691135584008045,864691136968542926,2,19420.0
864691135584008045,864691136991202453,3,39048.0
864691135584504429,864691135210134905,1,11232.0
864691135584504429,864691135362104647,1,3844.0
864691135584504429,864691135386963541,1,1068.0
864691135584504429,864691135398817569,1,5644.0
864691135584504429,864691135431654960,1,2300.0
864691135584504429,864691135502885954,1,6124.0
864691135584504429,864691135587532924,1,3520.0
864691135584504429,864691135774294603,1,3388.0
864691135584504429,864691135774389755,1,2140.0
864691135584504429,864691135868386070,1,10652.0
864691135584504429,864691136438717086,1,1008.0
864691135584504429,864691136453419007,1,168.0
864691135584504429,864691136742067804,1,8892.0
864691135584504429,864691136814627955,1,2936.0
864691135584629613,864691134948788476,1,4828.0
864691135584629613,864691135060727707,1,6876.0
864691135584629613,864691135272003237,1,22944.0
864691135584629613,864691135294442678,1,34152.0
864691135584629613,864691135339600102,1,4224.0
864691135584629613,864691135362104647,1,27528.0
864691135584629613,864691135577644574,1,2260.0
864691135584629613,864691135587371132,1,11096.0
864691135584629613,864691135688186080,1,32928.0
864691135584629613,864691135725920939,1,15848.0
864691135584629613,864691135741780116,1,3492.0
864691135584629613,864691135774294603,1,440.0
864691135584629613,864691135774389755,1,8600.0
864691135584629613,864691135919956656,1,16764.0
864691135584629613,864691135977666883,1,5820.0
864691135584629613,864691136011684526,1,7892.0
864691135584629613,864691136042982742,1,440.0
864691135584629613,864691136195798504,1,19748.0
864691135584629613,864691136437631902,1,11552.0
864691135584629613,864691136905560754,1,7924.0
864691135585266808,864691135272069285,1,772.0
864691135585266808,864691135340055782,1,21440.0
864691135585266808,864691135750307881,1,4184.0
864691135586240120,864691134949248508,1,14712.0
864691135586240120,864691135157994084,2,8544.0
864691135586240120,864691135272069285,1,5844.0
864691135586240120,864691135448215698,1,3224.0
864691135586240120,864691135540440178,1,12116.0
864691135586240120,864691135618505065,1,13040.0
864691135586240120,864691135698211994,1,16828.0
864691135586240120,864691135751110185,1,200.0
864691135586240120,864691135842486243,1,4596.0
864691135586240120,864691136034084795,1,2560.0
864691135586240120,864691136137293195,1,18740.0
864691135586240120,864691136228250961,1,5580.0
864691135586240120,864691136238679567,1,17232.0
864691135586240120,864691136239980604,1,5044.0
864691135586240120,864691136437631902,2,42204.0
864691135586240120,864691136488999186,1,11408.0
864691135586240120,864691136814508659,1,6820.0
864691135586414716,864691135491204327,1,9512.0
864691135586414716,864691135919645872,1,25996.0
864691135586414716,864691136596815778,1,35072.0
864691135586724220,864691135102381856,1,4644.0
864691135586724220,864691135258642863,1,1736.0
864691135586724220,864691135277186789,1,17520.0
864691135586724220,864691135397982753,2,5172.0
864691135586724220,864691135431654960,1,200.0
864691135586724220,864691135547082280,1,1884.0
864691135586724220,864691135567047191,1,1424.0
864691135586724220,864691135583172717,1,9396.0
864691135586724220,864691135585266808,1,916.0
864691135586724220,864691135655390658,1,2312.0
864691135586724220,864691135774389755,1,2288.0
864691135586724220,864691135850033758,1,6356.0
864691135586724220,864691135994235841,1,3560.0
864691135586724220,864691136091634487,2,13536.0
864691135586724220,864691136137293195,1,4428.0
864691135586724220,864691136195798504,1,1728.0
864691135587371132,864691135280481697,1,24864.0
864691135587371132,864691135294442678,1,3436.0
864691135587371132,864691135448303762,1,18372.0
864691135587371132,864691135466158917,1,844.0
864691135587371132,864691135490326074,1,2536.0
864691135587371132,864691135685087474,1,1092.0
864691135587371132,864691135774389755,1,3428.0
864691135587371132,864691135779705021,1,2784.0
864691135587371132,864691135867644805,1,476.0
864691135587371132,864691136006519498,1,628.0
864691135587371132,864691136022520056,1,8752.0
864691135587371132,864691136042982742,1,1732.0
864691135587371132,864691136144674612,1,6352.0
864691135587371132,864691136274655166,1,1596.0
864691135587371132,864691136389921911,1,2880.0
864691135587519868,864691134887460346,1,3248.0
864691135587519868,864691135124146727,1,10372.0
864691135587519868,864691135210134905,1,2412.0
864691135587519868,864691135465932357,1,66220.0
864691135587519868,864691135470787666,1,5168.0
864691135587519868,864691135480892614,1,2496.0
864691135587519868,864691135504327861,1,1040.0
864691135587519868,864691135540440178,1,12228.0
864691135587519868,864691135562975969,1,14276.0
864691135587519868,864691135577651230,1,11544.0
864691135587519868,864691135616048587,1,3396.0
864691135587519868,864691135817419343,1,12596.0
864691135587519868,864691135939477508,2,42012.0
864691135587519868,864691135994226881,1,3544.0
864691135587519868,864691136288598467,2,5420.0
864691135587519868,864691136314491965,1,3256.0
864691135587519868,864691136364308962,1,236.0
864691135587519868,864691136437631902,1,27008.0
864691135587519868,864691136438717086,1,21176.0
864691135587519868,864691136524172689,1,1568.0
864691135587519868,864691136603811281,1,784.0
864691135587519868,864691136619096795,1,1896.0
864691135587519868,864691136665051614,1,9652.0
864691135587519868,864691136742067804,1,2316.0
864691135587519868,864691136814627955,1,1736.0
864691135587519868,864691136953873631,1,7096.0
864691135587519868,864691136976001308,1,984.0
864691135587532924,864691134965778719,1,8716.0
864691135587532924,864691136288644291,1,3576.0
864691135591041291,864691135066958404,1,17940.0
864691135591041291,864691135503182685,1,14556.0
864691135591041291,864691135566155351,1,608.0
864691135591041291,864691135566168599,1,328.0
864691135591041291,864691135571192966,1,536.0
864691135591041291,864691135688186080,2,25900.0
864691135591041291,864691135698211994,2,32868.0
864691135591041291,864691135742756203,1,10240.0
864691135591041291,864691135868210454,1,3940.0
864691135591041291,864691135919956656,2,42988.0
864691135591041291,864691136042982742,1,14888.0
864691135591041291,864691136195400150,1,18016.0
864691135591041291,864691136195798504,1,5288.0
864691135591041291,864691136275031565,1,572.0
864691135591041291,864691136330407914,1,16144.0
864691135591041291,864691136674749575,2,24500.0
864691135591726603,864691136904488114,1,5720.0
864691135591854347,864691135468948364,1,3436.0
864691135591854347,864691135587532924,1,704.0
864691135591854347,864691136904488114,1,3584.0
864691135592830731,864691135184104194,1,2796.0
864691135592830731,864691135258642863,1,5340.0
864691135592830731,864691135274816017,1,2060.0
864691135592830731,864691135374981320,1,2272.0
864691135592830731,864691135448215698,1,5612.0
864691135592830731,864691135569592300,1,9892.0
864691135592830731,864691135571192966,1,20324.0
864691135592830731,864691135577644574,1,12428.0
864691135592830731,864691135717457946,1,5276.0
864691135592830731,864691135750958889,1,11604.0
864691135592830731,864691135855890478,1,21924.0
864691135592830731,864691135877825107,1,6640.0
864691135592830731,864691135885911920,1,2168.0
864691135592830731,864691135941708033,1,2328.0
864691135592830731,864691135954393891,1,11596.0
864691135592830731,864691136137293195,1,5616.0
864691135592830731,864691136381301461,1,5876.0
864691135592830731,864691136421279639,1,224.0
864691135592830731,864691137055712630,1,1456.0
864691135593133067,864691134886499066,1,16404.0
864691135593133067,864691135157994084,1,3520.0
864691135593133067,864691135209432185,1,10804.0
864691135593133067,864691135346571423,1,8644.0
864691135593133067,864691135357351375,1,5572.0
864691135593133067,864691135448303762,1,4316.0
864691135593133067,864691135455400554,1,25860.0
864691135593133067,864691135455819114,1,4156.0
864691135593133067,864691135469753426,1,35892.0
864691135593133067,864691135469845388,1,664.0
864691135593133067,864691135480892614,1,19348.0
864691135593133067,864691135480916422,1,7440.0
864691135593133067,864691135493686111,1,25496.0
864691135593133067,864691135504203357,1,7772.0
864691135593133067,864691135504327861,1,3952.0
864691135593133067,864691135562798817,1,2708.0
864691135593133067,864691135583277677,1,6332.0
864691135593133067,864691135640297787,3,18600.0
864691135593133067,864691135646775791,1,536.0
864691135593133067,864691135655894978,1,10212.0
864691135593133067,864691135656578242,1,24872.0
864691135593133067,864691135741090196,1,7456.0
864691135593133067,864691135810466333,1,4624.0
864691135593133067,864691135810473245,1,5148.0
864691135593133067,864691135810492189,1,620.0
864691135593133067,864691135843242211,1,5960.0
864691135593133067,864691135867644805,1,5160.0
864691135593133067,864691135885911920,1,2092.0
864691135593133067,864691136006519498,1,1508.0
864691135593133067,864691136137794941,1,160.0
864691135593133067,864691136196517452,1,13028.0
864691135593133067,864691136330101226,1,9656.0
864691135593133067,864691136390788215,1,31116.0
864691135593133067,864691136953197279,1,4120.0
864691135593133067,864691136975300636,1,2768.0
864691135593133067,864691136991359893,1,4016.0
864691135593133067,864691137055367798,1,360.0
864691135593133067,864691137055405174,1,3252.0
864691135593659947,864691134886828794,1,2696.0
864691135593659947,864691135134695328,1,14756.0
864691135593659947,864691135387690069,1,724.0
864691135593659947,864691135455123562,1,3256.0
864691135593659947,864691135496333968,1,9000.0
864691135593659947,864691135497743635,1,8132.0
864691135593659947,864691135501703746,1,2244.0
864691135593659947,864691135572530981,1,3228.0
864691135593659947,864691135731705273,1,1704.0
864691135593659947,864691135852138183,1,772.0
864691135593659947,864691136196127208,1,20076.0
864691135593659947,864691136812081779,1,5784.0
864691135594721579,864691135503182685,1,6416.0
864691135594721579,864691135774389755,1,17412.0
864691135594721579,864691135955962888,1,19340.0
864691135594817067,864691136022520056,1,8088.0
864691135595040043,864691135405733870,1,2980.0
864691135595040043,864691135430486576,1,524.0
864691135595040043,864691136420195223,1,4896.0
864691135610877191,864691135809608652,1,3952.0
864691135611019015,864691134966710559,1,2920.0
864691135611019015,864691135102381856,1,17460.0
864691135611019015,864691135258563503,2,14820.0
864691135611019015,864691135324725404,1,5396.0
864691135611019015,864691135325413788,1,19596.0
864691135611019015,864691135430346544,1,21720.0
864691135611019015,864691135478316200,1,4136.0
864691135611019015,864691135493149927,1,9260.0
864691135611019015,864691135656579010,1,16576.0
864691135611019015,864691135741458324,1,30172.0
864691135611019015,864691135810773452,1,9900.0
864691135611019015,864691135858298670,1,4164.0
864691135611019015,864691135868386070,1,4648.0
864691135611019015,864691135955962888,1,4112.0
864691135611019015,864691136177629702,1,11416.0
864691135611019015,864691136195798504,1,5480.0
864691135611019015,864691136228250961,1,1660.0
864691135611019015,864691136331249642,1,1700.0
864691135611019015,864691136437631902,1,2812.0
864691135611019015,864691136453419007,2,42048.0
864691135611019015,864691136524297617,1,6228.0
864691135611019015,864691137199038273,1,364.0
864691135611140359,864691134887026938,1,3148.0
864691135611140359,864691135375107272,1,3452.0
864691135611140359,864691135480892614,1,2808.0
864691135611140359,864691135504168285,1,10076.0
864691135611140359,864691135617440105,1,3264.0
864691135611140359,864691135716679194,1,17764.0
864691135611140359,864691135719900721,1,3116.0
864691135611140359,864691135725920939,1,3168.0
864691135611140359,864691135855890478,1,12124.0
864691135611140359,864691135954393891,1,14520.0
864691135611140359,864691136013367715,1,1168.0
864691135611140359,864691136025504569,1,3416.0
864691135611140359,864691136058745048,1,5412.0
864691135611140359,864691136275894285,1,7592.0
864691135611140359,864691136288644291,1,5196.0
864691135611140359,864691136664950750,1,9556.0
864691135611140359,864691136967703758,1,3064.0
864691135616048587,864691134949248508,1,6204.0
864691135616048587,864691135375107272,1,2376.0
864691135616048587,864691135686283703,1,2128.0
864691135616048587,864691135731679929,1,6036.0
864691135616048587,864691135756319186,1,1156.0
864691135616048587,864691135774177531,1,3556.0
864691135616048587,864691135867644805,1,24564.0
864691135616048587,864691135955962888,1,2616.0
864691135616048587,864691136420303511,1,11776.0
864691135616048587,864691136904488114,1,2492.0
864691135616048587,864691136913993713,1,7152.0
864691135616363211,864691135519106442,2,30140.0
864691135616363211,864691135610877191,1,1576.0
864691135616363211,864691135724393131,1,30276.0
864691135616363211,864691135801604706,1,5076.0
864691135616363211,864691135937286404,1,2608.0
864691135616363211,864691135952121379,1,5444.0
864691135616363211,864691136578820884,1,14712.0
864691135617152361,864691135258642863,3,14724.0
864691135617152361,864691135339600102,1,4776.0
864691135617152361,864691135360482392,1,2072.0
864691135617152361,864691135362104647,1,9240.0
864691135617152361,864691135408808649,1,19552.0
864691135617152361,864691135430346544,1,492.0
864691135617152361,864691135448698196,1,332.0
864691135617152361,864691135469753426,1,2644.0
864691135617152361,864691135480892614,1,1076.0
864691135617152361,864691135499707667,1,4912.0
864691135617152361,864691135518283475,1,3464.0
864691135617152361,864691135572346349,1,5252.0
864691135617152361,864691135685087474,1,20916.0
864691135617152361,864691135725748139,1,13400.0
864691135617152361,864691135739689073,1,2904.0
864691135617152361,864691135801463650,1,4208.0
864691135617152361,864691135810492189,1,4416.0
864691135617152361,864691135868916246,1,6292.0
864691135617152361,864691135955962888,1,8952.0
864691135617152361,864691135977654851,1,2808.0
864691135617152361,864691136022520056,1,34720.0
864691135617152361,864691136034011579,1,6828.0
864691135617152361,864691136137293195,1,5084.0
864691135617152361,864691136311059034,1,2364.0
864691135617152361,864691136314473021,1,7488.0
864691135617152361,864691136380757461,1,468.0
864691135617152361,864691136484364844,1,620.0
864691135617152361,864691136484732972,1,980.0
864691135617152361,864691136664950750,1,11780.0
864691135617152361,864691136665051614,1,2412.0
864691135617152361,864691136975144988,1,23760.0
864691135617152361,864691137021162094,3,24680.0
864691135617152361,864691137021264750,1,10440.0
864691135617440105,864691135210134905,1,6492.0
864691135617440105,864691135350420951,1,11860.0
864691135617440105,864691135430275120,1,12476.0
864691135617440105,864691135478316200,1,5488.0
864691135617440105,864691135779049056,1,5968.0
864691135617440105,864691135858298670,1,1832.0
864691135617440105,864691136125411622,1,23820.0
864691135617440105,864691136288644291,2,22832.0
864691135617440105,864691137199050049,1,6828.0
864691135618505065,864691135502902338,1,10068.0
864691135619317391,864691134949248508,1,8852.0
864691135619317391,864691135102151968,1,7180.0
864691135619317391,864691135272003237,1,10180.0
864691135619317391,864691135324725404,1,11768.0
864691135619317391,864691135339729126,1,3416.0
864691135619317391,864691135340055782,1,2604.0
864691135619317391,864691135409859785,2,8444.0
864691135619317391,864691135479833030,1,2336.0
864691135619317391,864691135546339880,2,25336.0
864691135619317391,864691135688186080,3,27060.0
864691135619317391,864691135774368763,1,6256.0
864691135619317391,864691135810473245,1,1144.0
864691135619317391,864691135810492189,1,352.0
864691135619317391,864691136238090767,1,6176.0
864691135619317391,864691136452602367,1,6100.0
864691135619317391,864691136523288465,1,6084.0
864691135619317391,864691136664127454,1,1236.0
864691135619463567,864691135134052512,1,24904.0
864691135619463567,864691135274816017,1,1072.0
864691135619463567,864691135277309669,1,4916.0
864691135619463567,864691135324623260,3,37360.0
864691135619463567,864691135343818161,1,976.0
864691135619463567,864691135357351375,1,1740.0
864691135619463567,864691135562410721,1,3416.0
864691135619463567,864691135567059223,1,2788.0
864691135619463567,864691135732210873,1,3660.0
864691135619463567,864691135868919318,1,8448.0
864691135619463567,864691135993150913,1,3388.0
864691135619463567,864691136125433894,1,3328.0
864691135619463567,864691136299034139,1,3012.0
864691135619463567,864691136364308962,1,3540.0
864691135619463567,864691136578820884,1,9308.0
864691135619463567,864691136674749575,1,392.0
864691135619463567,864691136914414321,1,8260.0
864691135619463567,864691137199828801,1,5688.0
864691135619756943,864691135808684573,1,12664.0
864691135619756943,864691135928366606,1,10708.0
864691135619756943,864691135939008565,1,33036.0
864691135619756943,864691135977666883,4,57616.0
864691135619756943,864691136091634487,1,32868.0
864691135619756943,864691136137237899,2,15620.0
864691135619756943,864691136195798504,3,69072.0
864691135619756943,864691136228250961,1,6592.0
864691135619756943,864691136603811281,1,52620.0
864691135619756943,864691136914414321,1,856.0
864691135619756943,864691136991202453,2,1352.0
864691135640297787,864691135562410721,1,668.0
864691135640297787,864691135694246079,1,2016.0
864691135640297787,864691135695146943,1,10128.0
864691135640297787,864691135725842603,1,4316.0
864691135640297787,864691135750958889,1,3940.0
864691135640297787,864691135810492189,1,2948.0
864691135640297787,864691135942924148,1,232.0
864691135640297787,864691136058745048,1,3760.0
864691135640297787,864691136092725684,1,13580.0
864691135640398651,864691135808925981,1,3804.0
864691135640398651,864691136101516661,1,3736.0
864691135646147567,864691134966114591,1,12048.0
864691135646147567,864691135102151968,2,11920.0
864691135646147567,864691135102433056,1,4476.0
864691135646147567,864691135164887853,1,13384.0
864691135646147567,864691135294520844,1,4104.0
864691135646147567,864691135336055529,1,9072.0
864691135646147567,864691135351096279,1,11696.0
864691135646147567,864691135397982753,1,4960.0
864691135646147567,864691135466158917,1,11804.0
864691135646147567,864691135493686111,1,6524.0
864691135646147567,864691135583277677,1,2648.0
864691135646147567,864691135619756943,1,3672.0
864691135646147567,864691135738969220,1,20396.0
864691135646147567,864691135756075981,1,3252.0
864691135646147567,864691135782241616,1,4316.0
864691135646147567,864691135801463650,1,17528.0
864691135646147567,864691135977045871,1,1568.0
864691135646147567,864691136010639022,1,8432.0
864691135646147567,864691136041575422,1,3648.0
864691135646147567,864691136312150874,1,15500.0
864691135646147567,864691136975624220,1,1224.0
864691135646481135,864691135214986368,1,2268.0
864691135646481135,864691135274816017,1,1456.0
864691135646481135,864691135342958789,2,12196.0
864691135646481135,864691135717457946,1,7288.0
864691135646481135,864691135763795510,1,4964.0
864691135646775791,864691134942472035,1,3728.0
864691135646775791,864691135015652246,1,9352.0
864691135646775791,864691135214986368,1,17780.0
864691135646775791,864691135258642863,1,19104.0
864691135646775791,864691135277309669,1,4632.0
864691135646775791,864691135398805281,1,33016.0
864691135646775791,864691135502885954,1,432.0
864691135646775791,864691135567047191,1,28592.0
864691135646775791,864691135656578242,1,3280.0
864691135646775791,864691135688186080,1,20148.0
864691135646775791,864691135774179147,1,4340.0
864691135646775791,864691135858298670,1,6896.0
864691135646775791,864691135865648254,2,32832.0
864691135646775791,864691135928366606,1,5976.0
864691135646775791,864691135955909640,1,14696.0
864691135646775791,864691136101464181,1,21880.0
864691135646775791,864691136144674612,1,10464.0
864691135646775791,864691136196517452,1,5616.0
864691135646775791,864691136330101226,1,68104.0
864691135646775791,864691136373008520,1,24728.0
864691135646775791,864691136665051614,1,11756.0
864691135646775791,864691136912172017,1,2428.0
864691135655390658,864691134942472035,1,37772.0
864691135655390658,864691135015605910,1,37796.0
864691135655390658,864691135102274592,2,10912.0
864691135655390658,864691135164772653,1,17504.0
864691135655390658,864691135362104647,1,3964.0
864691135655390658,864691135388368001,1,1400.0
864691135655390658,864691135492568551,1,5648.0
864691135655390658,864691135493620831,1,17216.0
864691135655390658,864691135546902056,1,15904.0
864691135655390658,864691135584629613,1,7544.0
864691135655390658,864691135611019015,1,22460.0
864691135655390658,864691135617152361,1,1052.0
864691135655390658,864691135739008132,1,2916.0
864691135655390658,864691135739587697,1,11996.0
864691135655390658,864691135774294603,1,13964.0
864691135655390658,864691136034011579,1,5284.0
864691135655390658,864691136195798504,1,10796.0
864691135655390658,864691136524172689,1,20260.0
864691135655390658,864691136991202453,2,22828.0
864691135655894978,864691135060882843,1,4364.0
864691135655894978,864691135480892614,2,22560.0
864691135655894978,864691135518173395,1,2628.0
864691135655894978,864691135566168599,1,6012.0
864691135655894978,864691135569592300,1,3164.0
864691135655894978,864691135586724220,1,2108.0
864691135655894978,864691135725748139,1,1892.0
864691135655894978,864691136125457446,1,820.0
864691135655894978,864691136330101226,2,32108.0
864691135655894978,864691136390474359,1,660.0
864691135656578242,864691135325263004,1,4404.0
864691135656578242,864691135466236229,1,3028.0
864691135656578242,864691135503182685,1,2092.0
864691135656578242,864691135585266808,1,616.0
864691135656578242,864691135586724220,1,468.0
864691135656578242,864691135782702387,1,1744.0
864691135656578242,864691135868386070,1,3820.0
864691135656578242,864691136137794941,1,4296.0
864691135656578242,864691136195798504,2,68920.0
864691135656579010,864691134948788476,1,3808.0
864691135656579010,864691135101431072,1,33072.0
864691135656579010,864691135155894884,1,7720.0
864691135656579010,864691135212492992,1,12748.0
864691135656579010,864691135272003237,1,3276.0
864691135656579010,864691135277309669,1,8868.0
864691135656579010,864691135304641703,1,5108.0
864691135656579010,864691135396794101,1,2688.0
864691135656579010,864691135398805281,2,49368.0
864691135656579010,864691135441799752,2,13856.0
864691135656579010,864691135448303762,1,3580.0
864691135656579010,864691135464795710,1,13576.0
864691135656579010,864691135476528704,1,20992.0
864691135656579010,864691135493620831,1,1704.0
864691135656579010,864691135502885954,3,37632.0
864691135656579010,864691135562410721,1,1388.0
864691135656579010,864691135584629613,1,444.0
864691135656579010,864691135586240120,1,1328.0
864691135656579010,864691135656578242,1,4088.0
864691135656579010,864691135739008132,1,4332.0
864691135656579010,864691135763941174,1,3820.0
864691135656579010,864691135774179147,1,2156.0
864691135656579010,864691135774368763,1,2728.0
864691135656579010,864691136013367715,1,13092.0
864691135656579010,864691136041575422,1,5284.0
864691135656579010,864691136288598467,1,7764.0
864691135656579010,864691136373008520,1,1812.0
864691135656579010,864691136452447743,1,5112.0
864691135656579010,864691136742067804,1,652.0
864691135656579010,864691136914414321,1,7900.0
864691135656674242,864691135272003237,1,6740.0
864691135656674242,864691135503182685,1,3652.0
864691135656674242,864691135977666883,1,5132.0
864691135656674242,864691136022520056,1,11988.0
864691135656674242,864691136040834558,1,3808.0
864691135659358850,864691135618505065,1,6484.0
864691135659358850,864691135777400237,1,10784.0
864691135662059248,864691135388828033,1,5240.0
864691135662059248,864691135455507818,1,3184.0
864691135662059248,864691135503182685,2,53656.0
864691135662059248,864691135760635214,1,8376.0
864691135662059248,864691135774389755,3,53220.0
864691135662059248,864691135868060950,1,440.0
864691135662059248,864691136043283030,1,19276.0
864691135662059248,864691136137794941,1,11116.0
864691135662059248,864691136195798504,1,22480.0
864691135662059248,864691136275894285,2,10300.0
864691135662408944,864691134919869706,1,1488.0
864691135662408944,864691134965778719,1,8640.0
864691135662408944,864691135060727707,1,9564.0
864691135662408944,864691135155894884,2,19284.0
864691135662408944,864691135294442678,1,3372.0
864691135662408944,864691135398817569,1,592.0
864691135662408944,864691135493620831,1,4144.0
864691135662408944,864691135502885954,1,1900.0
864691135662408944,864691135540440178,1,3336.0
864691135662408944,864691135566168599,1,8024.0
864691135662408944,864691135584629613,1,17504.0
864691135662408944,864691135778419901,1,2516.0
864691135662408944,864691135839932307,1,20536.0
864691135662408944,864691136137293195,1,4120.0
864691135662408944,864691136177629702,1,22812.0
864691135662408944,864691136314404669,1,6836.0
864691135662408944,864691136523033233,1,8176.0
864691135662408944,864691136603811281,1,2840.0
864691135662408944,864691137055367798,1,22832.0
864691135685087474,864691134919972106,1,4748.0
864691135685087474,864691135304641703,1,364.0
864691135685087474,864691135503163202,1,6536.0
864691135685087474,864691135584504429,1,3508.0
864691135685087474,864691135584629613,1,14468.0
864691135685087474,864691135688186080,1,11968.0
864691135685087474,864691135727790911,1,1060.0
864691135685087474,864691135738969220,1,2292.0
864691135685087474,864691135750307881,1,22196.0
864691135685087474,864691135774368763,1,3060.0
864691135685087474,864691135839932307,1,9160.0
864691135685087474,864691135839950227,1,30712.0
864691135685087474,864691135938816260,1,18732.0
864691135685087474,864691136022520056,1,5304.0
864691135685087474,864691136288598467,1,1172.0
864691135685087474,864691136330101226,1,1968.0
864691135685087474,864691136331249642,1,18632.0
864691135685087474,864691136419797655,3,42936.0
864691135685087474,864691136488999186,1,1572.0
864691135685087474,864691136604001745,1,2588.0
864691135685087474,864691136619096795,1,5656.0
864691135685087474,864691136664950750,1,5252.0
864691135685087474,864691136991202453,1,908.0
864691135685087474,864691136991390869,1,4900.0
864691135685087474,864691137021264750,1,15384.0
864691135685087474,864691137198691137,1,23200.0
864691135686283703,864691134966710559,2,18436.0
864691135686283703,864691134991010426,1,21496.0
864691135686283703,864691135115049881,1,2808.0
864691135686283703,864691135375351369,1,4564.0
864691135686283703,864691135430275120,1,11476.0
864691135686283703,864691135480892614,1,4236.0
864691135686283703,864691135480916422,1,2432.0
864691135686283703,864691135492568551,1,1288.0
864691135686283703,864691135493686111,1,2568.0
864691135686283703,864691135503182685,1,9084.0
864691135686283703,864691135503836253,1,1484.0
864691135686283703,864691135567047191,1,2736.0
864691135686283703,864691135577816862,1,3432.0
864691135686283703,864691135583277677,1,27988.0
864691135686283703,864691135719900721,2,6748.0
864691135686283703,864691135774294603,1,5960.0
864691135686283703,864691135779049056,1,4096.0
864691135686283703,864691135842486243,1,5472.0
864691135686283703,864691135858298670,1,2048.0
864691135686283703,864691135977045871,1,3444.0
864691135686283703,864691136058745048,1,6840.0
864691135686283703,864691136110366904,1,19340.0
864691135686283703,864691136144674612,2,21340.0
864691135686283703,864691136419797655,1,4152.0
864691135686283703,864691136445215875,1,292.0
864691135686283703,864691136453419007,1,10476.0
864691135686283703,864691136620914829,1,2256.0
864691135686283703,864691136913993713,1,1092.0
864691135686283703,864691136927761226,1,496.0
864691135686414775,864691135618505065,1,1360.0
864691135686414775,864691136298045979,1,6496.0
864691135686494647,864691135501703746,1,6240.0
864691135686494647,864691135782544435,1,25112.0
864691135686494647,864691136089194039,2,18760.0
864691135686494647,864691136210344892,1,1892.0
864691135686494647,864691136812081779,1,2760.0
864691135688186080,864691135214986368,1,2928.0
864691135688186080,864691135257669039,2,8524.0
864691135688186080,864691135304641703,1,31160.0
864691135688186080,864691135339600102,1,216.0
864691135688186080,864691135396115189,1,3228.0
864691135688186080,864691135591041291,1,16944.0
864691135688186080,864691135697613077,1,13112.0
864691135688186080,864691136373008520,1,10768.0
864691135689417440,864691134919972106,1,27412.0
864691135689417440,864691134942472035,1,1176.0
864691135689417440,864691134966714655,1,6200.0
864691135689417440,864691135113733529,1,16004.0
864691135689417440,864691135258642863,1,26296.0
864691135689417440,864691135469753426,2,6724.0
864691135689417440,864691135546339880,1,1060.0
864691135689417440,864691135546902056,1,2512.0
864691135689417440,864691135577749022,1,15116.0
864691135689417440,864691135586240120,1,3308.0
864691135689417440,864691135594721579,1,8992.0
864691135689417440,864691135646481135,1,736.0
864691135689417440,864691135688186080,1,3728.0
864691135689417440,864691135739689073,1,4016.0
864691135689417440,864691135741524587,2,8644.0
864691135689417440,864691135779049056,1,12124.0
864691135689417440,864691135782506832,1,3200.0
864691135689417440,864691135941300993,1,488.0
864691135689417440,864691135954393891,1,2756.0
864691135689417440,864691135970226021,1,2296.0
864691135689417440,864691135976425327,1,2052.0
864691135689417440,864691136013367715,1,10776.0
864691135689417440,864691136058745048,1,1768.0
864691135689417440,864691136125956134,1,7128.0
864691135689417440,864691136288644291,1,16576.0
864691135689417440,864691136421279639,2,28884.0
864691135689417440,864691136742067804,1,5368.0
864691135689417440,864691136904488114,1,452.0
864691135694246079,864691135102274592,1,5572.0
864691135694246079,864691135135019168,1,1308.0
864691135694246079,864691135258642863,1,5276.0
864691135694246079,864691135294190518,1,2656.0
864691135694246079,864691135325263004,1,45800.0
864691135694246079,864691135396794101,1,8676.0
864691135694246079,864691135492568551,1,4860.0
864691135694246079,864691135732210873,1,31552.0
864691135694246079,864691135756075981,1,1200.0
864691135694246079,864691135778419901,1,3376.0
864691135694246079,864691136390788215,1,820.0
864691135694246079,864691136905560754,1,7432.0
864691135694246079,864691136991202453,1,356.0
864691135694246079,864691136991390869,1,6072.0
864691135694415551,864691134948788476,1,2908.0
864691135694415551,864691135060651419,2,13760.0
864691135694415551,864691135209432185,1,2388.0
864691135694415551,864691135295165196,1,1148.0
864691135694415551,864691135325071004,1,2004.0
864691135694415551,864691135398805281,1,2564.0
864691135694415551,864691135455507818,1,2992.0
864691135694415551,864691135478316200,1,3356.0
864691135694415551,864691135493149927,1,3312.0
864691135694415551,864691135493620831,1,8032.0
864691135694415551,864691135493686111,1,1224.0
864691135694415551,864691135496381840,1,1176.0
864691135694415551,864691135577749022,1,864.0
864691135694415551,864691135685087474,1,19504.0
864691135694415551,864691135725920939,1,2208.0
864691135694415551,864691135774053371,1,10640.0
864691135694415551,864691135774294603,1,2908.0
864691135694415551,864691135774389755,1,4172.0
864691135694415551,864691135839950227,1,5340.0
864691135694415551,864691135858273326,1,4588.0
864691135694415551,864691135877825107,1,10404.0
864691135694415551,864691135939008565,1,12288.0
864691135694415551,864691135947258916,1,1612.0
864691135694415551,864691135976063855,1,6492.0
864691135694415551,864691136042982742,2,36780.0
864691135694415551,864691136111559352,1,26408.0
864691135694415551,864691136195798504,1,4500.0
864691135694415551,864691136238679567,1,2728.0
864691135694415551,864691136314491965,1,6552.0
864691135694415551,864691136618795227,1,14464.0
864691135694415551,864691136976001308,1,1556.0
864691135694415551,864691137055712630,1,1980.0
864691135695042751,864691135015154934,1,3892.0
864691135695042751,864691135124146727,1,6348.0
864691135695042751,864691135272069285,1,260.0
864691135695042751,864691135369002233,2,14540.0
864691135695042751,864691135577816862,1,348.0
864691135695042751,864691135688186080,1,2648.0
864691135695042751,864691135689417440,1,892.0
864691135695042751,864691135750958889,1,3468.0
864691135695042751,864691135786943684,3,19848.0
864691135695042751,864691135875460494,3,12408.0
864691135695042751,864691136211175612,2,7736.0
864691135695042751,864691136380264405,3,9832.0
864691135695042751,864691136419797655,1,2752.0
864691135695042751,864691136905458866,1,656.0
864691135695042751,864691136953873631,1,1900.0
864691135695146943,864691135343818161,1,12840.0
864691135695146943,864691135431089968,1,4320.0
864691135695146943,864691135465343045,1,2632.0
864691135695146943,864691135562798817,1,3116.0
864691135695146943,864691135566168599,1,13084.0
864691135695146943,864691135732210873,1,2172.0
864691135695146943,864691136010639022,1,2676.0
864691135695146943,864691136041575422,1,6016.0
864691135695146943,864691136195798504,1,22908.0
864691135695146943,864691136228250961,1,16808.0
864691135695146943,864691136389921911,1,30416.0
864691135695146943,864691136914414321,1,20492.0
864691135697613077,864691135778132576,1,3240.0
864691135697613077,864691137054934902,1,4344.0
864691135698016410,864691134886499066,1,2316.0
864691135698016410,864691135195825450,1,3384.0
864691135698016410,864691135209194617,2,27572.0
864691135698016410,864691135417045946,1,27136.0
864691135698016410,864691135468948364,4,49596.0
864691135698016410,864691136135963787,1,6728.0
864691135698016410,864691136603221201,1,3976.0
864691135698211994,864691134948788476,1,6644.0
864691135698211994,864691135155894884,1,2492.0
864691135698211994,864691135164887853,1,10584.0
864691135698211994,864691135272069285,1,2688.0
864691135698211994,864691135566168599,1,28584.0
864691135698211994,864691135731679929,1,3388.0
864691135698211994,864691135750649129,1,12256.0
864691135698211994,864691135751110185,1,4344.0
864691135698211994,864691135855890478,1,2428.0
864691135698211994,864691135877825107,1,3896.0
864691135698211994,864691135996158378,1,2636.0
864691135698211994,864691136092725684,1,1924.0
864691135698211994,864691136135963787,2,11680.0
864691135698211994,864691136137237899,1,2344.0
864691135698211994,864691136330101226,2,44080.0
864691135698211994,864691136905560754,1,1684.0
864691135698922005,864691135857099310,1,5520.0
864691135698922005,864691135927494158,1,1144.0
864691135698922005,864691136311059034,1,2720.0
864691135698922005,864691136904488114,1,2152.0
864691135700409211,864691135778132576,1,4804.0
864691135700409211,864691135919645872,1,636.0
864691135700409211,864691135975539779,1,6752.0
864691135700409211,864691136194355176,1,4908.0
864691135700409211,864691136904761266,1,9948.0
864691135700648226,864691135273918993,1,3180.0
864691135700648226,864691135802453858,1,2508.0
864691135700814114,864691135716679194,1,764.0
864691135700814114,864691136195798504,1,1320.0
864691135701624699,864691135233242713,1,3136.0
864691135701624699,864691135517531786,1,17360.0
864691135701624699,864691135616363211,1,5916.0
864691135701624699,864691135778187360,1,3488.0
864691135701624699,864691135927648212,1,42416.0
864691135701624699,864691135989817088,1,33096.0
864691135701624699,864691136196127208,1,7824.0
864691135701624699,864691136521831825,1,5744.0
864691135716679194,864691135342848433,1,14316.0
864691135716679194,864691135351096279,1,10332.0
864691135716679194,864691135448215698,1,2500.0
864691135716679194,864691135479404742,1,5724.0
864691135716679194,864691135480892614,1,12248.0
864691135716679194,864691135719900721,1,7856.0
864691135716679194,864691135751110185,1,8980.0
864691135716679194,864691135809509917,1,1412.0
864691135716679194,864691135810905036,1,11188.0
864691135716679194,864691135858298670,2,34524.0
864691135716679194,864691135868916246,1,5832.0
864691135716679194,864691135977309763,2,17028.0
864691135716679194,864691136437631902,1,9228.0
864691135716679194,864691136968094158,1,364.0
864691135716679194,864691137199050049,1,23012.0
864691135717163802,864691134949221372,1,204.0
864691135717163802,864691134950156796,1,936.0
864691135717163802,864691134991010426,1,2852.0
864691135717163802,864691135277186789,1,4936.0
864691135717163802,864691135362104647,2,72876.0
864691135717163802,864691135384344043,1,1160.0
864691135717163802,864691135465932357,1,10424.0
864691135717163802,864691135566168599,1,3928.0
864691135717163802,864691135572346349,1,7500.0
864691135717163802,864691135577644574,2,16964.0
864691135717163802,864691135585266808,1,48540.0
864691135717163802,864691135694246079,1,2400.0
864691135717163802,864691135743102827,1,1848.0
864691135717163802,864691135919956656,1,2856.0
864691135717163802,864691136033227451,1,3756.0
864691135717163802,864691136091634487,1,4484.0
864691135717163802,864691136125457446,1,6900.0
864691135717163802,864691136137794941,1,780.0
864691135717163802,864691136195798504,3,13296.0
864691135717163802,864691136228250961,2,26700.0
864691135717163802,864691136452447743,1,2576.0
864691135717271834,864691135135019168,1,2776.0
864691135717271834,864691135325263004,2,28180.0
864691135717271834,864691135339600102,1,5004.0
864691135717271834,864691135448698196,1,3680.0
864691135717271834,864691135493686111,2,12276.0
864691135717271834,864691135546902056,1,1164.0
864691135717271834,864691135566168599,1,4404.0
864691135717271834,864691135573276197,1,2160.0
864691135717271834,864691135587371132,1,3724.0
864691135717271834,864691135694246079,1,13364.0
864691135717271834,864691135732210873,1,23144.0
864691135717271834,864691135886130288,1,6884.0
864691135717271834,864691135928366606,1,240.0
864691135717271834,864691135990004992,1,12400.0
864691135717271834,864691136101340021,1,5800.0
864691135717271834,864691136144674612,1,10980.0
864691135717271834,864691136211175612,1,412.0
864691135717271834,864691136238090767,1,12156.0
864691135717271834,864691136314491965,2,25712.0
864691135717271834,864691136336039091,1,15248.0
864691135717271834,864691136380718037,1,3048.0
864691135717271834,864691136604001745,1,1980.0
864691135717271834,864691136742067804,3,56632.0
864691135717271834,864691136967703758,1,2644.0
864691135717271834,864691137055367798,1,5972.0
864691135717275162,864691135339729126,1,12404.0
864691135717275162,864691135374981320,2,32484.0
864691135717275162,864691135469845388,1,3484.0
864691135717275162,864691135583172717,1,1408.0
864691135717275162,864691135583223405,1,6508.0
864691135717275162,864691135584008045,1,2324.0
864691135717275162,864691135750649129,1,1156.0
864691135717275162,864691135760106830,1,4276.0
864691135717275162,864691135849088094,1,15712.0
864691135717275162,864691135939008565,2,11860.0
864691135717275162,864691135988557315,1,652.0
864691135717275162,864691136026198585,1,5164.0
864691135717275162,864691136033227451,1,2692.0
864691135717275162,864691136119885080,1,26556.0
864691135717275162,864691136239460668,1,12516.0
864691135717275162,864691136239980604,1,15120.0
864691135717275162,864691136523216017,1,9364.0
864691135717275162,864691136814627955,1,776.0
864691135717275162,864691136968542926,1,3156.0
864691135717457946,864691134989865338,1,32980.0
864691135717457946,864691134991010426,1,600.0
864691135717457946,864691135102274592,3,15432.0
864691135717457946,864691135271081125,1,15236.0
864691135717457946,864691135277186789,1,1700.0
864691135717457946,864691135294520844,1,1672.0
864691135717457946,864691135339088102,1,3480.0
864691135717457946,864691135384176619,1,8060.0
864691135717457946,864691135384285931,1,2896.0
864691135717457946,864691135384843738,1,8296.0
864691135717457946,864691135386963541,2,10192.0
864691135717457946,864691135387988609,1,4696.0
864691135717457946,864691135388368001,1,1364.0
864691135717457946,864691135448215698,1,3784.0
864691135717457946,864691135469753426,1,992.0
864691135717457946,864691135477670312,2,19064.0
864691135717457946,864691135493149927,1,5752.0
864691135717457946,864691135504168285,1,3260.0
864691135717457946,864691135504203357,1,284.0
864691135717457946,864691135577749022,1,3160.0
864691135717457946,864691135583223405,1,3804.0
864691135717457946,864691135584008045,1,8736.0
864691135717457946,864691135595040043,2,45888.0
864691135717457946,864691135688186080,1,7604.0
864691135717457946,864691135717163802,1,18628.0
864691135717457946,864691135741458324,1,4176.0
864691135717457946,864691135741998484,1,12848.0
864691135717457946,864691135763795510,1,2420.0
864691135717457946,864691135778572973,1,2488.0
864691135717457946,864691135786943684,1,1184.0
864691135717457946,864691135839950227,1,22792.0
864691135717457946,864691135853198023,1,488.0
864691135717457946,864691135858273326,1,3256.0
864691135717457946,864691135868210454,1,1844.0
864691135717457946,864691135919956656,1,3040.0
864691135717457946,864691135988557315,2,6292.0
864691135717457946,864691135994235841,3,26788.0
864691135717457946,864691136025504569,1,3920.0
864691135717457946,864691136058745048,1,4244.0
864691135717457946,864691136107486169,1,20632.0
864691135717457946,864691136111559352,1,2428.0
864691135717457946,864691136195834070,1,6912.0
864691135717457946,864691136228250961,6,8308.0
864691135717457946,864691136311059034,1,164.0
864691135717457946,864691136314404669,2,35212.0
864691135717457946,864691136380757461,1,14660.0
864691135717457946,864691136419797655,3,96768.0
864691135717457946,864691136438585502,2,20780.0
864691135717457946,864691136990522517,1,1972.0
864691135717457946,864691136991202453,1,4088.0
864691135717457946,864691137021264750,1,2436.0
864691135717457946,864691137198691137,1,912.0
864691135717457946,864691137199828801,1,2360.0
864691135719761713,864691135212492992,1,3932.0
864691135719761713,864691135853198023,1,7540.0
864691135719900721,864691134919869706,1,36740.0
864691135719900721,864691134948788476,1,2272.0
864691135719900721,864691134966714655,1,4880.0
864691135719900721,864691134991010426,1,3188.0
864691135719900721,864691135015652246,1,2544.0
864691135719900721,864691135102274592,1,17208.0
864691135719900721,864691135164772653,1,6128.0
864691135719900721,864691135214931072,1,17888.0
864691135719900721,864691135280682401,1,15780.0
864691135719900721,864691135398868257,1,12388.0
864691135719900721,864691135466158917,2,19504.0
864691135719900721,864691135469753426,1,10320.0
864691135719900721,864691135474504498,1,27552.0
864691135719900721,864691135477469352,1,2832.0
864691135719900721,864691135480892614,1,5344.0
864691135719900721,864691135504327861,1,3440.0
864691135719900721,864691135518283475,2,42260.0
864691135719900721,864691135546902056,1,2656.0
864691135719900721,864691135562004193,2,11820.0
864691135719900721,864691135562842337,1,14544.0
864691135719900721,864691135567059223,2,17576.0
864691135719900721,864691135576881950,1,2072.0
864691135719900721,864691135617440105,1,8016.0
864691135719900721,864691135689417440,2,25144.0
864691135719900721,864691135694246079,1,2316.0
864691135719900721,864691135694415551,1,2428.0
864691135719900721,864691135717271834,1,1468.0
864691135719900721,864691135751110185,1,2116.0
864691135719900721,864691135757083346,1,428.0
864691135719900721,864691135765006134,1,14908.0
864691135719900721,864691135810473245,1,20704.0
864691135719900721,864691135810492189,1,608.0
864691135719900721,864691135941300993,1,1096.0
864691135719900721,864691135955909640,1,4436.0
864691135719900721,864691136010639022,1,13752.0
864691135719900721,864691136033227451,1,1988.0
864691135719900721,864691136043283030,1,4352.0
864691135719900721,864691136177629702,1,3508.0
864691135719900721,864691136177799686,1,14632.0
864691135719900721,864691136239902780,1,256.0
864691135719900721,864691136274655166,1,2212.0
864691135719900721,864691136421279639,1,460.0
864691135719900721,864691136445557123,1,1980.0
864691135719900721,864691136453384959,1,2320.0
864691135719900721,864691136488446226,1,8868.0
864691135719900721,864691136953873631,1,10924.0
864691135719900721,864691136954050527,1,5316.0
864691135720638769,864691135134155168,1,3096.0
864691135720638769,864691135517531786,1,1456.0
864691135720638769,864691135572385061,1,6092.0
864691135720638769,864691135654715586,1,1280.0
864691135720638769,864691136118618136,1,5664.0
864691135720638769,864691136273494206,1,1836.0
864691135724393131,864691135585046648,1,9944.0
864691135724393131,864691136275031565,1,12220.0
864691135725748139,864691135214986368,1,7932.0
864691135725748139,864691135325413788,1,6716.0
864691135725748139,864691135448698196,1,700.0
864691135725748139,864691135465343045,1,4328.0
864691135725748139,864691135503182685,3,72416.0
864691135725748139,864691135546339880,1,1892.0
864691135725748139,864691135646775791,1,2280.0
864691135725748139,864691135662059248,1,8408.0
864691135725748139,864691135719900721,1,1292.0
864691135725748139,864691135738047620,1,2112.0
864691135725748139,864691135750958889,1,3832.0
864691135725748139,864691135774294603,1,10888.0
864691135725748139,864691135782702387,1,332.0
864691135725748139,864691135810773452,1,352.0
864691135725748139,864691135866576604,1,3928.0
864691135725748139,864691135868210454,1,1928.0
864691135725748139,864691135939477508,1,4176.0
864691135725748139,864691136012739747,1,3732.0
864691135725748139,864691136085781356,1,14824.0
864691135725748139,864691136619096795,1,1784.0
864691135725748139,864691136665051614,1,3812.0
864691135725748139,864691136674495623,1,5056.0
864691135725748139,864691136813937267,1,816.0
864691135725748139,864691136975144988,1,7924.0
864691135725842603,864691134949081852,1,2888.0
864691135725842603,864691134966714655,2,17532.0
864691135725842603,864691135102433056,4,57268.0
864691135725842603,864691135162908461,3,22708.0
864691135725842603,864691135294520844,1,2028.0
864691135725842603,864691135304641703,1,7560.0
864691135725842603,864691135336055529,5,35580.0
864691135725842603,864691135357351375,1,12584.0
864691135725842603,864691135382556378,1,10716.0
864691135725842603,864691135384344043,1,11660.0
864691135725842603,864691135466158917,1,13076.0
864691135725842603,864691135492568551,1,5212.0
864691135725842603,864691135493686111,1,3320.0
864691135725842603,864691135496440208,2,10492.0
864691135725842603,864691135562004193,1,9184.0
864691135725842603,864691135562410721,1,16488.0
864691135725842603,864691135562842337,1,2768.0
864691135725842603,864691135566168599,1,212.0
864691135725842603,864691135571515270,1,388.0
864691135725842603,864691135583277677,1,3844.0
864691135725842603,864691135587519868,1,8156.0
864691135725842603,864691135617440105,1,2352.0
864691135725842603,864691135742102635,1,2764.0
864691135725842603,864691135750307881,1,6036.0
864691135725842603,864691135757040082,1,1148.0
864691135725842603,864691135977666883,2,16580.0
864691135725842603,864691135988557315,1,11656.0
864691135725842603,864691136111559352,1,5664.0
864691135725842603,864691136125457446,1,10316.0
864691135725842603,864691136424439855,1,16156.0
864691135725842603,864691136445557123,1,7300.0
864691135725842603,864691136488999186,1,6492.0
864691135725842603,864691136524172689,1,12672.0
864691135725842603,864691136814508659,1,2396.0
864691135725842603,864691136953873631,1,8996.0
864691135725842603,864691136975624220,1,11796.0
864691135725842603,864691137055712630,1,13732.0
864691135725842603,864691137056393846,1,1708.0
864691135725920939,864691134966714655,1,13464.0
864691135725920939,864691135351096279,1,3096.0
864691135725920939,864691135480892614,1,3044.0
864691135725920939,864691135493686111,1,27536.0
864691135725920939,864691135562798817,1,3740.0
864691135725920939,864691135694415551,1,1728.0
864691135725920939,864691135760635214,1,5156.0
864691135725920939,864691136025504569,1,15872.0
864691135725920939,864691136238090767,2,6276.0
864691135725920939,864691136445557123,1,2388.0
864691135725920939,864691136489147922,1,5004.0
864691135727790911,864691135102151968,1,620.0
864691135727790911,864691135277186789,1,340.0
864691135727790911,864691135280481697,1,3900.0
864691135727790911,864691135493686111,1,988.0
864691135727790911,864691135518989962,1,4404.0
864691135727790911,864691135562798817,1,15568.0
864691135727790911,864691135562842337,1,6516.0
864691135727790911,864691136118686884,1,15012.0
864691135727790911,864691136120159768,1,12300.0
864691135727790911,864691136125411622,1,6232.0
864691135727790911,864691136177629702,1,1408.0
864691135727790911,864691136210344892,1,180.0
864691135727790911,864691136274655166,1,2456.0
864691135727790911,864691136330407914,1,2772.0
864691135727961663,864691134886499066,2,16472.0
864691135727961663,864691134989865338,1,6332.0
864691135727961663,864691135102274592,1,13336.0
864691135727961663,864691135272003237,1,16112.0
864691135727961663,864691135342958789,1,6732.0
864691135727961663,864691135343818161,1,3844.0
864691135727961663,864691135478400936,1,9208.0
864691135727961663,864691135480916422,1,10776.0
864691135727961663,864691135727790911,1,1308.0
864691135727961663,864691135868466710,1,14532.0
864691135727961663,864691135927494158,1,1172.0
864691135727961663,864691136033332155,2,4816.0
864691135727961663,864691136101516661,1,3588.0
864691135727961663,864691136120658712,1,14492.0
864691135727961663,864691136135963787,1,7140.0
864691135727961663,864691136331249642,1,9964.0
864691135727961663,864691136420195223,1,1376.0
864691135727961663,864691136453419007,1,3272.0
864691135728030015,864691135164887853,1,25312.0
864691135728030015,864691135214986368,1,4356.0
864691135728030015,864691135324623260,1,1044.0
864691135728030015,864691135375107272,1,2224.0
864691135728030015,864691135448698196,1,3340.0
864691135728030015,864691135546339880,1,2144.0
864691135728030015,864691135572346349,1,4372.0
864691135728030015,864691135611140359,1,1188.0
864691135728030015,864691135662059248,1,4300.0
864691135728030015,864691135810492189,1,2500.0
864691135728030015,864691135861093992,1,34160.0
864691135728030015,864691135868386070,1,3684.0
864691135728030015,864691136043380566,1,26088.0
864691135728030015,864691136239980604,1,612.0
864691135728030015,864691136314473021,1,2948.0
864691135728030015,864691136675427975,1,9672.0
864691135728030015,864691136927761226,1,924.0
864691135731679929,864691134942472035,1,2828.0
864691135731679929,864691135102433056,1,8736.0
864691135731679929,864691135258509487,1,1400.0
864691135731679929,864691135342958789,1,12072.0
864691135731679929,864691135566168599,1,2060.0
864691135731679929,864691135773073147,1,27796.0
864691135731679929,864691135779049056,1,276.0
864691135731679929,864691135942924148,1,2148.0
864691135731705273,864691135270320293,1,5980.0
864691135731705273,864691136596815778,1,712.0
864691135731889337,864691134966324767,1,1208.0
864691135731889337,864691135014355094,1,10348.0
864691135731889337,864691135325487004,1,1624.0
864691135731889337,864691135375484489,1,2260.0
864691135731889337,864691135448698196,1,20264.0
864691135731889337,864691135469753426,1,1500.0
864691135731889337,864691135518989962,1,3536.0
864691135731889337,864691135577644574,1,2552.0
864691135731889337,864691135640398651,1,3724.0
864691135731889337,864691135742102635,1,6028.0
864691135731889337,864691135787537348,1,2396.0
864691135731889337,864691135811335116,1,2232.0
864691135731889337,864691135850033758,2,10172.0
864691135731889337,864691135993150913,1,2364.0
864691135731889337,864691136086630764,1,6612.0
864691135731889337,864691136195798504,1,4568.0
864691135731889337,864691136298125851,1,17528.0
864691135731889337,864691136311059034,1,3728.0
864691135731889337,864691136311381338,1,19236.0
864691135731889337,864691136603811281,1,51520.0
864691135731889337,864691136968542926,2,6892.0
864691135731889337,864691137056393846,1,988.0
864691135732210873,864691134948788476,1,2328.0
864691135732210873,864691135577644574,1,6572.0
864691135732210873,864691135688186080,1,6484.0
864691135732210873,864691135774389755,1,7104.0
864691135732210873,864691135779049056,3,42256.0
864691135732210873,864691135866576604,1,12064.0
864691135732210873,864691135867644805,1,5236.0
864691135732210873,864691135993150913,1,34392.0
864691135732210873,864691136125956134,1,4612.0
864691135732210873,864691136390474359,1,632.0
864691135732578745,864691134966714655,1,4760.0
864691135732578745,864691135294520844,1,6364.0
864691135732578745,864691135408808649,1,1212.0
864691135732578745,864691135431654960,1,1800.0
864691135732578745,864691135493149927,1,9484.0
864691135732578745,864691135502902338,1,7444.0
864691135732578745,864691135567059223,1,4936.0
864691135732578745,864691135695042751,1,15244.0
864691135732578745,864691135750307881,1,572.0
864691135732578745,864691135816693327,1,2776.0
864691135732578745,864691135842486243,1,1968.0
864691135732578745,864691135849088094,1,3340.0
864691135732578745,864691135855890478,1,2476.0
864691135732578745,864691135877951571,1,3224.0
864691135732578745,864691136092725684,1,1700.0
864691135732578745,864691136110366904,2,8980.0
864691135732578745,864691136120658712,1,4828.0
864691135732578745,864691136311059034,1,4248.0
864691135732578745,864691136373008520,1,2656.0
864691135732578745,864691136381301461,1,4832.0
864691135732578745,864691136437631902,1,200.0
864691135732578745,864691136618795227,1,2980.0
864691135732578745,864691136675427975,1,2304.0
864691135738047620,864691134942169955,1,2560.0
864691135738047620,864691135060727707,1,11896.0
864691135738047620,864691135209432185,1,6080.0
864691135738047620,864691135274195217,1,11300.0
864691135738047620,864691135455400554,1,10796.0
864691135738047620,864691135493686111,1,7020.0
864691135738047620,864691135518989962,1,22544.0
864691135738047620,864691136011684526,1,2144.0
864691135738047620,864691136041575422,1,8712.0
864691135738969220,864691135164887853,1,16080.0
864691135738969220,864691135214986368,1,6120.0
864691135738969220,864691135258642863,1,4464.0
864691135738969220,864691135272069285,1,33364.0
864691135738969220,864691135304641703,1,38724.0
864691135738969220,864691135466236229,1,18048.0
864691135738969220,864691135493620831,1,23064.0
864691135738969220,864691135567047191,1,8232.0
864691135738969220,864691135577644574,1,3360.0
864691135738969220,864691135584629613,1,14636.0
864691135738969220,864691135586724220,2,18592.0
864691135738969220,864691135688186080,1,13236.0
864691135738969220,864691135694415551,2,4060.0
864691135738969220,864691135695146943,1,1564.0
864691135738969220,864691135739689073,1,11168.0
864691135738969220,864691135750307881,1,32428.0
864691135738969220,864691135774389755,1,10592.0
864691135738969220,864691135802453858,1,23500.0
864691135738969220,864691135970226021,1,13664.0
864691135738969220,864691136022520056,2,17252.0
864691135738969220,864691136137237899,1,4656.0
864691135738969220,864691136364308962,1,1848.0
864691135738969220,864691136419797655,2,61244.0
864691135738969220,864691136674749575,1,6332.0
864691135738969220,864691136813937267,1,1964.0
864691135738969220,864691136905560754,1,23696.0
864691135738969220,864691136968542926,1,4104.0
864691135739008132,864691135258642863,1,1048.0
864691135739008132,864691135272003237,1,4440.0
864691135739008132,864691135577644574,1,2184.0
864691135739008132,864691135774389755,1,4008.0
864691135739008132,864691135994226881,1,1692.0
864691135739008132,864691136011684526,1,13308.0
864691135739008132,864691136137794941,1,4476.0
864691135739587697,864691134949263100,1,10072.0
864691135739587697,864691135102274592,1,12028.0
864691135739587697,864691135441799752,1,3060.0
864691135739587697,864691135476495936,1,2928.0
864691135739587697,864691135490326074,1,26076.0
864691135739587697,864691135688186080,4,29104.0
864691135739587697,864691135716679194,1,2744.0
864691135739587697,864691135743102827,1,40056.0
864691135739587697,864691135765013302,1,480.0
864691135739587697,864691135774179147,1,17436.0
864691135739587697,864691135842486243,1,17540.0
864691135739587697,864691135861093992,1,1180.0
864691135739587697,864691135955962888,1,27952.0
864691135739587697,864691136011686318,1,20960.0
864691135739587697,864691136211385020,1,1892.0
864691135739587697,864691136330407914,1,3512.0
864691135739587697,864691136391042167,2,23984.0
864691135739587697,864691136419797655,1,2052.0
864691135739587697,864691136425073455,1,1416.0
864691135739689073,864691135015652246,1,7364.0
864691135739689073,864691135274195217,1,7908.0
864691135739689073,864691135342541509,1,9716.0
864691135739689073,864691135408808649,1,2816.0
864691135739689073,864691135763941174,1,2032.0
864691135739689073,864691135774389755,1,3212.0
864691135739689073,864691135842486243,1,10836.0
864691135739689073,864691135855890478,1,216.0
864691135739689073,864691135875460494,1,184.0
864691135739689073,864691136011686318,1,6336.0
864691135739689073,864691136042982742,1,37144.0
864691135739689073,864691136312150874,3,13124.0
864691135739689073,864691136389921911,1,24068.0
864691135740860820,864691134989865338,1,3768.0
864691135740860820,864691135294190518,1,33632.0
864691135740860820,864691135382556378,1,1764.0
864691135740860820,864691135646481135,1,4240.0
864691135740860820,864691135778132576,1,988.0
864691135740860820,864691136089194039,1,1008.0
864691135740865684,864691135360017752,1,44828.0
864691135740865684,864691135497743635,1,3552.0
864691135741090196,864691134886569210,1,3088.0
864691135741090196,864691135113733529,1,1908.0
864691135741090196,864691135157994084,3,20520.0
864691135741090196,864691135493149927,1,2408.0
864691135741090196,864691135750649129,1,4788.0
864691135741090196,864691136196338764,1,2528.0
864691135741090196,864691136336107187,1,9988.0
864691135741090196,864691136452609023,1,5224.0
864691135741090196,864691136953413599,1,4252.0
864691135741090196,864691137055405174,2,14576.0
864691135741458324,864691134948788476,1,4712.0
864691135741458324,864691135101431072,1,16452.0
864691135741458324,864691135164772653,2,5816.0
864691135741458324,864691135258642863,4,72780.0
864691135741458324,864691135271038885,1,2628.0
864691135741458324,864691135272069285,1,30672.0
864691135741458324,864691135325263004,1,1340.0
864691135741458324,864691135343818161,1,6644.0
864691135741458324,864691135362104647,1,2096.0
864691135741458324,864691135448303762,1,17052.0
864691135741458324,864691135476495936,1,768.0
864691135741458324,864691135566168599,2,15936.0
864691135741458324,864691135586240120,1,2064.0
864691135741458324,864691135717163802,2,1888.0
864691135741458324,864691135763941174,1,6060.0
864691135741458324,864691135782241616,1,428.0
864691135741458324,864691135839950227,1,2868.0
864691135741458324,864691135853198023,1,4612.0
864691135741458324,864691135938816260,1,3020.0
864691135741458324,864691135993150913,1,2120.0
864691135741458324,864691136022520056,1,12588.0
864691135741458324,864691136086630764,1,2824.0
864691135741458324,864691136137794941,1,19852.0
864691135741458324,864691136196202472,1,18532.0
864691135741458324,864691136314404669,1,1624.0
864691135741458324,864691136314491965,2,20140.0
864691135741458324,864691136421279639,1,584.0
864691135741458324,864691136674749575,1,2804.0
864691135741458324,864691137021264750,3,26440.0
864691135741524587,864691134989865338,1,15328.0
864691135741524587,864691135518989962,1,1956.0
864691135741524587,864691135583172717,2,492.0
864691135741524587,864691135617152361,1,2920.0
864691135741524587,864691136125956134,1,2084.0
864691135741619051,864691135743102827,1,4540.0
864691135741619051,864691135777400237,1,5784.0
864691135741659499,864691135586414716,1,5716.0
864691135741659499,864691135755197133,1,3284.0
864691135741659499,864691135851792071,1,1020.0
864691135741659499,864691136084313196,3,25460.0
864691135741659499,864691136124845606,1,10740.0
864691135741659499,864691136137834877,1,1628.0
864691135741659499,864691136196127208,1,1188.0
864691135741684075,864691135720638769,1,2496.0
864691135741684075,864691136334080435,1,27488.0
864691135741780116,864691134991010426,1,31796.0
864691135741780116,864691135136360217,1,2480.0
864691135741780116,864691135405626862,1,2964.0
864691135741780116,864691135465100189,1,5952.0
864691135741780116,864691135470787666,1,368.0
864691135741780116,864691135493686111,1,23852.0
864691135741780116,864691135503182685,1,19600.0
864691135741780116,864691135504327861,1,10048.0
864691135741780116,864691135562975969,1,25364.0
864691135741780116,864691135577651230,1,3268.0
864691135741780116,864691135586240120,1,5156.0
864691135741780116,864691135617152361,1,8232.0
864691135741780116,864691135694415551,1,23476.0
864691135741780116,864691135695146943,1,11892.0
864691135741780116,864691135774368763,1,4836.0
864691135741780116,864691135774389755,1,7188.0
864691135741780116,864691135977045871,1,12748.0
864691135741780116,864691135977666883,2,17124.0
864691135741780116,864691136041575422,1,4076.0
864691135741780116,864691136210847932,1,14572.0
864691135741780116,864691136330407914,1,11144.0
864691135741780116,864691136596901026,1,18928.0
864691135741780116,864691136905758130,1,4176.0
864691135741910164,864691135059845275,1,448.0
864691135741910164,864691135339088102,1,3516.0
864691135741910164,864691135480311494,1,2136.0
864691135741910164,864691135497743635,1,16128.0
864691135741910164,864691135510846217,1,1116.0
864691135741910164,864691136022520056,1,7408.0
864691135741930603,864691134966114591,1,3700.0
864691135741930603,864691135015605910,1,8488.0
864691135741930603,864691135060727707,1,232.0
864691135741930603,864691135102151968,1,8920.0
864691135741930603,864691135184104194,1,3864.0
864691135741930603,864691135294442678,2,38632.0
864691135741930603,864691135375351369,1,2524.0
864691135741930603,864691135405626862,1,3740.0
864691135741930603,864691135455400554,1,3108.0
864691135741930603,864691135540272498,1,23176.0
864691135741930603,864691135587519868,1,3492.0
864691135741930603,864691135655390658,1,25456.0
864691135741930603,864691135656578242,1,13964.0
864691135741930603,864691135656674242,1,2728.0
864691135741930603,864691135764583990,1,5416.0
864691135741930603,864691135765006134,1,14504.0
864691135741930603,864691135774368763,1,7440.0
864691135741930603,864691135774389755,1,31160.0
864691135741930603,864691136111559352,1,39932.0
864691135741930603,864691136137237899,1,3488.0
864691135741930603,864691136137794941,1,20128.0
864691135741930603,864691136298125851,1,8348.0
864691135741930603,864691136330101226,1,24936.0
864691135741930603,864691136453384959,1,4632.0
864691135741930603,864691136484364844,1,10692.0
864691135741930603,864691136579129876,1,14104.0
864691135741930603,864691136991202453,2,41836.0
864691135741930603,864691137198691137,1,4312.0
864691135741963627,864691134949081852,1,3740.0
864691135741963627,864691134966324767,1,3532.0
864691135741963627,864691135102433056,1,2464.0
864691135741963627,864691135258509487,1,1200.0
864691135741963627,864691135360096071,1,20184.0
864691135741963627,864691135396940021,2,9060.0
864691135741963627,864691135405733870,1,468.0
864691135741963627,864691135466158917,1,1764.0
864691135741963627,864691135478400936,1,3880.0
864691135741963627,864691135493149927,1,660.0
864691135741963627,864691135504168285,1,19288.0
864691135741963627,864691135546339880,1,2664.0
864691135741963627,864691135566168599,1,7644.0
864691135741963627,864691135570301676,1,192.0
864691135741963627,864691135689417440,1,168.0
864691135741963627,864691135695146943,1,2684.0
864691135741963627,864691135717457946,1,2588.0
864691135741963627,864691135738047620,1,3332.0
864691135741963627,864691135751110185,1,2052.0
864691135741963627,864691135774294603,2,31996.0
864691135741963627,864691135810492189,1,3428.0
864691135741963627,864691136058745048,1,7088.0
864691135741963627,864691136125457446,1,1308.0
864691135741963627,864691136177799686,1,1644.0
864691135741963627,864691136211371452,1,12596.0
864691135741963627,864691136238090767,1,3680.0
864691135741963627,864691136488999186,1,20832.0
864691135741963627,864691136991202453,1,18424.0
864691135741998484,864691134942472035,1,33032.0
864691135741998484,864691134966114591,1,3936.0
864691135741998484,864691135015154934,1,1272.0
864691135741998484,864691135067066948,1,8384.0
864691135741998484,864691135155894884,1,28532.0
864691135741998484,864691135209369465,2,3788.0
864691135741998484,864691135294190518,1,2044.0
864691135741998484,864691135304641703,2,35700.0
864691135741998484,864691135375351369,1,28372.0
864691135741998484,864691135448215698,1,7680.0
864691135741998484,864691135448698196,1,15244.0
864691135741998484,864691135477469352,1,4688.0
864691135741998484,864691135479833030,1,5896.0
864691135741998484,864691135480892614,1,4000.0
864691135741998484,864691135502885954,1,15948.0
864691135741998484,864691135562474977,1,6040.0
864691135741998484,864691135562798817,1,6428.0
864691135741998484,864691135582973549,1,3260.0
864691135741998484,864691135592830731,1,3980.0
864691135741998484,864691135685087474,1,2776.0
864691135741998484,864691135688186080,1,4784.0
864691135741998484,864691135694415551,1,10332.0
864691135741998484,864691135695146943,1,14640.0
864691135741998484,864691135731679929,1,13328.0
864691135741998484,864691135732210873,1,5176.0
864691135741998484,864691135732578745,1,4916.0
864691135741998484,864691135779705021,1,11520.0
864691135741998484,864691135816565839,1,612.0
864691135741998484,864691135868386070,1,4872.0
864691135741998484,864691135890141321,1,244.0
864691135741998484,864691135994235841,3,48272.0
864691135741998484,864691136013367715,1,3012.0
864691135741998484,864691136026198585,1,15420.0
864691135741998484,864691136058745048,1,3336.0
864691135741998484,864691136085781356,1,10212.0
864691135741998484,864691136211385020,1,5268.0
864691135741998484,864691136391042167,1,2848.0
864691135741998484,864691136484732972,1,4136.0
864691135741998484,864691136954028511,1,992.0
864691135741998484,864691137055405174,1,2732.0
864691135742102635,864691134942169955,1,292.0
864691135742102635,864691134949263100,1,5548.0
864691135742102635,864691134966714655,1,14420.0
864691135742102635,864691135101595680,1,280.0
864691135742102635,864691135119709149,1,5232.0
864691135742102635,864691135257669039,1,11148.0
864691135742102635,864691135277186789,1,3128.0
864691135742102635,864691135325487004,1,592.0
864691135742102635,864691135384344043,1,1000.0
864691135742102635,864691135504327861,1,856.0
864691135742102635,864691135577651230,1,352.0
864691135742102635,864691135587519868,1,5612.0
864691135742102635,864691135725748139,1,20960.0
864691135742102635,864691135731889337,1,4900.0
864691135742102635,864691135742756203,1,212.0
864691135742102635,864691135750649129,1,1888.0
864691135742102635,864691135779020221,1,3240.0
864691135742102635,864691135865648254,1,5540.0
864691135742102635,864691136026254649,1,612.0
864691135742102635,864691136033227451,1,3640.0
864691135742102635,864691136101340021,1,5252.0
864691135742189163,864691134991010426,1,9896.0
864691135742189163,864691135102151968,2,48456.0
864691135742189163,864691135325487004,1,8836.0
864691135742189163,864691135340055782,1,5928.0
864691135742189163,864691135375888840,1,4428.0
864691135742189163,864691135466158917,1,3060.0
864691135742189163,864691135578146565,1,616.0
864691135742189163,864691135583277677,1,488.0
864691135742189163,864691135685087474,1,38132.0
864691135742189163,864691135757083346,1,2596.0
864691135742189163,864691135810466333,1,3424.0
864691135742189163,864691135858273326,3,6728.0
864691135742189163,864691135878061395,1,1856.0
864691135742189163,864691136043283030,1,7904.0
864691135742189163,864691136137237899,1,2768.0
864691135742189163,864691136196265704,1,18424.0
864691135742189163,864691136438469534,1,15080.0
864691135742189163,864691136453419007,1,15864.0
864691135742189163,864691136976001308,1,12836.0
864691135742756203,864691135101431072,1,664.0
864691135742756203,864691135164887853,1,3084.0
864691135742756203,864691135490326074,1,4988.0
864691135742756203,864691135496440208,1,4584.0
864691135742756203,864691135584008045,1,8628.0
864691135742756203,864691135750307881,1,5664.0
864691135742756203,864691135750958889,1,2984.0
864691135742756203,864691135773073147,1,1848.0
864691135742756203,864691135774389755,1,4040.0
864691135742756203,864691135868210454,1,4896.0
864691135742756203,864691136034011579,1,4872.0
864691135742756203,864691136091634487,1,3820.0
864691135742756203,864691136125411622,1,364.0
864691135742756203,864691136238679567,1,3816.0
864691135742756203,864691136364308962,1,4936.0
864691135743102827,864691134942169955,1,1408.0
864691135743102827,864691135233242713,1,9556.0
864691135743102827,864691135257669039,1,1052.0
864691135743102827,864691135258642863,1,18348.0
864691135743102827,864691135430346544,1,868.0
864691135743102827,864691135455507818,1,9936.0
864691135743102827,864691135466158917,1,3084.0
864691135743102827,864691135518283475,2,29796.0
864691135743102827,864691135518989962,1,19740.0
864691135743102827,864691135562975969,1,3052.0
864691135743102827,864691135577651230,1,2184.0
864691135743102827,864691135656674242,1,9112.0
864691135743102827,864691135662408944,1,2140.0
864691135743102827,864691135685087474,1,2252.0
864691135743102827,864691135689417440,1,5440.0
864691135743102827,864691135731679929,1,17804.0
864691135743102827,864691135750958889,2,68660.0
864691135743102827,864691135757040082,2,35116.0
864691135743102827,864691135764015926,1,7384.0
864691135743102827,864691135774294603,2,28664.0
864691135743102827,864691135782544435,1,20428.0
864691135743102827,864691135855890478,1,2204.0
864691135743102827,864691135861093992,1,14284.0
864691135743102827,864691135939008565,1,1764.0
864691135743102827,864691136022520056,1,6152.0
864691135743102827,864691136040834558,1,2972.0
864691135743102827,864691136111251896,1,25124.0
864691135743102827,864691136125433894,1,7700.0
864691135743102827,864691136195391208,1,4072.0
864691135743102827,864691136195400150,1,5616.0
864691135743102827,864691136210344892,1,1588.0
864691135743102827,864691136228250961,1,1216.0
864691135743102827,864691136314491965,1,2308.0
864691135743102827,864691136330407914,1,12748.0
864691135743102827,864691136373008520,1,2684.0
864691135743102827,864691136421279639,1,3112.0
864691135743102827,864691136578820884,1,1072.0
864691135743102827,864691136664950750,1,3836.0
864691135743102827,864691136914414321,1,468.0
864691135743102827,864691136991202453,1,712.0
864691135743102827,864691137021264750,3,15932.0
864691135749141801,864691135731705273,1,1172.0
864691135749141801,864691135763495478,1,1812.0
864691135749141801,864691136117770660,1,4776.0
864691135749141801,864691136228538961,1,16148.0
864691135749995049,864691135134695328,1,2832.0
864691135749995049,864691135772053835,1,5556.0
864691135749995049,864691136194355176,1,2328.0
864691135750307881,864691134966069023,1,3740.0
864691135750307881,864691135688186080,1,660.0
864691135750307881,864691135858298670,1,14692.0
864691135750307881,864691136211175612,1,4664.0
864691135750307881,864691136419797655,1,7864.0
864691135750642473,864691134949221372,1,1128.0
864691135750642473,864691134950156796,1,27832.0
864691135750642473,864691135387988609,1,5068.0
864691135750642473,864691135417045946,1,12656.0
864691135750642473,864691135431654960,1,656.0
864691135750642473,864691135477839784,1,1048.0
864691135750642473,864691135619463567,1,2048.0
864691135750642473,864691135695146943,1,2328.0
864691135750642473,864691135717275162,1,2532.0
864691135750642473,864691135890141321,1,9064.0
864691135750642473,864691136120658712,1,2960.0
864691135750642473,864691136298125851,1,13300.0
864691135750642473,864691136452447743,1,11448.0
864691135750642473,864691137055712630,1,9884.0
864691135750649129,864691134989865338,1,3600.0
864691135750649129,864691135102433056,1,9024.0
864691135750649129,864691135164772653,2,11192.0
864691135750649129,864691135280682401,2,17504.0
864691135750649129,864691135295165196,1,7476.0
864691135750649129,864691135357351375,1,9856.0
864691135750649129,864691135455507818,1,17116.0
864691135750649129,864691135503836253,1,16928.0
864691135750649129,864691135504168285,1,3548.0
864691135750649129,864691135510191369,1,11464.0
864691135750649129,864691135577644574,1,27200.0
864691135750649129,864691135578146565,1,7432.0
864691135750649129,864691135591726603,1,11004.0
864691135750649129,864691135591854347,1,6124.0
864691135750649129,864691135640297787,1,364.0
864691135750649129,864691135739689073,1,14540.0
864691135750649129,864691135779049056,2,8664.0
864691135750649129,864691135787537348,1,1832.0
864691135750649129,864691135868466710,1,1868.0
864691135750649129,864691135915343462,1,1292.0
864691135750649129,864691135939477508,1,2824.0
864691135750649129,864691135942924148,1,4440.0
864691135750649129,864691135977309763,1,11448.0
864691135750649129,864691136195798504,1,1708.0
864691135750649129,864691136195834070,1,2564.0
864691135750649129,864691136299034139,1,3796.0
864691135750649129,864691136331249642,1,13068.0
864691135750649129,864691136373008520,1,14744.0
864691135750649129,864691136523118481,1,8632.0
864691135750649129,864691136579408916,1,4120.0
864691135750649129,864691136904488114,1,5352.0
864691135750958889,864691134887026938,1,20444.0
864691135750958889,864691134948788476,1,4556.0
864691135750958889,864691134949248508,1,224.0
864691135750958889,864691134949263100,1,28564.0
864691135750958889,864691135015652246,1,5148.0
864691135750958889,864691135102151968,1,7736.0
864691135750958889,864691135164887853,3,22796.0
864691135750958889,864691135209432185,2,25156.0
864691135750958889,864691135214986368,1,9244.0
864691135750958889,864691135258642863,1,1732.0
864691135750958889,864691135280944545,1,3644.0
864691135750958889,864691135294442678,1,7360.0
864691135750958889,864691135325487004,1,1728.0
864691135750958889,864691135360809560,1,2296.0
864691135750958889,864691135466158917,1,688.0
864691135750958889,864691135476495936,1,6700.0
864691135750958889,864691135562842337,1,27880.0
864691135750958889,864691135685087474,1,2016.0
864691135750958889,864691135732578745,1,5000.0
864691135750958889,864691135739587697,1,1936.0
864691135750958889,864691135778419901,1,7660.0
864691135750958889,864691135885911920,1,13360.0
864691135750958889,864691135886130288,1,9152.0
864691135750958889,864691135927381774,1,3032.0
864691135750958889,864691136041575422,1,3548.0
864691135750958889,864691136118370724,1,2760.0
864691135750958889,864691136125457446,1,3836.0
864691135750958889,864691136336039091,1,13648.0
864691135750958889,864691136391042167,1,7484.0
864691135750958889,864691136523288465,1,3088.0
864691135750958889,864691136990522517,1,10252.0
864691135751110185,864691134991010426,1,2660.0
864691135751110185,864691135157198692,1,2452.0
864691135751110185,864691135184104194,1,14096.0
864691135751110185,864691135387535957,1,8052.0
864691135751110185,864691135405337326,1,6092.0
864691135751110185,864691135469845388,1,2396.0
864691135751110185,864691135478316200,1,2916.0
864691135751110185,864691135504203357,1,1992.0
864691135751110185,864691135577651230,1,5708.0
864691135751110185,864691135592830731,1,4380.0
864691135751110185,864691135640297787,2,32476.0
864691135751110185,864691135725842603,1,392.0
864691135751110185,864691135866576604,1,3736.0
864691135751110185,864691135939049988,1,616.0
864691135751110185,864691135954393891,1,27064.0
864691135751110185,864691135977309763,1,5856.0
864691135751110185,864691136041575422,1,2160.0
864691135751110185,864691136058745048,1,3660.0
864691135751110185,864691136288644291,2,9008.0
864691135751110185,864691136330101226,1,7620.0
864691135751110185,864691136330407914,1,13136.0
864691135751110185,864691136381301461,3,37584.0
864691135751110185,864691136420303511,1,196.0
864691135751110185,864691136445557123,1,1004.0
864691135751110185,864691136453419007,2,30628.0
864691135751110185,864691136524172689,1,1444.0
864691135753932237,864691134966114591,1,488.0
864691135753932237,864691134966324767,1,24248.0
864691135753932237,864691135101595680,1,4156.0
864691135753932237,864691135336055529,1,9052.0
864691135753932237,864691135339088102,1,2504.0
864691135753932237,864691135492568551,1,3544.0
864691135753932237,864691135618505065,1,1452.0
864691135753932237,864691135655894978,1,10524.0
864691135753932237,864691135732210873,1,2684.0
864691135753932237,864691136013367715,1,4384.0
864691135753932237,864691136107283417,1,1996.0
864691135753932237,864691136120658712,1,36504.0
864691135753932237,864691136523118481,1,20036.0
864691135753932237,864691136975144988,1,3580.0
864691135755197133,864691135367033849,1,632.0
864691135755197133,864691135778132576,1,1936.0
864691135756075981,864691135294190518,1,5432.0
864691135756075981,864691135336055529,1,2880.0
864691135756075981,864691135339600102,1,1332.0
864691135756075981,864691135474504498,1,636.0
864691135756075981,864691135502885954,1,8008.0
864691135756075981,864691135571192966,1,26252.0
864691135756075981,864691135578360837,1,344.0
864691135756075981,864691135617152361,1,3148.0
864691135756075981,864691135618505065,1,228.0
864691135756075981,864691135774053371,1,2648.0
864691135756075981,864691135778419901,1,2556.0
864691135756075981,864691135849426270,1,1376.0
864691135756075981,864691135977654851,1,2916.0
864691135756075981,864691135977666883,1,2264.0
864691135756075981,864691136238090767,1,2496.0
864691135756075981,864691136330101226,2,7380.0
864691135756075981,864691136484732972,1,3560.0
864691135756319186,864691135210134905,1,15596.0
864691135756319186,864691135430275120,1,2036.0
864691135756319186,864691135503163202,2,3228.0
864691135756319186,864691135519105162,1,2120.0
864691135756319186,864691135977309763,1,8540.0
864691135756319186,864691136363473634,1,4204.0
864691135756319186,864691136674492295,1,2508.0
864691135757040082,864691135136360217,1,816.0
864691135757040082,864691135324725404,1,972.0
864691135757040082,864691135417045946,1,12680.0
864691135757040082,864691135503182685,1,5880.0
864691135757040082,864691135591854347,1,25124.0
864691135757040082,864691135617440105,1,10540.0
864691135757040082,864691135656579010,1,1488.0
864691135757040082,864691135719900721,2,24048.0
864691135757040082,864691135810982860,1,5704.0
864691135757040082,864691135976063855,1,4248.0
864691135757040082,864691135993150913,1,2592.0
864691135757040082,864691136025184569,1,2248.0
864691135757040082,864691136117770660,1,2872.0
864691135757040082,864691136421279639,1,736.0
864691135757040082,864691136453384959,1,33100.0
864691135757040082,864691136674744199,1,5564.0
864691135757040082,864691136905758130,1,11252.0
864691135757040082,864691136991390869,1,240.0
864691135757083346,864691135015154934,2,17328.0
864691135757083346,864691135102274592,1,3180.0
864691135757083346,864691135258642863,1,9244.0
864691135757083346,864691135280944545,1,1256.0
864691135757083346,864691135294442678,1,21620.0
864691135757083346,864691135324725404,1,3184.0
864691135757083346,864691135374981320,1,14128.0
864691135757083346,864691135496381840,1,5572.0
864691135757083346,864691135578146565,1,1756.0
864691135757083346,864691135584629613,1,21080.0
864691135757083346,864691135717275162,1,2728.0
864691135757083346,864691135839932307,1,20204.0
864691135757083346,864691135867644805,1,3536.0
864691135757083346,864691135919956656,1,12876.0
864691135757083346,864691135939008565,1,5648.0
864691135757083346,864691135977654851,1,1748.0
864691135757083346,864691136137237899,1,8500.0
864691135757083346,864691136392785279,1,5296.0
864691135757083346,864691136453384959,1,3216.0
864691135757083346,864691136904488114,1,724.0
864691135757083346,864691136953413599,1,12464.0
864691135757083346,864691137056393846,1,1332.0
864691135760106830,864691134942472035,1,10692.0
864691135760106830,864691135124603687,1,1188.0
864691135760106830,864691135134016928,1,1328.0
864691135760106830,864691135324623260,1,1404.0
864691135760106830,864691135465113157,1,3300.0
864691135760106830,864691135490326074,1,3716.0
864691135760106830,864691135492568551,1,884.0
864691135760106830,864691135504168285,1,1628.0
864691135760106830,864691135738047620,1,2816.0
864691135760106830,864691135738969220,1,3932.0
864691135760106830,864691135751110185,1,3172.0
864691135760106830,864691135774179147,1,3656.0
864691135760106830,864691136041575422,1,17864.0
864691135760106830,864691136196517452,1,312.0
864691135760106830,864691136389688695,1,10248.0
864691135760106830,864691136391042167,1,3524.0
864691135760106830,864691136445215875,1,34156.0
864691135760106830,864691136488999186,1,248.0
864691135760106830,864691136524297617,1,4348.0
864691135760635214,864691135350420951,1,424.0
864691135760635214,864691135742102635,3,13952.0
864691135763495478,864691135059143323,2,47844.0
864691135763495478,864691135578103301,1,30228.0
864691135763495478,864691135697613077,1,34096.0
864691135763495478,864691135851792071,1,2088.0
864691135763495478,864691135875460494,1,5700.0
864691135763795510,864691134966069023,1,3212.0
864691135763795510,864691135066958404,1,6320.0
864691135763795510,864691135342585541,1,3016.0
864691135763795510,864691135430486576,1,15388.0
864691135763795510,864691135493686111,1,3068.0
864691135763795510,864691135502885954,1,4172.0
864691135763795510,864691135857099310,1,15952.0
864691135763795510,864691135885911920,2,6876.0
864691135763795510,864691136022214648,1,11404.0
864691135763795510,864691136107283417,1,536.0
864691135763795510,864691136136383883,1,20484.0
864691135763795510,864691136196338764,1,3116.0
864691135763795510,864691136373008520,1,5876.0
864691135763795510,864691136578982164,1,5872.0
864691135763795510,864691136914414321,1,39128.0
864691135763795510,864691136991359893,1,1564.0
864691135763941174,864691135164772653,2,44956.0
864691135763941174,864691135619756943,1,5044.0
864691135763941174,864691135750307881,1,11860.0
864691135763941174,864691135927494158,1,1764.0
864691135763941174,864691136022520056,1,26276.0
864691135763941174,864691136034084795,1,3096.0
864691135763941174,864691136137293195,1,9852.0
864691135763941174,864691136330101226,2,11884.0
864691135763941174,864691137021264750,1,9400.0
864691135764015926,864691134966114591,1,16272.0
864691135764015926,864691135059845275,1,7652.0
864691135764015926,864691135271696549,1,1348.0
864691135764015926,864691135493686111,1,9568.0
864691135764015926,864691135497743635,1,14652.0
864691135764015926,864691135576881950,1,12240.0
864691135764015926,864691135587532924,1,7884.0
864691135764015926,864691135591854347,1,880.0
864691135764015926,864691136904488114,1,6604.0
864691135764583990,864691135214931072,2,8968.0
864691135764583990,864691135258642863,2,27436.0
864691135764583990,864691135339600102,1,11028.0
864691135764583990,864691135343818161,1,3276.0
864691135764583990,864691135362104647,2,43572.0
864691135764583990,864691135398805281,1,26212.0
864691135764583990,864691135405626862,1,20348.0
864691135764583990,864691135416233914,1,1964.0
864691135764583990,864691135493149927,1,2016.0
864691135764583990,864691135493620831,1,8268.0
864691135764583990,864691135503182685,5,79384.0
864691135764583990,864691135566168599,1,4212.0
864691135764583990,864691135654715586,1,13220.0
864691135764583990,864691135684657079,1,19764.0
864691135764583990,864691135685087474,3,22792.0
864691135764583990,864691135694415551,1,21924.0
864691135764583990,864691135720638769,3,73660.0
864691135764583990,864691135750307881,1,8036.0
864691135764583990,864691135861093992,1,2348.0
864691135764583990,864691135878061395,1,5452.0
864691135764583990,864691135928366606,1,4880.0
864691135764583990,864691135955962888,1,4216.0
864691135764583990,864691135977666883,5,42244.0
864691135764583990,864691136091634487,1,3088.0
864691135764583990,864691136118370724,1,9508.0
864691135764583990,864691136314491965,1,29504.0
864691135764583990,864691136330101226,1,1372.0
864691135764583990,864691136381301461,1,9920.0
864691135764583990,864691136389607287,1,464.0
864691135764583990,864691136523216017,1,10832.0
864691135764583990,864691136665051614,1,10012.0
864691135764583990,864691136813937267,3,85144.0
864691135764583990,864691136914414321,1,10520.0
864691135764583990,864691136991202453,1,8812.0
864691135765006134,864691134941412707,1,24768.0
864691135765006134,864691135101431072,1,520.0
864691135765006134,864691135258642863,1,4188.0
864691135765006134,864691135357351375,1,5300.0
864691135765006134,864691135503182685,1,8248.0
864691135765006134,864691135694246079,1,3680.0
864691135765006134,864691135742102635,1,2432.0
864691135765006134,864691136041575422,1,4140.0
864691135765006134,864691136238679567,1,1036.0
864691135765006134,864691136391042167,1,944.0
864691135765013302,864691134942472035,1,14108.0
864691135765013302,864691135015652246,1,20444.0
864691135765013302,864691135157198692,1,1448.0
864691135765013302,864691135455400554,1,15288.0
864691135765013302,864691135493686111,1,13228.0
864691135765013302,864691135583277677,1,20212.0
864691135765013302,864691135584629613,1,3356.0
864691135765013302,864691135618505065,1,1936.0
864691135765013302,864691135725842603,2,23460.0
864691135765013302,864691135750958889,1,1656.0
864691135765013302,864691135765006134,1,3088.0
864691135765013302,864691135810473245,1,13496.0
864691135765013302,864691135850033758,1,3020.0
864691135765013302,864691135868210454,1,6056.0
864691135765013302,864691135994226881,1,3396.0
864691135765013302,864691136125433894,1,25244.0
864691135765013302,864691136137237899,1,17452.0
864691135765013302,864691136298125851,1,20408.0
864691135765013302,864691136488999186,1,1596.0
864691135765013302,864691136664680926,1,4200.0
864691135765013302,864691136975624220,1,16560.0
864691135772053835,864691136812081779,1,16148.0
864691135772920651,864691136298045979,2,5684.0
864691135772920651,864691136991606421,1,6188.0
864691135772987899,864691135408560329,1,868.0
864691135772987899,864691135700409211,1,5152.0
864691135772987899,864691136239068732,1,9384.0
864691135773073147,864691134941412707,1,4164.0
864691135773073147,864691134949248508,1,35172.0
864691135773073147,864691135135019168,1,12540.0
864691135773073147,864691135294442678,1,11700.0
864691135773073147,864691135294520844,1,6464.0
864691135773073147,864691135493686111,1,4268.0
864691135773073147,864691135577651230,1,5468.0
864691135773073147,864691135584008045,1,15292.0
864691135773073147,864691135731679929,1,13032.0
864691135773073147,864691135750307881,2,65712.0
864691135773073147,864691135842486243,1,17416.0
864691135773073147,864691135938816260,1,6700.0
864691135773073147,864691136011686318,1,5752.0
864691135773073147,864691136137237899,1,16884.0
864691135773073147,864691136177629702,1,5236.0
864691135773073147,864691136238679567,1,5344.0
864691135773073147,864691136275894285,1,12856.0
864691135773073147,864691136330101226,1,28960.0
864691135773073147,864691136391042167,2,10204.0
864691135773073147,864691136437631902,1,2496.0
864691135773073147,864691136453384959,1,2040.0
864691135773073147,864691136619096795,1,10376.0
864691135773073147,864691136914414321,2,14508.0
864691135773073147,864691137056393846,1,17596.0
864691135773208651,864691134886569210,1,9332.0
864691135773208651,864691135137137433,1,3704.0
864691135773208651,864691135274195217,1,21888.0
864691135773208651,864691135294442678,1,23652.0
864691135773208651,864691135294480310,1,4392.0
864691135773208651,864691135304641703,1,4208.0
864691135773208651,864691135386899029,1,4492.0
864691135773208651,864691135405733870,1,6240.0
864691135773208651,864691135469845388,1,560.0
864691135773208651,864691135578146565,1,5636.0
864691135773208651,864691135742102635,1,10024.0
864691135773208651,864691135782544435,2,15028.0
864691135773208651,864691135858273326,1,10168.0
864691135773208651,864691135942924148,2,8996.0
864691135773208651,864691135976063855,1,508.0
864691135773208651,864691136101516661,1,24160.0
864691135773208651,864691136239980604,1,2288.0
864691135773209163,864691134942472035,1,21236.0
864691135773209163,864691134948788476,1,25280.0
864691135773209163,864691134966714655,1,18472.0
864691135773209163,864691135060882843,1,10820.0
864691135773209163,864691135214931072,1,2408.0
864691135773209163,864691135272003237,1,3652.0
864691135773209163,864691135340055782,1,1600.0
864691135773209163,864691135351096279,1,12376.0
864691135773209163,864691135448215698,1,5200.0
864691135773209163,864691135469845388,1,2848.0
864691135773209163,864691135496440208,2,8180.0
864691135773209163,864691135504327861,1,5436.0
864691135773209163,864691135546902056,1,19488.0
864691135773209163,864691135570301676,1,2284.0
864691135773209163,864691135586724220,1,15252.0
864691135773209163,864691135617152361,1,24780.0
864691135773209163,864691135619756943,1,8100.0
864691135773209163,864691135731679929,1,10324.0
864691135773209163,864691135773208651,1,192.0
864691135773209163,864691135774053371,1,8612.0
864691135773209163,864691135779049056,1,4512.0
864691135773209163,864691135849426270,2,9728.0
864691135773209163,864691135874914702,3,14264.0
864691135773209163,864691135977654851,1,2744.0
864691135773209163,864691136010028974,1,12340.0
864691135773209163,864691136125411622,1,21880.0
864691135773209163,864691136125440038,1,8500.0
864691135773209163,864691136125457446,1,1860.0
864691135773209163,864691136336039091,1,2864.0
864691135773209163,864691136452609023,2,20120.0
864691135773209163,864691136603811281,1,10948.0
864691135773209163,864691136618795227,1,8452.0
864691135773209163,864691136675427975,1,10424.0
864691135773209163,864691136742244188,1,4052.0
864691135773209163,864691136904488114,1,15096.0
864691135773209163,864691137199050049,1,3420.0
864691135774053371,864691134887026938,1,3432.0
864691135774053371,864691135257669039,1,204.0
864691135774053371,864691135496440208,1,6728.0
864691135774053371,864691135662408944,1,324.0
864691135774053371,864691135739689073,1,2112.0
864691135774053371,864691135810473245,1,4952.0
864691135774053371,864691136010639022,1,848.0
864691135774053371,864691136125457446,1,3220.0
864691135774053371,864691136137794941,1,1800.0
864691135774053371,864691136438469534,1,1048.0
864691135774053371,864691136453419007,1,18352.0
864691135774053371,864691136905458866,1,4088.0
864691135774179147,864691134950156796,1,14640.0
864691135774179147,864691135015652246,1,2160.0
864691135774179147,864691135060651419,1,22144.0
864691135774179147,864691135258642863,3,16580.0
864691135774179147,864691135274195217,1,3972.0
864691135774179147,864691135325263004,1,1132.0
864691135774179147,864691135362104647,3,19396.0
864691135774179147,864691135469753426,1,4544.0
864691135774179147,864691135496440208,1,1968.0
864691135774179147,864691135518283475,1,1952.0
864691135774179147,864691135540272498,1,2932.0
864691135774179147,864691135774368763,1,3676.0
864691135774179147,864691135839950227,1,2148.0
864691135774179147,864691135853198023,1,22464.0
864691135774179147,864691136022520056,2,12212.0
864691135774179147,864691136314491965,1,188.0
864691135774179147,864691136330101226,2,10184.0
864691135774179147,864691136330407914,1,7932.0
864691135774179147,864691136389688695,1,9804.0
864691135774179147,864691136421279639,1,18992.0
864691135774179147,864691136438469534,1,11372.0
864691135774179147,864691136452447743,1,3680.0
864691135774179147,864691136603811281,1,5000.0
864691135774179147,864691136674749575,1,848.0
864691135774179147,864691136814442867,1,2168.0
864691135774179147,864691136976001308,1,2356.0
864691135774294603,864691135212492992,1,10672.0
864691135774294603,864691135342523057,1,336.0
864691135774294603,864691135756075981,1,5668.0
864691135774294603,864691136239980604,1,436.0
864691135774368763,864691135015652246,1,3260.0
864691135774368763,864691135214986368,1,5788.0
864691135774368763,864691135258642863,1,1752.0
864691135774368763,864691135277309669,1,288.0
864691135774368763,864691135360096071,1,3524.0
864691135774368763,864691135408808649,1,752.0
864691135774368763,864691135448303762,1,2116.0
864691135774368763,864691135585266808,1,29076.0
864691135774368763,864691135655390658,1,808.0
864691135774368763,864691135688186080,1,21388.0
864691135774368763,864691135717271834,1,528.0
864691135774368763,864691135782702387,1,468.0
864691135774368763,864691135810905036,1,1232.0
864691135774368763,864691136026254649,1,5136.0
864691135774368763,864691136034011579,1,1748.0
864691135774368763,864691136043380566,1,2368.0
864691135774368763,864691136419797655,1,28044.0
864691135774368763,864691136438469534,1,2492.0
864691135774368763,864691136523288465,1,10136.0
864691135774368763,864691136813937267,1,20696.0
864691135774389755,864691134949248508,1,2460.0
864691135774389755,864691135479404742,1,1824.0
864691135774389755,864691135732210873,1,380.0
864691135774389755,864691136085781356,1,5916.0
864691135774389755,864691136137794941,1,14836.0
864691135774389755,864691136380757461,1,13956.0
864691135774389755,864691136381243349,1,2724.0
864691135774389755,864691136905458866,1,12760.0
864691135778132576,864691134887026938,1,604.0
864691135778132576,864691135059143323,1,164.0
864691135778132576,864691135117980637,1,3108.0
864691135778132576,864691135270320293,1,6148.0
864691135778132576,864691135397982753,1,404.0
864691135778132576,864691135466283333,1,544.0
864691135778132576,864691135583223405,1,3420.0
864691135778132576,864691135857099310,1,2444.0
864691135778132576,864691136137834877,1,2504.0
864691135778132576,864691136420195223,1,580.0
864691135778187360,864691135059143323,1,7000.0
864691135778187360,864691135382556378,1,11180.0
864691135778187360,864691135593659947,2,21332.0
864691135778187360,864691135755197133,1,16288.0
864691135778187360,864691135937286404,1,1076.0
864691135778187360,864691135975633475,1,18144.0
864691135778187360,864691136106969561,1,2332.0
864691135778187360,864691136176327430,1,4340.0
864691135778288573,864691134919529994,2,21468.0
864691135778288573,864691135164887853,1,4372.0
864691135778288573,864691135304641703,1,11728.0
864691135778288573,864691135325263004,1,4084.0
864691135778288573,864691135375351369,1,14388.0
864691135778288573,864691135375484489,1,10108.0
864691135778288573,864691135477469864,2,10876.0
864691135778288573,864691135490326074,1,22132.0
864691135778288573,864691135700814114,1,15940.0
864691135778288573,864691135802453858,1,23696.0
864691135778288573,864691135886208112,1,19348.0
864691135778288573,864691136033227451,1,4152.0
864691135778288573,864691136041575422,1,10456.0
864691135778288573,864691136117695908,1,9204.0
864691135778288573,864691136134678667,1,19080.0
864691135778288573,864691136298125851,1,2484.0
864691135778288573,864691136314491965,1,4120.0
864691135778288573,864691136438469534,1,1744.0
864691135778288573,864691136604001745,1,2912.0
864691135778288573,864691136914414321,1,2072.0
864691135778419901,864691134942169955,1,5400.0
864691135778419901,864691134948788476,1,23760.0
864691135778419901,864691135274816017,2,3556.0
864691135778419901,864691135360809560,1,10260.0
864691135778419901,864691135384285931,1,2040.0
864691135778419901,864691135455400554,1,1592.0
864691135778419901,864691135492568551,1,11328.0
864691135778419901,864691135493686111,1,5956.0
864691135778419901,864691135503182685,1,4416.0
864691135778419901,864691135562004193,1,1084.0
864691135778419901,864691135618505065,1,1688.0
864691135778419901,864691135662059248,1,1112.0
864691135778419901,864691135694415551,1,2728.0
864691135778419901,864691135750307881,1,5356.0
864691135778419901,864691135810466333,1,3316.0
864691135778419901,864691135810473245,2,21116.0
864691135778419901,864691135858298670,1,896.0
864691135778419901,864691135938816260,1,736.0
864691135778419901,864691136026254649,1,3324.0
864691135778419901,864691136211385020,1,3180.0
864691135778419901,864691136228250961,1,644.0
864691135778419901,864691136330101226,1,5148.0
864691135778419901,864691136373008520,2,17448.0
864691135778419901,864691136381243349,1,7968.0
864691135778419901,864691136424990255,1,1176.0
864691135778419901,864691136913993713,1,10828.0
864691135778419901,864691136991202453,2,16536.0
864691135778467517,864691135336055529,1,12148.0
864691135778467517,864691135397982753,1,8176.0
864691135778467517,864691136034084795,1,180.0
864691135778467517,864691136111251896,1,25200.0
864691135778467517,864691136195798504,1,6736.0
864691135778467517,864691136330101226,1,160.0
864691135778572973,864691135375590217,1,7480.0
864691135778572973,864691135504203357,1,1288.0
864691135778572973,864691135942924148,1,1980.0
864691135778572973,864691136110366904,1,9788.0
864691135778572973,864691136674492295,1,2588.0
864691135778638013,864691135398805281,1,188.0
864691135778638013,864691135566945559,1,816.0
864691135778638013,864691135739587697,1,2048.0
864691135778638013,864691135774179147,1,6600.0
864691135778638013,864691136603811281,1,4680.0
864691135778638013,864691136991202453,1,10864.0
864691135778638013,864691137199828801,1,2364.0
864691135779020221,864691135504168285,1,12936.0
864691135779020221,864691135717271834,1,13004.0
864691135779020221,864691135742189163,1,1264.0
864691135779020221,864691136275031565,1,20240.0
864691135779020221,864691136314473021,1,4756.0
864691135779020221,864691136990522517,1,1032.0
864691135779049056,864691135396115189,1,360.0
864691135779049056,864691135774294603,2,11740.0
864691135779049056,864691135976425327,1,4080.0
864691135779049056,864691136484732972,1,15844.0
864691135779049056,864691136674495623,1,8132.0
864691135779049056,864691137021162094,1,8020.0
864691135779377341,864691134991010426,1,49140.0
864691135779377341,864691135015652246,1,248.0
864691135779377341,864691135066958404,1,1652.0
864691135779377341,864691135280481697,2,25628.0
864691135779377341,864691135362104647,1,9244.0
864691135779377341,864691135375888840,1,5844.0
864691135779377341,864691135466158917,2,11888.0
864691135779377341,864691135518989962,1,25012.0
864691135779377341,864691135584504429,1,10468.0
864691135779377341,864691135586724220,1,12600.0
864691135779377341,864691135750307881,1,42992.0
864691135779377341,864691135810473245,1,160.0
864691135779377341,864691136380718037,1,13084.0
864691135779377341,864691136523216017,1,2668.0
864691135779705021,864691135015652246,1,3488.0
864691135779705021,864691135102151968,1,1252.0
864691135779705021,864691135135019168,1,1424.0
864691135779705021,864691135280481697,1,18944.0
864691135779705021,864691135294441654,1,1224.0
864691135779705021,864691135466158917,1,4396.0
864691135779705021,864691135492568551,1,4364.0
864691135779705021,864691135503163202,1,3576.0
864691135779705021,864691135518283475,1,4208.0
864691135779705021,864691135546339880,1,1040.0
864691135779705021,864691135584629613,1,3896.0
864691135779705021,864691135594721579,1,2272.0
864691135779705021,864691135617152361,2,1624.0
864691135779705021,864691135689417440,1,6548.0
864691135779705021,864691135727790911,1,5028.0
864691135779705021,864691135741780116,1,2564.0
864691135779705021,864691135773073147,1,272.0
864691135779705021,864691135954393891,1,364.0
864691135779705021,864691135955962888,2,21816.0
864691135779705021,864691135977045871,2,3208.0
864691135779705021,864691135977654851,1,8924.0
864691135779705021,864691135990004992,1,8160.0
864691135779705021,864691136011686318,1,1588.0
864691135779705021,864691136034084795,1,3296.0
864691135779705021,864691136111251896,1,4524.0
864691135779705021,864691136211385020,1,7376.0
864691135779705021,864691136391623039,1,26756.0
864691135779705021,864691136437631902,1,18892.0
864691135779705021,864691136619096795,2,31196.0
864691135779705021,864691136905458866,1,1076.0
864691135779705021,864691136905758130,2,11268.0
864691135779705021,864691136927187786,3,26288.0
864691135779705021,864691136991202453,1,7696.0
864691135782241616,864691134948788476,1,6736.0
864691135782241616,864691134949221372,1,1500.0
864691135782241616,864691135102274592,1,1496.0
864691135782241616,864691135102381856,1,4832.0
864691135782241616,864691135136360217,1,19828.0
864691135782241616,864691135210134905,1,180.0
864691135782241616,864691135396794101,1,456.0
864691135782241616,864691135503182685,3,58220.0
864691135782241616,864691135586724220,1,420.0
864691135782241616,864691135688186080,1,15212.0
864691135782241616,864691135750958889,2,5640.0
864691135782241616,864691135774389755,1,2152.0
864691135782241616,864691135839950227,1,756.0
864691135782241616,864691135885911920,1,13128.0
864691135782241616,864691136041575422,1,1852.0
864691135782241616,864691136137237899,1,3032.0
864691135782241616,864691136419797655,2,71116.0
864691135782241616,864691136438469534,2,27792.0
864691135782241616,864691136523335057,1,14632.0
864691135782265424,864691135134155168,1,760.0
864691135782265424,864691135360017752,1,21512.0
864691135782265424,864691135428676144,1,2468.0
864691135782265424,864691135572385061,1,5552.0
864691135782265424,864691135700648226,1,276.0
864691135782265424,864691135848030814,1,6020.0
864691135782265424,864691135867905302,2,43908.0
864691135782265424,864691136196127208,2,32688.0
864691135782265424,864691136602371025,1,3996.0
864691135782506832,864691134966324767,1,1964.0
864691135782506832,864691135233242713,1,3808.0
864691135782506832,864691135272003237,2,44004.0
864691135782506832,864691135277309669,1,4540.0
864691135782506832,864691135280682401,1,7204.0
864691135782506832,864691135398868257,1,3876.0
864691135782506832,864691135492568551,2,6284.0
864691135782506832,864691135546339880,1,1548.0
864691135782506832,864691135571192966,1,1676.0
864691135782506832,864691135685087474,1,2016.0
864691135782506832,864691135727790911,1,2356.0
864691135782506832,864691135757040082,1,3852.0
864691135782506832,864691135773073147,3,52724.0
864691135782506832,864691135774389755,1,3904.0
864691135782506832,864691135928366606,1,572.0
864691135782506832,864691135938816260,1,4476.0
864691135782506832,864691135954393891,1,32468.0
864691135782506832,864691135988557315,1,2820.0
864691135782506832,864691136006519498,1,4376.0
864691135782506832,864691136011684526,1,5464.0
864691135782506832,864691136043283030,1,4184.0
864691135782506832,864691136120159768,1,3936.0
864691135782506832,864691136389921911,1,16032.0
864691135782506832,864691136424990255,1,12372.0
864691135782506832,864691136453419007,1,15668.0
864691135782506832,864691136524172689,1,11920.0
864691135782506832,864691136579129876,1,3784.0
864691135782506832,864691136604001745,1,2104.0
864691135782506832,864691136665051614,1,25200.0
864691135782506832,864691136674749575,1,952.0
864691135782506832,864691136675427975,1,6368.0
864691135782506832,864691136742067804,1,3860.0
864691135782506832,864691136813937267,1,1784.0
864691135782544435,864691135367033849,1,2852.0
864691135782544435,864691135585046648,1,5196.0
864691135782544435,864691135724393131,1,18528.0
864691135782702387,864691135102381856,1,2884.0
864691135782702387,864691135258642863,1,32416.0
864691135782702387,864691135499707667,1,2140.0
864691135782702387,864691135576881950,2,5968.0
864691135782702387,864691135728030015,1,3360.0
864691135782702387,864691135732210873,1,2532.0
864691135782702387,864691135741930603,2,19880.0
864691135782702387,864691135741963627,1,2836.0
864691135782702387,864691135787537348,1,3552.0
864691135782702387,864691135816565839,1,4660.0
864691135782702387,864691135878061395,1,38256.0
864691135782702387,864691135938816260,1,5884.0
864691135782702387,864691135993150913,1,11864.0
864691135782702387,864691136022520056,1,7728.0
864691135782702387,864691136125411622,1,13188.0
864691135782702387,864691136195798504,1,19120.0
864691135782702387,864691136425073455,1,9824.0
864691135782702387,864691136976001308,1,3164.0
864691135786943684,864691135362104647,1,10120.0
864691135786943684,864691135405733870,1,17472.0
864691135786943684,864691135448215698,1,10264.0
864691135786943684,864691135571192966,1,2668.0
864691135786943684,864691135773208651,1,7944.0
864691135786943684,864691135810492189,1,19336.0
864691135786943684,864691135942924148,1,7148.0
864691135786943684,864691135954393891,1,6128.0
864691135786943684,864691136814627955,1,4604.0
864691135787537348,864691135214986368,1,1828.0
864691135787537348,864691135499283987,1,4432.0
864691135787537348,864691135656674242,1,2888.0
864691135787537348,864691135765013302,1,5796.0
864691135787537348,864691135849088094,1,10372.0
864691135787537348,864691136125433894,1,3236.0
864691135787537348,864691136311381338,1,3152.0
864691135787537348,864691137198382657,1,10004.0
864691135801133666,864691134886828794,1,5464.0
864691135801133666,864691135134155168,1,25156.0
864691135801163874,864691134942472035,1,6328.0
864691135801163874,864691135164772653,1,5444.0
864691135801163874,864691135764583990,1,2460.0
864691135801163874,864691135842486243,1,3228.0
864691135801163874,864691136011684526,1,4288.0
864691135801163874,864691136177629702,1,2660.0
864691135801163874,864691136195400150,1,3696.0
864691135801163874,864691136238679567,1,5448.0
864691135801163874,864691136390788215,1,4232.0
864691135801163874,864691136419797655,1,2580.0
864691135801163874,864691136523216017,1,9656.0
864691135801163874,864691136905458866,1,268.0
864691135801463650,864691135258642863,1,12544.0
864691135801463650,864691135294190518,1,3132.0
864691135801463650,864691135325487004,1,3300.0
864691135801463650,864691135408808649,1,10044.0
864691135801463650,864691135430346544,1,9604.0
864691135801463650,864691135738969220,1,5304.0
864691135801463650,864691135764583990,1,12696.0
864691135801463650,864691136022520056,3,40496.0
864691135801463650,864691136195798504,2,27544.0
864691135801463650,864691136228250961,1,13844.0
864691135801463650,864691136330101226,1,1412.0
864691135801463650,864691136389688695,1,34172.0
864691135801463650,864691136437631902,1,5504.0
864691135801463650,864691137021264750,1,3884.0
864691135801604706,864691135468854156,1,5072.0
864691135801604706,864691135519106442,1,23976.0
864691135801604706,864691135572385061,2,26264.0
864691135801604706,864691135724393131,1,6932.0
864691135801604706,864691135739733140,1,17724.0
864691135801604706,864691135890141321,1,14916.0
864691135801604706,864691135911276969,1,4452.0
864691135801604706,864691135919645872,1,17104.0
864691135801604706,864691135952121379,3,52188.0
864691135801604706,864691135975633475,1,2432.0
864691135801604706,864691136619882637,1,29536.0
864691135802453858,864691134949248508,1,11280.0
864691135802453858,864691135102274592,1,8384.0
864691135802453858,864691135258642863,1,4768.0
864691135802453858,864691135272003237,1,13012.0
864691135802453858,864691135562975969,1,904.0
864691135802453858,864691135861093992,1,4624.0
864691135802453858,864691135977666883,1,6224.0
864691135802453858,864691136011684526,1,18656.0
864691135802453858,864691136419797655,1,4652.0
864691135807579933,864691135118894813,1,2256.0
864691135807579933,864691135134695328,1,8532.0
864691135807579933,864691135463695429,1,2744.0
864691135807579933,864691135468161164,1,8388.0
864691135807579933,864691135473383730,1,11240.0
864691135807579933,864691135701624699,1,26568.0
864691135807579933,864691135719761713,1,4344.0
864691135807579933,864691135851792071,2,10948.0
864691135807579933,864691136275031565,1,13704.0
864691135807579933,864691136275919117,1,60476.0
864691135807579933,864691136452081151,1,24768.0
864691135808684573,864691135511802576,1,17112.0
864691135808684573,864691135858273326,1,4204.0
864691135808684573,864691135890141321,1,1868.0
864691135808684573,864691136419797655,1,41008.0
864691135808925981,864691134919869706,1,2328.0
864691135808925981,864691134919972106,2,40428.0
864691135808925981,864691134966114591,2,15556.0
864691135808925981,864691135015652246,1,41180.0
864691135808925981,864691135134052512,1,1436.0
864691135808925981,864691135336055529,1,10136.0
864691135808925981,864691135386899029,1,2408.0
864691135808925981,864691135405337326,1,2372.0
864691135808925981,864691135417478842,1,9508.0
864691135808925981,864691135465932357,1,3728.0
864691135808925981,864691135566155351,1,22084.0
864691135808925981,864691135567047191,1,9036.0
864691135808925981,864691135571192966,1,1160.0
864691135808925981,864691135572530981,1,668.0
864691135808925981,864691135577651230,2,18384.0
864691135808925981,864691135586240120,1,5296.0
864691135808925981,864691135688186080,1,6284.0
864691135808925981,864691135717457946,1,5964.0
864691135808925981,864691135764583990,1,12364.0
864691135808925981,864691136010651052,1,14716.0
864691135808925981,864691136043380566,1,16980.0
864691135808925981,864691136091634487,2,9500.0
864691135808925981,864691136177629702,1,3868.0
864691135808925981,864691136336107187,1,10012.0
864691135808925981,864691136390788215,1,2260.0
864691135808925981,864691136438469534,1,10296.0
864691135808925981,864691136453419007,1,10576.0
864691135808925981,864691136620914829,1,22068.0
864691135808925981,864691136665051614,1,7892.0
864691135808925981,864691136991202453,1,1820.0
864691135809509917,864691135977666883,2,11020.0
864691135809568029,864691135469845388,1,18984.0
864691135809568029,864691135728030015,1,2212.0
864691135809568029,864691135808925981,1,1416.0
864691135809568029,864691135988742147,1,1916.0
864691135809568029,864691136033332155,1,3788.0
864691135809568029,864691136135963787,1,1892.0
864691135809608652,864691135719761713,1,3384.0
864691135809608652,864691135851792071,1,5220.0
864691135809608652,864691135852138183,2,9012.0
864691135810308125,864691135115049881,1,12912.0
864691135810308125,864691135778132576,1,15332.0
864691135810308125,864691135878061395,1,3972.0
864691135810466333,864691134949221372,1,4464.0
864691135810466333,864691135067066948,1,4220.0
864691135810466333,864691135280481697,1,24372.0
864691135810466333,864691135340055782,1,1008.0
864691135810466333,864691135480892614,1,15928.0
864691135810466333,864691135566168599,1,2520.0
864691135810466333,864691135572346349,1,3832.0
864691135810466333,864691135655894978,1,8912.0
864691135810466333,864691135757083346,1,6084.0
864691135810466333,864691135774294603,1,1352.0
864691135810466333,864691135779049056,1,756.0
864691135810466333,864691135810473245,1,4252.0
864691135810466333,864691135843242211,1,972.0
864691135810466333,864691135977045871,1,3720.0
864691135810466333,864691136012739747,1,8824.0
864691135810466333,864691136452609023,1,9264.0
864691135810473245,864691135258642863,1,5760.0
864691135810473245,864691135375351369,1,388.0
864691135810473245,864691135480892614,1,2776.0
864691135810473245,864691135492568551,1,2152.0
864691135810473245,864691135518173395,1,9204.0
864691135810473245,864691135646775791,1,28100.0
864691135810473245,864691135656579010,1,3756.0
864691135810473245,864691135719900721,1,2792.0
864691135810473245,864691135757083346,1,4964.0
864691135810473245,864691135765013302,1,1344.0
864691135810473245,864691135810773452,1,1404.0
864691135810473245,864691135885911920,1,12472.0
864691135810473245,864691135928366606,1,7960.0
864691135810473245,864691136314491965,1,7032.0
864691135810473245,864691136674495623,1,2392.0
864691135810473245,864691136975144988,1,2620.0
864691135810473245,864691137021264750,2,16368.0
864691135810492189,864691135060727707,1,61688.0
864691135810492189,864691135102151968,1,5016.0
864691135810492189,864691135102381856,1,9524.0
864691135810492189,864691135124146727,1,30056.0
864691135810492189,864691135155894884,2,37180.0
864691135810492189,864691135164887853,1,2604.0
864691135810492189,864691135324623260,1,9548.0
864691135810492189,864691135375351369,1,8972.0
864691135810492189,864691135388828033,1,11044.0
864691135810492189,864691135396940021,1,1064.0
864691135810492189,864691135465932357,1,4928.0
864691135810492189,864691135480892614,1,1308.0
864691135810492189,864691135492568551,1,13952.0
864691135810492189,864691135567047191,1,264.0
864691135810492189,864691135842486243,1,1608.0
864691135810492189,864691135928366606,1,7144.0
864691135810492189,864691136033332155,1,5996.0
864691135810492189,864691136091074615,1,396.0
864691135810492189,864691136380266965,2,5272.0
864691135810492189,864691136389688695,1,4912.0
864691135810492189,864691136437631902,1,1012.0
864691135810492189,864691136905560754,1,23084.0
864691135810492189,864691136912172017,2,9332.0
864691135810492189,864691136913993713,1,2404.0
864691135810492189,864691136953873631,2,16724.0
864691135810492189,864691136991202453,1,3356.0
864691135810492189,864691137055405174,1,744.0
864691135810773452,864691134949221372,1,9068.0
864691135810773452,864691134991010426,1,2112.0
864691135810773452,864691135102151968,1,33964.0
864691135810773452,864691135304641703,1,10716.0
864691135810773452,864691135325487004,2,18216.0
864691135810773452,864691135339729126,1,5596.0
864691135810773452,864691135396794101,1,9144.0
864691135810773452,864691135398805281,1,10564.0
864691135810773452,864691135465113157,1,1924.0
864691135810773452,864691135466158917,1,2580.0
864691135810773452,864691135469753426,1,43180.0
864691135810773452,864691135504168285,1,5608.0
864691135810773452,864691135562842337,1,27296.0
864691135810773452,864691135566168599,1,35792.0
864691135810773452,864691135577644574,1,548.0
864691135810773452,864691135698211994,1,3904.0
864691135810773452,864691135717163802,1,4820.0
864691135810773452,864691135717457946,1,6800.0
864691135810773452,864691135774389755,1,25800.0
864691135810773452,864691135810466333,1,14712.0
864691135810773452,864691135850033758,1,13984.0
864691135810773452,864691135868210454,1,1872.0
864691135810773452,864691136137794941,2,41524.0
864691135810773452,864691136524297617,1,3760.0
864691135810773452,864691136604001745,1,6072.0
864691135810773452,864691136991390869,1,1404.0
864691135810905036,864691134919869706,1,436.0
864691135810905036,864691134966714655,1,7520.0
864691135810905036,864691135277186789,1,4048.0
864691135810905036,864691135375351369,1,3240.0
864691135810905036,864691135384344043,1,288.0
864691135810905036,864691135417478842,1,10508.0
864691135810905036,864691135493149927,1,5596.0
864691135810905036,864691135493686111,1,2724.0
864691135810905036,864691135572346349,1,3236.0
864691135810905036,864691135577221406,1,9436.0
864691135810905036,864691135587371132,1,2704.0
864691135810905036,864691135662059248,1,15224.0
864691135810905036,864691135694246079,1,4832.0
864691135810905036,864691135719900721,1,12692.0
864691135810905036,864691135750958889,2,18656.0
864691135810905036,864691135757040082,1,9280.0
864691135810905036,864691135774179147,1,1880.0
864691135810905036,864691135801163874,1,14984.0
864691135810905036,864691135839950227,1,14852.0
864691135810905036,864691135886208112,1,14656.0
864691135810905036,864691135919956656,1,368.0
864691135810905036,864691135938816260,1,6320.0
864691135810905036,864691136025504569,1,3436.0
864691135810905036,864691136111559352,2,11288.0
864691135810905036,864691136228250961,1,2348.0
864691135810905036,864691136275894285,1,260.0
864691135810905036,864691136298125851,1,9504.0
864691135810905036,864691136314491965,1,2272.0
864691135810905036,864691136330101226,1,2788.0
864691135810905036,864691136419797655,1,1100.0
864691135810905036,864691136420303511,1,632.0
864691135810982860,864691134941412707,1,13368.0
864691135810982860,864691135015605910,2,34316.0
864691135810982860,864691135102151968,2,35604.0
864691135810982860,864691135102381856,1,836.0
864691135810982860,864691135257669039,1,29620.0
864691135810982860,864691135271696549,1,10004.0
864691135810982860,864691135294442678,1,1764.0
864691135810982860,864691135339088102,3,3952.0
864691135810982860,864691135388368001,1,19176.0
864691135810982860,864691135408808649,2,35620.0
864691135810982860,864691135455701354,1,19332.0
864691135810982860,864691135466283333,1,3568.0
864691135810982860,864691135480892614,1,5732.0
864691135810982860,864691135493149927,1,904.0
864691135810982860,864691135518283475,1,13380.0
864691135810982860,864691135656578242,1,1456.0
864691135810982860,864691135717457946,2,9628.0
864691135810982860,864691135719900721,1,5264.0
864691135810982860,864691135741458324,1,1872.0
864691135810982860,864691135772920651,1,10568.0
864691135810982860,864691135810473245,1,3052.0
864691135810982860,864691135810905036,1,5064.0
864691135810982860,864691135816693327,1,5752.0
864691135810982860,864691135839932307,1,12292.0
864691135810982860,864691135858298670,1,4380.0
864691135810982860,864691135954393891,1,5740.0
864691135810982860,864691135955909640,1,4740.0
864691135810982860,864691135994226881,1,2180.0
864691135810982860,864691136120159768,1,3936.0
864691135810982860,864691136196338764,1,3064.0
864691135810982860,864691136288598467,1,456.0
864691135810982860,864691136311381338,1,7936.0
864691135810982860,864691136424439855,1,21280.0
864691135810982860,864691136445215875,1,2396.0
864691135810982860,864691136452447743,2,33576.0
864691135810982860,864691136664127454,1,18480.0
864691135810982860,864691136674749575,1,8224.0
864691135810982860,864691136742067804,1,5500.0
864691135810982860,864691136912172017,1,4776.0
864691135810982860,864691136975144988,1,5724.0
864691135810982860,864691136990522517,1,19824.0
864691135811335116,864691135510191369,1,1472.0
864691135811335116,864691135566168599,1,600.0
864691135811335116,864691135618505065,1,1764.0
864691135811335116,864691135750307881,1,1104.0
864691135811335116,864691135977666883,1,936.0
864691135811335116,864691137021264750,1,568.0
864691135816565839,864691135546902056,1,6156.0
864691135816565839,864691135774294603,1,5540.0
864691135816565839,864691135774389755,1,4936.0
864691135816565839,864691135955962888,2,35896.0
864691135816565839,864691136089194039,1,24884.0
864691135816565839,864691136111251896,1,13616.0
864691135816565839,864691136119885080,1,12560.0
864691135816565839,864691136137794941,1,11732.0
864691135816693327,864691135294190518,1,976.0
864691135816693327,864691135417045946,1,3612.0
864691135816693327,864691135586724220,1,1612.0
864691135816693327,864691135717275162,1,408.0
864691135816693327,864691135732210873,1,21744.0
864691135816693327,864691135739587697,1,1884.0
864691135816693327,864691135942924148,1,2324.0
864691135816693327,864691136453384959,1,36588.0
864691135817195343,864691135102151968,1,11580.0
864691135817195343,864691135325263004,1,2496.0
864691135817195343,864691135384344043,1,5624.0
864691135817195343,864691135405626862,1,912.0
864691135817195343,864691135493686111,2,34868.0
864691135817195343,864691135496440208,1,3216.0
864691135817195343,864691135585266808,1,2252.0
864691135817195343,864691135717163802,1,18800.0
864691135817195343,864691135727790911,1,6512.0
864691135817195343,864691135738969220,1,6344.0
864691135817195343,864691135760635214,1,4208.0
864691135817195343,864691135773073147,1,1092.0
864691135817195343,864691135816693327,1,13320.0
864691135817195343,864691135878061395,1,208.0
864691135817195343,864691136314491965,1,16372.0
864691135817419343,864691135480892614,2,4476.0
864691135817419343,864691135656579010,1,1024.0
864691135817419343,864691135725748139,1,4132.0
864691135817419343,864691136022520056,1,2076.0
864691135839248787,864691135503182685,1,14204.0
864691135839932307,864691135277309669,1,6296.0
864691135839932307,864691135476528704,1,2728.0
864691135839932307,864691135576991518,1,3440.0
864691135839932307,864691135655390658,1,16416.0
864691135839932307,864691135994226881,1,944.0
864691135839932307,864691136110256824,1,1532.0
864691135839932307,864691136437631902,1,1024.0
864691135839950227,864691134919972106,1,6140.0
864691135839950227,864691135258642863,2,27932.0
864691135839950227,864691135362104647,1,3532.0
864691135839950227,864691135396794101,1,1720.0
864691135839950227,864691135408808649,1,31084.0
864691135839950227,864691135493620831,1,5860.0
864691135839950227,864691135584504429,1,2348.0
864691135839950227,864691135685087474,1,18252.0
864691135839950227,864691135738969220,1,3100.0
864691135839950227,864691135774179147,1,2972.0
864691135839950227,864691136438469534,1,2404.0
864691135839950227,864691136905458866,1,15584.0
864691135839950227,864691137198691137,1,648.0
864691135842486243,864691134991010426,1,11148.0
864691135842486243,864691135357351375,1,22820.0
864691135842486243,864691135448303762,1,2488.0
864691135842486243,864691135469753426,1,1132.0
864691135842486243,864691135540272498,1,6220.0
864691135842486243,864691135816693327,1,5088.0
864691135842486243,864691135857993774,1,2928.0
864691135842486243,864691135868210454,1,3184.0
864691135842486243,864691136033227451,1,1944.0
864691135842486243,864691136091634487,1,22600.0
864691135842486243,864691136137237899,1,16044.0
864691135842486243,864691136445215875,1,19720.0
864691135842486243,864691136453384959,1,1608.0
864691135842486243,864691136523288465,1,1432.0
864691135842486243,864691136742067804,1,12548.0
864691135842486243,864691136914414321,1,7804.0
864691135843242211,864691135066958404,1,8144.0
864691135843242211,864691135209280633,1,8848.0
864691135843242211,864691135360809560,2,3564.0
864691135843242211,864691135384176619,1,7192.0
864691135843242211,864691135384285931,2,12508.0
864691135843242211,864691135384344043,1,2176.0
864691135843242211,864691135409859785,2,17916.0
864691135843242211,864691135480892614,1,9472.0
864691135843242211,864691135504168285,1,4036.0
864691135843242211,864691135646481135,1,14372.0
864691135843242211,864691135689417440,1,3208.0
864691135843242211,864691135719900721,1,3668.0
864691135843242211,864691135741998484,1,13972.0
864691135843242211,864691135760106830,1,3128.0
864691135843242211,864691135763941174,1,4520.0
864691135843242211,864691135801463650,1,1364.0
864691135843242211,864691135810773452,1,6320.0
864691135843242211,864691135850033758,1,12768.0
864691135843242211,864691135853088967,1,3320.0
864691135843242211,864691135858273326,1,4368.0
864691135843242211,864691135868060950,1,2476.0
864691135843242211,864691136021865976,1,760.0
864691135843242211,864691136101516661,1,4968.0
864691135843242211,864691136119885080,1,6376.0
864691135843242211,864691136227484753,1,1408.0
864691135843242211,864691136391623039,1,40272.0
864691135843242211,864691136451224831,1,1936.0
864691135843242211,864691136674495623,1,1316.0
864691135843242211,864691136991359893,1,15084.0
864691135848030814,864691135325071004,1,3536.0
864691135848030814,864691135405337326,1,16864.0
864691135848030814,864691135566168599,1,3204.0
864691135848030814,864691136010651052,1,960.0
864691135848030814,864691136925601354,1,2680.0
864691135849088094,864691135362104647,1,14488.0
864691135849088094,864691135479833030,2,23100.0
864691135849088094,864691135810466333,1,4652.0
864691135849088094,864691135975824495,1,3224.0
864691135849088094,864691136967703758,1,6376.0
864691135849088094,864691136991390869,1,9812.0
864691135849426270,864691135157198692,1,3504.0
864691135849426270,864691135756319186,1,3844.0
864691135849426270,864691136437631902,1,4824.0
864691135849426270,864691136904488114,1,5444.0
864691135850033758,864691135455507818,1,1980.0
864691135850033758,864691135688186080,1,15176.0
864691135850033758,864691136022520056,2,10388.0
864691135850033758,864691136437631902,1,9620.0
864691135850033758,864691136604001745,1,5940.0
864691135852138183,864691134886828794,1,5136.0
864691135852138183,864691136991202453,1,6308.0
864691135853088967,864691134948788476,1,30460.0
864691135853088967,864691135136360217,1,3296.0
864691135853088967,864691135496440208,1,936.0
864691135853088967,864691135572346349,1,3256.0
864691135853088967,864691135763795510,1,7016.0
864691135853088967,864691135955962888,1,5204.0
864691135853088967,864691135994235841,1,12116.0
864691135853088967,864691136011768494,1,360.0
864691135853088967,864691136195834070,1,4716.0
864691135853088967,864691136927187786,1,1812.0
864691135853088967,864691136927761226,1,12844.0
864691135853198023,864691135119709149,1,5140.0
864691135853198023,864691135774389755,1,2496.0
864691135853198023,864691135977666883,1,3196.0
864691135853198023,864691136380718037,1,2500.0
864691135853198023,864691136914414321,1,1448.0
864691135855860782,864691135975539779,1,3676.0
864691135855890478,864691135257669039,1,2876.0
864691135855890478,864691135501703746,1,3956.0
864691135855890478,864691135567047191,1,9364.0
864691135855890478,864691135774294603,1,2852.0
864691135855890478,864691135774389755,1,2312.0
864691135855890478,864691135779049056,2,3164.0
864691135855890478,864691135816565839,1,2960.0
864691135855890478,864691135861093992,1,7544.0
864691135855890478,864691135977666883,5,29328.0
864691135855890478,864691136042982742,1,16676.0
864691135855890478,864691136111251896,1,5420.0
864691135855890478,864691136330101226,1,3852.0
864691135855890478,864691136451224831,1,240.0
864691135855890478,864691136452447743,1,11856.0
864691135855890478,864691136618795227,1,384.0
864691135855890478,864691136904488114,2,33920.0
864691135857099310,864691135595040043,1,4100.0
864691135857099310,864691135763495478,1,15356.0
864691135857099310,864691136135963787,2,14428.0
864691135857099310,864691136364308962,1,6104.0
864691135857099310,864691136389607287,1,3012.0
864691135857993774,864691135476495936,1,22504.0
864691135857993774,864691135478400936,1,3436.0
864691135857993774,864691135493620831,1,6884.0
864691135857993774,864691135585266808,1,5648.0
864691135857993774,864691135656674242,2,21736.0
864691135857993774,864691135717457946,1,2232.0
864691135857993774,864691135779049056,1,3868.0
864691135857993774,864691135868210454,1,3748.0
864691135857993774,864691136033227451,1,2824.0
864691135857993774,864691136425073455,1,5432.0
864691135857993774,864691136991202453,1,16332.0
864691135858273326,864691135342848433,2,23612.0
864691135858273326,864691135350420951,2,18000.0
864691135858273326,864691135585266808,1,5500.0
864691135858273326,864691135853198023,1,2224.0
864691135858273326,864691135877951571,1,5948.0
864691135858273326,864691135955962888,1,33372.0
864691135858273326,864691136025504569,1,1432.0
864691135858273326,864691136085904236,1,3772.0
864691135858273326,864691136420303511,1,10280.0
864691135858273326,864691136445557123,1,1748.0
864691135858273326,864691136523335057,2,51652.0
864691135858298670,864691134966069023,1,1344.0
864691135858298670,864691135157994084,1,4024.0
864691135858298670,864691135257669039,1,3112.0
864691135858298670,864691135274195217,1,2940.0
864691135858298670,864691135280682401,1,1688.0
864691135858298670,864691135324623260,1,1728.0
864691135858298670,864691135360482392,1,6848.0
864691135858298670,864691135375590217,1,5236.0
864691135858298670,864691135566168599,1,3768.0
864691135858298670,864691135591726603,1,2964.0
864691135858298670,864691135695146943,1,3520.0
864691135858298670,864691135741458324,1,35896.0
864691135858298670,864691135750958889,1,7932.0
864691135858298670,864691135774177531,1,3968.0
864691135858298670,864691135839932307,1,8124.0
864691135858298670,864691135842486243,1,1640.0
864691135858298670,864691135955962888,1,1036.0
864691135858298670,864691135976063855,1,8988.0
864691135858298670,864691136137794941,1,40156.0
864691135858298670,864691136195834070,1,30112.0
864691135858298670,864691136330407914,1,5580.0
864691135858298670,864691136424439855,1,2036.0
864691135858298670,864691136445215875,1,2464.0
864691135858298670,864691136814508659,1,8792.0
864691135858298670,864691136914414321,1,3764.0
864691135858298670,864691136975144988,1,10208.0
864691135858298670,864691136976001308,1,2604.0
864691135858298670,864691137055367798,1,6968.0
864691135860969064,864691134886499066,1,10032.0
864691135860969064,864691134989865338,1,1304.0
864691135860969064,864691135115049881,1,23328.0
864691135860969064,864691135578360837,1,1476.0
864691135860969064,864691135592830731,1,6184.0
864691135860969064,864691135619317391,1,13212.0
864691135860969064,864691135640398651,1,5820.0
864691135860969064,864691135763795510,1,12272.0
864691135860969064,864691135774389755,1,12252.0
864691135860969064,864691135858298670,1,3684.0
864691135860969064,864691135977666883,1,7272.0
864691135860969064,864691136086088556,1,9156.0
864691135860969064,864691136905758130,2,14176.0
864691135861093992,864691134950156796,1,6772.0
864691135861093992,864691135060651419,1,1752.0
864691135861093992,864691135325263004,1,2220.0
864691135861093992,864691135343818161,1,4696.0
864691135861093992,864691135405626862,1,1580.0
864691135861093992,864691135448303762,1,13456.0
864691135861093992,864691135490326074,1,28240.0
864691135861093992,864691135617152361,1,25924.0
864691135861093992,864691135655390658,1,1340.0
864691135861093992,864691135757083346,1,772.0
864691135861093992,864691135774053371,1,4188.0
864691135861093992,864691135939477508,1,1472.0
864691135861093992,864691135994235841,1,408.0
864691135861093992,864691136013367715,1,3924.0
864691135861093992,864691136043380566,1,268.0
864691135861093992,864691136330101226,4,10372.0
864691135861093992,864691136437631902,1,20064.0
864691135861093992,864691136814627955,1,192.0
864691135864188286,864691135519106442,1,10088.0
864691135864188286,864691135774389755,1,1620.0
864691135865648254,864691135360096071,1,4096.0
864691135865648254,864691135388828033,1,5780.0
864691135865648254,864691135756075981,1,6548.0
864691135865648254,864691136674495623,1,11944.0
864691135866576604,864691135119709149,1,10952.0
864691135866576604,864691135214931072,1,580.0
864691135866576604,864691135375351369,2,2816.0
864691135866576604,864691135465343045,1,900.0
864691135866576604,864691135503182685,1,23836.0
864691135866576604,864691135750958889,1,1540.0
864691135866576604,864691135885911920,1,2612.0
864691135866576604,864691135977666883,1,3248.0
864691135866576604,864691136006519498,1,1320.0
864691135866576604,864691136022520056,1,7464.0
864691135866576604,864691136033332155,1,30252.0
864691135866576604,864691136043283030,1,10708.0
864691135866576604,864691136089194039,1,19200.0
864691135866576604,864691136137794941,1,8416.0
864691135866576604,864691136195798504,1,3140.0
864691135866576604,864691136196202472,1,964.0
864691135866576604,864691136288644291,1,2540.0
864691135866576604,864691136392785279,1,9308.0
864691135866576604,864691136578820884,1,5844.0
864691135866576604,864691136675427975,2,32144.0
864691135866576604,864691136905560754,1,5820.0
864691135866576604,864691137021264750,1,316.0
864691135866576604,864691137056393846,1,208.0
864691135866576604,864691137199828801,1,5224.0
864691135867644805,864691135304679079,1,4708.0
864691135867644805,864691135582973549,1,1212.0
864691135867644805,864691135750642473,3,39468.0
864691135867644805,864691136437631902,1,25808.0
864691135867644805,864691136618795227,1,10060.0
864691135867644805,864691136674495623,1,2256.0
864691135867905302,864691135493079783,1,4828.0
864691135867905302,864691135502730562,1,604.0
864691135867905302,864691135616363211,1,8720.0
864691135867905302,864691135755197133,1,15000.0
864691135867905302,864691135778132576,1,308.0
864691135867905302,864691135801133666,1,5684.0
864691135867905302,864691136023980601,1,472.0
864691135867905302,864691136084313196,1,22924.0
864691135868060950,864691135134052512,1,6920.0
864691135868060950,864691135209432185,1,3324.0
864691135868060950,864691135816565839,1,22876.0
864691135868060950,864691136523118481,1,2896.0
864691135868060950,864691136991390869,1,252.0
864691135868210454,864691134966324767,1,6904.0
864691135868210454,864691135015652246,1,3268.0
864691135868210454,864691135102433056,2,34668.0
864691135868210454,864691135210134905,1,9912.0
864691135868210454,864691135214986368,1,3924.0
864691135868210454,864691135258642863,1,12552.0
864691135868210454,864691135357351375,1,3200.0
864691135868210454,864691135493686111,1,4364.0
864691135868210454,864691135496440208,2,5960.0
864691135868210454,864691135499707667,1,3276.0
864691135868210454,864691135562842337,1,20484.0
864691135868210454,864691135731679929,1,9368.0
864691135868210454,864691135741930603,1,2360.0
864691135868210454,864691135750307881,1,14116.0
864691135868210454,864691135774368763,1,3376.0
864691135868210454,864691135774389755,1,2460.0
864691135868210454,864691135955962888,1,1788.0
864691135868210454,864691135977309763,1,7660.0
864691135868210454,864691135988742147,1,12276.0
864691135868210454,864691136033227451,1,3472.0
864691135868210454,864691136119885080,1,5736.0
864691135868210454,864691136390788215,2,9504.0
864691135868210454,864691136419797655,1,1212.0
864691135868386070,864691134886569210,1,3016.0
864691135868386070,864691134948788476,1,3244.0
864691135868386070,864691134966324767,1,21572.0
864691135868386070,864691134991010426,1,1428.0
864691135868386070,864691135124603687,1,2504.0
864691135868386070,864691135304641703,1,4288.0
864691135868386070,864691135465113157,1,5716.0
864691135868386070,864691135466236229,1,1052.0
864691135868386070,864691135469753426,1,7808.0
864691135868386070,864691135518173395,1,4956.0
864691135868386070,864691135540440178,1,9500.0
864691135868386070,864691135562842337,2,25560.0
864691135868386070,864691135562975969,1,932.0
864691135868386070,864691135569592300,1,1112.0
864691135868386070,864691135573276197,1,284.0
864691135868386070,864691135576881950,1,6908.0
864691135868386070,864691135577749022,1,3984.0
864691135868386070,864691135587371132,1,14736.0
864691135868386070,864691135591041291,1,30748.0
864691135868386070,864691135646775791,2,25892.0
864691135868386070,864691135685087474,1,1824.0
864691135868386070,864691135731679929,1,12672.0
864691135868386070,864691135738969220,1,2692.0
864691135868386070,864691135742756203,1,24096.0
864691135868386070,864691135750307881,1,7600.0
864691135868386070,864691135810473245,1,2784.0
864691135868386070,864691135892214409,3,23836.0
864691135868386070,864691135942924148,1,2668.0
864691135868386070,864691135977666883,1,2400.0
864691135868386070,864691136021865976,1,3592.0
864691135868386070,864691136041575422,1,2172.0
864691135868386070,864691136119885080,1,1632.0
864691135868386070,864691136125956134,1,1028.0
864691135868386070,864691136298125851,1,1384.0
864691135868386070,864691136330407914,1,596.0
864691135868386070,864691136363303138,1,19356.0
864691135868386070,864691136390474359,1,15196.0
864691135868386070,864691136452447743,1,5572.0
864691135868386070,864691136524297617,1,2584.0
864691135868386070,864691136619096795,1,4268.0
864691135868386070,864691136742244188,1,7492.0
864691135868386070,864691136927187786,1,2192.0
864691135868386070,864691136967703758,1,824.0
864691135868386070,864691136968542926,1,1680.0
864691135868386070,864691136976001308,1,2944.0
864691135868386070,864691137198691137,1,1536.0
864691135868466710,864691134949248508,1,7012.0
864691135868466710,864691134965778719,1,5476.0
864691135868466710,864691135476528704,1,784.0
864691135868466710,864691135480916422,1,6288.0
864691135868466710,864691135493149927,1,4188.0
864691135868466710,864691135562975969,1,2892.0
864691135868466710,864691135656674242,1,4160.0
864691135868466710,864691135731679929,1,392.0
864691135868466710,864691135763795510,1,3364.0
864691135868466710,864691135773208651,1,4044.0
864691135868466710,864691135810492189,1,5632.0
864691135868466710,864691135842486243,1,7536.0
864691135868466710,864691136033332155,2,3780.0
864691135868466710,864691136058745048,1,3756.0
864691135868466710,864691136311059034,1,4276.0
864691135868466710,864691136373008520,1,1008.0
864691135868466710,864691136991359893,1,8336.0
864691135868916246,864691135686283703,1,4036.0
864691135868916246,864691135877825107,1,4248.0
864691135868916246,864691136438717086,1,1724.0
864691135868916246,864691136484732972,1,16084.0
864691135868919318,864691135280944545,2,14136.0
864691135868919318,864691135350420951,1,572.0
864691135868919318,864691135408808649,1,7368.0
864691135868919318,864691135430275120,1,12700.0
864691135868919318,864691135739008132,1,6484.0
864691135868919318,864691135774389755,1,10940.0
864691135868919318,864691135890141321,1,18788.0
864691135868919318,864691135955962888,1,4576.0
864691135868919318,864691136010651052,1,20772.0
864691135868919318,864691136420279191,1,21364.0
864691135868919318,864691136953873631,2,30636.0
864691135868957462,864691135977666883,3,17660.0
864691135874914702,864691135342848433,1,2236.0
864691135874914702,864691135774368763,1,2544.0
864691135874914702,864691135817195343,1,12684.0
864691135874914702,864691136125411622,1,2280.0
864691135875460494,864691135868957462,1,3808.0
864691135875460494,864691136211371452,1,11508.0
864691135875460494,864691137021162094,1,3500.0
864691135877825107,864691135756075981,1,5864.0
864691135877825107,864691136419797655,1,3892.0
864691135877825107,864691136437631902,1,2172.0
864691135877951571,864691135271038885,1,8340.0
864691135877951571,864691135342958789,1,11788.0
864691135877951571,864691135493686111,1,6832.0
864691135877951571,864691135504168285,1,8932.0
864691135877951571,864691135504203357,1,1444.0
864691135877951571,864691135567059223,1,4632.0
864691135877951571,864691135584008045,2,27204.0
864691135877951571,864691135698211994,1,5584.0
864691135877951571,864691135725748139,1,3936.0
864691135877951571,864691135757083346,1,1152.0
864691135877951571,864691136336107187,1,2524.0
864691135877951571,864691136452609023,1,4436.0
864691135877951571,864691136603811281,1,3928.0
864691135878061395,864691135447540882,1,8756.0
864691135878061395,864691135578360837,1,5324.0
864691135878061395,864691135750642473,1,216.0
864691135878061395,864691136101464181,3,51480.0
864691135885140848,864691135397846049,1,8404.0
864691135885140848,864691135578103301,1,10640.0
864691135885140848,864691135952122147,1,2060.0
864691135885911920,864691134919869706,1,5164.0
864691135885911920,864691134991010426,1,864.0
864691135885911920,864691135396794101,1,416.0
864691135885911920,864691135493686111,1,24232.0
864691135885911920,864691135577749022,1,10024.0
864691135885911920,864691135685087474,1,312.0
864691135885911920,864691135717163802,1,3092.0
864691135885911920,864691135731679929,2,21064.0
864691135885911920,864691135774368763,1,4236.0
864691135885911920,864691135886208112,1,232.0
864691135885911920,864691135988557315,1,25440.0
864691135885911920,864691136033227451,1,264.0
864691135885911920,864691136034084795,2,8436.0
864691135885911920,864691136120159768,1,2260.0
864691135885911920,864691136125411622,1,1412.0
864691135885911920,864691136484364844,1,11664.0
864691135885911920,864691136619096795,1,700.0
864691135885911920,864691136674495623,1,5652.0
864691135885911920,864691136967703758,1,2376.0
864691135886130288,864691134919972106,1,2456.0
864691135886130288,864691134966324767,1,7016.0
864691135886130288,864691135102274592,1,7032.0
864691135886130288,864691135214986368,1,856.0
864691135886130288,864691135258642863,1,6460.0
864691135886130288,864691135274195217,1,13068.0
864691135886130288,864691135339600102,1,7560.0
864691135886130288,864691135343818161,1,4972.0
864691135886130288,864691135493686111,1,2940.0
864691135886130288,864691135584504429,1,3308.0
864691135886130288,864691135688186080,1,9972.0
864691135886130288,864691135689417440,1,2904.0
864691135886130288,864691135774179147,1,3952.0
864691135886130288,864691135778419901,1,5244.0
864691135886130288,864691135866576604,1,960.0
864691135886130288,864691135941300993,1,2884.0
864691135886130288,864691135977666883,1,17656.0
864691135886130288,864691136177629702,1,1012.0
864691135886130288,864691136196517452,1,5904.0
864691135886130288,864691136381301461,1,3904.0
864691135886130288,864691136437631902,1,960.0
864691135886130288,864691136523216017,1,1656.0
864691135886130288,864691136523288465,1,692.0
864691135886130288,864691136991202453,2,20812.0
864691135886208112,864691134966714655,1,21408.0
864691135886208112,864691135014966262,1,5560.0
864691135886208112,864691135102433056,1,12908.0
864691135886208112,864691135272069285,1,5944.0
864691135886208112,864691135294520844,1,16536.0
864691135886208112,864691135688186080,1,8460.0
864691135886208112,864691135695146943,2,43848.0
864691135886208112,864691135760635214,1,8580.0
864691135886208112,864691135810473245,1,8260.0
864691135886208112,864691136026254649,1,5084.0
864691135886208112,864691136228250961,1,7416.0
864691135890141321,864691134949248508,1,10296.0
864691135890141321,864691135066958404,1,7188.0
864691135890141321,864691135504327861,1,15096.0
864691135890141321,864691135719900721,1,5556.0
864691135890141321,864691135738969220,1,26072.0
864691135890141321,864691135977654851,1,1708.0
864691135890141321,864691136111559352,1,808.0
864691135890141321,864691136125956134,1,5828.0
864691135890141321,864691136314404669,1,13544.0
864691135890695049,864691135209432185,1,1192.0
864691135890695049,864691135562474977,1,2072.0
864691135890695049,864691135583223405,1,1256.0
864691135890695049,864691135808684573,1,2004.0
864691135892214409,864691135155894884,1,356.0
864691135892214409,864691135257669039,1,25384.0
864691135892214409,864691135272003237,1,18672.0
864691135892214409,864691135277309669,1,15236.0
864691135892214409,864691135464795710,1,412.0
864691135892214409,864691135562975969,1,2212.0
864691135892214409,864691135576881950,1,57596.0
864691135892214409,864691135698211994,1,22012.0
864691135892214409,864691135743102827,1,1516.0
864691135892214409,864691135801463650,1,2068.0
864691135892214409,864691135839932307,1,4768.0
864691135892214409,864691135993150913,1,2656.0
864691135892214409,864691136010651052,1,4756.0
864691135892214409,864691136311059034,1,17380.0
864691135892214409,864691136421279639,1,2932.0
864691135892214409,864691136665051614,1,8712.0
864691135892214409,864691136927761226,1,1192.0
864691135892214409,864691137198691137,1,1736.0
864691135911276969,864691135059143323,1,4068.0
864691135911276969,864691135720638769,1,1120.0
864691135911276969,864691135807579933,1,7704.0
864691135911276969,864691135919645872,1,3040.0
864691135911276969,864691136084313196,1,32532.0
864691135911276969,864691136108938168,1,5692.0
864691135911276969,864691136228538961,1,10224.0
864691135915343462,864691135257404079,1,2864.0
864691135915343462,864691135257638575,1,1732.0
864691135915343462,864691135385422677,1,28488.0
864691135915343462,864691135429763120,1,17920.0
864691135915343462,864691135440543560,1,956.0
864691135915343462,864691135455123562,1,2756.0
864691135915343462,864691135462420637,1,608.0
864691135915343462,864691135473383730,1,8740.0
864691135915343462,864691135489836346,1,12504.0
864691135915343462,864691135502730562,1,2460.0
864691135915343462,864691135511802576,1,9100.0
864691135915343462,864691135810773452,2,29012.0
864691135915343462,864691135851792071,1,9096.0
864691135915343462,864691135867905302,1,7292.0
864691135915343462,864691135970206821,1,1996.0
864691135915343462,864691136275919117,1,4912.0
864691135915343462,864691136619882637,1,1024.0
864691135915343462,864691136904761266,1,8292.0
864691135919645872,864691135724393131,1,12656.0
864691135919645872,864691136619882637,1,2972.0
864691135919956656,864691134991010426,1,2128.0
864691135919956656,864691135164772653,1,1876.0
864691135919956656,864691135258642863,1,168.0
864691135919956656,864691135362104647,3,44852.0
864691135919956656,864691135546902056,1,6968.0
864691135919956656,864691135562410721,1,5324.0
864691135919956656,864691135688186080,1,5236.0
864691135919956656,864691135738969220,1,5676.0
864691135919956656,864691135751110185,1,4956.0
864691135919956656,864691136010651052,1,13376.0
864691135919956656,864691136011684526,1,5004.0
864691135919956656,864691136041575422,1,13840.0
864691135919956656,864691136137237899,1,2220.0
864691135919956656,864691136144827444,1,17008.0
864691135919956656,864691136330101226,4,112632.0
864691135919956656,864691136330407914,1,24548.0
864691135927381774,864691135258563503,1,13324.0
864691135927381774,864691135294520844,1,6448.0
864691135927381774,864691135396794101,1,3280.0
864691135927381774,864691135694415551,1,2732.0
864691135927381774,864691136211371452,1,6968.0
864691135927381774,864691136437631902,1,10816.0
864691135927494158,864691135717275162,1,3556.0
864691135927494158,864691135779049056,1,1608.0
864691135927494158,864691136336107187,1,3796.0
864691135927494158,864691136489055762,1,12032.0
864691135927647956,864691135359010904,1,3444.0
864691135927648212,864691135404763374,1,37744.0
864691135928366606,864691134948788476,1,4560.0
864691135928366606,864691134950156796,1,7104.0
864691135928366606,864691135155894884,1,5944.0
864691135928366606,864691135258642863,1,1904.0
864691135928366606,864691135362104647,1,2592.0
864691135928366606,864691135448303762,1,28040.0
864691135928366606,864691135496440208,1,17708.0
864691135928366606,864691135656578242,1,1596.0
864691135928366606,864691135688186080,1,1308.0
864691135928366606,864691135741780116,1,6504.0
864691135928366606,864691135774294603,4,51376.0
864691135928366606,864691135839950227,1,5740.0
864691135928366606,864691135977666883,2,17144.0
864691135928366606,864691136011686318,1,8348.0
864691135928366606,864691136034084795,1,8024.0
864691135928366606,864691136391042167,1,4440.0
864691135928366606,864691136419797655,1,5160.0
864691135928366606,864691136452602367,1,13140.0
864691135928366606,864691136453384959,1,1504.0
864691135928366606,864691136991202453,1,1176.0
864691135937286404,864691135134155168,1,592.0
864691135937286404,864691135496333968,2,16336.0
864691135937286404,864691135572530981,1,3448.0
864691135937286404,864691135585415544,1,3532.0
864691135937286404,864691135749141801,1,10768.0
864691135937286404,864691135938555908,1,520.0
864691135937286404,864691136194355176,1,3892.0
864691135937286404,864691136273494206,1,39844.0
864691135937286404,864691136991166101,1,25192.0
864691135938555908,864691135763495478,1,2348.0
864691135938555908,864691135857099310,1,5172.0
864691135938629892,864691134884807418,1,8648.0
864691135938629892,864691135339103718,1,5492.0
864691135938629892,864691135473383730,1,18144.0
864691135938629892,864691135740865684,1,4516.0
864691135938629892,864691135741659499,1,14720.0
864691135938629892,864691135749141801,1,1852.0
864691135938629892,864691135772987899,1,1224.0
864691135938629892,864691136391623039,1,1312.0
864691135938816260,864691135136360217,1,4572.0
864691135938816260,864691135209432185,1,9160.0
864691135938816260,864691135258642863,1,3076.0
864691135938816260,864691135274195217,1,8216.0
864691135938816260,864691135375107272,1,17108.0
864691135938816260,864691135493686111,1,3516.0
864691135938816260,864691135503182685,2,12072.0
864691135938816260,864691135584504429,1,2636.0
864691135938816260,864691135640297787,1,14744.0
864691135938816260,864691135750307881,1,220.0
864691135938816260,864691135750958889,1,1512.0
864691135938816260,864691135774389755,1,856.0
864691135938816260,864691135885911920,2,33712.0
864691135938816260,864691135970226021,1,22012.0
864691135938816260,864691136022520056,1,26168.0
864691135938816260,864691136228250961,1,2812.0
864691135938816260,864691136330407914,2,34320.0
864691135938816260,864691136914414321,1,9284.0
864691135939008565,864691135398805281,1,8824.0
864691135939008565,864691135493620831,1,5448.0
864691135939008565,864691135567047191,1,2764.0
864691135939008565,864691135717163802,1,3980.0
864691135939008565,864691135774179147,1,3768.0
864691135939008565,864691135774294603,2,30740.0
864691135939008565,864691135850033758,1,6672.0
864691135939008565,864691135874914702,1,2660.0
864691135939008565,864691135892214409,1,2848.0
864691135939008565,864691135955909640,1,9904.0
864691135939008565,864691136011684526,1,200.0
864691135939008565,864691137021264750,1,22496.0
864691135939049988,864691134991010426,1,3076.0
864691135939049988,864691135015605910,1,5996.0
864691135939049988,864691135136360217,1,3400.0
864691135939049988,864691135214986368,1,1484.0
864691135939049988,864691135342958789,1,18044.0
864691135939049988,864691135388828033,1,7752.0
864691135939049988,864691135405337326,1,1076.0
864691135939049988,864691135464928318,1,1484.0
864691135939049988,864691135465343045,1,15824.0
864691135939049988,864691135567047191,1,10300.0
864691135939049988,864691135578360837,1,2360.0
864691135939049988,864691135583277677,1,172.0
864691135939049988,864691135587519868,1,6340.0
864691135939049988,864691135698211994,1,13276.0
864691135939049988,864691135741458324,1,5392.0
864691135939049988,864691135741930603,1,3324.0
864691135939049988,864691135977666883,1,23236.0
864691135939049988,864691136026198585,1,2084.0
864691135939049988,864691136091634487,1,944.0
864691135939049988,864691136177629702,1,4208.0
864691135939049988,864691136195798504,1,34696.0
864691135939049988,864691136239902780,1,172.0
864691135939049988,864691136330101226,1,10068.0
864691135939049988,864691136330407914,1,2468.0
864691135939049988,864691136524297617,1,16764.0
864691135939049988,864691136991202453,3,34324.0
864691135939477508,864691135102274592,1,2640.0
864691135939477508,864691135209369465,1,20592.0
864691135939477508,864691135258642863,1,4660.0
864691135939477508,864691135325263004,1,2804.0
864691135939477508,864691135343818161,2,14308.0
864691135939477508,864691135405626862,1,3284.0
864691135939477508,864691135503182685,1,3548.0
864691135939477508,864691135540272498,1,23724.0
864691135939477508,864691135586240120,1,508.0
864691135939477508,864691135688186080,1,35736.0
864691135939477508,864691135695146943,1,440.0
864691135939477508,864691135739587697,1,3500.0
864691135939477508,864691135773073147,1,3648.0
864691135939477508,864691135774053371,2,24492.0
864691135939477508,864691135878061395,1,24712.0
864691135939477508,864691135947258916,1,17612.0
864691135939477508,864691136089194039,1,2932.0
864691135939477508,864691136091634487,1,23436.0
864691135939477508,864691136137794941,2,14348.0
864691135939477508,864691136330101226,1,3964.0
864691135939477508,864691136364308962,1,4464.0
864691135939477508,864691136968542926,1,10616.0
864691135939477508,864691136991202453,1,12552.0
864691135939477508,864691137198691137,1,4400.0
864691135940685057,864691135937286404,1,2224.0
864691135940685057,864691136334080435,1,3112.0
864691135940996774,864691136420195223,2,23116.0
864691135941300993,864691135280481697,1,404.0
864691135941300993,864691135294442678,1,1100.0
864691135941300993,864691135477469352,1,2028.0
864691135941300993,864691135562842337,1,1972.0
864691135941300993,864691135577221406,1,2352.0
864691135941300993,864691135577749022,1,14632.0
864691135941300993,864691135774294603,2,31332.0
864691135941300993,864691135774389755,1,4772.0
864691135941300993,864691135868957462,1,3656.0
864691135941300993,864691135939008565,1,23920.0
864691135941300993,864691136011686318,1,4944.0
864691135941300993,864691136011768494,1,2472.0
864691135941300993,864691136033332155,1,2188.0
864691135941300993,864691136043380566,1,15104.0
864691135941300993,864691136211385020,1,7084.0
864691135941300993,864691136380757461,1,2864.0
864691135941300993,864691136674495623,1,9924.0
864691135941300993,864691136927187786,2,10812.0
864691135941300993,864691136991359893,1,3076.0
864691135941300993,864691137021264750,1,8572.0
864691135941708033,864691135464143934,1,1588.0
864691135941708033,864691135468948364,1,4096.0
864691135941708033,864691135760106830,1,2648.0
864691135941708033,864691135942924148,1,4668.0
864691135942924148,864691135113733529,1,3876.0
864691135942924148,864691135210134905,1,5996.0
864691135942924148,864691135360809560,1,25836.0
864691135942924148,864691135448215698,1,5152.0
864691135942924148,864691135478268840,1,3052.0
864691135942924148,864691135570791558,2,8148.0
864691135942924148,864691135717457946,1,3304.0
864691135942924148,864691135810466333,1,6852.0
864691135942924148,864691135810905036,1,3004.0
864691135942924148,864691135954393891,1,2220.0
864691135942924148,864691136299034139,1,3780.0
864691135942924148,864691136438717086,1,5492.0
864691135942924148,864691136524297617,1,3044.0
864691135942924148,864691136991606421,1,768.0
864691135946676260,864691135977666883,2,28492.0
864691135946676260,864691136108938168,1,3216.0
864691135946676260,864691136195798504,1,4176.0
864691135947258916,864691134950156796,1,8760.0
864691135947258916,864691135102151968,1,7072.0
864691135947258916,864691135257669039,1,928.0
864691135947258916,864691135375590217,1,7136.0
864691135947258916,864691135441799752,1,7548.0
864691135947258916,864691135464795710,1,8584.0
864691135947258916,864691135727790911,1,876.0
864691135947258916,864691135741458324,1,1620.0
864691135947258916,864691136022520056,1,16544.0
864691135947258916,864691136041575422,1,1652.0
864691135947258916,864691136364308962,1,2388.0
864691135947258916,864691136976001308,1,5532.0
864691135952121379,864691136136766845,1,716.0
864691135952122147,864691135059143323,1,12944.0
864691135952122147,864691135134695328,1,2228.0
864691135952122147,864691135428676144,1,1324.0
864691135952122147,864691135585046648,1,36132.0
864691135952122147,864691135885140848,1,2372.0
864691135952122147,864691136275919117,1,12588.0
864691135952122147,864691136724880893,1,19908.0
864691135953985800,864691135258642863,1,15156.0
864691135953985800,864691135362104647,1,16028.0
864691135953985800,864691135778288573,1,1688.0
864691135953985800,864691135867644805,2,17308.0
864691135953985800,864691135977666883,1,3028.0
864691135954393891,864691135258642863,1,5156.0
864691135954393891,864691135325487004,1,24264.0
864691135954393891,864691135340055782,1,2800.0
864691135954393891,864691135386963541,1,14612.0
864691135954393891,864691135493149927,1,4464.0
864691135954393891,864691135576881950,1,14096.0
864691135954393891,864691135592830731,1,3504.0
864691135954393891,864691135656674242,1,2120.0
864691135954393891,864691135717457946,1,268.0
864691135954393891,864691135810466333,1,16828.0
864691135954393891,864691135857993774,2,14904.0
864691135954393891,864691135868466710,3,20432.0
864691135954393891,864691135977309763,1,4392.0
864691135954393891,864691136006519498,1,22076.0
864691135954393891,864691136118370724,1,4216.0
864691135954393891,864691136137794941,1,1884.0
864691135954393891,864691136380757461,1,9160.0
864691135954393891,864691136425073455,2,19176.0
864691135954393891,864691136453419007,1,22768.0
864691135954393891,864691136523216017,1,5348.0
864691135954393891,864691136675427975,1,3228.0
864691135954393891,864691136905758130,1,2932.0
864691135955060232,864691136023980601,1,2328.0
864691135955909640,864691135362104647,3,36796.0
864691135955909640,864691135384843738,1,368.0
864691135955909640,864691135476495936,1,964.0
864691135955909640,864691135656674242,1,3384.0
864691135955909640,864691135686283703,1,1164.0
864691135955909640,864691135954393891,1,6992.0
864691135955962888,864691135431089968,1,4952.0
864691135955962888,864691135447540882,1,19976.0
864691135955962888,864691135817419343,1,9112.0
864691135970180709,864691135448303762,1,7064.0
864691135970180709,864691136524172689,1,5600.0
864691135970180709,864691136991202453,1,5644.0
864691135970206821,864691135304679079,1,6548.0
864691135970206821,864691135510191369,1,2984.0
864691135970206821,864691135686414775,1,3304.0
864691135970206821,864691135755197133,2,17592.0
864691135970206821,864691136311106650,2,5876.0
864691135970206821,864691137054934902,1,356.0
864691135970226021,864691135325263004,1,2812.0
864691135970226021,864691135441799752,1,5768.0
864691135970226021,864691135499707667,1,2840.0
864691135970226021,864691135562842337,1,2836.0
864691135970226021,864691135584504429,1,9336.0
864691135970226021,864691135586724220,1,20676.0
864691135970226021,864691135617152361,1,2696.0
864691135970226021,864691135741780116,1,19272.0
864691135970226021,864691135774389755,1,2160.0
864691135970226021,864691135938816260,1,10172.0
864691135970226021,864691135939049988,1,7504.0
864691135970226021,864691136013367715,1,36992.0
864691135970226021,864691136137794941,2,8520.0
864691135970226021,864691136238090767,1,10184.0
864691135970226021,864691136239108156,1,10756.0
864691135970226021,864691136524172689,1,3240.0
864691135970226021,864691136674749575,1,3792.0
864691135970226021,864691136905758130,1,4128.0
864691135975539779,864691135335635177,1,5320.0
864691135975539779,864691135358995288,2,66252.0
864691135975539779,864691135387690069,1,3968.0
864691135975539779,864691135404763374,1,2324.0
864691135975539779,864691135463695429,2,2324.0
864691135975539779,864691135491167207,1,1628.0
864691135975539779,864691135491204327,2,41832.0
864691135975539779,864691135497743635,1,8748.0
864691135975539779,864691135517531786,1,2436.0
864691135975539779,864691135659358850,1,22648.0
864691135975539779,864691135697613077,1,22116.0
864691135975539779,864691135750307881,1,10400.0
864691135975539779,864691135801604706,1,24012.0
864691135975539779,864691135937286404,1,5804.0
864691135975539779,864691136124845606,1,3544.0
864691135975539779,864691136136766845,1,24508.0
864691135975539779,864691136310966106,1,3220.0
864691135975539779,864691136452081151,1,3716.0
864691135975633475,864691135082864887,1,6000.0
864691135975633475,864691135455123562,1,960.0
864691135975633475,864691135778187360,1,2524.0
864691135975633475,864691135809608652,1,1176.0
864691135975633475,864691135867905302,1,584.0
864691135975633475,864691136275031565,1,6668.0
864691135975633475,864691136602371025,1,5216.0
864691135975633475,864691136724880893,1,180.0
864691135975824495,864691135209280633,1,488.0
864691135975824495,864691135640398651,1,3520.0
864691135975824495,864691135868957462,1,4380.0
864691135975824495,864691135878061395,1,2136.0
864691135975824495,864691136120658712,1,2172.0
864691135975824495,864691136195798504,1,7536.0
864691135975824495,864691136309871706,1,160.0
864691135976063855,864691135102433056,1,2844.0
864691135976063855,864691135136360217,1,4080.0
864691135976063855,864691135214931072,2,11848.0
864691135976063855,864691135257669039,2,7948.0
864691135976063855,864691135258642863,2,35268.0
864691135976063855,864691135405733870,1,3808.0
864691135976063855,864691135448698196,1,5956.0
864691135976063855,864691135465100189,1,164.0
864691135976063855,864691135465955397,3,16424.0
864691135976063855,864691135466236229,2,2408.0
864691135976063855,864691135477469352,1,3660.0
864691135976063855,864691135492568551,2,13780.0
864691135976063855,864691135499707667,1,4280.0
864691135976063855,864691135504081986,1,2488.0
864691135976063855,864691135546339880,1,188.0
864691135976063855,864691135583223405,1,3972.0
864691135976063855,864691135583277677,1,608.0
864691135976063855,864691135584629613,1,1564.0
864691135976063855,864691135611019015,1,10860.0
864691135976063855,864691135611140359,1,19528.0
864691135976063855,864691135686283703,1,5176.0
864691135976063855,864691135688186080,1,11212.0
864691135976063855,864691135694415551,1,9432.0
864691135976063855,864691135732210873,2,2672.0
864691135976063855,864691135750958889,1,5484.0
864691135976063855,864691135782241616,1,3448.0
864691135976063855,864691135808684573,1,2124.0
864691135976063855,864691135808925981,1,4104.0
864691135976063855,864691135810982860,1,2964.0
864691135976063855,864691135858298670,1,5388.0
864691135976063855,864691135868210454,2,16496.0
864691135976063855,864691135941300993,1,6496.0
864691135976063855,864691135954393891,1,272.0
864691135976063855,864691135955909640,1,444.0
864691135976063855,864691135977045871,1,3592.0
864691135976063855,864691136011684526,1,2216.0
864691135976063855,864691136022520056,1,8188.0
864691135976063855,864691136041575422,1,6108.0
864691135976063855,864691136058745048,1,4252.0
864691135976063855,864691136125457446,1,2884.0
864691135976063855,864691136137237899,1,19416.0
864691135976063855,864691136196517452,1,30380.0
864691135976063855,864691136239902780,1,4636.0
864691135976063855,864691136313406781,2,10652.0
864691135976063855,864691136314491965,1,6984.0
864691135976063855,864691136330407914,1,2824.0
864691135976063855,864691136373008520,1,1036.0
864691135976063855,864691136380757461,2,11332.0
864691135976063855,864691136381301461,4,18832.0
864691135976063855,864691136420303511,2,26888.0
864691135976063855,864691136438717086,1,4000.0
864691135976063855,864691136453384959,1,6596.0
864691135976063855,864691136453419007,1,3432.0
864691135976063855,864691136484732972,1,11876.0
864691135976063855,864691136618795227,2,30220.0
864691135976063855,864691136674744199,2,5808.0
864691135976063855,864691136814627955,1,2132.0
864691135976063855,864691136905758130,1,2416.0
864691135976063855,864691136927761226,1,1440.0
864691135976063855,864691136968542926,1,4964.0
864691135976063855,864691136976001308,1,3056.0
864691135976063855,864691136991202453,1,2136.0
864691135976063855,864691137199038273,1,2352.0
864691135976105839,864691134886499066,1,28784.0
864691135976105839,864691135271081125,1,2916.0
864691135976105839,864691135339103718,1,3144.0
864691135976105839,864691135455701354,1,184.0
864691135976105839,864691135464143934,1,2464.0
864691135976105839,864691135504203357,1,21400.0
864691135976105839,864691135583172717,1,888.0
864691135976105839,864691135741619051,1,7172.0
864691135976105839,864691135742189163,1,19552.0
864691135976105839,864691136124845606,1,2348.0
864691135976425327,864691136310966106,1,2788.0
864691135976425327,864691137021162094,1,2184.0
864691135977045871,864691134886499066,1,1668.0
864691135977045871,864691135015652246,1,21588.0
864691135977045871,864691135066958404,1,6524.0
864691135977045871,864691135155894884,1,3172.0
864691135977045871,864691135271038885,1,468.0
864691135977045871,864691135294520844,1,7368.0
864691135977045871,864691135325413788,1,22072.0
864691135977045871,864691135343818161,1,4556.0
864691135977045871,864691135396794101,2,30400.0
864691135977045871,864691135464928318,2,23136.0
864691135977045871,864691135499231763,1,7032.0
864691135977045871,864691135578360837,1,2864.0
864691135977045871,864691135584008045,1,5300.0
864691135977045871,864691135587371132,1,5100.0
864691135977045871,864691135591041291,1,8688.0
864691135977045871,864691135594721579,1,22240.0
864691135977045871,864691135685087474,1,10656.0
864691135977045871,864691135725920939,1,11948.0
864691135977045871,864691135731889337,1,3560.0
864691135977045871,864691135773073147,1,3720.0
864691135977045871,864691135774294603,1,21468.0
864691135977045871,864691135778419901,1,1188.0
864691135977045871,864691135839950227,1,19324.0
864691135977045871,864691135853198023,1,23840.0
864691135977045871,864691135886130288,1,12252.0
864691135977045871,864691135955962888,1,16576.0
864691135977045871,864691135988557315,1,3060.0
864691135977045871,864691136011768494,2,24276.0
864691135977045871,864691136239902780,2,9460.0
864691135977045871,864691136298125851,1,9292.0
864691135977045871,864691136438469534,1,4972.0
864691135977045871,864691136438585502,1,12580.0
864691135977045871,864691136438717086,1,1732.0
864691135977045871,864691136488446226,1,14588.0
864691135977045871,864691136488999186,1,17304.0
864691135977045871,864691136619693275,1,5872.0
864691135977045871,864691136976001308,1,9232.0
864691135977045871,864691136991202453,1,724.0
864691135977134403,864691135214986368,1,14228.0
864691135977134403,864691135360482392,1,3164.0
864691135977134403,864691135468948364,1,2564.0
864691135977134403,864691136137794941,1,18776.0
864691135977134403,864691136953197279,1,1436.0
864691135977309763,864691134919869706,1,17192.0
864691135977309763,864691135060882843,1,1936.0
864691135977309763,864691135119709149,1,8380.0
864691135977309763,864691135280682401,1,5964.0
864691135977309763,864691135324623260,1,2644.0
864691135977309763,864691135465100189,1,2540.0
864691135977309763,864691135742102635,2,12592.0
864691135977309763,864691135853088967,1,1472.0
864691135977309763,864691136040834558,1,10132.0
864691135977309763,864691136043283030,1,4240.0
864691135977309763,864691136275031565,1,7720.0
864691135977309763,864691136905203378,1,4656.0
864691135977309763,864691136913993713,1,2760.0
864691135977309763,864691137021264750,1,18568.0
864691135977654851,864691135066958404,1,840.0
864691135977654851,864691135386899029,1,3752.0
864691135977654851,864691135477670312,1,3920.0
864691135977654851,864691135492568551,1,3708.0
864691135977654851,864691135587519868,1,1028.0
864691135977654851,864691135774294603,1,5576.0
864691135977654851,864691135774389755,1,6448.0
864691135977654851,864691135816565839,1,2468.0
864691135977654851,864691136010639022,1,4976.0
864691135977654851,864691136108378073,1,3744.0
864691135977654851,864691136125433894,1,4208.0
864691135977654851,864691136238090767,1,3308.0
864691135977654851,864691136312150874,1,752.0
864691135977654851,864691136438585502,1,4420.0
864691135977654851,864691136438717086,1,1920.0
864691135977654851,864691136452609023,1,19212.0
864691135977654851,864691136975144988,1,7012.0
864691135977654851,864691136991390869,1,1096.0
864691135977666883,864691135280944545,1,196.0
864691135977666883,864691135447540882,1,304.0
864691135977666883,864691136437631902,1,368.0
864691135977666883,864691136927187786,1,16220.0
864691135977666883,864691137021162094,1,2376.0
864691135988557315,864691134966324767,1,4632.0
864691135988557315,864691134966714655,1,3088.0
864691135988557315,864691135015605910,1,1156.0
864691135988557315,864691135101595680,1,2512.0
864691135988557315,864691135102433056,1,19904.0
864691135988557315,864691135258509487,1,21196.0
864691135988557315,864691135274195217,1,20388.0
864691135988557315,864691135277186789,1,2844.0
864691135988557315,864691135280682401,1,2136.0
864691135988557315,864691135455400554,1,6464.0
864691135988557315,864691135465343045,1,25728.0
864691135988557315,864691135493686111,1,18708.0
864691135988557315,864691135694246079,1,11776.0
864691135988557315,864691135695146943,1,11424.0
864691135988557315,864691135732578745,1,4308.0
864691135988557315,864691135853088967,1,8620.0
864691135988557315,864691135868060950,1,2684.0
864691135988557315,864691135919956656,1,2688.0
864691135988557315,864691136021865976,1,6104.0
864691135988557315,864691136239902780,1,3444.0
864691135988557315,864691136453419007,2,19168.0
864691135988557315,864691136905458866,1,19512.0
864691135988742147,864691135102151968,1,14948.0
864691135988742147,864691135274816017,1,2556.0
864691135988742147,864691135405733870,1,768.0
864691135988742147,864691135430346544,1,3700.0
864691135988742147,864691135586724220,1,12164.0
864691135988742147,864691135591041291,1,13192.0
864691135988742147,864691135594721579,1,17968.0
864691135988742147,864691135694246079,1,12664.0
864691135988742147,864691135750307881,1,4708.0
864691135988742147,864691135765013302,2,17392.0
864691135988742147,864691135773209163,1,4104.0
864691135988742147,864691135868957462,1,1836.0
864691135988742147,864691136058745048,1,3684.0
864691135988742147,864691136274655166,1,4648.0
864691135988742147,864691136484364844,1,24124.0
864691135988742147,864691136674744199,1,1896.0
864691135988742147,864691136991202453,1,19904.0
864691135989817088,864691135477670312,1,14256.0
864691135989817088,864691135586414716,2,3952.0
864691135989817088,864691135719761713,1,2600.0
864691135989817088,864691135727961663,1,16412.0
864691135989817088,864691135782544435,1,396.0
864691135989817088,864691135809608652,1,8660.0
864691135989817088,864691135851792071,1,22200.0
864691135989817088,864691135940685057,1,5628.0
864691135989817088,864691136025184569,1,1984.0
864691135989817088,864691136227484753,1,3576.0
864691135989817088,864691136578820884,1,19404.0
864691135989817088,864691136579408916,2,5832.0
864691135989817088,864691136724880893,1,31256.0
864691135989836288,864691135919645872,1,16544.0
864691135990004992,864691135134052512,1,3908.0
864691135990004992,864691135271081125,1,15868.0
864691135990004992,864691135280682401,1,2876.0
864691135990004992,864691135398817569,1,284.0
864691135990004992,864691135405733870,1,18940.0
864691135990004992,864691135465100189,1,704.0
864691135990004992,864691135478316200,1,9536.0
864691135990004992,864691135583277677,1,276.0
864691135990004992,864691135686283703,1,4504.0
864691135990004992,864691135732210873,1,1600.0
864691135990004992,864691135774294603,1,1972.0
864691135990004992,864691135782241616,1,8660.0
864691135990004992,864691135802453858,1,2324.0
864691135990004992,864691135855890478,1,2592.0
864691135990004992,864691135938555908,1,3328.0
864691135990004992,864691135939049988,1,6872.0
864691135990004992,864691136013367715,1,2416.0
864691135990004992,864691136034084795,1,4656.0
864691135990004992,864691136043283030,1,10476.0
864691135990004992,864691136118370724,1,2672.0
864691135990004992,864691136137293195,1,20188.0
864691135990004992,864691136391042167,1,3600.0
864691135990004992,864691136437631902,1,17452.0
864691135990004992,864691136618795227,1,14888.0
864691135993150913,864691134991010426,1,5060.0
864691135993150913,864691135258642863,1,14668.0
864691135993150913,864691135464795710,1,6504.0
864691135993150913,864691135464928318,1,16948.0
864691135993150913,864691135732210873,2,64244.0
864691135993150913,864691135774368763,1,3604.0
864691135993150913,864691135774389755,3,48556.0
864691135993150913,864691135928366606,1,4624.0
864691135993150913,864691136117770660,2,9376.0
864691135993150913,864691136120658712,2,9916.0
864691135993150913,864691136228250961,1,4976.0
864691135993150913,864691136389921911,1,3340.0
864691135993150913,864691136742244188,1,16864.0
864691135993150913,864691136814442867,1,2900.0
864691135993150913,864691136905560754,1,14696.0
864691135993150913,864691136991202453,1,21724.0
864691135994226881,864691135325263004,1,8796.0
864691135994226881,864691135476528704,1,3308.0
864691135994226881,864691135618505065,1,1248.0
864691135994226881,864691135928366606,1,7876.0
864691135994226881,864691135977666883,1,1220.0
864691135994226881,864691136022520056,1,3516.0
864691135994226881,864691136195798504,1,11660.0
864691135994226881,864691136437631902,1,21468.0
864691135994235841,864691135257669039,1,2612.0
864691135994235841,864691135277309669,1,4232.0
864691135994235841,864691135304641703,1,7076.0
864691135994235841,864691135346685855,1,2956.0
864691135994235841,864691135490326074,1,9648.0
864691135994235841,864691135585266808,1,5876.0
864691135994235841,864691135695146943,1,8560.0
864691135994235841,864691135741458324,1,8808.0
864691135994235841,864691135750307881,1,36716.0
864691135994235841,864691135928366606,1,5384.0
864691135994235841,864691136043380566,1,13928.0
864691135994235841,864691136437631902,1,5072.0
864691135994235841,864691136674749575,1,6828.0
864691135994235841,864691136976001308,1,3488.0
864691135996158378,864691135060651419,1,5560.0
864691135996158378,864691135276505573,1,7384.0
864691135996158378,864691135398868257,1,1220.0
864691135996158378,864691135470787666,1,5492.0
864691135996158378,864691135594817067,1,352.0
864691135996158378,864691135772920651,1,6032.0
864691135996158378,864691136210847932,1,12896.0
864691135996158378,864691136364308962,1,10544.0
864691135996158378,864691136445215875,1,444.0
864691135996158378,864691136968542926,1,6692.0
864691136006519498,864691135258642863,1,200.0
864691136006519498,864691135271038885,1,6368.0
864691136006519498,864691135339600102,1,2732.0
864691136006519498,864691135340055782,1,4988.0
864691136006519498,864691135342958789,1,2796.0
864691136006519498,864691135375107272,1,26888.0
864691136006519498,864691135469753426,1,2948.0
864691136006519498,864691135518173395,1,3448.0
864691136006519498,864691135540440178,1,884.0
864691136006519498,864691135546902056,1,2700.0
864691136006519498,864691135727790911,1,16776.0
864691136006519498,864691135774294603,1,1356.0
864691136006519498,864691135839932307,1,25668.0
864691136006519498,864691135839950227,1,668.0
864691136006519498,864691135919956656,1,14968.0
864691136006519498,864691136034011579,1,7768.0
864691136006519498,864691136125440038,2,26432.0
864691136006519498,864691136425073455,1,35872.0
864691136006519498,864691136438717086,2,27052.0
864691136006519498,864691136991202453,1,4460.0
864691136009893294,864691135209194617,1,1388.0
864691136009893294,864691135610877191,1,14972.0
864691136009893294,864691135938629892,1,4136.0
864691136009893294,864691135952122147,1,3828.0
864691136009893294,864691136025184569,2,9232.0
864691136009893294,864691136438426526,1,1748.0
864691136010028974,864691135360017752,1,3200.0
864691136010028974,864691135504315317,1,3532.0
864691136010028974,864691135719761713,1,42060.0
864691136010028974,864691135947258916,1,25488.0
864691136010028974,864691136903681458,1,30988.0
864691136010639022,864691134949248508,1,7108.0
864691136010639022,864691135294480310,1,4568.0
864691136010639022,864691135360809560,1,284.0
864691136010639022,864691135465343045,1,8216.0
864691136010639022,864691135480892614,2,17020.0
864691136010639022,864691135492568551,1,7144.0
864691136010639022,864691135496440208,3,11976.0
864691136010639022,864691135576881950,1,1572.0
864691136010639022,864691135656579010,1,3124.0
864691136010639022,864691135656674242,1,6384.0
864691136010639022,864691135694246079,2,7768.0
864691136010639022,864691135698211994,1,6412.0
864691136010639022,864691135719900721,1,19300.0
864691136010639022,864691135731679929,1,4212.0
864691136010639022,864691135751110185,1,1636.0
864691136010639022,864691135858298670,1,20072.0
864691136010639022,864691135977654851,1,10048.0
864691136010639022,864691136026198585,1,8816.0
864691136010639022,864691136041575422,1,3208.0
864691136010639022,864691136058745048,1,8840.0
864691136010639022,864691136196517452,1,3248.0
864691136010639022,864691136228491601,1,2032.0
864691136010639022,864691136238090767,1,12060.0
864691136010639022,864691136419797655,1,17216.0
864691136010639022,864691136452447743,1,16784.0
864691136010639022,864691136523288465,1,2732.0
864691136010639022,864691136619693275,1,8176.0
864691136010639022,864691136968094158,1,224.0
864691136010651052,864691135258642863,1,4092.0
864691136010651052,864691135277309669,1,12672.0
864691136010651052,864691135362104647,1,15528.0
864691136010651052,864691135398805281,1,280.0
864691136010651052,864691135448303762,1,3152.0
864691136010651052,864691135518989962,1,1240.0
864691136010651052,864691135585266808,3,57348.0
864691136010651052,864691135586240120,1,2164.0
864691136010651052,864691135593133067,1,556.0
864691136010651052,864691136111251896,1,21132.0
864691136010651052,864691136111559352,1,12160.0
864691136010651052,864691136438469534,1,5056.0
864691136010651052,864691136524172689,1,4460.0
864691136010651052,864691136665051614,1,8712.0
864691136011684526,864691134950156796,1,1776.0
864691136011684526,864691135060651419,1,356.0
864691136011684526,864691135362104647,1,9056.0
864691136011684526,864691135396794101,1,22884.0
864691136011684526,864691135518283475,1,1412.0
864691136011684526,864691135591041291,1,1712.0
864691136011684526,864691135732210873,1,252.0
864691136011684526,864691135970180709,1,8812.0
864691136011684526,864691136042982742,1,11476.0
864691136011684526,864691136144674612,1,10408.0
864691136011684526,864691136372759688,1,368.0
864691136011684526,864691136603811281,1,5648.0
864691136011684526,864691137198691137,1,2060.0
864691136011686318,864691134948788476,1,164.0
864691136011686318,864691135464928318,1,1576.0
864691136011686318,864691135465932357,1,328.0
864691136011686318,864691135774368763,1,17860.0
864691136011686318,864691135857099310,1,1512.0
864691136011686318,864691136364308962,1,2612.0
864691136011686318,864691136914414321,1,2772.0
864691136011686318,864691136968542926,1,13644.0
864691136011768494,864691135015652246,1,1980.0
864691136011768494,864691135124603687,1,392.0
864691136011768494,864691135351096279,1,4496.0
864691136011768494,864691135360482392,1,6416.0
864691136011768494,864691135476495936,1,1780.0
864691136011768494,864691135567059223,1,11368.0
864691136011768494,864691135572346349,2,12468.0
864691136011768494,864691135656674242,1,940.0
864691136011768494,864691135774294603,1,13800.0
864691136011768494,864691135779049056,1,548.0
864691136011768494,864691135782241616,1,368.0
864691136011768494,864691135993150913,1,704.0
864691136011768494,864691136021865976,1,4648.0
864691136011768494,864691136033227451,1,3668.0
864691136011768494,864691136101340021,2,7512.0
864691136011768494,864691136144674612,1,5292.0
864691136011768494,864691136674495623,3,62940.0
864691136012739747,864691135164887853,1,9552.0
864691136012739747,864691135214986368,1,2584.0
864691136012739747,864691135280481697,1,4000.0
864691136012739747,864691135405733870,1,4780.0
864691136012739747,864691135409859785,1,14344.0
864691136012739747,864691135448215698,1,2936.0
864691136012739747,864691135455507818,1,2728.0
864691136012739747,864691135465343045,1,17660.0
864691136012739747,864691135480892614,1,18980.0
864691136012739747,864691135503182685,1,32192.0
864691136012739747,864691135504327861,1,2660.0
864691136012739747,864691135646147567,1,992.0
864691136012739747,864691135686283703,2,14076.0
864691136012739747,864691135757083346,1,812.0
864691136012739747,864691135760106830,1,3704.0
864691136012739747,864691135774294603,1,1968.0
864691136012739747,864691135858298670,1,4868.0
864691136012739747,864691135938816260,1,19944.0
864691136012739747,864691136381301461,2,2720.0
864691136012739747,864691136452609023,1,5100.0
864691136013367715,864691134966714655,1,6300.0
864691136013367715,864691135294190518,1,4004.0
864691136013367715,864691135360017752,1,4252.0
864691136013367715,864691135396794101,1,8448.0
864691136013367715,864691135431654960,1,8624.0
864691136013367715,864691135496381840,1,3276.0
864691136013367715,864691135497743635,1,3544.0
864691136013367715,864691135503182685,1,6116.0
864691136013367715,864691135546902056,1,4344.0
864691136013367715,864691135573276197,1,2648.0
864691136013367715,864691135577651230,1,1836.0
864691136013367715,864691135587532924,1,3132.0
864691136013367715,864691135618505065,1,3576.0
864691136013367715,864691135688186080,1,6288.0
864691136013367715,864691135697613077,1,4000.0
864691136013367715,864691135739587697,1,6548.0
864691136013367715,864691135756075981,1,2608.0
864691136013367715,864691135773073147,1,36532.0
864691136013367715,864691135774179147,1,5320.0
864691136013367715,864691135774389755,2,4644.0
864691136013367715,864691135782544435,1,3044.0
864691136013367715,864691135810905036,1,3100.0
864691136013367715,864691135849088094,1,3780.0
864691136013367715,864691135853198023,1,3988.0
864691136013367715,864691135867905302,1,2628.0
864691136013367715,864691135947258916,2,25132.0
864691136013367715,864691135976425327,1,2176.0
864691136013367715,864691135977666883,1,3032.0
864691136013367715,864691136106969561,1,12188.0
864691136013367715,864691136108938168,2,23504.0
864691136013367715,864691136137794941,2,8464.0
864691136013367715,864691136144674612,1,18708.0
864691136013367715,864691136228250961,2,8744.0
864691136013367715,864691136273494206,1,1968.0
864691136013367715,864691136311529306,1,2244.0
864691136013367715,864691136619096795,1,2296.0
864691136013367715,864691136903681458,1,31764.0
864691136013367715,864691136914414321,1,2296.0
864691136013367715,864691136968542926,1,3732.0
864691136013367715,864691136991202453,1,7100.0
864691136021865976,864691134948788476,1,3388.0
864691136021865976,864691134950156796,1,43424.0
864691136021865976,864691135324623260,1,2976.0
864691136021865976,864691135324725404,1,10912.0
864691136021865976,864691135480892614,1,13760.0
864691136021865976,864691135493149927,1,18944.0
864691136021865976,864691135510846217,1,10864.0
864691136021865976,864691135562842337,1,16652.0
864691136021865976,864691135577816862,1,5180.0
864691136021865976,864691135688186080,1,596.0
864691136021865976,864691135757083346,1,2660.0
864691136021865976,864691135773073147,1,10424.0
864691136021865976,864691135801463650,1,28504.0
864691136021865976,864691135810492189,1,6532.0
864691136021865976,864691135865648254,1,2220.0
864691136021865976,864691135885911920,1,34560.0
864691136021865976,864691136010639022,1,12336.0
864691136021865976,864691136196517452,1,2364.0
864691136021865976,864691136298125851,1,36504.0
864691136021865976,864691136619693275,1,17632.0
864691136021865976,864691136664127454,1,1884.0
864691136021865976,864691136664950750,2,31260.0
864691136021865976,864691136905560754,1,12400.0
864691136021865976,864691136954050527,1,892.0
864691136022214648,864691134989865338,1,29256.0
864691136022214648,864691135480892614,1,2388.0
864691136022214648,864691135493149927,1,3508.0
864691136022214648,864691135578146565,3,35380.0
864691136022214648,864691135725842603,1,3884.0
864691136022214648,864691135727790911,1,1564.0
864691136022214648,864691135977134403,1,2808.0
864691136022214648,864691136424439855,1,3352.0
864691136022520056,864691135015652246,1,3300.0
864691136022520056,864691135164772653,1,1552.0
864691136022520056,864691135656674242,1,6952.0
864691136022520056,864691137021264750,1,180.0
864691136023889209,864691134966324767,1,2176.0
864691136023889209,864691135082864887,1,1980.0
864691136023889209,864691135102274592,1,6760.0
864691136023889209,864691135102433056,1,6712.0
864691136023889209,864691135157994084,1,8804.0
864691136023889209,864691135362104647,1,22300.0
864691136023889209,864691135490326074,1,6744.0
864691136023889209,864691135493686111,1,6416.0
864691136023889209,864691135511802576,1,11212.0
864691136023889209,864691135584629613,1,6680.0
864691136023889209,864691135689417440,1,5984.0
864691136023889209,864691135719900721,1,1776.0
864691136023889209,864691135724393131,1,26344.0
864691136023889209,864691135750307881,1,31456.0
864691136023889209,864691135750958889,1,3096.0
864691136023889209,864691135757083346,2,6156.0
864691136023889209,864691135777400237,1,25608.0
864691136023889209,864691135779049056,1,9708.0
864691136023889209,864691135810905036,1,2924.0
864691136023889209,864691135867644805,1,21136.0
864691136023889209,864691135919645872,1,1776.0
864691136023889209,864691135990004992,1,13500.0
864691136023889209,864691136026198585,2,6136.0
864691136023889209,864691136041575422,1,2520.0
864691136023889209,864691136111559352,1,12924.0
864691136023889209,864691136336107187,1,1668.0
864691136023889209,864691136438666398,2,15112.0
864691136023889209,864691136968542926,1,16564.0
864691136023889209,864691136991202453,4,17396.0
864691136023889209,864691137199050049,1,14128.0
864691136023980601,864691135233242713,1,1768.0
864691136023980601,864691135270320293,1,3192.0
864691136023980601,864691135566155351,1,4288.0
864691136023980601,864691135659358850,1,3132.0
864691136025504569,864691135015652246,1,2800.0
864691136025504569,864691135066958404,1,10448.0
864691136025504569,864691135135019168,1,25164.0
864691136025504569,864691135258509487,1,2460.0
864691136025504569,864691135277186789,1,3796.0
864691136025504569,864691135466158917,1,28820.0
864691136025504569,864691135490326074,1,1512.0
864691136025504569,864691135492568551,1,21516.0
864691136025504569,864691135496381840,1,10660.0
864691136025504569,864691135519105162,1,2324.0
864691136025504569,864691135546339880,1,4080.0
864691136025504569,864691135562798817,1,13252.0
864691136025504569,864691135567047191,1,24900.0
864691136025504569,864691135586240120,2,12992.0
864691136025504569,864691135619756943,1,3052.0
864691136025504569,864691135655894978,1,624.0
864691136025504569,864691135662059248,1,18724.0
864691136025504569,864691135732210873,1,9688.0
864691136025504569,864691135741458324,1,17580.0
864691136025504569,864691135741780116,1,8940.0
864691136025504569,864691135774294603,1,20428.0
864691136025504569,864691135778638013,1,6616.0
864691136025504569,864691135874914702,1,12720.0
864691136025504569,864691135919956656,1,5140.0
864691136025504569,864691135938816260,1,4052.0
864691136025504569,864691135955962888,1,908.0
864691136025504569,864691135977045871,3,39504.0
864691136025504569,864691136043380566,1,13060.0
864691136025504569,864691136111251896,2,8840.0
864691136025504569,864691136125411622,2,12400.0
864691136025504569,864691136196202472,1,6060.0
864691136025504569,864691136210847932,1,12824.0
864691136025504569,864691136330101226,1,1780.0
864691136025504569,864691136380757461,1,2832.0
864691136025504569,864691136389921911,1,7576.0
864691136025504569,864691136390788215,3,24404.0
864691136025504569,864691136391042167,1,5284.0
864691136026198585,864691135325071004,1,3564.0
864691136026198585,864691135398805281,1,4096.0
864691136026198585,864691135496440208,1,524.0
864691136026198585,864691135577651230,1,1876.0
864691136026198585,864691135611140359,1,3976.0
864691136026198585,864691135640398651,1,7852.0
864691136026198585,864691135757083346,1,1988.0
864691136026198585,864691135868957462,1,3732.0
864691136026198585,864691135955962888,1,1324.0
864691136026198585,864691135977045871,1,10568.0
864691136026198585,864691136011768494,1,9092.0
864691136026198585,864691136137237899,1,10184.0
864691136026198585,864691136239460668,1,1932.0
864691136026198585,864691136380264405,3,45260.0
864691136026198585,864691136438666398,1,4804.0
864691136026198585,864691136742244188,1,4004.0
864691136026198585,864691136975300636,1,2356.0
864691136026254649,864691134919869706,1,1120.0
864691136026254649,864691135470787666,1,2428.0
864691136026254649,864691135576881950,1,3936.0
864691136026254649,864691135586240120,1,1924.0
864691136026254649,864691135717275162,1,964.0
864691136026254649,864691135738047620,1,216.0
864691136026254649,864691135810473245,1,2656.0
864691136026254649,864691135817419343,1,14576.0
864691136026254649,864691136085781356,1,5444.0
864691136026254649,864691136177629702,1,2372.0
864691136026254649,864691136313406781,1,10160.0
864691136026254649,864691136390788215,1,3520.0
864691136026254649,864691136438585502,1,2052.0
864691136026254649,864691136445557123,1,2668.0
864691136026254649,864691136619096795,1,4308.0
864691136026254649,864691136968542926,1,13572.0
864691136026254649,864691136991202453,1,3688.0
864691136033227451,864691135294190518,1,1580.0
864691136033227451,864691135476495936,1,7820.0
864691136033227451,864691136022520056,1,3856.0
864691136033227451,864691136118370724,1,4520.0
864691136033227451,864691136228250961,1,4912.0
864691136033227451,864691136330101226,1,2444.0
864691136033227451,864691136390474359,1,3340.0
864691136033227451,864691136484364844,1,3880.0
864691136033227451,864691136674749575,1,848.0
864691136033227451,864691136742067804,1,4092.0
864691136033332155,864691134949248508,1,2380.0
864691136033332155,864691134966714655,1,2544.0
864691136033332155,864691135155894884,1,2624.0
864691136033332155,864691135214986368,1,7100.0
864691136033332155,864691135340055782,1,912.0
864691136033332155,864691135342523057,1,31476.0
864691136033332155,864691135357351375,1,4236.0
864691136033332155,864691135360482392,2,9332.0
864691136033332155,864691135386899029,1,860.0
864691136033332155,864691135396940021,2,17648.0
864691136033332155,864691135469845388,1,188.0
864691136033332155,864691135470787666,1,2216.0
864691136033332155,864691135476495936,1,6124.0
864691136033332155,864691135478400936,2,3892.0
864691136033332155,864691135577749022,1,26272.0
864691136033332155,864691135611140359,1,21104.0
864691136033332155,864691135727790911,1,24668.0
864691136033332155,864691135738047620,1,13216.0
864691136033332155,864691135742102635,2,34468.0
864691136033332155,864691135787537348,1,2268.0
864691136033332155,864691135810982860,1,3372.0
864691136033332155,864691135868466710,1,3508.0
864691136033332155,864691135954393891,1,8752.0
864691136033332155,864691135988742147,1,2724.0
864691136033332155,864691136125433894,1,3380.0
864691136033332155,864691136299034139,2,15108.0
864691136033332155,864691136336107187,1,9220.0
864691136033332155,864691136380757461,1,11356.0
864691136033332155,864691136453419007,1,11172.0
864691136033332155,864691136523335057,1,2544.0
864691136033332155,864691136664680926,1,3404.0
864691136034011579,864691135164887853,1,960.0
864691136034011579,864691135258642863,3,51904.0
864691136034011579,864691135343818161,1,2300.0
864691136034011579,864691135455507818,1,788.0
864691136034011579,864691135469753426,1,328.0
864691136034011579,864691135562798817,1,1876.0
864691136034011579,864691135566168599,1,4452.0
864691136034011579,864691135617152361,2,6844.0
864691136034011579,864691135741524587,1,1656.0
864691136034011579,864691135750307881,1,31488.0
864691136034011579,864691135774368763,1,764.0
864691136034011579,864691135955962888,2,36364.0
864691136034011579,864691136177629702,1,1084.0
864691136034011579,864691136195798504,1,11024.0
864691136034011579,864691136905560754,1,1696.0
864691136034084795,864691135504081986,1,15024.0
864691136034084795,864691135562842337,1,20004.0
864691136034084795,864691135688186080,1,3804.0
864691136034084795,864691135689417440,1,3116.0
864691136034084795,864691135698211994,1,2544.0
864691136034084795,864691135750307881,2,2988.0
864691136034084795,864691135839950227,1,11776.0
864691136034084795,864691135878061395,1,1128.0
864691136034084795,864691136927187786,1,2640.0
864691136034181307,864691134966710559,1,1616.0
864691136034181307,864691135060727707,2,8844.0
864691136034181307,864691135067066948,1,3432.0
864691136034181307,864691135257669039,1,2016.0
864691136034181307,864691135272069285,1,4348.0
864691136034181307,864691135324623260,1,13180.0
864691136034181307,864691135455400554,1,900.0
864691136034181307,864691135688186080,2,42176.0
864691136034181307,864691135689417440,1,11204.0
864691136034181307,864691135750307881,1,26732.0
864691136034181307,864691135750958889,1,344.0
864691136034181307,864691135811335116,1,1084.0
864691136034181307,864691135955909640,1,10100.0
864691136034181307,864691135977666883,1,1284.0
864691136034181307,864691136022520056,1,15500.0
864691136034181307,864691136195798504,1,9484.0
864691136034181307,864691136211371452,1,1592.0
864691136034181307,864691136211385020,1,3616.0
864691136034181307,864691136331249642,1,25428.0
864691136034181307,864691136953873631,1,3736.0
864691136034271675,864691135970180709,1,7544.0
864691136040834558,864691135350420951,1,3648.0
864691136040834558,864691135518283475,1,4496.0
864691136040834558,864691136025504569,1,3372.0
864691136041575422,864691134948788476,1,268.0
864691136041575422,864691135455400554,1,10616.0
864691136041575422,864691135646481135,1,30856.0
864691136041575422,864691135688186080,3,61056.0
864691136041575422,864691135695146943,1,2248.0
864691136041575422,864691135731705273,1,1684.0
864691136041575422,864691135927647956,1,2816.0
864691136041575422,864691135937286404,1,228.0
864691136041575422,864691136011768494,1,2132.0
864691136041575422,864691136022520056,1,6092.0
864691136041575422,864691136136778621,1,3104.0
864691136041575422,864691136195391208,1,5696.0
864691136041575422,864691136228250961,2,34508.0
864691136041575422,864691136330407914,1,34452.0
864691136041575422,864691136484364844,1,652.0
864691136041575422,864691136619882637,1,4772.0
864691136041575422,864691136674495623,1,5120.0
864691136042982742,864691135465932357,1,6224.0
864691136042982742,864691135490326074,1,3212.0
864691136042982742,864691135493620831,1,5240.0
864691136042982742,864691135591041291,2,61636.0
864691136042982742,864691135782241616,1,9244.0
864691136042982742,864691135955962888,1,14652.0
864691136042982742,864691136419797655,1,24040.0
864691136042982742,864691136618795227,2,6020.0
864691136043283030,864691135294442678,1,1616.0
864691136043283030,864691135351096279,1,7372.0
864691136043283030,864691135362104647,1,1412.0
864691136043283030,864691135493686111,1,988.0
864691136043283030,864691135496440208,2,13092.0
864691136043283030,864691135503182685,1,26252.0
864691136043283030,864691135546902056,1,5620.0
864691136043283030,864691135567047191,1,1796.0
864691136043283030,864691135576881950,1,2304.0
864691136043283030,864691135583277677,1,2852.0
864691136043283030,864691135662059248,1,10876.0
864691136043283030,864691135698016410,1,2904.0
864691136043283030,864691135774179147,1,5864.0
864691136043283030,864691135782506832,1,6972.0
864691136043283030,864691135850033758,1,7188.0
864691136043283030,864691135954393891,1,4068.0
864691136043283030,864691136023889209,1,544.0
864691136043283030,864691136239980604,1,5524.0
864691136043283030,864691136330407914,1,3380.0
864691136043283030,864691136674749575,1,5376.0
864691136043283030,864691137055712630,1,17756.0
864691136043283030,864691137198691137,1,9324.0
864691136043380566,864691134991010426,1,2924.0
864691136043380566,864691135343818161,1,8712.0
864691136043380566,864691135540272498,1,21840.0
864691136043380566,864691135764583990,1,5400.0
864691136043380566,864691135779049056,1,1956.0
864691136043380566,864691135782241616,1,8760.0
864691136043380566,864691135947258916,1,2364.0
864691136043380566,864691136330101226,1,5748.0
864691136043380566,864691136664680926,1,524.0
864691136043380566,864691136913993713,1,9924.0
864691136043380566,864691136967703758,1,20388.0
864691136043380566,864691136990522517,1,2376.0
864691136052738803,864691135066958404,1,4272.0
864691136052738803,864691135134016928,1,12796.0
864691136052738803,864691135277186789,1,776.0
864691136052738803,864691135360482392,1,2128.0
864691136052738803,864691135398868257,2,18224.0
864691136052738803,864691135409859785,1,5596.0
864691136052738803,864691135464928318,1,452.0
864691136052738803,864691135567059223,1,1360.0
864691136052738803,864691135591041291,1,29116.0
864691136052738803,864691135593133067,1,1728.0
864691136052738803,864691135739587697,1,12468.0
864691136052738803,864691135750958889,1,464.0
864691136052738803,864691135773209163,1,2608.0
864691136052738803,864691135938816260,1,20828.0
864691136052738803,864691135977654851,1,4348.0
864691136052738803,864691136137237899,1,3788.0
864691136052738803,864691136452447743,1,21472.0
864691136052738803,864691136484364844,1,17272.0
864691136052738803,864691136484732972,1,3024.0
864691136052738803,864691136488999186,1,468.0
864691136058745048,864691134949263100,1,4476.0
864691136058745048,864691135060020123,1,17928.0
864691136058745048,864691135157994084,1,3924.0
864691136058745048,864691135164772653,1,18948.0
864691136058745048,864691135164887853,1,11684.0
864691136058745048,864691135209432185,1,2600.0
864691136058745048,864691135274816017,1,2532.0
864691136058745048,864691135325071004,2,20260.0
864691136058745048,864691135325263004,1,516.0
864691136058745048,864691135325487004,2,10232.0
864691136058745048,864691135339088102,1,2832.0
864691136058745048,864691135374981320,1,8588.0
864691136058745048,864691135388368001,1,1528.0
864691136058745048,864691135405733870,1,17996.0
864691136058745048,864691135409859785,1,3756.0
864691136058745048,864691135448215698,1,1584.0
864691136058745048,864691135455400554,1,32352.0
864691136058745048,864691135466158917,3,17052.0
864691136058745048,864691135502885954,1,3256.0
864691136058745048,864691135503182685,1,9716.0
864691136058745048,864691135504168285,1,2164.0
864691136058745048,864691135504327861,1,1516.0
864691136058745048,864691135546339880,2,17232.0
864691136058745048,864691135562842337,1,2800.0
864691136058745048,864691135577749022,3,30876.0
864691136058745048,864691135587371132,1,11172.0
864691136058745048,864691135593133067,1,1408.0
864691136058745048,864691135698211994,2,7116.0
864691136058745048,864691135727961663,1,364.0
864691136058745048,864691135728030015,1,3820.0
864691136058745048,864691135732578745,1,4776.0
864691136058745048,864691135741780116,1,4000.0
864691136058745048,864691135741963627,2,3256.0
864691136058745048,864691135757040082,1,3636.0
864691136058745048,864691135763941174,1,904.0
864691136058745048,864691135765006134,1,772.0
864691136058745048,864691135778419901,2,17824.0
864691136058745048,864691135778638013,1,1968.0
864691136058745048,864691135782702387,1,7396.0
864691136058745048,864691135816693327,2,24536.0
864691136058745048,864691135868919318,1,18612.0
864691136058745048,864691135885911920,1,14568.0
864691136058745048,864691135942924148,1,1924.0
864691136058745048,864691135947258916,1,4356.0
864691136058745048,864691135954393891,1,1872.0
864691136058745048,864691135977666883,1,10900.0
864691136058745048,864691136010639022,1,15320.0
864691136058745048,864691136011684526,1,6860.0
864691136058745048,864691136026198585,1,3548.0
864691136058745048,864691136026254649,2,6232.0
864691136058745048,864691136042982742,1,3104.0
864691136058745048,864691136111251896,2,8244.0
864691136058745048,864691136118370724,1,18208.0
864691136058745048,864691136211175612,1,7964.0
864691136058745048,864691136228250961,1,3776.0
864691136058745048,864691136238090767,1,2380.0
864691136058745048,864691136299034139,1,2704.0
864691136058745048,864691136314404669,1,2288.0
864691136058745048,864691136330407914,1,6572.0
864691136058745048,864691136336039091,1,9632.0
864691136058745048,864691136380264405,1,15392.0
864691136058745048,864691136453384959,1,5048.0
864691136058745048,864691136596901026,1,7088.0
864691136058745048,864691136604001745,1,4564.0
864691136058745048,864691136664950750,1,28392.0
864691136058745048,864691136674749575,1,6284.0
864691136058745048,864691136968094158,1,16136.0
864691136058745048,864691136990522517,1,3408.0
864691136058745048,864691137055367798,1,4152.0
864691136066631832,864691135359010904,1,9620.0
864691136066631832,864691135455123562,1,20424.0
864691136066631832,864691135497743635,1,5556.0
864691136066631832,864691135616363211,1,8376.0
864691136066631832,864691135915343462,1,172.0
864691136066631832,864691135927647956,1,2040.0
864691136066631832,864691135975539779,1,17324.0
864691136066631832,864691135989836288,1,4364.0
864691136066631832,864691136176327430,1,1852.0
864691136066631832,864691136273494206,1,12056.0
864691136066631832,864691136334080435,1,17876.0
864691136084313196,864691135572530981,1,8108.0
864691136084313196,864691135778419901,1,12432.0
864691136084684396,864691135697613077,2,15720.0
864691136085781356,864691135102381856,1,7624.0
864691136085781356,864691135294442678,1,4744.0
864691136085781356,864691135304641703,1,4580.0
864691136085781356,864691135325263004,1,1104.0
864691136085781356,864691135430486576,1,6200.0
864691136085781356,864691135466158917,1,21772.0
864691136085781356,864691135562975969,1,11412.0
864691136085781356,864691135586724220,1,2352.0
864691136085781356,864691135593133067,1,1296.0
864691136085781356,864691135656578242,2,16492.0
864691136085781356,864691135877825107,1,3360.0
864691136085781356,864691135890141321,1,30888.0
864691136085781356,864691135938816260,1,18316.0
864691136085781356,864691135941300993,1,5248.0
864691136085781356,864691135954393891,1,1476.0
864691136085781356,864691136010639022,1,3136.0
864691136085781356,864691136011686318,1,3388.0
864691136085781356,864691136041575422,1,24556.0
864691136085781356,864691136177629702,1,21068.0
864691136085781356,864691136363303138,1,16956.0
864691136085781356,864691136390788215,2,42880.0
864691136085781356,864691136604001745,1,2444.0
864691136085781356,864691136664127454,1,1348.0
864691136085781356,864691136665051614,1,3560.0
864691136085781356,864691136742067804,1,16884.0
864691136085781356,864691136976001308,2,3380.0
864691136085904236,864691134991010426,1,11340.0
864691136085904236,864691135015652246,1,1244.0
864691136085904236,864691135272003237,1,24168.0
864691136085904236,864691135431089968,1,3020.0
864691136085904236,864691135448215698,1,4600.0
864691136085904236,864691135572346349,3,19016.0
864691136085904236,864691135750958889,1,268.0
864691136085904236,864691135782241616,1,43084.0
864691136085904236,864691135808925981,1,2372.0
864691136085904236,864691135842486243,1,9388.0
864691136085904236,864691135858298670,1,19744.0
864691136085904236,864691135885911920,1,3304.0
864691136085904236,864691135939049988,1,4588.0
864691136085904236,864691135955962888,1,1432.0
864691136085904236,864691136033227451,1,12464.0
864691136085904236,864691136137794941,1,1012.0
864691136085904236,864691136425073455,1,19764.0
864691136085904236,864691136523118481,1,1656.0
864691136085904236,864691136524297617,1,2212.0
864691136085904236,864691136991202453,1,12328.0
864691136086088556,864691135164887853,1,4204.0
864691136086088556,864691135270320293,1,15788.0
864691136086088556,864691135271463077,1,836.0
864691136086088556,864691135367033849,1,12740.0
864691136086088556,864691135480916422,1,5248.0
864691136086088556,864691135640398651,2,6024.0
864691136086088556,864691135942924148,1,3340.0
864691136086088556,864691136125433894,1,4540.0
864691136086088556,864691136391623039,1,1648.0
864691136086088556,864691136420195223,1,8588.0
864691136086630764,864691135566168599,1,2704.0
864691136086630764,864691135688186080,1,9208.0
864691136086630764,864691135773073147,1,2304.0
864691136086630764,864691136089194039,1,4448.0
864691136086630764,864691136314473021,1,628.0
864691136086630764,864691136380757461,1,2108.0
864691136086630764,864691136419797655,1,9536.0
864691136091074615,864691135396940021,2,16432.0
864691136091074615,864691135465343045,1,1380.0
864691136091074615,864691135478316200,1,608.0
864691136091074615,864691135592830731,1,3724.0
864691136091074615,864691135810905036,1,2748.0
864691136091074615,864691135988742147,1,2004.0
864691136091074615,864691136058745048,3,31292.0
864691136091074615,864691136086088556,1,6208.0
864691136091074615,864691136092725684,1,10320.0
864691136091074615,864691136107283417,1,4752.0
864691136091074615,864691136120658712,1,13428.0
864691136091074615,864691136228491601,1,744.0
864691136091074615,864691136391042167,1,11376.0
864691136091074615,864691136603221201,1,2436.0
864691136091074615,864691136991390869,1,3180.0
864691136091634487,864691135015652246,1,5856.0
864691136091634487,864691135155894884,1,12004.0
864691136091634487,864691135477839784,1,320.0
864691136091634487,864691135585266808,1,31212.0
864691136091634487,864691135688186080,1,3600.0
864691136091634487,864691135774389755,1,3456.0
864691136091634487,864691136298125851,1,2956.0
864691136091634487,864691136330101226,3,13028.0
864691136091634487,864691136331249642,1,1180.0
864691136091634487,864691136437631902,1,35260.0
864691136092725684,864691135209194617,1,12016.0
864691136092725684,864691135294190518,1,3760.0
864691136092725684,864691135448698196,1,23956.0
864691136092725684,864691135470787666,1,34384.0
864691136092725684,864691135566168599,2,59624.0
864691136092725684,864691135695042751,1,12944.0
864691136092725684,864691135698922005,1,34252.0
864691136092725684,864691135857099310,1,6864.0
864691136092725684,864691135866576604,2,17524.0
864691136092725684,864691135988557315,1,224.0
864691136092725684,864691135996158378,1,19896.0
864691136092725684,864691136022520056,1,5264.0
864691136092725684,864691136137794941,1,5344.0
864691136092725684,864691136210344892,1,12540.0
864691136092725684,864691136239902780,1,1448.0
864691136092725684,864691136330101226,1,26352.0
864691136092725684,864691136390183696,1,3812.0
864691136092725684,864691136437631902,1,1412.0
864691136092725684,864691136991202453,1,13804.0
864691136101340021,864691134887026938,1,2592.0
864691136101340021,864691134966114591,1,15824.0
864691136101340021,864691135136360217,1,4840.0
864691136101340021,864691135155894884,1,1260.0
864691136101340021,864691135396940021,1,9632.0
864691136101340021,864691135398805281,2,9340.0
864691136101340021,864691135431089968,1,5776.0
864691136101340021,864691135576881950,1,4880.0
864691136101340021,864691135577749022,1,4524.0
864691136101340021,864691135591041291,1,4088.0
864691136101340021,864691135656579010,1,2956.0
864691136101340021,864691135778419901,1,176.0
864691136101340021,864691135938816260,1,2252.0
864691136101340021,864691135977666883,1,5108.0
864691136101340021,864691136330101226,2,12580.0
864691136101464181,864691134949248508,1,2912.0
864691136101464181,864691135209194617,1,4420.0
864691136101464181,864691135257669039,1,864.0
864691136101464181,864691135325263004,1,2416.0
864691136101464181,864691135336055529,2,3900.0
864691136101464181,864691135388828033,1,3880.0
864691136101464181,864691135417045946,1,12432.0
864691136101464181,864691135502885954,1,368.0
864691136101464181,864691135587532924,2,6816.0
864691136101464181,864691135685087474,1,19216.0
864691136101464181,864691135689417440,2,21216.0
864691136101464181,864691135801463650,1,21216.0
864691136101464181,864691135955909640,1,4308.0
864691136101464181,864691135993150913,1,9552.0
864691136101464181,864691136445215875,1,28604.0
864691136101464181,864691136674495623,1,2900.0
864691136101464181,864691136814442867,1,4956.0
864691136101516661,864691135210134905,1,13244.0
864691136101516661,864691135386963541,1,17900.0
864691136101516661,864691135577644574,1,3280.0
864691136101516661,864691135686283703,1,5328.0
864691136101516661,864691135731679929,1,3376.0
864691136101516661,864691135857993774,1,9196.0
864691136101516661,864691136991606421,1,7208.0
864691136106969561,864691135059143323,1,3196.0
864691136106969561,864691135719761713,1,188.0
864691136106969561,864691135787537348,1,3212.0
864691136106969561,864691136084313196,2,70060.0
864691136107283417,864691134919869706,1,2940.0
864691136107283417,864691135346571423,1,1664.0
864691136107283417,864691135468948364,1,3460.0
864691136107283417,864691135503836253,1,1556.0
864691136107283417,864691135570791558,1,12888.0
864691136107283417,864691135576991518,1,3320.0
864691136107283417,864691135878061395,2,11184.0
864691136107283417,864691136912172017,1,17508.0
864691136107486169,864691135136360217,1,5540.0
864691136107486169,864691135732578745,1,1776.0
864691136107486169,864691135810466333,1,4692.0
864691136107486169,864691135868060950,1,2028.0
864691136107486169,864691135977666883,2,4564.0
864691136107486169,864691136195798504,1,31060.0
864691136107486169,864691136314473021,1,2652.0
864691136107486169,864691136674744199,1,1484.0
864691136107486169,864691136903681458,1,15416.0
864691136108378073,864691134948788476,2,31760.0
864691136108378073,864691135465343045,2,1840.0
864691136108378073,864691135466158917,2,46060.0
864691136108378073,864691135469753426,1,13076.0
864691136108378073,864691135546339880,1,3984.0
864691136108378073,864691135570301676,1,2756.0
864691136108378073,864691135577644574,1,5652.0
864691136108378073,864691135584629613,1,5072.0
864691136108378073,864691135686283703,1,2520.0
864691136108378073,864691135689417440,1,3728.0
864691136108378073,864691135717163802,1,2596.0
864691136108378073,864691135717271834,1,8048.0
864691136108378073,864691135757040082,1,1152.0
864691136108378073,864691135764583990,1,10400.0
864691136108378073,864691135778419901,1,2984.0
864691136108378073,864691135782241616,1,4340.0
864691136108378073,864691135885911920,1,2488.0
864691136108378073,864691135938816260,1,2068.0
864691136108378073,864691135976063855,1,1472.0
864691136108378073,864691135994235841,1,11740.0
864691136108378073,864691136011686318,1,3252.0
864691136108378073,864691136034084795,1,21336.0
864691136108378073,864691136137237899,1,25452.0
864691136108378073,864691136137794941,1,19828.0
864691136108378073,864691136177799686,1,576.0
864691136108378073,864691136288644291,1,620.0
864691136108378073,864691136314473021,4,10240.0
864691136108378073,864691136390788215,1,3024.0
864691136108378073,864691136905758130,1,1096.0
864691136108938168,864691135059143323,1,32536.0
864691136108938168,864691135059845275,1,764.0
864691136108938168,864691135497743635,1,8796.0
864691136108938168,864691135578103301,3,41804.0
864691136108938168,864691135684657079,1,852.0
864691136108938168,864691135700409211,1,21404.0
864691136108938168,864691135808684573,1,21056.0
864691136108938168,864691135977666883,1,6876.0
864691136108938168,864691136137834877,1,2168.0
864691136108938168,864691136176327430,1,4348.0
864691136108938168,864691136309871706,1,14016.0
864691136108938168,864691136330101226,1,3496.0
864691136110256824,864691135360096071,3,42872.0
864691136110256824,864691135585266808,1,8532.0
864691136110366904,864691135405733870,1,11408.0
864691136110366904,864691135503836253,1,17740.0
864691136110366904,864691135617152361,1,10028.0
864691136110366904,864691136086630764,1,3112.0
864691136110366904,864691136125433894,1,3296.0
864691136111251896,864691135214986368,1,30788.0
864691136111251896,864691135396794101,1,8304.0
864691136111251896,864691135431089968,1,1412.0
864691136111251896,864691135756075981,1,35584.0
864691136111251896,864691135955962888,1,25648.0
864691136111251896,864691135977666883,1,4164.0
864691136111251896,864691136011686318,1,2744.0
864691136111251896,864691136137794941,2,9980.0
864691136111251896,864691136419797655,1,9528.0
864691136111251896,864691137198691137,1,5296.0
864691136111559352,864691135277309669,1,3560.0
864691136111559352,864691135362104647,2,18196.0
864691136111559352,864691135405626862,1,22028.0
864691136111559352,864691135476528704,1,6628.0
864691136111559352,864691135566168599,1,15936.0
864691136111559352,864691135584629613,1,720.0
864691136111559352,864691135685087474,2,2672.0
864691136111559352,864691135739689073,1,9888.0
864691136111559352,864691135861093992,1,7120.0
864691136111559352,864691135977666883,1,3988.0
864691136111559352,864691136137237899,1,8220.0
864691136111559352,864691136437631902,1,12504.0
864691136111559352,864691136976001308,1,35332.0
864691136117695908,864691135539491442,1,20652.0
864691136117695908,864691135782156368,2,52272.0
864691136117695908,864691135857099310,1,1816.0
864691136117770660,864691134941412707,1,24192.0
864691136117770660,864691135802453858,1,3288.0
864691136117770660,864691137055405174,1,12776.0
864691136118370724,864691135015605910,1,9884.0
864691136118370724,864691135060727707,1,2548.0
864691136118370724,864691135480311494,1,20364.0
864691136118370724,864691135688186080,1,3360.0
864691136118370724,864691135810466333,1,7184.0
864691136118370724,864691135919956656,1,3436.0
864691136118370724,864691135977666883,1,4308.0
864691136118370724,864691136195798504,1,9388.0
864691136118370724,864691136239068732,1,7780.0
864691136118370724,864691136421279639,1,30508.0
864691136118370724,864691136620914829,1,1344.0
864691136118370724,864691136665051614,1,35064.0
864691136118370724,864691136953873631,2,26520.0
864691136118370724,864691136991202453,1,428.0
864691136118370724,864691137021264750,1,10528.0
864691136118618136,864691135101431072,1,31548.0
864691136118618136,864691135277186789,1,3848.0
864691136118618136,864691135277309669,1,18776.0
864691136118618136,864691135398817569,1,2604.0
864691136118618136,864691135617440105,1,2012.0
864691136118618136,864691135655390658,1,19340.0
864691136118618136,864691136177629702,1,15372.0
864691136118618136,864691136445215875,1,42412.0
864691136118618136,864691136524172689,1,4760.0
864691136118686884,864691134942472035,1,16764.0
864691136118686884,864691134991010426,1,996.0
864691136118686884,864691135102274592,2,22440.0
864691136118686884,864691135164887853,1,5208.0
864691136118686884,864691135272069285,2,4148.0
864691136118686884,864691135277186789,1,180.0
864691136118686884,864691135277309669,1,27340.0
864691136118686884,864691135351096279,1,3560.0
864691136118686884,864691135396794101,2,25016.0
864691136118686884,864691135503836253,1,18044.0
864691136118686884,864691135577651230,2,6936.0
864691136118686884,864691135662059248,1,2948.0
864691136118686884,864691135725842603,1,22584.0
864691136118686884,864691135760635214,1,4452.0
864691136118686884,864691135779020221,1,4440.0
864691136118686884,864691135782241616,1,868.0
864691136118686884,864691135808684573,1,2428.0
864691136118686884,864691135810492189,1,28620.0
864691136118686884,864691135839950227,2,12020.0
864691136118686884,864691135853088967,1,3552.0
864691136118686884,864691135885911920,1,2772.0
864691136118686884,864691135976063855,1,8788.0
864691136118686884,864691136033227451,1,4228.0
864691136118686884,864691136043380566,1,2800.0
864691136118686884,864691136118370724,1,5544.0
864691136118686884,864691136336107187,1,2364.0
864691136118686884,864691136372039560,1,1560.0
864691136118686884,864691136421279639,1,4084.0
864691136118686884,864691136425073455,1,1360.0
864691136118686884,864691136524172689,1,4916.0
864691136119885080,864691135335635177,1,4712.0
864691136119885080,864691135340055782,1,5712.0
864691136119885080,864691135342523057,1,11768.0
864691136119885080,864691135397846049,1,5552.0
864691136119885080,864691135741524587,1,15212.0
864691136119885080,864691135751110185,1,352.0
864691136119885080,864691135810466333,1,4760.0
864691136119885080,864691136101464181,1,2528.0
864691136119885080,864691136118686884,1,2556.0
864691136119885080,864691136363303138,1,5772.0
864691136119885080,864691136904488114,1,9500.0
864691136120159768,864691134949263100,1,3468.0
864691136120159768,864691135360809560,1,2240.0
864691136120159768,864691135562004193,1,4408.0
864691136120159768,864691135583277677,1,1188.0
864691136120159768,864691135955909640,1,13392.0
864691136120159768,864691135977045871,1,860.0
864691136120159768,864691135977309763,1,19592.0
864691136120159768,864691135977666883,1,15376.0
864691136120159768,864691136288644291,1,1984.0
864691136120159768,864691136445557123,2,25704.0
864691136120159768,864691137199050049,1,6652.0
864691136120658712,864691134884807418,1,8708.0
864691136120658712,864691134886569210,1,3084.0
864691136120658712,864691134886828794,1,7976.0
864691136120658712,864691134942472035,1,3552.0
864691136120658712,864691135257404079,2,42560.0
864691136120658712,864691135271081125,1,2160.0
864691136120658712,864691135274195217,1,5176.0
864691136120658712,864691135387690069,1,23372.0
864691136120658712,864691135518453642,1,6304.0
864691136120658712,864691135578103301,1,7292.0
864691136120658712,864691135585415544,1,12088.0
864691136120658712,864691135593133067,1,2336.0
864691136120658712,864691135640398651,1,3492.0
864691136120658712,864691135654715586,1,2572.0
864691136120658712,864691135750642473,1,280.0
864691136120658712,864691135756319186,1,5956.0
864691136120658712,864691135809608652,1,664.0
864691136120658712,864691135864188286,1,2364.0
864691136120658712,864691135938816260,1,3640.0
864691136120658712,864691136330101226,1,13256.0
864691136120658712,864691136724880893,1,4928.0
864691136120658712,864691137055367798,1,12428.0
864691136120663064,864691135209369465,1,1676.0
864691136125411622,864691135101431072,1,10944.0
864691136125411622,864691135136360217,1,3300.0
864691136125411622,864691135294442678,1,1724.0
864691136125411622,864691135325413788,1,7516.0
864691136125411622,864691135335635177,1,7604.0
864691136125411622,864691135386899029,1,12988.0
864691136125411622,864691135417478842,1,11936.0
864691136125411622,864691135464928318,1,1132.0
864691136125411622,864691135469753426,1,15708.0
864691136125411622,864691135566168599,1,4668.0
864691136125411622,864691135742756203,1,4840.0
864691136125411622,864691135816565839,1,2920.0
864691136125411622,864691135927494158,1,11660.0
864691136125411622,864691135970206821,2,19580.0
864691136125411622,864691136025504569,1,10068.0
864691136125411622,864691136391042167,1,13580.0
864691136125411622,864691136903144370,1,4116.0
864691136125433894,864691135504315317,1,9980.0
864691136125433894,864691135539491442,1,13668.0
864691136125433894,864691135577221406,1,11364.0
864691136125433894,864691135720638769,1,14868.0
864691136125433894,864691135727961663,1,876.0
864691136125433894,864691135750642473,1,17976.0
864691136125433894,864691135763795510,1,4020.0
864691136125433894,864691135773208651,1,11840.0
864691136125433894,864691135849088094,1,2672.0
864691136125433894,864691135892214409,1,1704.0
864691136125433894,864691135927494158,1,6668.0
864691136125433894,864691135975824495,1,5640.0
864691136125433894,864691136107283417,1,3948.0
864691136125433894,864691136144827444,1,12916.0
864691136125433894,864691136421279639,1,5832.0
864691136125440038,864691135102151968,2,38276.0
864691136125440038,864691135135019168,1,15692.0
864691136125440038,864691135257669039,1,3900.0
864691136125440038,864691135280682401,1,3932.0
864691136125440038,864691135360482392,1,3000.0
864691136125440038,864691135387988609,1,2308.0
864691136125440038,864691135398805281,2,12396.0
864691136125440038,864691135465100189,1,14248.0
864691136125440038,864691135476528704,1,18880.0
864691136125440038,864691135493686111,1,15048.0
864691136125440038,864691135503163202,1,28860.0
864691136125440038,864691135503182685,1,2240.0
864691136125440038,864691135584504429,2,10092.0
864691136125440038,864691135586240120,1,756.0
864691136125440038,864691135741930603,1,9476.0
864691136125440038,864691135810473245,1,4256.0
864691136125440038,864691135810905036,1,348.0
864691136125440038,864691135857993774,1,9172.0
864691136125440038,864691135977666883,1,34716.0
864691136125440038,864691135988557315,1,10152.0
864691136125440038,864691136288644291,3,53872.0
864691136125440038,864691136314491965,1,3768.0
864691136125440038,864691136438717086,1,10008.0
864691136125440038,864691136488414994,2,23884.0
864691136125440038,864691136523118481,1,14300.0
864691136125440038,864691136524172689,1,3972.0
864691136125440038,864691136604001745,1,21024.0
864691136125440038,864691136742244188,1,9172.0
864691136125440038,864691136905458866,1,4532.0
864691136125440038,864691136991359893,1,1756.0
864691136125457446,864691134887026938,2,17616.0
864691136125457446,864691134948788476,1,2292.0
864691136125457446,864691135102274592,1,9544.0
864691136125457446,864691135102433056,1,6200.0
864691136125457446,864691135304641703,1,3260.0
864691136125457446,864691135325413788,1,9476.0
864691136125457446,864691135336055529,2,25220.0
864691136125457446,864691135357351375,1,2724.0
864691136125457446,864691135396940021,1,7168.0
864691136125457446,864691135430275120,2,10376.0
864691136125457446,864691135480311494,1,2288.0
864691136125457446,864691135480892614,1,1228.0
864691136125457446,864691135493620831,1,1428.0
864691136125457446,864691135493686111,1,31416.0
864691136125457446,864691135519105162,1,5120.0
864691136125457446,864691135584629613,2,18484.0
864691136125457446,864691135587519868,1,2048.0
864691136125457446,864691135662408944,1,10500.0
864691136125457446,864691135741998484,2,17636.0
864691136125457446,864691135756075981,1,5008.0
864691136125457446,864691135810492189,1,8340.0
864691136125457446,864691135955962888,1,16976.0
864691136125457446,864691136275894285,1,472.0
864691136125457446,864691136438469534,1,15044.0
864691136125457446,864691136664950750,1,1048.0
864691136125457446,864691136905458866,1,15788.0
864691136125457446,864691136953873631,1,5384.0
864691136125457446,864691136968542926,1,22436.0
864691136125457446,864691136991202453,1,22308.0
864691136125956134,864691135102433056,1,196.0
864691136125956134,864691135214931072,1,6368.0
864691136125956134,864691135480311494,1,15696.0
864691136125956134,864691135503182685,2,14268.0
864691136125956134,864691135725842603,1,3732.0
864691136125956134,864691135725920939,1,444.0
864691136125956134,864691136022520056,1,416.0
864691136125956134,864691136118370724,1,1424.0
864691136125956134,864691136125433894,1,1732.0
864691136125956134,864691136991202453,1,1544.0
864691136134678667,864691135362104647,4,28888.0
864691136135963787,864691135113733529,1,18788.0
864691136135963787,864691135271463077,1,908.0
864691136135963787,864691136025184569,1,3040.0
864691136135963787,864691136117770660,1,280.0
864691136135963787,864691136363473634,1,22624.0
864691136135963787,864691137198382657,1,7012.0
864691136136383883,864691135342585541,1,6360.0
864691136136383883,864691135782156368,1,2708.0
864691136136383883,864691136010639022,1,4780.0
864691136136778621,864691135273918993,1,4208.0
864691136136778621,864691135689417440,1,10956.0
864691136136778621,864691135801463650,1,7132.0
864691136136778621,864691135885911920,1,1284.0
864691136136778621,864691135993150913,1,19028.0
864691136136778621,864691136106969561,1,1960.0
864691136136778621,864691136195834070,1,2792.0
864691136136778621,864691136330101226,1,4104.0
864691136136778621,864691136914414321,1,2756.0
864691136136778621,864691137198691137,1,212.0
864691136137237899,864691134942472035,1,16540.0
864691136137237899,864691135257669039,1,21608.0
864691136137237899,864691135258642863,2,8564.0
864691136137237899,864691135304641703,1,1968.0
864691136137237899,864691135362104647,1,9504.0
864691136137237899,864691135469753426,1,3404.0
864691136137237899,864691135584504429,1,8180.0
864691136137237899,864691135619756943,1,9276.0
864691136137237899,864691135738969220,1,24180.0
864691136137237899,864691135750307881,1,6796.0
864691136137237899,864691135774053371,1,3212.0
864691136137237899,864691135886208112,1,2276.0
864691136137237899,864691135919956656,1,20712.0
864691136137237899,864691135977666883,1,15724.0
864691136137237899,864691136021865976,1,3712.0
864691136137237899,864691136177629702,2,31860.0
864691136137237899,864691136330101226,1,10704.0
864691136137237899,864691136419797655,2,16072.0
864691136137237899,864691136742067804,1,264.0
864691136137237899,864691136968542926,1,34872.0
864691136137293195,864691135060651419,1,212.0
864691136137293195,864691135257669039,1,15136.0
864691136137293195,864691135591726603,1,10044.0
864691136137293195,864691135688186080,1,12124.0
864691136137293195,864691135727790911,1,1288.0
864691136137293195,864691135868210454,1,4332.0
864691136137293195,864691135939008565,1,280.0
864691136137293195,864691136373008520,1,7692.0
864691136137293195,864691136380757461,1,4132.0
864691136137293195,864691136419797655,1,23852.0
864691136137794941,864691135447540882,1,4740.0
864691136137794941,864691135567059223,1,296.0
864691136137794941,864691135886208112,1,1188.0
864691136137794941,864691136390788215,1,3832.0
864691136137794941,864691136391042167,1,300.0
864691136137834877,864691135059143323,2,5536.0
864691136137834877,864691135059845275,1,10608.0
864691136137834877,864691135117980637,1,15260.0
864691136137834877,864691135429763120,1,9056.0
864691136137834877,864691135473383730,1,21552.0
864691136137834877,864691135493079783,1,24756.0
864691136137834877,864691135497743635,1,2708.0
864691136137834877,864691135659358850,1,5308.0
864691136137834877,864691135782156368,2,50948.0
864691136137834877,864691135975633475,1,7548.0
864691136137834877,864691135989836288,1,2624.0
864691136137834877,864691136084684396,1,22368.0
864691136137834877,864691136117770660,1,2288.0
864691136137834877,864691136118618136,1,16548.0
864691136137834877,864691136273494206,1,13040.0
864691136137834877,864691136309871706,2,32940.0
864691136137834877,864691136311106650,1,620.0
864691136137834877,864691136438426526,1,3776.0
864691136137834877,864691136812081779,1,8840.0
864691136138131325,864691135324623260,1,23948.0
864691136138131325,864691135448698196,2,27132.0
864691136138131325,864691136135963787,1,32856.0
864691136138131325,864691136137794941,1,2132.0
864691136138131325,864691136314473021,1,6780.0
864691136143696692,864691136066069400,1,516.0
864691136144674612,864691134966114591,1,1320.0
864691136144674612,864691134991010426,2,18692.0
864691136144674612,864691135134052512,1,2984.0
864691136144674612,864691135136360217,2,15276.0
864691136144674612,864691135258642863,2,9936.0
864691136144674612,864691135325263004,1,2308.0
864691136144674612,864691135325487004,2,33740.0
864691136144674612,864691135375888840,1,10400.0
864691136144674612,864691135470787666,2,7612.0
864691136144674612,864691135480892614,1,2468.0
864691136144674612,864691135493686111,2,25032.0
864691136144674612,864691135502885954,1,3972.0
864691136144674612,864691135503182685,3,74884.0
864691136144674612,864691135546339880,1,1672.0
864691136144674612,864691135546902056,1,3488.0
864691136144674612,864691135577749022,1,5844.0
864691136144674612,864691135656578242,1,13900.0
864691136144674612,864691135739587697,1,2244.0
864691136144674612,864691135741780116,1,6656.0
864691136144674612,864691135741910164,1,2384.0
864691136144674612,864691135750307881,3,26372.0
864691136144674612,864691135774053371,1,17632.0
864691136144674612,864691135782241616,1,18348.0
864691136144674612,864691135801463650,1,4112.0
864691136144674612,864691135809509917,1,5188.0
864691136144674612,864691135850033758,1,14352.0
864691136144674612,864691135937286404,1,5436.0
864691136144674612,864691135977666883,2,27456.0
864691136144674612,864691136010651052,1,5604.0
864691136144674612,864691136026254649,1,1984.0
864691136144674612,864691136111251896,1,2388.0
864691136144674612,864691136210344892,1,7396.0
864691136144674612,864691136211385020,1,12484.0
864691136144674612,864691136228491601,1,1708.0
864691136144674612,864691136330101226,1,5960.0
864691136144674612,864691136373008520,1,356.0
864691136144674612,864691136619882637,1,552.0
864691136144674612,864691136812081779,1,968.0
864691136144674612,864691136813937267,1,8904.0
864691136144674612,864691136953873631,2,7164.0
864691136144674612,864691136991202453,3,15308.0
864691136144827444,864691135015652246,1,27596.0
864691136144827444,864691135360809560,1,7020.0
864691136144827444,864691135448303762,1,2968.0
864691136144827444,864691135688186080,1,756.0
864691136144827444,864691135717163802,1,18780.0
864691136144827444,864691135738969220,1,3332.0
864691136144827444,864691135868210454,1,8840.0
864691136144827444,864691135928366606,1,3676.0
864691136144827444,864691135938816260,1,7684.0
864691136144827444,864691136010651052,1,196.0
864691136144827444,864691136011684526,1,1744.0
864691136144827444,864691136022520056,1,32956.0
864691136144827444,864691136330407914,1,1824.0
864691136144827444,864691136453384959,1,1552.0
864691136144827444,864691136488446226,1,25476.0
864691136144827444,864691136905458866,1,7156.0
864691136144827444,864691136914414321,1,1368.0
864691136144827444,864691137055367798,1,8944.0
864691136177629702,864691134949221372,1,22324.0
864691136177629702,864691135258642863,1,7380.0
864691136177629702,864691135277186789,3,54884.0
864691136177629702,864691135398805281,1,3092.0
864691136177629702,864691135441799752,1,2960.0
864691136177629702,864691135490326074,1,1492.0
864691136177629702,864691135562975969,1,2512.0
864691136177629702,864691135685087474,1,1936.0
864691136177629702,864691135774368763,1,6184.0
864691136177629702,864691135779049056,1,860.0
864691136177629702,864691135782241616,2,3324.0
864691136177629702,864691135782506832,1,7388.0
864691136177629702,864691135861093992,1,3172.0
864691136177629702,864691135878061395,1,3560.0
864691136177629702,864691135919956656,1,2816.0
864691136177629702,864691135941300993,1,9628.0
864691136177629702,864691135970226021,1,680.0
864691136177629702,864691135993150913,1,2672.0
864691136177629702,864691136040834558,1,1020.0
864691136177629702,864691136043380566,1,3852.0
864691136177629702,864691136195798504,1,3232.0
864691136177629702,864691136313406781,1,2860.0
864691136177629702,864691136314404669,1,2044.0
864691136177629702,864691136453419007,1,872.0
864691136177629702,864691136604001745,1,900.0
864691136177629702,864691136905560754,1,36032.0
864691136177799686,864691135067066948,1,12064.0
864691136177799686,864691135350420951,2,12228.0
864691136177799686,864691135362104647,1,436.0
864691136177799686,864691135398868257,1,5612.0
864691136177799686,864691135448215698,1,18332.0
864691136177799686,864691135477839784,1,4860.0
864691136177799686,864691135585266808,1,2876.0
864691136177799686,864691135656579010,1,5712.0
864691136177799686,864691135694415551,1,1916.0
864691136177799686,864691135750958889,1,2716.0
864691136177799686,864691136137794941,1,8652.0
864691136177799686,864691136330101226,1,24632.0
864691136177799686,864691136420303511,1,1484.0
864691136177799686,864691136905758130,1,7552.0
864691136177799686,864691136991202453,1,3692.0
864691136194355176,864691135134695328,1,7692.0
864691136195400150,864691135258642863,2,59336.0
864691136195400150,864691135430004016,1,10952.0
864691136195400150,864691135591041291,1,780.0
864691136195400150,864691135616363211,1,1452.0
864691136195400150,864691135688186080,1,5356.0
864691136195400150,864691135725842603,1,8956.0
864691136195400150,864691135741930603,1,584.0
864691136195400150,864691135774389755,1,7076.0
864691136195400150,864691135808925981,1,1440.0
864691136195400150,864691136238679567,1,5244.0
864691136195400150,864691136336179123,1,5976.0
864691136195400150,864691136452609023,1,2192.0
864691136195798504,864691135258642863,1,448.0
864691136195798504,864691135271696549,1,15908.0
864691136195798504,864691136419797655,1,804.0
864691136195834070,864691135257669039,1,2492.0
864691136195834070,864691135325413788,1,2148.0
864691136195834070,864691135455507818,1,16568.0
864691136195834070,864691135566168599,2,6844.0
864691136195834070,864691135577221406,2,4688.0
864691136195834070,864691135583277677,1,1720.0
864691136195834070,864691135750649129,1,2436.0
864691136195834070,864691135760635214,1,736.0
864691136195834070,864691135939008565,1,58072.0
864691136195834070,864691136010639022,1,23348.0
864691136195834070,864691136011684526,1,3496.0
864691136195834070,864691136034084795,1,4248.0
864691136195834070,864691136392785279,1,1764.0
864691136195834070,864691136664127454,1,1684.0
864691136195834070,864691136975624220,1,1992.0
864691136196127208,864691135115049881,1,2488.0
864691136196127208,864691135273918993,1,592.0
864691136196127208,864691135367033849,1,4232.0
864691136196127208,864691135382556378,1,836.0
864691136196127208,864691135502730562,1,1904.0
864691136196127208,864691135618505065,1,2332.0
864691136196127208,864691135697613077,2,15092.0
864691136196127208,864691135700648226,1,728.0
864691136196127208,864691135763495478,1,26132.0
864691136196127208,864691135848030814,1,1068.0
864691136196127208,864691135851792071,2,8880.0
864691136196127208,864691136119885080,1,3456.0
864691136196202472,864691135362104647,1,22568.0
864691136196202472,864691135408808649,1,14712.0
864691136196202472,864691135480892614,1,2420.0
864691136196202472,864691135518283475,1,19148.0
864691136196202472,864691135919956656,1,21780.0
864691136196202472,864691135955962888,1,29868.0
864691136196202472,864691136022520056,1,2144.0
864691136196202472,864691136034181307,1,792.0
864691136196202472,864691136238090767,1,12604.0
864691136196202472,864691136438666398,1,15312.0
864691136196202472,864691136814508659,1,2992.0
864691136196202472,864691136927761226,1,5512.0
864691136196265704,864691134966324767,1,4968.0
864691136196265704,864691135060020123,1,3096.0
864691136196265704,864691135102151968,1,5740.0
864691136196265704,864691135102274592,1,10560.0
864691136196265704,864691135102433056,1,9192.0
864691136196265704,864691135304641703,1,2376.0
864691136196265704,864691135357351375,1,1152.0
864691136196265704,864691135398868257,2,10508.0
864691136196265704,864691135562004193,1,19448.0
864691136196265704,864691135576881950,1,7484.0
864691136196265704,864691135732210873,2,2692.0
864691136196265704,864691135751110185,1,4156.0
864691136196265704,864691135757040082,1,1132.0
864691136196265704,864691135763941174,1,1908.0
864691136196265704,864691135782506832,1,3632.0
864691136196265704,864691135928366606,1,2524.0
864691136196265704,864691136177629702,1,3768.0
864691136196265704,864691136239902780,1,276.0
864691136196265704,864691136381301461,1,7396.0
864691136196265704,864691136424439855,1,11096.0
864691136196265704,864691136437631902,1,1684.0
864691136196265704,864691136927761226,1,5188.0
864691136196265704,864691137198691137,1,9952.0
864691136196338764,864691135117980637,1,13216.0
864691136196338764,864691135209280633,1,1424.0
864691136196338764,864691135466283333,1,4064.0
864691136196338764,864691135477670312,1,428.0
864691136196338764,864691135595040043,1,1368.0
864691136196338764,864691135740860820,1,16164.0
864691136196517452,864691134942169955,1,5772.0
864691136196517452,864691135157994084,1,5760.0
864691136196517452,864691135210134905,1,3616.0
864691136196517452,864691135294442678,1,6440.0
864691136196517452,864691135294520844,2,33204.0
864691136196517452,864691135362104647,1,3544.0
864691136196517452,864691135396794101,1,17076.0
864691136196517452,864691135448698196,1,6420.0
864691136196517452,864691135469422674,1,5096.0
864691136196517452,864691135476528704,1,4524.0
864691136196517452,864691135480916422,1,7384.0
864691136196517452,864691135493620831,1,4880.0
864691136196517452,864691135640398651,1,10456.0
864691136196517452,864691135656578242,1,6560.0
864691136196517452,864691135662059248,1,836.0
864691136196517452,864691135743102827,1,8200.0
864691136196517452,864691135858273326,1,8788.0
864691136196517452,864691135861093992,1,21664.0
864691136196517452,864691135866576604,1,6628.0
864691136196517452,864691135970226021,1,3652.0
864691136196517452,864691135988742147,1,2992.0
864691136196517452,864691136010639022,2,31992.0
864691136196517452,864691136033332155,1,520.0
864691136196517452,864691136034011579,1,396.0
864691136196517452,864691136299034139,1,1684.0
864691136196517452,864691136389921911,1,3204.0
864691136196517452,864691136452602367,1,3440.0
864691136196517452,864691136618795227,1,2128.0
864691136196517452,864691136665051614,1,540.0
864691136210344892,864691135134695328,1,27580.0
864691136210344892,864691135358995288,1,29528.0
864691136210344892,864691135517531786,1,8684.0
864691136210344892,864691135518453642,1,28672.0
864691136210344892,864691136298045979,1,11704.0
864691136210344892,864691136311106650,1,9980.0
864691136210847932,864691135258509487,2,10192.0
864691136210847932,864691135503182685,1,7044.0
864691136210847932,864691135662059248,1,4208.0
864691136210847932,864691135688186080,1,2604.0
864691136210847932,864691136025504569,1,8252.0
864691136210975676,864691135342958789,1,8780.0
864691136210975676,864691135362104647,1,2068.0
864691136210975676,864691135387535957,1,4444.0
864691136210975676,864691135448698196,1,3104.0
864691136210975676,864691135496381840,1,2748.0
864691136210975676,864691135518453642,1,1832.0
864691136210975676,864691135749995049,1,1460.0
864691136210975676,864691135810308125,1,13652.0
864691136210975676,864691135850033758,1,18136.0
864691136210975676,864691136084313196,1,25564.0
864691136210975676,864691136084684396,1,6004.0
864691136210975676,864691136111251896,1,17704.0
864691136210975676,864691136309871706,1,7392.0
864691136210975676,864691136523335057,1,2992.0
864691136210975676,864691136742067804,1,20420.0
864691136210975676,864691136925029092,1,1956.0
864691136210975676,864691137198382657,1,3932.0
864691136211175612,864691135157994084,1,2440.0
864691136211175612,864691135184104194,1,1316.0
864691136211175612,864691135362104647,1,5772.0
864691136211175612,864691135384176619,1,3444.0
864691136211175612,864691135764583990,1,7844.0
864691136211175612,864691135868957462,1,19960.0
864691136211371452,864691134949248508,1,10076.0
864691136211371452,864691134989865338,1,14824.0
864691136211371452,864691135102151968,1,4112.0
864691136211371452,864691135184104194,1,936.0
864691136211371452,864691135362104647,1,204.0
864691136211371452,864691135375351369,1,5548.0
864691136211371452,864691135388368001,1,3528.0
864691136211371452,864691135469845388,1,2068.0
864691136211371452,864691135584008045,1,14408.0
864691136211371452,864691135686283703,1,5164.0
864691136211371452,864691135695146943,1,6916.0
864691136211371452,864691135732578745,1,9392.0
864691136211371452,864691135739008132,1,12632.0
864691136211371452,864691135757040082,1,7020.0
864691136211371452,864691135760106830,2,2528.0
864691136211371452,864691135857993774,1,3056.0
864691136211371452,864691135867644805,1,4380.0
864691136211371452,864691135885911920,1,14976.0
864691136211371452,864691135941300993,1,4932.0
864691136211371452,864691135954393891,1,10928.0
864691136211371452,864691136010639022,1,5608.0
864691136211371452,864691136040834558,1,6156.0
864691136211371452,864691136330407914,1,3008.0
864691136211371452,864691136453419007,1,40068.0
864691136211371452,864691136968094158,1,14332.0
864691136211371452,864691136975624220,1,7548.0
864691136211371452,864691137199828801,1,2664.0
864691136211385020,864691134886569210,1,9720.0
864691136211385020,864691134949248508,1,4192.0
864691136211385020,864691135134052512,1,22892.0
864691136211385020,864691135430346544,1,8060.0
864691136211385020,864691135583223405,1,2640.0
864691136211385020,864691135749141801,1,5636.0
864691136211385020,864691135976425327,1,176.0
864691136211385020,864691135994235841,1,4540.0
864691136211385020,864691136025504569,1,11632.0
864691136211385020,864691136106969561,1,8216.0
864691136211385020,864691136313406781,1,6180.0
864691136211385020,864691136314404669,1,3768.0
864691136211385020,864691136330101226,1,4556.0
864691136211385020,864691137055712630,1,4616.0
864691136227484753,864691135233242713,1,1008.0
864691136227484753,864691135782241616,2,4620.0
864691136228250961,864691134919529994,1,7744.0
864691136228250961,864691136372759688,1,2172.0
864691136228250961,864691136419797655,1,820.0
864691136228250961,864691136424990255,1,23784.0
864691136228250961,864691136664680926,2,3100.0
864691136228367697,864691135502730562,1,936.0
864691136228367697,864691135724393131,1,3364.0
864691136228367697,864691135855860782,1,4672.0
864691136228367697,864691135927648212,1,8436.0
864691136228491601,864691134919869706,1,13868.0
864691136228491601,864691135102433056,1,6832.0
864691136228491601,864691135274816017,1,7824.0
864691136228491601,864691135340055782,1,17048.0
864691136228491601,864691135384344043,1,14528.0
864691136228491601,864691135455400554,1,5460.0
864691136228491601,864691135465343045,1,4116.0
864691136228491601,864691135640297787,1,14060.0
864691136228491601,864691135727790911,1,2220.0
864691136228491601,864691135743102827,1,824.0
864691136228491601,864691135751110185,1,12316.0
864691136228491601,864691135810905036,2,2976.0
864691136228491601,864691135954393891,1,5260.0
864691136228491601,864691136010639022,2,39684.0
864691136228491601,864691136033227451,1,1944.0
864691136228491601,864691136119885080,1,5368.0
864691136228491601,864691136137237899,1,172.0
864691136228491601,864691136523335057,1,6120.0
864691136228491601,864691136675875719,2,18132.0
864691136228491601,864691136742067804,1,884.0
864691136228538961,864691135233242713,1,2904.0
864691136228538961,864691135772987899,1,288.0
864691136238090767,864691135135019168,1,5888.0
864691136238090767,864691135362104647,1,12676.0
864691136238090767,864691135570301676,1,13584.0
864691136238090767,864691135571192966,1,4180.0
864691136238090767,864691135585266808,1,14844.0
864691136238090767,864691135586724220,1,2848.0
864691136238090767,864691135617440105,1,1872.0
864691136238090767,864691135655894978,1,5844.0
864691136238090767,864691135741998484,1,2860.0
864691136238090767,864691135977666883,1,20284.0
864691136238090767,864691136101340021,1,13020.0
864691136238090767,864691136125411622,1,5260.0
864691136238090767,864691136330101226,1,15368.0
864691136238090767,864691136372039560,1,2476.0
864691136238090767,864691136452602367,1,2000.0
864691136238090767,864691136905560754,1,2232.0
864691136238090767,864691136991202453,1,7144.0
864691136238679567,864691134949248508,1,15196.0
864691136238679567,864691135339088102,1,6708.0
864691136238679567,864691135502730562,1,5880.0
864691136238679567,864691135719900721,1,3852.0
864691136238679567,864691135741930603,1,3776.0
864691136238679567,864691135809608652,2,39568.0
864691136238679567,864691135858298670,1,17772.0
864691136238679567,864691135886130288,1,4356.0
864691136238679567,864691135955962888,1,5388.0
864691136238679567,864691135977666883,1,29280.0
864691136238679567,864691136022520056,3,27696.0
864691136238679567,864691136330407914,1,13888.0
864691136238679567,864691137021162094,1,20612.0
864691136239068732,864691135195825450,1,30024.0
864691136239068732,864691135270320293,1,1984.0
864691136239068732,864691135408560329,1,8108.0
864691136239068732,864691135430486576,1,19064.0
864691136239068732,864691135569902316,1,3312.0
864691136239068732,864691135938555908,1,208.0
864691136239068732,864691135989817088,1,22408.0
864691136239068732,864691136101516661,1,21832.0
864691136239068732,864691136137834877,2,24880.0
864691136239068732,864691136674492295,1,7248.0
864691136239068732,864691137198382657,2,10608.0
864691136239108156,864691135493686111,1,6736.0
864691136239108156,864691136314491965,1,2888.0
864691136239108156,864691136675875719,1,360.0
864691136239460668,864691135405626862,1,436.0
864691136239460668,864691135464795710,1,228.0
864691136239460668,864691136228250961,1,364.0
864691136239902780,864691134966324767,1,6376.0
864691136239902780,864691135325487004,1,1004.0
864691136239902780,864691135340055782,1,3480.0
864691136239902780,864691135384843738,1,4152.0
864691136239902780,864691135386963541,1,4372.0
864691136239902780,864691135398805281,1,13272.0
864691136239902780,864691135492568551,1,368.0
864691136239902780,864691135566168599,1,16224.0
864691136239902780,864691135582973549,1,1356.0
864691136239902780,864691135743102827,1,4176.0
864691136239902780,864691135778572973,1,2992.0
864691136239902780,864691135782506832,1,11376.0
864691136239902780,864691135877951571,2,38060.0
864691136239902780,864691136125433894,1,10692.0
864691136239902780,864691136438717086,1,3424.0
864691136239902780,864691136579408916,1,1504.0
864691136239902780,864691136674495623,1,12616.0
864691136239980604,864691135060727707,1,1368.0
864691136239980604,864691135102151968,1,16956.0
864691136239980604,864691135102274592,1,17572.0
864691136239980604,864691135102381856,1,2928.0
864691136239980604,864691135124603687,1,9468.0
864691136239980604,864691135210134905,2,6836.0
864691136239980604,864691135258642863,1,2420.0
864691136239980604,864691135325263004,1,5688.0
864691136239980604,864691135375351369,1,3012.0
864691136239980604,864691135477670312,1,11732.0
864691136239980604,864691135584008045,1,272.0
864691136239980604,864691135595040043,1,13236.0
864691136239980604,864691135731679929,1,7008.0
864691136239980604,864691135732210873,1,9572.0
864691136239980604,864691135732578745,1,3728.0
864691136239980604,864691135774294603,1,3940.0
864691136239980604,864691135779049056,1,6600.0
864691136239980604,864691135810473245,1,2772.0
864691136239980604,864691135810905036,1,1776.0
864691136239980604,864691135938816260,1,3160.0
864691136239980604,864691135988557315,1,3464.0
864691136239980604,864691136011768494,2,15832.0
864691136239980604,864691136034084795,1,3148.0
864691136239980604,864691136085781356,1,12332.0
864691136239980604,864691136101340021,1,576.0
864691136239980604,864691136119885080,1,2724.0
864691136239980604,864691136196517452,2,25488.0
864691136239980604,864691136390788215,1,9988.0
864691136239980604,864691136484732972,1,13968.0
864691136239980604,864691136489147922,2,11972.0
864691136239980604,864691136579408916,1,16260.0
864691136239980604,864691136596901026,1,28616.0
864691136239980604,864691136905758130,1,932.0
864691136239980604,864691136925029092,1,12760.0
864691136239980604,864691136953413599,1,1956.0
864691136239980604,864691136954050527,1,4740.0
864691136239980604,864691136975144988,1,5404.0
864691136239980604,864691136976001308,1,2396.0
864691136273494206,864691135134695328,1,6212.0
864691136273494206,864691135878061395,1,528.0
864691136273494206,864691135928366606,1,2600.0
864691136274546622,864691136117770660,2,23820.0
864691136274546622,864691136228538961,1,3656.0
864691136274546622,864691136311381338,1,3080.0
864691136274546622,864691136336107187,1,8900.0
864691136274546622,864691136489055762,1,2704.0
864691136274546622,864691136991390869,1,4096.0
864691136274655166,864691134887026938,2,27544.0
864691136274655166,864691134950156796,1,28056.0
864691136274655166,864691135015605910,1,420.0
864691136274655166,864691135060727707,1,8272.0
864691136274655166,864691135101431072,1,6844.0
864691136274655166,864691135157994084,1,520.0
864691136274655166,864691135164887853,1,196.0
864691136274655166,864691135209432185,1,1408.0
864691136274655166,864691135274195217,1,3824.0
864691136274655166,864691135304641703,1,1616.0
864691136274655166,864691135325413788,1,2056.0
864691136274655166,864691135368949241,2,8532.0
864691136274655166,864691135448303762,1,10912.0
864691136274655166,864691135465100189,1,240.0
864691136274655166,864691135466236229,1,1636.0
864691136274655166,864691135470787666,1,2568.0
864691136274655166,864691135496381840,1,2716.0
864691136274655166,864691135546339880,1,8800.0
864691136274655166,864691135562474977,1,1044.0
864691136274655166,864691135562842337,3,30556.0
864691136274655166,864691135570301676,1,388.0
864691136274655166,864691135571192966,1,6068.0
864691136274655166,864691135576881950,1,3008.0
864691136274655166,864691135586240120,1,16448.0
864691136274655166,864691135640297787,1,3148.0
864691136274655166,864691135694246079,2,10872.0
864691136274655166,864691135750958889,3,29988.0
864691136274655166,864691135757040082,1,3388.0
864691136274655166,864691135773209163,1,9456.0
864691136274655166,864691135774179147,1,14424.0
864691136274655166,864691135774294603,1,24332.0
864691136274655166,864691135779049056,1,3192.0
864691136274655166,864691135782241616,1,17564.0
864691136274655166,864691135801463650,1,1872.0
864691136274655166,864691135839932307,1,3856.0
864691136274655166,864691135842486243,1,3456.0
864691136274655166,864691135877825107,1,6468.0
864691136274655166,864691135976063855,1,4000.0
864691136274655166,864691136034084795,1,1296.0
864691136274655166,864691136120658712,1,6360.0
864691136274655166,864691136314404669,1,868.0
864691136274655166,864691136330101226,1,860.0
864691136274655166,864691136391042167,2,28276.0
864691136274655166,864691136488414994,2,8356.0
864691136274655166,864691136596901026,1,5540.0
864691136274655166,864691136618795227,1,4548.0
864691136274655166,864691136664127454,1,9564.0
864691136274655166,864691136675427975,1,8996.0
864691136274655166,864691136905758130,1,1144.0
864691136274655166,864691136975144988,1,8752.0
864691136274655166,864691136991359893,2,5832.0
864691136274655166,864691137055712630,1,3184.0
864691136274655166,864691137199828801,1,780.0
864691136275031565,864691135741659499,1,2412.0
864691136275031565,864691135952122147,1,2804.0
864691136275031565,864691136380264149,1,11560.0
864691136275364365,864691135848030814,1,2792.0
864691136275894285,864691134949248508,1,1604.0
864691136275894285,864691135387535957,1,4492.0
864691136275894285,864691135396940021,1,5360.0
864691136275894285,864691135405733870,1,2060.0
864691136275894285,864691135566168599,1,18808.0
864691136275894285,864691135592830731,1,16768.0
864691136275894285,864691135593133067,1,5408.0
864691136275894285,864691135717457946,1,2460.0
864691136275894285,864691135719900721,1,3768.0
864691136275894285,864691135727790911,1,736.0
864691136275894285,864691135750307881,1,18972.0
864691136275894285,864691135868210454,1,3420.0
864691136275894285,864691135874914702,1,13816.0
864691136275894285,864691136026254649,1,2256.0
864691136275894285,864691136033332155,3,12728.0
864691136275894285,864691136058745048,1,3468.0
864691136275894285,864691136125457446,1,3556.0
864691136275894285,864691136134678667,1,7580.0
864691136275894285,864691136380718037,1,11176.0
864691136275894285,864691136596107938,1,16852.0
864691136275919117,864691134991010426,1,780.0
864691136275919117,864691135585266808,1,2468.0
864691136275919117,864691135842486243,1,10212.0
864691136288598467,864691135258642863,1,8220.0
864691136288598467,864691135480892614,1,2184.0
864691136288598467,864691135584504429,1,2288.0
864691136288598467,864691135585266808,2,36548.0
864691136288598467,864691135774177531,2,30348.0
864691136288598467,864691135810492189,1,2940.0
864691136288598467,864691135868919318,1,3328.0
864691136288598467,864691135947258916,1,13428.0
864691136288598467,864691136195798504,1,15292.0
864691136288598467,864691136453384959,1,16176.0
864691136288644291,864691135209280633,1,3332.0
864691136288644291,864691135546339880,1,5092.0
864691136288644291,864691135583223405,1,2544.0
864691136288644291,864691135591726603,1,2880.0
864691136288644291,864691135640297787,1,5012.0
864691136288644291,864691135656579010,1,7356.0
864691136288644291,864691135656674242,1,8448.0
864691136288644291,864691136274655166,1,2812.0
864691136288644291,864691136336107187,1,8040.0
864691136298045979,864691135367033849,1,4492.0
864691136298045979,864691135385422677,1,1852.0
864691136298045979,864691135416233914,1,332.0
864691136298045979,864691135518989962,1,2352.0
864691136298045979,864691136117770660,1,36480.0
864691136298045979,864691136275031565,1,1036.0
864691136298045979,864691136311106650,1,3684.0
864691136298111003,864691134989865338,1,12732.0
864691136298111003,864691135339729894,1,2380.0
864691136298111003,864691135570502278,1,3416.0
864691136298111003,864691135583352941,1,8844.0
864691136298111003,864691135732578745,2,22492.0
864691136298111003,864691135975824495,2,2216.0
864691136298111003,864691136091074615,1,17700.0
864691136298111003,864691136420195223,1,12184.0
864691136298125851,864691135164772653,1,1124.0
864691136298125851,864691135584504429,1,25012.0
864691136298125851,864691135655894978,1,5724.0
864691136298125851,864691135694246079,1,14444.0
864691136298125851,864691135695146943,1,26060.0
864691136298125851,864691135774294603,1,5912.0
864691136298125851,864691135774368763,1,1592.0
864691136298125851,864691135955962888,1,2808.0
864691136298125851,864691136238090767,1,5236.0
864691136298125851,864691136314404669,1,15192.0
864691136298125851,864691136438717086,1,14396.0
864691136298125851,864691136453419007,1,6244.0
864691136298125851,864691136665051614,1,2468.0
864691136298125851,864691136991202453,1,1372.0
864691136299034139,864691134919869706,1,1756.0
864691136299034139,864691135101595680,1,3412.0
864691136299034139,864691135124603687,2,7472.0
864691136299034139,864691135272069285,1,9000.0
864691136299034139,864691135351096279,1,256.0
864691136299034139,864691135572346349,1,4196.0
864691136299034139,864691135741910164,1,21092.0
864691136299034139,864691136288644291,1,6724.0
864691136299034139,864691136314473021,1,5392.0
864691136309871706,864691135233242713,1,8860.0
864691136309871706,864691135491204327,1,3756.0
864691136309871706,864691135577644574,2,48424.0
864691136309871706,864691135778132576,1,9760.0
864691136309871706,864691135852138183,1,22212.0
864691136309871706,864691136084313196,1,10536.0
864691136309871706,864691136812081779,1,4800.0
864691136309871706,864691136814442867,1,908.0
864691136311059034,864691135325071004,1,22504.0
864691136311059034,864691135362104647,1,15960.0
864691136311059034,864691135496440208,1,3448.0
864691136311059034,864691135546902056,1,11160.0
864691136311059034,864691135562975969,1,4656.0
864691136311059034,864691135586724220,1,5364.0
864691136311059034,864691135742102635,1,4624.0
864691136311059034,864691135885911920,1,2068.0
864691136311059034,864691136111559352,1,6400.0
864691136311059034,864691136137794941,1,7424.0
864691136311059034,864691136138131325,1,248.0
864691136311059034,864691136330101226,1,6736.0
864691136311106650,864691134886828794,1,4756.0
864691136311106650,864691135134695328,1,5316.0
864691136311106650,864691135429763120,1,10228.0
864691136311106650,864691135468854156,1,16772.0
864691136311106650,864691135654715586,1,2080.0
864691136311106650,864691135684657079,1,3936.0
864691136311106650,864691135749141801,1,10712.0
864691136311106650,864691135763495478,1,3744.0
864691136311106650,864691135915343462,1,2456.0
864691136311106650,864691135975539779,1,4520.0
864691136311106650,864691136089194039,1,11956.0
864691136311106650,864691136108938168,1,6768.0
864691136311106650,864691136136778621,1,2152.0
864691136311106650,864691136137834877,1,8304.0
864691136311106650,864691136176327430,1,2756.0
864691136311106650,864691136194355176,1,3004.0
864691136311106650,864691136227484753,1,33704.0
864691136311106650,864691136273494206,1,2428.0
864691136311106650,864691136275919117,1,604.0
864691136311106650,864691136309871706,1,5672.0
864691136311106650,864691136724880893,1,18932.0
864691136311381338,864691134886499066,2,13788.0
864691136311381338,864691135477469864,1,7676.0
864691136311381338,864691135576991518,1,6608.0
864691136311381338,864691135750649129,1,9944.0
864691136311529306,864691134887460346,1,2172.0
864691136311529306,864691135346571423,1,6892.0
864691136311529306,864691135927494158,1,2368.0
864691136311529306,864691135977134403,2,14384.0
864691136312150874,864691134942472035,1,5348.0
864691136312150874,864691134991010426,1,5296.0
864691136312150874,864691135015652246,1,336.0
864691136312150874,864691135060651419,1,10024.0
864691136312150874,864691135124146727,1,7172.0
864691136312150874,864691135210134905,1,10124.0
864691136312150874,864691135214986368,2,18792.0
864691136312150874,864691135258642863,3,41776.0
864691136312150874,864691135274195217,1,16004.0
864691136312150874,864691135277186789,1,26908.0
864691136312150874,864691135294480310,1,3400.0
864691136312150874,864691135325263004,1,2208.0
864691136312150874,864691135409859785,1,11736.0
864691136312150874,864691135480311494,1,3108.0
864691136312150874,864691135490326074,1,472.0
864691136312150874,864691135496440208,1,7156.0
864691136312150874,864691135499283987,1,11304.0
864691136312150874,864691135502885954,1,8248.0
864691136312150874,864691135540272498,1,14652.0
864691136312150874,864691135540440178,1,7484.0
864691136312150874,864691135562842337,2,24528.0
864691136312150874,864691135562975969,1,1084.0
864691136312150874,864691135577651230,2,16532.0
864691136312150874,864691135586240120,1,2140.0
864691136312150874,864691135685087474,1,6692.0
864691136312150874,864691135732578745,1,5864.0
864691136312150874,864691135738969220,1,7044.0
864691136312150874,864691135774389755,3,57936.0
864691136312150874,864691135839932307,1,18004.0
864691136312150874,864691135850033758,1,5244.0
864691136312150874,864691135970226021,2,6808.0
864691136312150874,864691136034011579,2,15720.0
864691136312150874,864691136042982742,1,23588.0
864691136312150874,864691136043380566,1,3500.0
864691136312150874,864691136091634487,1,12232.0
864691136312150874,864691136111251896,1,2140.0
864691136312150874,864691136125956134,1,416.0
864691136312150874,864691136195400150,1,4592.0
864691136312150874,864691136211385020,1,344.0
864691136312150874,864691136330101226,1,4800.0
864691136312150874,864691136331249642,1,3416.0
864691136312150874,864691136453419007,1,16572.0
864691136312150874,864691136604001745,1,15016.0
864691136312150874,864691136675427975,1,1452.0
864691136312150874,864691136742244188,1,3552.0
864691136312150874,864691136814442867,2,12708.0
864691136312150874,864691136968542926,1,1988.0
864691136313406781,864691134919869706,2,5820.0
864691136313406781,864691135124603687,1,2444.0
864691136313406781,864691135155894884,1,39480.0
864691136313406781,864691135210134905,1,2880.0
864691136313406781,864691135294442678,1,2688.0
864691136313406781,864691135384843738,1,4480.0
864691136313406781,864691135398805281,1,9984.0
864691136313406781,864691135398817569,1,3400.0
864691136313406781,864691135465100189,1,284.0
864691136313406781,864691135465932357,1,4412.0
864691136313406781,864691135502885954,1,4324.0
864691136313406781,864691135582973549,1,6932.0
864691136313406781,864691135584504429,1,7748.0
864691136313406781,864691135618505065,1,2064.0
864691136313406781,864691135640297787,1,2496.0
864691136313406781,864691135688186080,1,8552.0
864691136313406781,864691135756075981,1,4948.0
864691136313406781,864691135757083346,1,5416.0
864691136313406781,864691135779705021,1,14304.0
864691136313406781,864691135810982860,1,2068.0
864691136313406781,864691135866576604,2,6980.0
864691136313406781,864691135976063855,2,8784.0
864691136313406781,864691135977654851,1,22088.0
864691136313406781,864691136034011579,1,18012.0
864691136313406781,864691136239902780,1,5520.0
864691136313406781,864691136330101226,1,2512.0
864691136313406781,864691136390183696,1,3324.0
864691136313406781,864691136596901026,1,2276.0
864691136313406781,864691136954050527,1,6836.0
864691136314404669,864691135325071004,1,19796.0
864691136314404669,864691135441799752,1,5660.0
864691136314404669,864691135448303762,1,4468.0
864691136314404669,864691135466158917,1,21280.0
864691136314404669,864691135503182685,1,22816.0
864691136314404669,864691135504327861,1,3228.0
864691136314404669,864691135518989962,1,12336.0
864691136314404669,864691135688186080,1,6256.0
864691136314404669,864691135717163802,1,27400.0
864691136314404669,864691135724393131,1,28288.0
864691136314404669,864691135839950227,1,364.0
864691136314404669,864691135867644805,1,10104.0
864691136314404669,864691136022520056,1,12752.0
864691136314404669,864691136298125851,1,1148.0
864691136314404669,864691136419797655,1,26116.0
864691136314404669,864691136437631902,1,4088.0
864691136314404669,864691136445215875,1,7348.0
864691136314404669,864691136991202453,1,324.0
864691136314473021,864691134884807418,1,1664.0
864691136314473021,864691135325071004,1,3648.0
864691136314473021,864691135343818161,1,2392.0
864691136314473021,864691135518989962,1,7712.0
864691136314473021,864691135546902056,1,26404.0
864691136314473021,864691135618505065,1,2496.0
864691136314473021,864691135763495478,1,10820.0
864691136314473021,864691135977045871,1,27096.0
864691136314473021,864691136034011579,1,1632.0
864691136314473021,864691136137834877,1,15952.0
864691136314473021,864691136389921911,1,12856.0
864691136314473021,864691136420279191,3,46996.0
864691136314473021,864691136452602367,1,2444.0
864691136314473021,864691136452609023,1,2144.0
864691136314473021,864691136975144988,1,23140.0
864691136314473021,864691136991390869,1,7056.0
864691136314491965,864691135164772653,1,14408.0
864691136314491965,864691135576881950,1,3248.0
864691136314491965,864691135591041291,1,2976.0
864691136314491965,864691135741458324,1,3224.0
864691136314491965,864691135741930603,1,1524.0
864691136314491965,864691135749141801,1,17828.0
864691136314491965,864691135774053371,1,236.0
864691136314491965,864691136084313196,1,1700.0
864691136314491965,864691136228538961,2,44832.0
864691136330101226,864691135362104647,1,160.0
864691136330101226,864691135369002233,1,3968.0
864691136330101226,864691135695042751,1,3148.0
864691136330101226,864691135732210873,1,224.0
864691136330101226,864691135760635214,1,1292.0
864691136330101226,864691135774294603,1,4488.0
864691136330101226,864691136523033233,1,1092.0
864691136330101226,864691136664680926,1,16100.0
864691136330407914,864691135209432185,1,14640.0
864691136330407914,864691135270320293,1,2792.0
864691136330407914,864691135272069285,1,21600.0
864691136330407914,864691135360017752,1,4632.0
864691136330407914,864691135431654960,1,3328.0
864691136330407914,864691135688186080,1,8652.0
864691136330407914,864691135750307881,1,944.0
864691136330407914,864691135850033758,1,6440.0
864691136330407914,864691135857099310,1,2744.0
864691136330407914,864691136022520056,1,3360.0
864691136330407914,864691136023980601,1,816.0
864691136330407914,864691136452602367,1,5792.0
864691136330407914,864691137021264750,1,27924.0
864691136331249642,864691135164887853,1,2328.0
864691136331249642,864691135277186789,1,10588.0
864691136331249642,864691135294442678,1,5664.0
864691136331249642,864691135398805281,1,3248.0
864691136331249642,864691135464928318,1,7688.0
864691136331249642,864691135503182685,2,18040.0
864691136331249642,864691135584008045,1,500.0
864691136331249642,864691135584629613,1,4700.0
864691136331249642,864691135763941174,1,8828.0
864691136331249642,864691135977666883,1,33900.0
864691136331249642,864691136042982742,1,2592.0
864691136331249642,864691136330101226,1,3476.0
864691136331249642,864691136603811281,1,2808.0
864691136336039091,864691134886569210,1,10552.0
864691136336039091,864691134966114591,1,1772.0
864691136336039091,864691134991010426,1,420.0
864691136336039091,864691135015154934,1,10824.0
864691136336039091,864691135209432185,1,760.0
864691136336039091,864691135258642863,3,5084.0
864691136336039091,864691135342848433,1,1056.0
864691136336039091,864691135362104647,2,44088.0
864691136336039091,864691135465955397,1,5176.0
864691136336039091,864691135504327861,1,2028.0
864691136336039091,864691135728030015,1,580.0
864691136336039091,864691135760635214,1,11780.0
864691136336039091,864691135810492189,1,5812.0
864691136336039091,864691135839932307,1,4164.0
864691136336039091,864691135868060950,1,1192.0
864691136336039091,864691135877825107,1,3240.0
864691136336039091,864691135953985800,1,4448.0
864691136336039091,864691135994226881,1,13188.0
864691136336039091,864691136091634487,1,2196.0
864691136336039091,864691136101340021,1,3060.0
864691136336039091,864691136137237899,1,1020.0
864691136336039091,864691136238090767,3,26408.0
864691136336039091,864691136725093373,1,7320.0
864691136336039091,864691136991202453,4,59900.0
864691136336107187,864691134919972106,1,4792.0
864691136336107187,864691135060727707,1,5680.0
864691136336107187,864691135271696549,1,3240.0
864691136336107187,864691135340055782,1,372.0
864691136336107187,864691135343818161,1,27380.0
864691136336107187,864691135430486576,2,39692.0
864691136336107187,864691135490326074,1,5244.0
864691136336107187,864691135496440208,1,3520.0
864691136336107187,864691135503836253,1,4564.0
864691136336107187,864691135518989962,1,4444.0
864691136336107187,864691135619463567,1,8916.0
864691136336107187,864691135640398651,1,4296.0
864691136336107187,864691135728030015,1,3300.0
864691136336107187,864691135750958889,1,8148.0
864691136336107187,864691135756075981,1,3936.0
864691136336107187,864691135760635214,1,15692.0
864691136336107187,864691135763941174,1,364.0
864691136336107187,864691135865648254,1,2256.0
864691136336107187,864691136119885080,1,13576.0
864691136336107187,864691136177629702,1,6088.0
864691136336107187,864691136195798504,1,392.0
864691136336107187,864691136211385020,1,21068.0
864691136336107187,864691136299034139,1,8848.0
864691136336107187,864691136419797655,1,26116.0
864691136336107187,864691136452602367,1,6260.0
864691136336107187,864691136665051614,1,11880.0
864691136336107187,864691136742244188,1,7048.0
864691136336107187,864691136905758130,1,19824.0
864691136336107187,864691136953677535,1,16436.0
864691136336107187,864691137198691137,2,32840.0
864691136336179123,864691135214986368,1,304.0
864691136336179123,864691135695146943,1,10980.0
864691136336179123,864691136372039560,1,5368.0
864691136336179123,864691136452447743,1,444.0
864691136336179123,864691136452602367,1,24384.0
864691136363303138,864691134887026938,1,1832.0
864691136363303138,864691135015154934,1,6444.0
864691136363303138,864691135295165196,1,1688.0
864691136363303138,864691135417443514,1,888.0
864691136363303138,864691135465100189,2,16420.0
864691136363303138,864691135466158917,1,1660.0
864691136363303138,864691135496440208,2,9412.0
864691136363303138,864691135504327861,1,4584.0
864691136363303138,864691135583223405,1,11376.0
864691136363303138,864691135662059248,1,2812.0
864691136363303138,864691135938816260,1,2880.0
864691136363303138,864691135990004992,1,768.0
864691136363303138,864691136274655166,2,5032.0
864691136363303138,864691136373008520,1,3428.0
864691136363303138,864691136453419007,1,1444.0
864691136363303138,864691136524172689,1,4396.0
864691136363303138,864691136674495623,1,6196.0
864691136363303138,864691136675427975,1,13492.0
864691136363303138,864691136991202453,1,6784.0
864691136363303138,864691137199038273,1,1892.0
864691136363473634,864691135102381856,1,15332.0
864691136363473634,864691135346571423,1,1952.0
864691136363473634,864691135591041291,1,1372.0
864691136363473634,864691135595040043,1,260.0
864691136363473634,864691135656579010,1,14316.0
864691136363473634,864691135773209163,1,900.0
864691136363473634,864691135787537348,1,10228.0
864691136363473634,864691136125433894,1,11940.0
864691136363473634,864691136228250961,1,692.0
864691136363473634,864691136603221201,1,1292.0
864691136363473634,864691136905203378,1,8316.0
864691136363473634,864691136927761226,1,4060.0
864691136364308962,864691134942472035,1,1064.0
864691136364308962,864691135466158917,1,1672.0
864691136364308962,864691136021865976,1,7496.0
864691136364308962,864691136022520056,1,5564.0
864691136364308962,864691136041575422,1,11860.0
864691136364308962,864691136228250961,2,3204.0
864691136364308962,864691136336179123,1,13764.0
864691136364308962,864691136419797655,1,1544.0
864691136364308962,864691137021264750,1,1520.0
864691136372039560,864691135014966262,1,2872.0
864691136372039560,864691135184104194,3,50024.0
864691136372039560,864691135272069285,1,28140.0
864691136372039560,864691135384843738,1,1056.0
864691136372039560,864691135480892614,1,15016.0
864691136372039560,864691135577221406,1,1232.0
864691136372039560,864691135617440105,1,7564.0
864691136372039560,864691135688186080,1,13064.0
864691136372039560,864691135750307881,1,34920.0
864691136372039560,864691135765013302,1,14936.0
864691136372039560,864691135809509917,1,7432.0
864691136372039560,864691136052738803,1,3848.0
864691136372047496,864691135367033849,1,5056.0
864691136372047496,864691135741090196,1,10996.0
864691136372047496,864691136084313196,1,38640.0
864691136372047496,864691136579408916,1,1112.0
864691136372759688,864691134919529994,1,2288.0
864691136372759688,864691135350420951,1,8828.0
864691136372759688,864691135562410721,1,3768.0
864691136372759688,864691135688186080,1,4740.0
864691136372759688,864691135689417440,1,11856.0
864691136372759688,864691135760635214,1,5360.0
864691136372759688,864691136022520056,1,7132.0
864691136372759688,864691137021264750,1,4760.0
864691136373008520,864691135102274592,1,17768.0
864691136373008520,864691135135019168,1,3724.0
864691136373008520,864691135272069285,1,1728.0
864691136373008520,864691135277186789,1,6252.0
864691136373008520,864691135416233914,1,17324.0
864691136373008520,864691135468161164,1,14312.0
864691136373008520,864691135518283475,1,13916.0
864691136373008520,864691135585266808,1,4076.0
864691136373008520,864691135688186080,1,6860.0
864691136373008520,864691135689417440,1,4044.0
864691136373008520,864691135750958889,1,2476.0
864691136373008520,864691135927647956,1,1336.0
864691136373008520,864691136228250961,2,7888.0
864691136373008520,864691136452447743,1,1628.0
864691136373008520,864691136453419007,1,1172.0
864691136373008520,864691136905758130,1,12596.0
864691136378815445,864691135134114976,1,11048.0
864691136378815445,864691135294441654,1,5220.0
864691136378815445,864691135294520844,1,5784.0
864691136378815445,864691135324623260,1,3072.0
864691136378815445,864691135577749022,1,4764.0
864691136378815445,864691135587371132,1,11524.0
864691136378815445,864691135593133067,1,2532.0
864691136378815445,864691135595040043,1,3692.0
864691136378815445,864691135616048587,1,3488.0
864691136378815445,864691135765006134,1,2004.0
864691136378815445,864691135773208651,1,7700.0
864691136378815445,864691135939049988,1,9252.0
864691136378815445,864691135941708033,1,3112.0
864691136378815445,864691136013367715,2,28996.0
864691136378815445,864691136034084795,1,1808.0
864691136378815445,864691136274655166,1,1048.0
864691136378815445,864691136330101226,1,1992.0
864691136378815445,864691136424439855,1,9608.0
864691136378815445,864691136438469534,1,1216.0
864691136378815445,864691136618795227,1,2260.0
864691136380264149,864691135082864887,1,284.0
864691136380264149,864691135501703746,1,8216.0
864691136380264149,864691135517531786,1,2796.0
864691136380264149,864691135585415544,1,1220.0
864691136380264149,864691135654715586,1,696.0
864691136380264149,864691135697613077,1,24552.0
864691136380264149,864691135952122147,1,3624.0
864691136380264149,864691135975633475,1,13732.0
864691136380264405,864691135271696549,1,1256.0
864691136380264405,864691135809509917,2,38316.0
864691136380266965,864691134989865338,1,2440.0
864691136380266965,864691135569902316,1,1224.0
864691136380266965,864691135778572973,1,11760.0
864691136380266965,864691136136383883,1,4636.0
864691136380718037,864691135060882843,1,13348.0
864691136380718037,864691136085781356,2,15236.0
864691136380718037,864691136120159768,3,15080.0
864691136380718037,864691136903681458,1,5632.0
864691136380718037,864691136991202453,1,788.0
864691136380757461,864691134919972106,1,7600.0
864691136380757461,864691134950156796,1,5192.0
864691136380757461,864691135015652246,1,4852.0
864691136380757461,864691135155894884,1,22052.0
864691136380757461,864691135405337326,2,28496.0
864691136380757461,864691135476528704,1,19532.0
864691136380757461,864691135490326074,1,27328.0
864691136380757461,864691135502885954,1,7392.0
864691136380757461,864691135585266808,1,2116.0
864691136380757461,864691135739689073,1,8728.0
864691136380757461,864691135774389755,1,8576.0
864691136380757461,864691135779020221,1,1764.0
864691136380757461,864691135976425327,1,7136.0
864691136380757461,864691136092725684,1,32004.0
864691136380757461,864691136177629702,1,4152.0
864691136380757461,864691136311059034,1,2264.0
864691136380757461,864691136389688695,1,27744.0
864691136381243349,864691135294442678,1,8864.0
864691136381243349,864691135384843738,1,3624.0
864691136381243349,864691135386963541,1,4524.0
864691136381243349,864691135469845388,1,1284.0
864691136381243349,864691135504315317,1,344.0
864691136381243349,864691135518283475,1,7596.0
864691136381243349,864691135540272498,1,24604.0
864691136381243349,864691135572346349,1,3860.0
864691136381243349,864691135577651230,1,14532.0
864691136381243349,864691135732210873,1,1892.0
864691136381243349,864691135755197133,1,6456.0
864691136381243349,864691135763941174,1,18084.0
864691136381243349,864691135778572973,1,3308.0
864691136381243349,864691135877825107,1,3872.0
864691136381243349,864691136091634487,1,3200.0
864691136381243349,864691136238090767,1,28320.0
864691136381243349,864691136380757461,1,6332.0
864691136381243349,864691136453419007,1,1932.0
864691136381243349,864691136484732972,1,4500.0
864691136381243349,864691136665051614,1,5416.0
864691136381301461,864691134942472035,1,12852.0
864691136381301461,864691134948788476,1,10336.0
864691136381301461,864691135060651419,1,1360.0
864691136381301461,864691135067066948,1,2852.0
864691136381301461,864691135102151968,1,15820.0
864691136381301461,864691135102433056,1,8568.0
864691136381301461,864691135124603687,1,19508.0
864691136381301461,864691135258642863,1,2548.0
864691136381301461,864691135294520844,1,9328.0
864691136381301461,864691135342958789,1,5944.0
864691136381301461,864691135360482392,1,9764.0
864691136381301461,864691135368949241,1,2064.0
864691136381301461,864691135396940021,3,30320.0
864691136381301461,864691135455400554,1,18992.0
864691136381301461,864691135478400936,1,2444.0
864691136381301461,864691135493686111,1,5076.0
864691136381301461,864691135504327861,1,20968.0
864691136381301461,864691135576881950,1,7116.0
864691136381301461,864691135578360837,1,15272.0
864691136381301461,864691135582973549,1,3028.0
864691136381301461,864691135584008045,1,9976.0
864691136381301461,864691135587519868,2,25320.0
864691136381301461,864691135656579010,1,14756.0
864691136381301461,864691135731679929,1,18212.0
864691136381301461,864691135750307881,1,2040.0
864691136381301461,864691135765013302,2,16812.0
864691136381301461,864691135774294603,1,13464.0
864691136381301461,864691135816565839,1,3680.0
864691136381301461,864691135954393891,1,1888.0
864691136381301461,864691136101464181,1,3296.0
864691136381301461,864691136137794941,1,10216.0
864691136381301461,864691136391623039,1,14364.0
864691136381301461,864691136488999186,1,11968.0
864691136381301461,864691136619693275,1,10704.0
864691136381301461,864691136742067804,1,7304.0
864691136381301461,864691136814508659,1,3668.0
864691136381301461,864691136954050527,1,2600.0
864691136381301461,864691136991390869,1,3496.0
864691136389607287,864691135273918993,1,4516.0
864691136389607287,864691135417045946,1,23720.0
864691136389607287,864691135684657079,1,5016.0
864691136389607287,864691135697613077,1,13132.0
864691136389607287,864691135937286404,1,9596.0
864691136389607287,864691136275031565,1,224.0
864691136389607287,864691136298045979,1,11676.0
864691136389607287,864691136724880893,1,5608.0
864691136389688695,864691135060651419,1,180.0
864691136389688695,864691135155894884,2,24620.0
864691136389688695,864691135164887853,1,14720.0
864691136389688695,864691135271038885,1,3148.0
864691136389688695,864691135277309669,1,3760.0
864691136389688695,864691135280481697,1,17060.0
864691136389688695,864691135398817569,1,4156.0
864691136389688695,864691135540440178,1,5620.0
864691136389688695,864691135562410721,1,9192.0
864691136389688695,864691135562842337,1,16196.0
864691136389688695,864691135567047191,1,4336.0
864691136389688695,864691135577749022,1,8820.0
864691136389688695,864691135655390658,2,32144.0
864691136389688695,864691135741659499,1,36204.0
864691136389688695,864691135741780116,1,21584.0
864691136389688695,864691135763941174,1,3932.0
864691136389688695,864691135839950227,1,15572.0
864691136389688695,864691135892214409,1,2248.0
864691136389688695,864691135928366606,1,3676.0
864691136389688695,864691135947258916,1,3000.0
864691136389688695,864691136041575422,1,22724.0
864691136389688695,864691136084313196,1,33160.0
864691136389688695,864691136111251896,1,13988.0
864691136389688695,864691136137293195,2,9164.0
864691136389688695,864691136195798504,1,3808.0
864691136389688695,864691136905560754,5,115916.0
864691136389688695,864691136991202453,2,26356.0
864691136389688695,864691137198691137,1,3496.0
864691136389921911,864691135101431072,1,26596.0
864691136389921911,864691135135019168,1,2560.0
864691136389921911,864691135157198692,1,312.0
864691136389921911,864691135493686111,1,188.0
864691136389921911,864691135577644574,1,1816.0
864691136389921911,864691136026254649,1,6048.0
864691136389921911,864691136211385020,1,400.0
864691136389921911,864691136604001745,1,10304.0
864691136389921911,864691136991202453,1,3124.0
864691136390183696,864691136925601354,1,49652.0
864691136390474359,864691134942472035,1,2704.0
864691136390474359,864691135102151968,2,38012.0
864691136390474359,864691135164887853,1,3876.0
864691136390474359,864691135210134905,1,4228.0
864691136390474359,864691135214986368,2,28788.0
864691136390474359,864691135258642863,2,19972.0
864691136390474359,864691135274195217,1,9236.0
864691136390474359,864691135325263004,1,13840.0
864691136390474359,864691135351096279,1,3196.0
864691136390474359,864691135503182685,1,42632.0
864691136390474359,864691135540272498,1,7208.0
864691136390474359,864691135562842337,1,3328.0
864691136390474359,864691135573276197,1,3900.0
864691136390474359,864691135577651230,1,3648.0
864691136390474359,864691135732210873,1,9760.0
864691136390474359,864691135839932307,1,18428.0
864691136390474359,864691135988557315,1,616.0
864691136390474359,864691136034181307,1,11436.0
864691136390474359,864691136144827444,1,5260.0
864691136390474359,864691136331249642,1,3772.0
864691136390474359,864691136389921911,1,10400.0
864691136390474359,864691136445215875,1,19472.0
864691136390474359,864691136453419007,1,26616.0
864691136390474359,864691136596107938,1,3420.0
864691136390474359,864691136674749575,1,2852.0
864691136390474359,864691136675427975,2,15660.0
864691136390474359,864691136742067804,1,232.0
864691136390474359,864691136991359893,1,3988.0
864691136390788215,864691135258642863,1,1140.0
864691136390788215,864691135503182685,1,8960.0
864691136390788215,864691135504327861,1,20640.0
864691136390788215,864691135576881950,1,4312.0
864691136390788215,864691135577651230,1,13220.0
864691136390788215,864691135782506832,1,2272.0
864691136390788215,864691136021865976,1,12688.0
864691136390788215,864691136298045979,1,3040.0
864691136390788215,864691136381243349,1,4452.0
864691136390788215,864691136991202453,1,8836.0
864691136391042167,864691134966324767,1,4220.0
864691136391042167,864691135214986368,1,14164.0
864691136391042167,864691135277186789,1,3596.0
864691136391042167,864691135342541509,1,15132.0
864691136391042167,864691135465343045,1,4328.0
864691136391042167,864691135469845388,1,11004.0
864691136391042167,864691135503182685,8,119900.0
864691136391042167,864691135546902056,1,2348.0
864691136391042167,864691135688186080,4,59296.0
864691136391042167,864691135741458324,1,3684.0
864691136391042167,864691135743102827,1,1096.0
864691136391042167,864691135750307881,1,10072.0
864691136391042167,864691135751110185,1,3088.0
864691136391042167,864691135774389755,1,1504.0
864691136391042167,864691135782506832,1,256.0
864691136391042167,864691135839932307,1,1740.0
864691136391042167,864691135970180709,1,4136.0
864691136391042167,864691135977666883,1,6452.0
864691136391042167,864691136022520056,2,6376.0
864691136391042167,864691136330407914,1,1544.0
864691136391042167,864691136579129876,1,168.0
864691136391042167,864691136991202453,1,3668.0
864691136391623039,864691136578982164,2,2208.0
864691136392785279,864691135258509487,1,496.0
864691136392785279,864691135351096279,1,18980.0
864691136392785279,864691135465932357,1,12748.0
864691136392785279,864691135493686111,1,14664.0
864691136392785279,864691135503182685,1,5236.0
864691136392785279,864691135570301676,1,596.0
864691136392785279,864691135868919318,1,12464.0
864691136392785279,864691135885911920,1,8420.0
864691136392785279,864691136033227451,1,1468.0
864691136392785279,864691136211175612,1,7576.0
864691136392785279,864691136452609023,1,12932.0
864691136419797655,864691135503182685,1,1688.0
864691136419797655,864691135778132576,3,24660.0
864691136419797655,864691135868919318,1,3080.0
864691136419797655,864691136484364844,1,3436.0
864691136420195223,864691135339729894,1,2188.0
864691136420195223,864691136380264405,1,2596.0
864691136420279191,864691135577644574,1,16084.0
864691136420279191,864691135868916246,1,12344.0
864691136420303511,864691135082864887,1,12100.0
864691136420303511,864691135430346544,1,444.0
864691136420303511,864691135617440105,1,1672.0
864691136420303511,864691135757040082,1,3732.0
864691136420303511,864691135774389755,1,1196.0
864691136420303511,864691135817195343,1,2888.0
864691136420303511,864691135849088094,1,12584.0
864691136420303511,864691135941300993,1,7388.0
864691136420303511,864691136040834558,1,4400.0
864691136420303511,864691136618795227,1,1168.0
864691136420303511,864691136912172017,1,6788.0
864691136421279639,864691134919972106,1,2144.0
864691136421279639,864691134966710559,1,13248.0
864691136421279639,864691135257669039,1,3208.0
864691136421279639,864691135258563503,1,26860.0
864691136421279639,864691135294190518,1,2120.0
864691136421279639,864691135375351369,1,39036.0
864691136421279639,864691135466236229,1,9752.0
864691136421279639,864691135493686111,1,64564.0
864691136421279639,864691135518283475,1,3396.0
864691136421279639,864691135540440178,1,904.0
864691136421279639,864691135584629613,1,10192.0
864691136421279639,864691135688186080,1,1884.0
864691136421279639,864691135698211994,1,5780.0
864691136421279639,864691135727790911,1,212.0
864691136421279639,864691135742756203,1,5540.0
864691136421279639,864691135757040082,2,3864.0
864691136421279639,864691135773073147,1,1024.0
864691136421279639,864691136010651052,1,2556.0
864691136421279639,864691136033227451,1,5040.0
864691136421279639,864691136040834558,1,3172.0
864691136421279639,864691136968542926,2,5120.0
864691136424439855,864691134966324767,1,5100.0
864691136424439855,864691134966714655,1,3372.0
864691136424439855,864691135164887853,1,12472.0
864691136424439855,864691135184104194,1,5848.0
864691136424439855,864691135386899029,1,408.0
864691136424439855,864691135398805281,1,5968.0
864691136424439855,864691135417443514,1,10576.0
864691136424439855,864691135417478842,1,5316.0
864691136424439855,864691135455400554,1,1868.0
864691136424439855,864691135493149927,1,2768.0
864691136424439855,864691135495698832,1,11336.0
864691136424439855,864691135496440208,1,2044.0
864691136424439855,864691135576881950,1,5440.0
864691136424439855,864691135587371132,1,4808.0
864691136424439855,864691135619756943,1,12244.0
864691136424439855,864691135757040082,1,704.0
864691136424439855,864691135760106830,1,340.0
864691136424439855,864691135801163874,1,10240.0
864691136424439855,864691135810473245,1,4712.0
864691136424439855,864691136058745048,2,9268.0
864691136424439855,864691136314491965,1,1664.0
864691136424439855,864691136523288465,1,11536.0
864691136424439855,864691136604001745,1,3196.0
864691136424439855,864691136618795227,1,2828.0
864691136424439855,864691136742067804,1,9248.0
864691136424439855,864691136914414321,1,6124.0
864691136424990255,864691134919529994,1,4464.0
864691136424990255,864691135816565839,1,20264.0
864691136425073455,864691136274546622,1,6512.0
864691136425073455,864691136912172017,1,200.0
864691136425073455,864691136927187786,1,3860.0
864691136425073455,864691136991202453,1,3304.0
864691136437631902,864691135688186080,1,1732.0
864691136437631902,864691136991359893,1,29004.0
864691136438426526,864691135082864887,1,4080.0
864691136438426526,864691136298045979,1,20288.0
864691136438469534,864691135369002233,1,1784.0
864691136438469534,864691135405626862,1,1668.0
864691136438469534,864691135562975969,1,1832.0
864691136438469534,864691135685087474,1,12812.0
864691136438469534,864691135732210873,1,2692.0
864691136438469534,864691135741458324,1,9388.0
864691136438469534,864691135817419343,1,2604.0
864691136438469534,864691136011686318,1,4532.0
864691136438469534,864691136091634487,1,1520.0
864691136438469534,864691136364308962,1,2632.0
864691136438469534,864691136437631902,2,53252.0
864691136438469534,864691136618795227,1,5208.0
864691136438585502,864691135462420637,1,6012.0
864691136438585502,864691135577644574,1,964.0
864691136438585502,864691135700814114,1,14612.0
864691136438585502,864691135756075981,1,30048.0
864691136438585502,864691135774389755,1,17292.0
864691136438585502,864691135861093992,1,13284.0
864691136438585502,864691136120658712,1,4496.0
864691136438585502,864691136137794941,2,16464.0
864691136438585502,864691136177629702,1,6780.0
864691136438585502,864691136227484753,1,14724.0
864691136438585502,864691136521831825,2,18932.0
864691136438585502,864691136991202453,3,30840.0
864691136438585502,864691137054934902,1,12220.0
864691136438666398,864691134942472035,1,16156.0
864691136438666398,864691135015605910,1,2920.0
864691136438666398,864691135210134905,1,2352.0
864691136438666398,864691135342958789,1,4192.0
864691136438666398,864691135357351375,1,2896.0
864691136438666398,864691135476528704,1,29244.0
864691136438666398,864691135503182685,1,12380.0
864691136438666398,864691135518173395,1,1636.0
864691136438666398,864691135577651230,1,3748.0
864691136438666398,864691135591041291,1,15464.0
864691136438666398,864691135741910164,1,10860.0
864691136438666398,864691135810473245,1,16776.0
864691136438666398,864691135939477508,1,15772.0
864691136438666398,864691136137293195,1,700.0
864691136438666398,864691136314473021,1,4364.0
864691136438666398,864691136421279639,1,6900.0
864691136438717086,864691134887460346,1,17228.0
864691136438717086,864691135155894884,1,26716.0
864691136438717086,864691135386963541,1,3336.0
864691136438717086,864691135492568551,1,1012.0
864691136438717086,864691135619756943,1,4972.0
864691136438717086,864691135685087474,1,3956.0
864691136438717086,864691135774294603,1,488.0
864691136438717086,864691135774389755,1,1688.0
864691136438717086,864691135990004992,1,3544.0
864691136438717086,864691136137293195,1,1616.0
864691136438717086,864691136288644291,1,1888.0
864691136438717086,864691136380757461,1,9120.0
864691136438717086,864691136675875719,2,22784.0
864691136445215875,864691135060727707,1,4888.0
864691136445215875,864691135258642863,1,3668.0
864691136445215875,864691135272003237,1,1076.0
864691136445215875,864691135294442678,4,20244.0
864691136445215875,864691135325071004,1,4524.0
864691136445215875,864691135362104647,1,3604.0
864691136445215875,864691135464795710,4,52020.0
864691136445215875,864691135562975969,1,2040.0
864691136445215875,864691135587532924,1,4968.0
864691136445215875,864691135717457946,1,13668.0
864691136445215875,864691135732210873,1,9680.0
864691136445215875,864691135756075981,3,56472.0
864691136445215875,864691135764583990,2,18392.0
864691136445215875,864691135774389755,4,69324.0
864691136445215875,864691135842486243,1,3000.0
864691136445215875,864691135892214409,2,700.0
864691136445215875,864691135947258916,1,312.0
864691136445215875,864691135993150913,2,54092.0
864691136445215875,864691136042982742,1,1568.0
864691136445215875,864691136144674612,1,5956.0
864691136445215875,864691136195400150,1,16072.0
864691136445215875,864691136314404669,1,20440.0
864691136445215875,864691136330101226,1,2636.0
864691136445215875,864691136331249642,1,172.0
864691136445215875,864691136390474359,1,25776.0
864691136445215875,864691136664950750,1,11964.0
864691136445215875,864691136814442867,1,2256.0
864691136445215875,864691136905560754,1,15164.0
864691136445557123,864691134942472035,1,18692.0
864691136445557123,864691135102381856,1,5972.0
864691136445557123,864691135102433056,1,2520.0
864691136445557123,864691135124603687,1,19564.0
864691136445557123,864691135274816017,1,12036.0
864691136445557123,864691135362104647,1,1072.0
864691136445557123,864691135368949241,1,5208.0
864691136445557123,864691135396794101,1,2720.0
864691136445557123,864691135396940021,1,3624.0
864691136445557123,864691135584629613,1,21264.0
864691136445557123,864691135656579010,1,17904.0
864691136445557123,864691135662408944,2,22140.0
864691136445557123,864691135763941174,1,4436.0
864691136445557123,864691135778467517,1,32276.0
864691136445557123,864691135808684573,1,2076.0
864691136445557123,864691135866576604,1,2064.0
864691136445557123,864691135867644805,1,1288.0
864691136445557123,864691135890695049,1,4800.0
864691136445557123,864691135955962888,1,2160.0
864691136445557123,864691136110366904,1,2344.0
864691136445557123,864691136118370724,1,16548.0
864691136445557123,864691136228491601,1,6200.0
864691136445557123,864691136288644291,1,2476.0
864691136445557123,864691136453384959,1,15568.0
864691136445557123,864691136488999186,1,18824.0
864691136451224831,864691135382556378,1,3316.0
864691136451224831,864691135616363211,1,6268.0
864691136451224831,864691135778132576,1,3704.0
864691136451224831,864691136927187786,1,2832.0
864691136452081151,864691135720638769,1,3312.0
864691136452081151,864691136143696692,1,6820.0
864691136452447743,864691134948788476,1,4940.0
864691136452447743,864691135272003237,1,23124.0
864691136452447743,864691135277186789,1,11312.0
864691136452447743,864691135277309669,1,4584.0
864691136452447743,864691135398817569,1,444.0
864691136452447743,864691135688186080,1,7356.0
864691136452447743,864691135739587697,1,17204.0
864691136452447743,864691135741780116,1,5840.0
864691136452447743,864691135993150913,1,34932.0
864691136452447743,864691136389921911,1,5416.0
864691136452602367,864691135566168599,2,30476.0
864691136452602367,864691135801163874,1,9900.0
864691136452602367,864691135839950227,1,1092.0
864691136452609023,864691135566168599,1,3300.0
864691136452609023,864691135577221406,1,3400.0
864691136452609023,864691135656579010,1,752.0
864691136452609023,864691136022520056,2,15704.0
864691136452609023,864691136125457446,1,3744.0
864691136452609023,864691137199828801,1,5444.0
864691136453384959,864691135014966262,1,15996.0
864691136453384959,864691135102151968,1,3144.0
864691136453384959,864691135274195217,1,2460.0
864691136453384959,864691135375351369,1,5280.0
864691136453384959,864691135496440208,1,7048.0
864691136453384959,864691135577651230,1,7700.0
864691136453384959,864691135585266808,1,3716.0
864691136453384959,864691135587519868,1,560.0
864691136453384959,864691135688186080,1,14896.0
864691136453384959,864691135782702387,1,1364.0
864691136453384959,864691135867644805,1,8008.0
864691136453384959,864691135868210454,1,2540.0
864691136453384959,864691135938816260,1,288.0
864691136453384959,864691136010639022,1,2828.0
864691136453384959,864691136111251896,3,43032.0
864691136453384959,864691136195798504,1,2756.0
864691136453384959,864691136288644291,1,3088.0
864691136453384959,864691136421279639,1,3348.0
864691136453419007,864691135015154934,1,5296.0
864691136453419007,864691135102433056,2,33448.0
864691136453419007,864691135135019168,1,6596.0
864691136453419007,864691135233242713,1,7556.0
864691136453419007,864691135258642863,1,4024.0
864691136453419007,864691135272069285,2,8468.0
864691136453419007,864691135441799752,1,2228.0
864691136453419007,864691135470787666,1,2936.0
864691136453419007,864691135569592300,2,14772.0
864691136453419007,864691135719900721,1,4512.0
864691136453419007,864691135725842603,1,3900.0
864691136453419007,864691135868210454,1,2692.0
864691136453419007,864691135919956656,1,18852.0
864691136453419007,864691135939477508,1,12012.0
864691136453419007,864691136033227451,1,49252.0
864691136453419007,864691136043380566,1,580.0
864691136453419007,864691136137794941,1,4404.0
864691136453419007,864691136211385020,1,10420.0
864691136453419007,864691136228250961,1,2196.0
864691136453419007,864691136336039091,1,656.0
864691136453419007,864691136437631902,2,19628.0
864691136453419007,864691136976001308,1,232.0
864691136484364844,864691135388368001,2,16804.0
864691136484364844,864691135572346349,1,2640.0
864691136484364844,864691135719900721,1,2336.0
864691136484364844,864691135858298670,1,1800.0
864691136484364844,864691135865648254,1,12264.0
864691136484364844,864691135954393891,1,10980.0
864691136484364844,864691136033332155,1,2324.0
864691136484364844,864691136954050527,1,1924.0
864691136484732972,864691134949248508,1,1012.0
864691136484732972,864691134966324767,1,5340.0
864691136484732972,864691135157198692,1,6336.0
864691136484732972,864691135210134905,1,21288.0
864691136484732972,864691135214986368,1,4124.0
864691136484732972,864691135325071004,1,836.0
864691136484732972,864691135362104647,2,19696.0
864691136484732972,864691135388368001,1,9476.0
864691136484732972,864691135396794101,2,7292.0
864691136484732972,864691135441799752,1,816.0
864691136484732972,864691135480892614,1,3412.0
864691136484732972,864691135493149927,1,872.0
864691136484732972,864691135518173395,1,3928.0
864691136484732972,864691135656578242,1,3192.0
864691136484732972,864691135686283703,1,4576.0
864691136484732972,864691135698211994,1,1004.0
864691136484732972,864691135731679929,1,25212.0
864691136484732972,864691135757040082,1,9212.0
864691136484732972,864691135757083346,1,2444.0
864691136484732972,864691135774368763,1,6252.0
864691136484732972,864691135779705021,1,1244.0
864691136484732972,864691135782241616,1,1920.0
864691136484732972,864691135861093992,1,736.0
864691136484732972,864691135868210454,1,3772.0
864691136484732972,864691135885911920,1,14804.0
864691136484732972,864691135941300993,1,7540.0
864691136484732972,864691135977045871,2,9244.0
864691136484732972,864691135988557315,1,11176.0
864691136484732972,864691136010028974,1,196.0
864691136484732972,864691136033227451,1,636.0
864691136484732972,864691136144674612,1,636.0
864691136484732972,864691136196265704,1,872.0
864691136484732972,864691136330101226,1,7724.0
864691136484732972,864691136373008520,1,1728.0
864691136484732972,864691136381301461,1,2088.0
864691136484732972,864691136389921911,1,652.0
864691136484732972,864691136391042167,1,5360.0
864691136484732972,864691136445215875,1,1104.0
864691136484732972,864691136488999186,2,4604.0
864691136484732972,864691136603811281,1,5392.0
864691136484732972,864691136618795227,1,7000.0
864691136484732972,864691136619096795,1,3776.0
864691136484732972,864691136674749575,1,4708.0
864691136484732972,864691136742067804,1,18440.0
864691136484732972,864691136813937267,2,9764.0
864691136484732972,864691136912172017,1,9016.0
864691136484732972,864691136968542926,1,1292.0
864691136484732972,864691136975144988,1,7544.0
864691136488414994,864691135102151968,1,16660.0
864691136488446226,864691135774389755,1,5820.0
864691136488999186,864691134966324767,1,3172.0
864691136488999186,864691135272069285,3,33204.0
864691136488999186,864691135357351375,1,8628.0
864691136488999186,864691135577651230,1,12708.0
864691136488999186,864691135578146565,1,2200.0
864691136488999186,864691135586724220,1,22948.0
864691136488999186,864691135817419343,1,21436.0
864691136488999186,864691135861093992,1,2512.0
864691136488999186,864691136025504569,1,2880.0
864691136488999186,864691136330101226,1,6764.0
864691136488999186,864691136523216017,1,2556.0
864691136488999186,864691136523335057,1,668.0
864691136488999186,864691136618795227,1,9252.0
864691136488999186,864691136927761226,3,34212.0
864691136489055762,864691134966069023,2,17808.0
864691136489055762,864691135212492992,1,2116.0
864691136489055762,864691135258563503,1,3196.0
864691136489055762,864691135466158917,1,3452.0
864691136489055762,864691135480892614,1,12072.0
864691136489055762,864691135727790911,1,2360.0
864691136489055762,864691135742102635,1,3344.0
864691136489055762,864691135757083346,1,500.0
864691136489055762,864691135773209163,3,31320.0
864691136489055762,864691135810473245,1,26324.0
864691136489055762,864691135816693327,1,3920.0
864691136489055762,864691135976063855,1,2512.0
864691136489055762,864691136085781356,1,4396.0
864691136489055762,864691136274655166,1,11448.0
864691136489055762,864691136424439855,1,12000.0
864691136489055762,864691136596901026,1,17568.0
864691136489055762,864691136742067804,1,8012.0
864691136489055762,864691136905560754,2,19412.0
864691136489055762,864691136990522517,1,1568.0
864691136489055762,864691137055367798,1,7736.0
864691136489147922,864691135351096279,1,5356.0
864691136489147922,864691135369002233,1,5236.0
864691136489147922,864691135466158917,1,1108.0
864691136489147922,864691135499707667,1,2992.0
864691136489147922,864691135572346349,1,13044.0
864691136489147922,864691135688186080,1,13968.0
864691136489147922,864691135988557315,2,5972.0
864691136489147922,864691136195798504,1,428.0
864691136489147922,864691136484364844,1,3212.0
864691136489147922,864691136619096795,1,1028.0
864691136521831825,864691134886828794,1,7628.0
864691136521831825,864691134942169955,1,6892.0
864691136521831825,864691134950156796,1,5532.0
864691136521831825,864691135059143323,1,3712.0
864691136521831825,864691135164887853,1,14872.0
864691136521831825,864691135448303762,2,41560.0
864691136521831825,864691135455400554,2,11188.0
864691136521831825,864691135489836346,1,16488.0
864691136521831825,864691135496339088,1,10324.0
864691136521831825,864691135498992403,1,2644.0
864691136521831825,864691135562975969,1,7456.0
864691136521831825,864691135577651230,2,9044.0
864691136521831825,864691135591041291,1,6020.0
864691136521831825,864691135720638769,1,6688.0
864691136521831825,864691135755197133,3,22112.0
864691136521831825,864691135848030814,2,23060.0
864691136521831825,864691135850033758,2,7460.0
864691136521831825,864691135853088967,1,9412.0
864691136521831825,864691135855890478,1,14760.0
864691136521831825,864691135939008565,1,7668.0
864691136521831825,864691135947258916,1,10432.0
864691136521831825,864691135952122147,1,2080.0
864691136521831825,864691136120663064,1,28360.0
864691136521831825,864691136195400150,1,2996.0
864691136521831825,864691136275919117,1,19300.0
864691136521831825,864691136314491965,1,30340.0
864691136521831825,864691136451224831,1,13380.0
864691136521831825,864691136523033233,1,12480.0
864691136521831825,864691136596107938,1,22052.0
864691136521831825,864691136665051614,1,2220.0
864691136523033233,864691134919529994,1,1148.0
864691136523081105,864691135066958404,1,11528.0
864691136523081105,864691135257669039,1,12608.0
864691136523081105,864691135258563503,1,6924.0
864691136523081105,864691135258642863,1,3760.0
864691136523081105,864691135324725404,1,7316.0
864691136523081105,864691135448698196,1,3072.0
864691136523081105,864691135477839784,1,8916.0
864691136523081105,864691135499707667,1,5452.0
864691136523081105,864691135503182685,1,8864.0
864691136523081105,864691135686283703,2,7492.0
864691136523081105,864691135688186080,3,43304.0
864691136523081105,864691135732578745,1,4304.0
864691136523081105,864691135757083346,2,19460.0
864691136523081105,864691135850033758,1,5020.0
864691136523081105,864691135955909640,2,38372.0
864691136523081105,864691135977654851,1,11916.0
864691136523081105,864691136013367715,1,288.0
864691136523081105,864691136022520056,1,23492.0
864691136523081105,864691136330101226,2,12976.0
864691136523081105,864691136437631902,1,5672.0
864691136523081105,864691136905560754,1,41248.0
864691136523118481,864691134966714655,1,8956.0
864691136523118481,864691135102433056,2,16844.0
864691136523118481,864691135184104194,1,1992.0
864691136523118481,864691135357351375,1,7552.0
864691136523118481,864691135417478842,1,21936.0
864691136523118481,864691135455400554,1,10024.0
864691136523118481,864691135562004193,1,6300.0
864691136523118481,864691135562474977,1,7848.0
864691136523118481,864691135617440105,1,7944.0
864691136523118481,864691135640297787,1,6264.0
864691136523118481,864691135655390658,1,756.0
864691136523118481,864691135988557315,1,13928.0
864691136523118481,864691136381301461,1,4744.0
864691136523118481,864691136675427975,1,4704.0
864691136523118481,864691136814627955,1,1396.0
864691136523216017,864691135340055782,1,11928.0
864691136523216017,864691135384285931,1,3520.0
864691136523216017,864691135499283987,1,4732.0
864691136523216017,864691135571192966,1,27620.0
864691136523216017,864691135977666883,1,16648.0
864691136523216017,864691136239108156,1,460.0
864691136523216017,864691136420303511,1,6100.0
864691136523216017,864691136967703758,1,17640.0
864691136523216017,864691137021264750,1,1644.0
864691136523288465,864691135102151968,1,7076.0
864691136523288465,864691135346571423,1,2904.0
864691136523288465,864691135360809560,1,3568.0
864691136523288465,864691135503836253,1,1076.0
864691136523288465,864691135778132576,1,596.0
864691136523288465,864691135849088094,1,5972.0
864691136523288465,864691135994235841,1,2392.0
864691136523288465,864691136137794941,1,368.0
864691136523288465,864691136378815445,1,5136.0
864691136523288465,864691136664680926,1,7568.0
864691136523335057,864691135209369465,1,1936.0
864691136523335057,864691135210134905,1,2000.0
864691136523335057,864691135386963541,1,1568.0
864691136523335057,864691135540272498,1,18712.0
864691136523335057,864691135593133067,1,3896.0
864691136523335057,864691135611140359,1,3684.0
864691136523335057,864691135619463567,1,2864.0
864691136523335057,864691135694246079,1,3096.0
864691136523335057,864691135717457946,1,4680.0
864691136523335057,864691135839932307,1,3132.0
864691136523335057,864691135938816260,1,2476.0
864691136523335057,864691135977134403,1,4476.0
864691136523335057,864691136101464181,1,9172.0
864691136523335057,864691136107283417,1,1400.0
864691136523335057,864691136120658712,1,504.0
864691136523335057,864691136239902780,1,4176.0
864691136523335057,864691136299034139,1,1576.0
864691136523335057,864691136674744199,1,1984.0
864691136523335057,864691136967703758,1,4104.0
864691136523335057,864691136990522517,1,1612.0
864691136524172689,864691134919972106,1,2900.0
864691136524172689,864691135258642863,1,1156.0
864691136524172689,864691135277186789,1,1320.0
864691136524172689,864691135362104647,1,29248.0
864691136524172689,864691135375351369,1,3012.0
864691136524172689,864691135496440208,1,8620.0
864691136524172689,864691135540272498,1,4564.0
864691136524172689,864691135546339880,1,2012.0
864691136524172689,864691135567047191,1,7592.0
864691136524172689,864691135655390658,1,2208.0
864691136524172689,864691135742756203,1,1980.0
864691136524172689,864691135750307881,1,3680.0
864691136524172689,864691135774389755,1,1880.0
864691136524172689,864691136111251896,1,3676.0
864691136524172689,864691136228250961,2,75900.0
864691136524172689,864691136419797655,1,4664.0
864691136524172689,864691136438717086,1,2656.0
864691136524297617,864691135209432185,1,260.0
864691136578820884,864691135385422677,1,9692.0
864691136578820884,864691136033116347,1,8704.0
864691136578982164,864691135480718022,1,676.0
864691136578982164,864691135778132576,1,2420.0
864691136578982164,864691135778187360,1,7980.0
864691136578982164,864691136117770660,2,20568.0
864691136579129876,864691134989865338,1,2292.0
864691136579129876,864691135136360217,1,2076.0
864691136579129876,864691135209369465,1,1540.0
864691136579129876,864691135294520844,1,4988.0
864691136579129876,864691135304641703,1,5244.0
864691136579129876,864691135343818161,1,9336.0
864691136579129876,864691135405733870,1,5340.0
864691136579129876,864691135466158917,1,6360.0
864691136579129876,864691135469753426,1,3028.0
864691136579129876,864691135656578242,1,25376.0
864691136579129876,864691135717271834,1,5296.0
864691136579129876,864691135732210873,2,5632.0
864691136579129876,864691135732578745,1,1676.0
864691136579129876,864691135739008132,1,480.0
864691136579129876,864691135741458324,1,10404.0
864691136579129876,864691135750958889,1,6000.0
864691136579129876,864691135751110185,1,11052.0
864691136579129876,864691135760106830,1,528.0
864691136579129876,864691135885911920,2,17040.0
864691136579129876,864691135977309763,1,19712.0
864691136579129876,864691136011684526,1,5808.0
864691136579129876,864691136086088556,1,11364.0
864691136579129876,864691136101340021,1,10680.0
864691136579129876,864691136111559352,1,1784.0
864691136579129876,864691136330407914,1,5252.0
864691136579129876,864691136419797655,1,548.0
864691136579129876,864691136452602367,1,6996.0
864691136579129876,864691136596901026,1,7976.0
864691136579129876,864691136991390869,3,32408.0
864691136579408916,864691134886499066,1,19428.0
864691136579408916,864691134989865338,1,1728.0
864691136579408916,864691135195825450,1,4128.0
864691136579408916,864691135271696549,1,5536.0
864691136579408916,864691135374981320,1,8612.0
864691136579408916,864691135405733870,1,3216.0
864691136579408916,864691135430004016,1,3488.0
864691136579408916,864691135448215698,1,484.0
864691136579408916,864691135499707667,1,5596.0
864691136579408916,864691135566168599,1,3232.0
864691136579408916,864691135717275162,1,3052.0
864691136579408916,864691135779020221,1,1848.0
864691136579408916,864691136110366904,1,10124.0
864691136579408916,864691136420195223,1,6120.0
864691136579408916,864691136424439855,1,272.0
864691136579408916,864691136924515300,1,31304.0
864691136579408916,864691136953413599,1,2472.0
864691136596107938,864691135547082280,1,6300.0
864691136596107938,864691135656674242,1,14824.0
864691136596107938,864691135695042751,1,7384.0
864691136596107938,864691135937286404,1,1760.0
864691136596107938,864691136010639022,1,5592.0
864691136596815778,864691135940685057,1,380.0
864691136596901026,864691134966324767,1,8984.0
864691136596901026,864691135164887853,1,1768.0
864691136596901026,864691135448303762,1,800.0
864691136596901026,864691135466236229,1,2368.0
864691136596901026,864691135480916422,1,5720.0
864691136596901026,864691135493149927,1,5404.0
864691136596901026,864691135493686111,1,5384.0
864691136596901026,864691135503163202,1,2660.0
864691136596901026,864691135562798817,1,4956.0
864691136596901026,864691135685087474,2,20788.0
864691136596901026,864691135732210873,1,672.0
864691136596901026,864691135738969220,2,26468.0
864691136596901026,864691135739008132,1,3700.0
864691136596901026,864691135739689073,1,5892.0
864691136596901026,864691135742102635,3,2764.0
864691136596901026,864691135774179147,2,9020.0
864691136596901026,864691135774294603,1,9332.0
864691136596901026,864691135782241616,1,13900.0
864691136596901026,864691135857993774,1,7600.0
864691136596901026,864691135939008565,1,2528.0
864691136596901026,864691135977045871,1,272.0
864691136596901026,864691136111251896,1,920.0
864691136596901026,864691136120658712,1,5516.0
864691136596901026,864691136239980604,1,7480.0
864691136596901026,864691136424439855,1,3384.0
864691136596901026,864691136742067804,1,996.0
864691136596901026,864691136813937267,1,9188.0
864691136596901026,864691136991202453,1,2860.0
864691136596901026,864691137055367798,1,18620.0
864691136602371025,864691135060727707,1,1128.0
864691136602371025,864691135102381856,1,3780.0
864691136602371025,864691135117980637,1,7596.0
864691136602371025,864691135367033849,1,4180.0
864691136602371025,864691135618505065,1,13480.0
864691136602371025,864691135774389755,1,7860.0
864691136602371025,864691135937286404,1,6344.0
864691136602371025,864691136275364365,1,1628.0
864691136602371025,864691136364308962,1,364.0
864691136602371025,864691136603811281,1,1652.0
864691136602371025,864691137198691137,1,10236.0
864691136603221201,864691135308553030,1,11176.0
864691136603221201,864691135339088102,1,13912.0
864691136603221201,864691135499283987,1,2508.0
864691136603221201,864691135583352941,1,13848.0
864691136603221201,864691135587532924,1,1080.0
864691136603811281,864691134948788476,1,6624.0
864691136603811281,864691134989865338,1,856.0
864691136603811281,864691135102381856,2,15076.0
864691136603811281,864691135136360217,1,13840.0
864691136603811281,864691135164772653,1,2008.0
864691136603811281,864691135257669039,1,2836.0
864691136603811281,864691135272069285,1,352.0
864691136603811281,864691135274195217,1,2248.0
864691136603811281,864691135277309669,1,2272.0
864691136603811281,864691135384285931,1,4768.0
864691136603811281,864691135396940021,1,2700.0
864691136603811281,864691135448303762,1,13340.0
864691136603811281,864691135448698196,1,3548.0
864691136603811281,864691135464795710,1,10804.0
864691136603811281,864691135466158917,1,2356.0
864691136603811281,864691135540440178,1,924.0
864691136603811281,864691135562410721,1,14388.0
864691136603811281,864691135577651230,1,4356.0
864691136603811281,864691135591041291,1,704.0
864691136603811281,864691135619756943,1,5564.0
864691136603811281,864691135646481135,1,8212.0
864691136603811281,864691135685087474,1,2852.0
864691136603811281,864691135694246079,1,46952.0
864691136603811281,864691135741458324,1,7384.0
864691136603811281,864691135750307881,1,24884.0
864691136603811281,864691135774294603,1,2908.0
864691136603811281,864691135786943684,1,11844.0
864691136603811281,864691135801463650,1,3084.0
864691136603811281,864691135816693327,1,1352.0
864691136603811281,864691135886130288,1,3864.0
864691136603811281,864691135928366606,1,1544.0
864691136603811281,864691135994235841,1,10760.0
864691136603811281,864691136022520056,8,173200.0
864691136603811281,864691136042982742,2,27744.0
864691136603811281,864691136111251896,1,11296.0
864691136603811281,864691136125956134,1,1280.0
864691136603811281,864691136137293195,2,24720.0
864691136603811281,864691136228250961,2,52648.0
864691136603811281,864691136364308962,1,3788.0
864691136603811281,864691136372039560,1,1204.0
864691136603811281,864691136389921911,2,65956.0
864691136603811281,864691136437631902,3,50596.0
864691136603811281,864691136453419007,1,1312.0
864691136603811281,864691136619096795,1,11540.0
864691136603811281,864691136674749575,1,3216.0
864691136603811281,864691136742244188,1,8412.0
864691136603811281,864691136968542926,1,10280.0
864691136603811281,864691136991202453,1,1176.0
864691136603811281,864691137198691137,1,5384.0
864691136604001745,864691135101431072,1,41720.0
864691136604001745,864691135277309669,1,360.0
864691136604001745,864691135417478842,1,2516.0
864691136604001745,864691135469753426,1,2256.0
864691136604001745,864691135470787666,1,2136.0
864691136604001745,864691135493686111,1,1544.0
864691136604001745,864691135496440208,1,3060.0
864691136604001745,864691135518283475,1,3088.0
864691136604001745,864691135750307881,1,1964.0
864691136604001745,864691135839932307,1,4736.0
864691136604001745,864691136177629702,1,8432.0
864691136604001745,864691136314404669,1,1016.0
864691136604001745,864691136437631902,1,3228.0
864691136604001745,864691136619096795,1,2608.0
864691136604001745,864691137021264750,2,22308.0
864691136618795227,864691135258642863,1,3972.0
864691136618795227,864691135656579010,1,5992.0
864691136618795227,864691135955962888,1,2156.0
864691136618795227,864691136022520056,1,10800.0
864691136618795227,864691136330101226,1,4124.0
864691136619096795,864691134949263100,1,12068.0
864691136619096795,864691135280481697,1,352.0
864691136619096795,864691135362104647,2,37976.0
864691136619096795,864691135480892614,1,7216.0
864691136619096795,864691135492568551,1,2360.0
864691136619096795,864691135510191369,1,804.0
864691136619096795,864691135573276197,1,452.0
864691136619096795,864691135885140848,1,2012.0
864691136619096795,864691135952121379,1,4208.0
864691136619096795,864691135975633475,1,6352.0
864691136619096795,864691136023980601,1,1444.0
864691136619096795,864691136330101226,2,7904.0
864691136619096795,864691136452609023,3,49384.0
864691136619096795,864691136905560754,1,2436.0
864691136619096795,864691136927187786,1,340.0
864691136619693275,864691134966714655,1,3680.0
864691136619693275,864691135060882843,1,4748.0
864691136619693275,864691135101431072,1,3328.0
864691136619693275,864691135258563503,1,6796.0
864691136619693275,864691135325413788,1,2780.0
864691136619693275,864691135339600102,1,12268.0
864691136619693275,864691135340055782,1,5884.0
864691136619693275,864691135360096071,1,7412.0
864691136619693275,864691135469845388,1,2372.0
864691136619693275,864691135476528704,1,35232.0
864691136619693275,864691135504168285,1,4776.0
864691136619693275,864691135571192966,1,11316.0
864691136619693275,864691135586724220,1,1420.0
864691136619693275,864691135774389755,1,3832.0
864691136619693275,864691136674495623,1,9400.0
864691136619882637,864691134886828794,2,40104.0
864691136619882637,864691135257404079,1,532.0
864691136619882637,864691135497743635,1,10152.0
864691136619882637,864691135578103301,1,2444.0
864691136619882637,864691135720638769,1,3676.0
864691136619882637,864691135801133666,1,8232.0
864691136619882637,864691135864188286,1,2332.0
864691136619882637,864691135940685057,1,2020.0
864691136619882637,864691135952122147,1,356.0
864691136619882637,864691136273494206,1,8804.0
864691136620914829,864691135102274592,1,2772.0
864691136620914829,864691135294442678,1,520.0
864691136620914829,864691135384344043,1,1196.0
864691136620914829,864691135464795710,1,3552.0
864691136620914829,864691135465932357,1,1560.0
864691136620914829,864691135480892614,1,1776.0
864691136620914829,864691135504327861,1,836.0
864691136620914829,864691135540440178,1,5420.0
864691136620914829,864691135617152361,1,3684.0
864691136620914829,864691135619756943,1,3436.0
864691136620914829,864691135694246079,1,2396.0
864691136620914829,864691135750958889,1,2476.0
864691136620914829,864691135801463650,1,1700.0
864691136620914829,864691135861093992,1,13228.0
864691136620914829,864691136010651052,1,18184.0
864691136620914829,864691136034011579,1,2312.0
864691136620914829,864691136091634487,1,4116.0
864691136620914829,864691136136383883,1,7280.0
864691136620914829,864691136177629702,1,3028.0
864691136620914829,864691136742067804,1,4872.0
864691136620914829,864691136742244188,1,3744.0
864691136663528670,864691135134695328,1,7528.0
864691136663528670,864691135257638575,1,23192.0
864691136663528670,864691135719761713,1,6444.0
864691136663528670,864691135755197133,1,636.0
864691136664127454,864691135066958404,1,3900.0
864691136664127454,864691135214931072,1,18360.0
864691136664127454,864691135360017752,1,4600.0
864691136664127454,864691135430004016,1,13408.0
864691136664127454,864691135466158917,1,9868.0
864691136664127454,864691135492568551,1,6908.0
864691136664127454,864691135562975969,1,20076.0
864691136664127454,864691135719900721,1,5172.0
864691136664127454,864691135742756203,2,12448.0
864691136664127454,864691135801604706,1,4728.0
864691136664127454,864691135810905036,1,3336.0
864691136664127454,864691135885140848,1,520.0
864691136664127454,864691135886130288,1,3364.0
864691136664127454,864691135946676260,1,6112.0
864691136664127454,864691136026198585,3,11600.0
864691136664127454,864691136674744199,1,2372.0
864691136664127454,864691136904761266,1,6668.0
864691136664680926,864691135362104647,1,4428.0
864691136664680926,864691135868919318,1,5468.0
864691136664950750,864691134949221372,1,18064.0
864691136664950750,864691135101431072,1,2264.0
864691136664950750,864691135155894884,1,4276.0
864691136664950750,864691135164887853,1,3360.0
864691136664950750,864691135396794101,1,5844.0
864691136664950750,864691135464795710,1,3948.0
864691136664950750,864691135465932357,1,2428.0
864691136664950750,864691135504327861,1,916.0
864691136664950750,864691135540272498,1,5852.0
864691136664950750,864691135576881950,1,4180.0
864691136664950750,864691135586240120,1,15232.0
864691136664950750,864691136011686318,1,1808.0
864691136664950750,864691136091634487,1,5684.0
864691136664950750,864691136110256824,1,4016.0
864691136664950750,864691136144827444,1,2588.0
864691136664950750,864691136298125851,1,4640.0
864691136664950750,864691136314491965,1,4220.0
864691136665051614,864691135518283475,1,23136.0
864691136665051614,864691135685087474,1,5444.0
864691136665051614,864691135756075981,2,34896.0
864691136665051614,864691135779049056,1,3132.0
864691136665051614,864691135919956656,1,25476.0
864691136665051614,864691136022520056,1,14564.0
864691136665051614,864691136125433894,1,2544.0
864691136665051614,864691136137293195,1,24164.0
864691136665051614,864691136195798504,1,1380.0
864691136665051614,864691136314404669,1,2988.0
864691136665051614,864691136330101226,1,1796.0
864691136665051614,864691136331249642,1,3796.0
864691136665051614,864691136437631902,6,125220.0
864691136665051614,864691136452602367,1,2692.0
864691136665051614,864691136619096795,1,2536.0
864691136665051614,864691136814442867,1,12200.0
864691136665051614,864691137021264750,1,21760.0
864691136674492295,864691134886499066,1,10004.0
864691136674492295,864691135503836253,1,3188.0
864691136674492295,864691135731889337,1,3080.0
864691136674492295,864691135741090196,1,720.0
864691136674492295,864691135868466710,1,872.0
864691136674492295,864691136579408916,1,696.0
864691136674492295,864691137055405174,1,6316.0
864691136674495623,864691135015652246,1,444.0
864691136674495623,864691135060651419,1,5284.0
864691136674495623,864691135136360217,1,280.0
864691136674495623,864691135257669039,1,2728.0
864691136674495623,864691135294442678,1,2388.0
864691136674495623,864691135362104647,3,38940.0
864691136674495623,864691135384843738,1,1620.0
864691136674495623,864691135465932357,1,2000.0
864691136674495623,864691135490326074,1,3388.0
864691136674495623,864691135493620831,1,6492.0
864691136674495623,864691135504327861,1,4268.0
864691136674495623,864691135562474977,1,7136.0
864691136674495623,864691135585266808,1,5064.0
864691136674495623,864691135617152361,2,16472.0
864691136674495623,864691135892214409,1,2244.0
864691136674495623,864691136238090767,1,10780.0
864691136674495623,864691136372039560,1,2080.0
864691136674495623,864691136665051614,1,34716.0
864691136674495623,864691136674744199,1,4556.0
864691136674495623,864691136905560754,1,19504.0
864691136674495623,864691136968542926,1,9496.0
864691136674744199,864691134941412707,1,2296.0
864691136674744199,864691134949263100,1,1524.0
864691136674744199,864691135214986368,1,2200.0
864691136674744199,864691135340055782,1,1892.0
864691136674744199,864691135343818161,1,17068.0
864691136674744199,864691135357351375,1,9712.0
864691136674744199,864691135465343045,1,5924.0
864691136674744199,864691135466158917,1,3280.0
864691136674744199,864691135492568551,1,7652.0
864691136674744199,864691135499707667,1,368.0
864691136674744199,864691135562004193,1,16372.0
864691136674744199,864691135619756943,1,3404.0
864691136674744199,864691135646481135,1,2108.0
864691136674744199,864691135646775791,1,29336.0
864691136674744199,864691135732210873,1,13468.0
864691136674744199,864691135741458324,1,12564.0
864691136674744199,864691135741963627,1,3588.0
864691136674744199,864691135774368763,1,2196.0
864691136674744199,864691135774389755,1,1504.0
864691136674744199,864691135801163874,1,17816.0
864691136674744199,864691135817419343,1,796.0
864691136674744199,864691135885911920,1,508.0
864691136674744199,864691136110366904,1,4872.0
864691136674744199,864691136120658712,1,5308.0
864691136674744199,864691136137237899,1,2092.0
864691136674744199,864691136177629702,1,12328.0
864691136674744199,864691136195798504,1,22896.0
864691136674744199,864691136453419007,1,2140.0
864691136674744199,864691136523081105,1,5304.0
864691136674744199,864691136665051614,1,12168.0
864691136674744199,864691136905758130,1,20760.0
864691136674749575,864691134941412707,1,620.0
864691136674749575,864691134949248508,1,5796.0
864691136674749575,864691135464795710,1,2832.0
864691136674749575,864691135499283987,1,628.0
864691136674749575,864691135503182685,1,2780.0
864691136674749575,864691135566168599,1,4036.0
864691136674749575,864691135585266808,1,3224.0
864691136674749575,864691135685087474,1,3244.0
864691136674749575,864691135774294603,3,50356.0
864691136674749575,864691135774389755,2,30992.0
864691136674749575,864691135782241616,1,4460.0
864691136674749575,864691135839932307,1,3148.0
864691136674749575,864691135977666883,1,7040.0
864691136674749575,864691135993150913,1,1564.0
864691136674749575,864691136091634487,1,2052.0
864691136674749575,864691136137794941,2,33980.0
864691136674749575,864691136275031565,1,23648.0
864691136674749575,864691136309871706,1,3692.0
864691136674749575,864691136330101226,1,3564.0
864691136674749575,864691136381301461,1,2572.0
864691136674749575,864691136453384959,1,2652.0
864691136674749575,864691136664950750,2,39404.0
864691136674749575,864691136991202453,1,9900.0
864691136675427975,864691135124146727,1,19472.0
864691136675427975,864691135195825450,1,10168.0
864691136675427975,864691135257638575,1,21264.0
864691136675427975,864691135294442678,1,7552.0
864691136675427975,864691135325487004,1,6292.0
864691136675427975,864691135343818161,1,4020.0
864691136675427975,864691135490326074,1,1472.0
864691136675427975,864691135503182685,1,1860.0
864691136675427975,864691135695146943,1,14152.0
864691136675427975,864691135732210873,1,5464.0
864691136675427975,864691135739587697,2,30608.0
864691136675427975,864691135938816260,1,2996.0
864691136675427975,864691135970226021,1,3876.0
864691136675427975,864691136022520056,1,34444.0
864691136675427975,864691136041575422,1,21556.0
864691136675427975,864691136111559352,1,11668.0
864691136675427975,864691136137794941,1,5700.0
864691136675427975,864691136228250961,1,34188.0
864691136675427975,864691136298125851,1,13984.0
864691136675427975,864691136331249642,1,308.0
864691136675427975,864691136391042167,1,14840.0
864691136675427975,864691136419797655,1,17520.0
864691136675427975,864691136437631902,1,25512.0
864691136675427975,864691136578982164,1,1600.0
864691136675427975,864691136604001745,1,7012.0
864691136675427975,864691136664950750,1,3224.0
864691136675427975,864691137198691137,1,1416.0
864691136675875719,864691134942472035,1,3496.0
864691136675875719,864691135184104194,1,5864.0
864691136675875719,864691135271038885,1,964.0
864691136675875719,864691135274195217,1,28312.0
864691136675875719,864691135294442678,1,14400.0
864691136675875719,864691135336055529,1,504.0
864691136675875719,864691135396794101,1,3068.0
864691136675875719,864691135441799752,1,5804.0
864691136675875719,864691135465343045,1,588.0
864691136675875719,864691135496381840,1,8344.0
864691136675875719,864691135496440208,1,25964.0
864691136675875719,864691135576881950,1,2592.0
864691136675875719,864691135584008045,1,18996.0
864691136675875719,864691135617440105,1,7508.0
864691136675875719,864691135725842603,1,1824.0
864691136675875719,864691135727790911,1,6304.0
864691136675875719,864691135742102635,1,1452.0
864691136675875719,864691135919956656,1,7364.0
864691136675875719,864691136085904236,1,820.0
864691136675875719,864691136101340021,1,1960.0
864691136675875719,864691136111251896,1,7352.0
864691136675875719,864691136125440038,1,3820.0
864691136675875719,864691136391042167,1,2052.0
864691136675875719,864691136976001308,1,1136.0
864691136675875719,864691136991606421,1,8716.0
864691136724880893,864691135233242713,1,3020.0
864691136725093373,864691135753932237,1,1548.0
864691136725093373,864691136523118481,1,2784.0
864691136725343485,864691135455701354,1,4840.0
864691136725343485,864691136298045979,1,6324.0
864691136725343485,864691136904488114,1,172.0
864691136742067804,864691135102151968,1,11880.0
864691136742067804,864691135272003237,1,1008.0
864691136742067804,864691135272069285,1,3360.0
864691136742067804,864691135464795710,1,21372.0
864691136742067804,864691135465932357,2,52080.0
864691136742067804,864691135518283475,1,21068.0
864691136742067804,864691135546902056,1,4108.0
864691136742067804,864691135566168599,1,36192.0
864691136742067804,864691135656578242,1,6800.0
864691136742067804,864691135774294603,1,4584.0
864691136742067804,864691135774368763,1,8920.0
864691136742067804,864691135782702387,1,20304.0
864691136742067804,864691135802453858,1,45840.0
864691136742067804,864691135842486243,1,3164.0
864691136742067804,864691135919956656,2,21212.0
864691136742067804,864691135939049988,1,15980.0
864691136742067804,864691135942924148,1,6056.0
864691136742067804,864691136021865976,1,5452.0
864691136742067804,864691136091634487,1,22756.0
864691136742067804,864691136092725684,2,80500.0
864691136742067804,864691136111251896,1,6192.0
864691136742067804,864691136137794941,2,36236.0
864691136742067804,864691136314491965,1,2240.0
864691136742067804,864691136437631902,1,11724.0
864691136742067804,864691136523118481,1,4332.0
864691136742067804,864691136991202453,1,2040.0
864691136742244188,864691135102151968,1,14492.0
864691136742244188,864691135280682401,1,1836.0
864691136742244188,864691135384843738,1,5376.0
864691136742244188,864691135466236229,1,2252.0
864691136742244188,864691135480892614,1,3424.0
864691136742244188,864691135611019015,1,7832.0
864691136742244188,864691135719900721,1,2944.0
864691136742244188,864691135774294603,1,17624.0
864691136742244188,864691135843242211,1,4152.0
864691136742244188,864691135857099310,1,16484.0
864691136742244188,864691135866576604,1,12116.0
864691136742244188,864691135941300993,2,14360.0
864691136742244188,864691136026254649,1,9104.0
864691136742244188,864691136034084795,2,26252.0
864691136742244188,864691136085781356,1,8372.0
864691136742244188,864691136619096795,2,36432.0
864691136742244188,864691136674495623,2,21408.0
864691136742244188,864691136905758130,1,4188.0
864691136742244188,864691136991202453,1,12992.0
864691136812081779,864691135014355094,1,3088.0
864691136812081779,864691135082864887,1,8184.0
864691136812081779,864691135233242713,1,4236.0
864691136812081779,864691135273918993,1,3016.0
864691136812081779,864691135491204327,1,920.0
864691136812081779,864691135572530981,1,1700.0
864691136812081779,864691135593659947,1,1668.0
864691136812081779,864691135659358850,1,2104.0
864691136812081779,864691135700648226,1,4732.0
864691136812081779,864691136136766845,1,2292.0
864691136812081779,864691136298045979,1,8928.0
864691136813937267,864691135257669039,1,1048.0
864691136813937267,864691135271038885,1,2344.0
864691136813937267,864691135304641703,1,2660.0
864691136813937267,864691135362104647,1,12008.0
864691136813937267,864691135490326074,1,5684.0
864691136813937267,864691135577749022,2,22388.0
864691136813937267,864691135584629613,1,5724.0
864691136813937267,864691135685087474,2,8336.0
864691136813937267,864691135764583990,1,7952.0
864691136813937267,864691135774368763,5,57460.0
864691136813937267,864691135779049056,1,18940.0
864691136813937267,864691135861093992,1,8788.0
864691136813937267,864691135947258916,1,7528.0
864691136813937267,864691136022520056,1,2136.0
864691136813937267,864691136228250961,1,4688.0
864691136813937267,864691136298125851,1,2100.0
864691136813937267,864691136330101226,1,1364.0
864691136813937267,864691136331249642,1,11596.0
864691136813937267,864691136380757461,1,4300.0
864691136813937267,864691136437631902,1,17532.0
864691136813937267,864691136452602367,1,11984.0
864691136813937267,864691136991202453,2,8828.0
864691136814442867,864691135441799752,1,172.0
864691136814442867,864691135476528704,2,4528.0
864691136814508659,864691134966710559,1,6340.0
864691136814508659,864691135157994084,1,4176.0
864691136814508659,864691135357351375,1,8072.0
864691136814508659,864691135368949241,1,19076.0
864691136814508659,864691135465113157,1,17836.0
864691136814508659,864691135503163202,1,3860.0
864691136814508659,864691135503836253,1,2000.0
864691136814508659,864691135518283475,1,33508.0
864691136814508659,864691135646147567,1,3264.0
864691136814508659,864691135646481135,3,62920.0
864691136814508659,864691135728030015,1,1668.0
864691136814508659,864691135731679929,1,864.0
864691136814508659,864691135732210873,1,2792.0
864691136814508659,864691135760635214,2,32656.0
864691136814508659,864691135779049056,1,12316.0
864691136814508659,864691135779705021,1,5992.0
864691136814508659,864691135857993774,1,5576.0
864691136814508659,864691135868466710,1,3576.0
864691136814508659,864691136125457446,1,3756.0
864691136814508659,864691136603811281,1,32428.0
864691136814627955,864691134919972106,1,10584.0
864691136814627955,864691134949263100,1,10472.0
864691136814627955,864691135060651419,1,31864.0
864691136814627955,864691135384843738,1,5488.0
864691136814627955,864691135430346544,2,8416.0
864691136814627955,864691135465343045,1,9652.0
864691136814627955,864691135469753426,1,3184.0
864691136814627955,864691135656579010,1,2480.0
864691136814627955,864691135774368763,1,6148.0
864691136814627955,864691135970226021,1,12556.0
864691136814627955,864691135994235841,1,3100.0
864691136814627955,864691136034011579,1,12348.0
864691136814627955,864691136228491601,1,4052.0
864691136814627955,864691136424439855,1,8076.0
864691136814627955,864691136452609023,1,15092.0
864691136814627955,864691136904488114,1,2492.0
864691136814627955,864691136927761226,1,5844.0
864691136814627955,864691136954028511,1,2828.0
864691136814627955,864691136968094158,1,14596.0
864691136814627955,864691136975300636,1,5032.0
864691136814627955,864691136976001308,1,18748.0
864691136814627955,864691136991202453,4,22524.0
864691136814627955,864691137199828801,2,11780.0
864691136903144370,864691135662408944,1,1176.0
864691136903144370,864691135763795510,1,420.0
864691136903144370,864691135764015926,1,14216.0
864691136903144370,864691135810982860,1,7764.0
864691136903144370,864691136275031565,1,3788.0
864691136904488114,864691135184104194,1,5188.0
864691136904488114,864691135272069285,1,524.0
864691136904488114,864691135294480310,1,16888.0
864691136904488114,864691135476495936,2,20312.0
864691136904488114,864691135480916422,1,2692.0
864691136904488114,864691135503182685,1,33912.0
864691136904488114,864691135586724220,1,4244.0
864691136904488114,864691135587532924,1,3664.0
864691136904488114,864691135593133067,1,248.0
864691136904488114,864691135849088094,1,3820.0
864691136904488114,864691135849426270,1,2732.0
864691136904488114,864691136022520056,1,21964.0
864691136904488114,864691136135963787,1,3348.0
864691136904488114,864691136137794941,1,16828.0
864691136904488114,864691136905560754,2,3736.0
864691136904488114,864691136991390869,1,2752.0
864691136904761266,864691135124146727,1,2432.0
864691136904761266,864691135233242713,1,3488.0
864691136904761266,864691135340055782,1,2092.0
864691136904761266,864691135382556378,1,75880.0
864691136904761266,864691135493079783,1,604.0
864691136904761266,864691135688186080,2,32020.0
864691136904761266,864691135739587697,1,5916.0
864691136904761266,864691135817195343,1,7460.0
864691136904761266,864691135852138183,1,16320.0
864691136904761266,864691135857099310,2,18112.0
864691136904761266,864691135885140848,1,2952.0
864691136904761266,864691136108938168,2,26828.0
864691136904761266,864691136111251896,1,22828.0
864691136904761266,864691136177629702,1,17680.0
864691136905203378,864691135468948364,1,12388.0
864691136905203378,864691135809568029,1,12084.0
864691136905458866,864691135573276197,1,22752.0
864691136905458866,864691135619317391,1,3564.0
864691136905458866,864691135977666883,1,2152.0
864691136905458866,864691136336107187,2,16228.0
864691136905560754,864691134949248508,1,6200.0
864691136905560754,864691135280481697,1,3924.0
864691136905560754,864691135340055782,1,2580.0
864691136905560754,864691135362104647,1,31992.0
864691136905560754,864691135398805281,1,14840.0
864691136905560754,864691135430346544,1,2964.0
864691136905560754,864691135479833030,2,3088.0
864691136905560754,864691135546339880,1,492.0
864691136905560754,864691135585266808,1,1912.0
864691136905560754,864691135586724220,1,1996.0
864691136905560754,864691135617152361,1,1288.0
864691136905560754,864691135751110185,1,22732.0
864691136905560754,864691135756075981,1,1592.0
864691136905560754,864691135994235841,1,1052.0
864691136905560754,864691136026198585,1,2340.0
864691136905560754,864691136195798504,1,2132.0
864691136905560754,864691136437631902,3,50924.0
864691136905560754,864691136445557123,1,15936.0
864691136905560754,864691136618795227,1,2200.0
864691136905560754,864691136619096795,2,15120.0
864691136905560754,864691136904488114,1,3748.0
864691136905560754,864691137021264750,1,1816.0
864691136905758130,864691135060727707,1,11220.0
864691136905758130,864691135324623260,1,16364.0
864691136905758130,864691135362104647,1,17392.0
864691136905758130,864691135386963541,1,12968.0
864691136905758130,864691135398817569,2,16808.0
864691136905758130,864691135448215698,1,3648.0
864691136905758130,864691135572346349,1,2464.0
864691136905758130,864691135583223405,1,14004.0
864691136905758130,864691135617152361,2,14096.0
864691136905758130,864691135739689073,1,19544.0
864691136905758130,864691135843242211,1,4920.0
864691136905758130,864691135867644805,1,11140.0
864691136905758130,864691135970226021,1,2336.0
864691136905758130,864691136010639022,1,3552.0
864691136905758130,864691136137834877,1,8956.0
864691136905758130,864691136274655166,1,2492.0
864691136905758130,864691136664950750,1,4400.0
864691136905758130,864691136674744199,1,7232.0
864691136912172017,864691135493620831,1,4396.0
864691136912172017,864691135584629613,1,16052.0
864691136912172017,864691135810905036,1,5264.0
864691136912172017,864691136665051614,1,3188.0
864691136913993713,864691134949263100,1,9116.0
864691136913993713,864691135124146727,1,4336.0
864691136913993713,864691135124603687,1,5608.0
864691136913993713,864691135209432185,1,11500.0
864691136913993713,864691135258642863,2,6200.0
864691136913993713,864691135294520844,1,1868.0
864691136913993713,864691135324623260,1,20224.0
864691136913993713,864691135455507818,1,2256.0
864691136913993713,864691135492568551,2,14244.0
864691136913993713,864691135503182685,1,3428.0
864691136913993713,864691135510191369,1,584.0
864691136913993713,864691135570301676,1,524.0
864691136913993713,864691135583172717,1,13628.0
864691136913993713,864691135587519868,1,576.0
864691136913993713,864691135717457946,1,10240.0
864691136913993713,864691135719900721,1,3856.0
864691136913993713,864691135866576604,1,5432.0
864691136913993713,864691135942924148,1,11712.0
864691136913993713,864691135976425327,1,1820.0
864691136913993713,864691136033332155,1,6932.0
864691136913993713,864691136196338764,1,4260.0
864691136913993713,864691136330407914,1,13860.0
864691136913993713,864691136424990255,1,7296.0
864691136913993713,864691136523288465,1,7596.0
864691136913993713,864691136619096795,1,1988.0
864691136913993713,864691136675875719,1,11944.0
864691136913993713,864691136954050527,1,540.0
864691136913993713,864691136967703758,1,26800.0
864691136914414321,864691134884807418,1,3204.0
864691136914414321,864691134966324767,1,7968.0
864691136914414321,864691135015652246,2,36764.0
864691136914414321,864691135304641703,1,184.0
864691136914414321,864691135324623260,1,13100.0
864691136914414321,864691135325487004,2,26140.0
864691136914414321,864691135476528704,1,3604.0
864691136914414321,864691135491204327,1,1304.0
864691136914414321,864691135504168285,1,1324.0
864691136914414321,864691135518283475,1,5568.0
864691136914414321,864691135518453642,1,13620.0
864691136914414321,864691135585046648,1,11636.0
864691136914414321,864691135654715586,1,21060.0
864691136914414321,864691135725748139,1,5500.0
864691136914414321,864691135741910164,1,904.0
864691136914414321,864691135764015926,1,6396.0
864691136914414321,864691135773073147,3,16592.0
864691136914414321,864691135810773452,2,3012.0
864691136914414321,864691135868957462,1,4360.0
864691136914414321,864691135928366606,1,4760.0
864691136914414321,864691135941300993,1,4940.0
864691136914414321,864691135970226021,1,364.0
864691136914414321,864691135994226881,1,908.0
864691136914414321,864691136022520056,10,308136.0
864691136914414321,864691136086630764,1,1168.0
864691136914414321,864691136111251896,1,13008.0
864691136914414321,864691136125433894,1,11076.0
864691136914414321,864691136125457446,1,1188.0
864691136914414321,864691136195391208,1,9692.0
864691136914414321,864691136211175612,1,31532.0
864691136914414321,864691136228250961,1,37540.0
864691136914414321,864691136228491601,1,12752.0
864691136914414321,864691136421279639,1,12852.0
864691136914414321,864691136452609023,1,7296.0
864691136914414321,864691136453419007,1,1496.0
864691136914414321,864691136813937267,1,19328.0
864691136924515300,864691135503182685,1,4040.0
864691136924515300,864691135585266808,1,1748.0
864691136924515300,864691135617152361,1,5524.0
864691136925029092,864691135455123562,1,8296.0
864691136925029092,864691135468161164,1,2532.0
864691136925029092,864691135468948364,1,2588.0
864691136925029092,864691135772920651,1,5084.0
864691136925029092,864691136228538961,1,29896.0
864691136925029092,864691136391623039,1,10552.0
864691136925601354,864691135272206865,1,3868.0
864691136925601354,864691135382556378,1,21660.0
864691136925601354,864691135566155351,1,17820.0
864691136925601354,864691136009893294,1,28364.0
864691136925601354,864691136108938168,1,7144.0
864691136925601354,864691136521831825,1,960.0
864691136927187786,864691135464928318,1,4152.0
864691136927187786,864691135469845388,1,2200.0
864691136927187786,864691135510846217,1,5056.0
864691136927187786,864691135585266808,1,6340.0
864691136927187786,864691135774389755,1,2852.0
864691136927187786,864691135865648254,1,2380.0
864691136927187786,864691136195798504,1,1448.0
864691136927187786,864691136578820884,1,44204.0
864691136927187786,864691136664680926,1,14132.0
864691136927761226,864691135102381856,1,2320.0
864691136927761226,864691135184104194,1,6464.0
864691136927761226,864691135387535957,1,1792.0
864691136927761226,864691135567059223,1,13436.0
864691136927761226,864691135572346349,1,6104.0
864691136927761226,864691135577651230,1,17056.0
864691136927761226,864691135583277677,1,15204.0
864691136927761226,864691135587519868,1,12472.0
864691136927761226,864691135656579010,2,39104.0
864691136927761226,864691135686283703,1,2268.0
864691136927761226,864691135810466333,1,3552.0
864691136927761226,864691135878061395,1,660.0
864691136927761226,864691135994235841,1,12408.0
864691136927761226,864691136108378073,1,412.0
864691136927761226,864691136110256824,1,1224.0
864691136927761226,864691136381301461,1,408.0
864691136927761226,864691136674749575,1,2992.0
864691136953197279,864691134989865338,2,8940.0
864691136953197279,864691135102381856,1,6468.0
864691136953197279,864691135346571423,1,17660.0
864691136953197279,864691135619463567,1,2624.0
864691136953197279,864691135886208112,1,4056.0
864691136953197279,864691136117770660,1,3672.0
864691136953197279,864691136119885080,1,9168.0
864691136953197279,864691136311059034,1,4760.0
864691136953197279,864691136579408916,1,2944.0
864691136953413599,864691135134114976,2,13784.0
864691136953413599,864691135195825450,2,14300.0
864691136953413599,864691135346571423,1,2264.0
864691136953413599,864691135357351375,1,604.0
864691136953413599,864691135386963541,1,9312.0
864691136953413599,864691135518989962,1,16372.0
864691136953413599,864691135698016410,1,3084.0
864691136953413599,864691135731889337,1,32324.0
864691136953413599,864691135765013302,1,12032.0
864691136953413599,864691135778419901,1,5572.0
864691136953413599,864691135938629892,1,2064.0
864691136953413599,864691136195798504,1,1272.0
864691136953413599,864691136288644291,2,38092.0
864691136953413599,864691136674744199,1,2996.0
864691136953677535,864691134989865338,1,6076.0
864691136953677535,864691135464928318,1,14524.0
864691136953677535,864691135495698832,1,14632.0
864691136953677535,864691135569902316,1,12076.0
864691136953677535,864691135619463567,1,4308.0
864691136953677535,864691135640398651,1,2100.0
864691136953677535,864691135719761713,1,7648.0
864691136953677535,864691135741090196,1,4324.0
864691136953677535,864691135743102827,1,6328.0
864691136953677535,864691135801463650,2,11300.0
864691136953677535,864691135839950227,1,5096.0
864691136953677535,864691135942924148,1,3972.0
864691136953677535,864691136137293195,1,24892.0
864691136953677535,864691136311381338,1,4100.0
864691136953677535,864691136314491965,1,13140.0
864691136953677535,864691136445215875,1,23212.0
864691136953677535,864691136912172017,1,4216.0
864691136953873631,864691135258642863,1,1268.0
864691136953873631,864691136022520056,1,17688.0
864691136953873631,864691136578820884,1,848.0
864691136954028511,864691135725842603,1,968.0
864691136954028511,864691136390183696,1,1284.0
864691136954050527,864691135113733529,1,10112.0
864691136954050527,864691135384843738,1,6552.0
864691136954050527,864691135409859785,1,11860.0
864691136954050527,864691135478316200,1,2556.0
864691136954050527,864691135493620831,1,5372.0
864691136954050527,864691135577749022,2,24588.0
864691136954050527,864691135619317391,1,2812.0
864691136954050527,864691135685087474,1,2532.0
864691136954050527,864691135689417440,10,63252.0
864691136954050527,864691135757040082,1,3612.0
864691136954050527,864691135850033758,1,4904.0
864691136954050527,864691136108378073,1,2648.0
864691136954050527,864691136110366904,1,3932.0
864691136954050527,864691136125457446,1,8772.0
864691136954050527,864691136239902780,1,1592.0
864691136954050527,864691136330101226,1,3452.0
864691136954050527,864691136664127454,1,8088.0
864691136954050527,864691136991202453,1,41932.0
864691136967703758,864691134949221372,1,1004.0
864691136967703758,864691135082864887,1,16780.0
864691136967703758,864691135124146727,1,2292.0
864691136967703758,864691135164887853,1,1752.0
864691136967703758,864691135340055782,1,2860.0
864691136967703758,864691135375107272,1,4256.0
864691136967703758,864691135496440208,1,2696.0
864691136967703758,864691135503182685,1,3788.0
864691136967703758,864691135572346349,1,1916.0
864691136967703758,864691135577749022,1,928.0
864691136967703758,864691135584008045,1,16960.0
864691136967703758,864691135656579010,1,16944.0
864691136967703758,864691135689417440,1,6488.0
864691136967703758,864691135717457946,1,3788.0
864691136967703758,864691135750307881,1,17252.0
864691136967703758,864691135773073147,1,13804.0
864691136967703758,864691135774179147,1,3900.0
864691136967703758,864691135774389755,4,28392.0
864691136967703758,864691135779049056,4,85084.0
864691136967703758,864691135868957462,1,11140.0
864691136967703758,864691135970180709,1,34988.0
864691136967703758,864691136026254649,1,10036.0
864691136967703758,864691136033227451,1,14892.0
864691136967703758,864691136089194039,1,1956.0
864691136967703758,864691136108378073,1,1352.0
864691136967703758,864691136137794941,1,5940.0
864691136967703758,864691136239460668,1,12440.0
864691136967703758,864691136299034139,1,9816.0
864691136967703758,864691136311106650,1,23764.0
864691136967703758,864691136314404669,1,8568.0
864691136967703758,864691136380757461,2,8468.0
864691136967703758,864691136619693275,2,21148.0
864691136967703758,864691136675427975,1,3500.0
864691136967703758,864691136904488114,1,1996.0
864691136967703758,864691136991202453,1,3972.0
864691136967703758,864691137056393846,1,1028.0
864691136968094158,864691135066958404,1,2196.0
864691136968094158,864691135362104647,1,4032.0
864691136968094158,864691135405733870,1,2956.0
864691136968094158,864691135448215698,1,2584.0
864691136968094158,864691135469845388,2,15200.0
864691136968094158,864691135573276197,1,1576.0
864691136968094158,864691135611140359,1,2608.0
864691136968094158,864691135731679929,1,1580.0
864691136968094158,864691135857993774,1,1744.0
864691136968094158,864691135954393891,1,4160.0
864691136968542926,864691135272069285,1,32908.0
864691136968542926,864691135294190518,1,968.0
864691136968542926,864691135375888840,1,2064.0
864691136968542926,864691135398805281,1,23116.0
864691136968542926,864691135430346544,1,5168.0
864691136968542926,864691135490326074,1,2632.0
864691136968542926,864691135585266808,2,39328.0
864691136968542926,864691135618505065,1,2108.0
864691136968542926,864691135688186080,3,42816.0
864691136968542926,864691135717163802,1,16996.0
864691136968542926,864691135738969220,1,3604.0
864691136968542926,864691135756075981,1,10488.0
864691136968542926,864691135801463650,1,34212.0
864691136968542926,864691135839950227,1,12124.0
864691136968542926,864691136022520056,3,97552.0
864691136968542926,864691136137293195,1,5176.0
864691136968542926,864691136228250961,1,516.0
864691136968542926,864691136330407914,2,51056.0
864691136968542926,864691136419797655,1,5272.0
864691136968542926,864691136437631902,1,5716.0
864691136968542926,864691136453419007,1,3556.0
864691136968542926,864691136524172689,1,7004.0
864691136968542926,864691136604001745,1,1032.0
864691136975144988,864691135455400554,1,1328.0
864691136975144988,864691135496381840,1,20188.0
864691136975144988,864691135499283987,1,11748.0
864691136975144988,864691135567047191,1,3056.0
864691136975144988,864691135685087474,1,4888.0
864691136975144988,864691135741930603,1,2920.0
864691136975144988,864691136137794941,1,21520.0
864691136975144988,864691136195798504,3,19532.0
864691136975144988,864691136742067804,1,14164.0
864691136975144988,864691136991202453,2,14268.0
864691136975300636,864691135101595680,1,2696.0
864691136975300636,864691135417443514,1,2152.0
864691136975624220,864691134966714655,1,7316.0
864691136975624220,864691135102433056,2,33520.0
864691136975624220,864691135277309669,1,1316.0
864691136975624220,864691135294520844,1,13592.0
864691136975624220,864691135368949241,1,1824.0
864691136975624220,864691135731679929,1,3896.0
864691136975624220,864691135757040082,1,4268.0
864691136975624220,864691135774368763,1,2840.0
864691136975624220,864691135810466333,1,13172.0
864691136975624220,864691136228491601,1,764.0
864691136975624220,864691136381301461,1,3632.0
864691136975624220,864691136420303511,1,15656.0
864691136975624220,864691136664680926,2,46476.0
864691136976001308,864691135214986368,1,2296.0
864691136976001308,864691135398817569,1,1720.0
864691136976001308,864691135562975969,1,4788.0
864691136976001308,864691135578360837,1,5736.0
864691136976001308,864691135656578242,1,660.0
864691136976001308,864691135731679929,1,820.0
864691136976001308,864691135732578745,2,3460.0
864691136976001308,864691135774294603,1,8828.0
864691136976001308,864691135868919318,1,1864.0
864691136976001308,864691136041575422,1,2968.0
864691136976001308,864691136043380566,1,4092.0
864691136976001308,864691136137237899,1,2512.0
864691136976001308,864691136144674612,1,11120.0
864691136976001308,864691136177629702,1,2748.0
864691136976001308,864691136331249642,1,7064.0
864691136976001308,864691136389688695,1,5300.0
864691136976001308,864691136453384959,1,3392.0
864691136976001308,864691136905458866,1,4116.0
864691136976001308,864691136991359893,1,12636.0
864691136990522517,864691135067066948,1,2636.0
864691136990522517,864691135102151968,1,10028.0
864691136990522517,864691135405337326,1,2720.0
864691136990522517,864691135503163202,2,27240.0
864691136990522517,864691135503836253,1,2716.0
864691136990522517,864691135578146565,1,4772.0
864691136990522517,864691135585415544,1,10292.0
864691136990522517,864691135640398651,1,4052.0
864691136990522517,864691135697613077,1,5532.0
864691136990522517,864691135763495478,1,23428.0
864691136990522517,864691135778419901,1,10168.0
864691136990522517,864691136137794941,1,260.0
864691136990522517,864691136373008520,1,9336.0
864691136990522517,864691136619096795,1,9292.0
864691136991202453,864691134919529994,1,2316.0
864691136991202453,864691135430346544,1,22968.0
864691136991202453,864691136011684526,1,2356.0
864691136991202453,864691136033116347,1,6544.0
864691136991202453,864691136298125851,1,4580.0
864691136991202453,864691136452609023,1,11692.0
864691136991202453,864691136927187786,1,2228.0
864691136991359893,864691135294190518,1,3784.0
864691136991359893,864691135362104647,1,11800.0
864691136991359893,864691135388368001,1,12868.0
864691136991359893,864691135448215698,1,2032.0
864691136991359893,864691135466236229,1,9696.0
864691136991359893,864691135510846217,1,1700.0
864691136991359893,864691135640297787,1,2184.0
864691136991359893,864691135688186080,1,1364.0
864691136991359893,864691135751110185,1,3432.0
864691136991359893,864691135842486243,1,900.0
864691136991359893,864691135939049988,1,396.0
864691136991359893,864691136010639022,1,1196.0
864691136991359893,864691136991202453,1,3084.0
864691136991390869,864691135273918993,1,3060.0
864691136991390869,864691135359010904,1,14604.0
864691136991390869,864691135497743635,2,6984.0
864691136991390869,864691135617152361,1,12876.0
864691136991390869,864691135751110185,1,968.0
864691136991390869,864691135772053835,1,4352.0
864691136991390869,864691135875460494,1,21124.0
864691136991390869,864691135952122147,1,1272.0
864691136991390869,864691135989817088,1,5472.0
864691136991390869,864691136137834877,1,26612.0
864691136991390869,864691136309871706,1,5580.0
864691136991390869,864691136914414321,1,5756.0
864691136991606421,864691134919972106,1,46332.0
864691136991606421,864691134966714655,1,2548.0
864691136991606421,864691135102433056,2,6772.0
864691136991606421,864691135164772653,1,5900.0
864691136991606421,864691135280682401,1,9244.0
864691136991606421,864691135304641703,1,6908.0
864691136991606421,864691135357351375,2,32936.0
864691136991606421,864691135374981320,1,11676.0
864691136991606421,864691135465100189,1,19152.0
864691136991606421,864691135503836253,1,9904.0
864691136991606421,864691135567047191,1,30160.0
864691136991606421,864691135611140359,1,7380.0
864691136991606421,864691135731889337,2,33144.0
864691136991606421,864691135742102635,1,4836.0
864691136991606421,864691135760106830,1,3540.0
864691136991606421,864691135774053371,1,39092.0
864691136991606421,864691135919956656,1,10824.0
864691136991606421,864691135947258916,1,39272.0
864691136991606421,864691136010639022,1,4972.0
864691136991606421,864691136111559352,1,47940.0
864691136991606421,864691136120663064,2,11144.0
864691136991606421,864691136311059034,1,63148.0
864691136991606421,864691136363473634,1,26920.0
864691136991606421,864691136604001745,2,37184.0
864691136991606421,864691136904488114,1,24764.0
864691137021264750,864691136419797655,1,632.0
864691137021264750,864691137021162094,1,1276.0
864691137055367798,864691135280481697,1,27880.0
864691137055367798,864691135455400554,1,2148.0
864691137055367798,864691135576881950,1,2036.0
864691137055367798,864691135695146943,1,6340.0
864691137055367798,864691135756075981,1,752.0
864691137055367798,864691136991202453,3,81472.0
864691137055405174,864691135271081125,1,1880.0
864691137055405174,864691135271463077,1,1368.0
864691137055405174,864691135325487004,1,12128.0
864691137055405174,864691135339729894,1,10768.0
864691137055405174,864691135342523057,1,3168.0
864691137055405174,864691135468161164,1,22436.0
864691137055405174,864691135495698832,1,9392.0
864691137055405174,864691135562842337,1,26400.0
864691137055405174,864691135610877191,1,1084.0
864691137055405174,864691135725748139,1,16320.0
864691137055405174,864691135741090196,3,35004.0
864691137055405174,864691135778572973,1,11036.0
864691137055405174,864691135849088094,1,4092.0
864691137055405174,864691135868210454,1,6380.0
864691137055405174,864691135868466710,1,9708.0
864691137055405174,864691135875460494,1,28576.0
864691137055405174,864691136058745048,2,3940.0
864691137055405174,864691136196338764,1,1500.0
864691137055405174,864691136211385020,1,16120.0
864691137055405174,864691136275919117,2,31704.0
864691137055405174,864691136674492295,1,3176.0
864691137055405174,864691136814627955,1,2720.0
864691137055405174,864691136953413599,1,3404.0
864691137055712630,864691134949221372,1,5724.0
864691137055712630,864691135492568551,2,13096.0
864691137055712630,864691135496440208,1,3916.0
864691137055712630,864691135503182685,1,3660.0
864691137055712630,864691135572346349,2,4128.0
864691137055712630,864691135774294603,1,2672.0
864691137055712630,864691135779049056,1,2108.0
864691137055712630,864691135853198023,1,2316.0
864691137055712630,864691135877825107,1,22068.0
864691137055712630,864691135977045871,2,15108.0
864691137055712630,864691135977666883,1,5192.0
864691137055712630,864691136330101226,1,3256.0
864691137055712630,864691136619096795,1,5452.0
864691137055712630,864691136991202453,5,113260.0
864691137056393846,864691134887026938,1,2124.0
864691137056393846,864691135060651419,1,9088.0
864691137056393846,864691135060882843,1,16172.0
864691137056393846,864691135124146727,3,20540.0
864691137056393846,864691135184104194,1,984.0
864691137056393846,864691135396115189,1,4012.0
864691137056393846,864691135503182685,1,400.0
864691137056393846,864691135750307881,2,51164.0
864691137056393846,864691135842486243,1,7072.0
864691137056393846,864691135977045871,1,756.0
864691137056393846,864691136380757461,1,4660.0
864691137056393846,864691136914414321,1,6084.0
864691137056393846,864691136991202453,1,7660.0
864691137198382657,864691135778132576,1,320.0
864691137198691137,864691134919972106,1,2128.0
864691137198691137,864691135155894884,1,200.0
864691137198691137,864691135164887853,3,9944.0
864691137198691137,864691135258642863,1,1720.0
864691137198691137,864691135294442678,1,5448.0
864691137198691137,864691135441799752,2,27520.0
864691137198691137,864691135470787666,1,12192.0
864691137198691137,864691135490326074,1,2216.0
864691137198691137,864691135493620831,1,6152.0
864691137198691137,864691135562975969,1,7460.0
864691137198691137,864691135577749022,1,2296.0
864691137198691137,864691135685087474,1,7384.0
864691137198691137,864691135688186080,1,2500.0
864691137198691137,864691135774294603,1,15732.0
864691137198691137,864691135774368763,2,9416.0
864691137198691137,864691135774389755,1,12236.0
864691137198691137,864691135778638013,1,9524.0
864691137198691137,864691135928366606,1,3288.0
864691137198691137,864691135993150913,1,2468.0
864691137198691137,864691136042982742,1,3452.0
864691137198691137,864691136043380566,1,7136.0
864691137198691137,864691136111251896,2,34464.0
864691137198691137,864691136137293195,1,34068.0
864691137198691137,864691136330101226,1,22776.0
864691137198691137,864691136331249642,3,20320.0
864691137198691137,864691136389688695,1,4324.0
864691137199038273,864691135157994084,1,1816.0
864691137199038273,864691135195825450,1,876.0
864691137199038273,864691135324623260,1,3192.0
864691137199038273,864691135977666883,1,34308.0
864691137199038273,864691136618795227,1,23384.0
864691137199038273,864691136742067804,1,12364.0
864691137199038273,864691136904488114,1,1892.0
864691137199038273,864691136914414321,1,1268.0
864691137199050049,864691135157198692,1,10652.0
864691137199050049,864691135656674242,1,20120.0
864691137199050049,864691135757083346,1,12456.0
864691137199050049,864691135874914702,1,3328.0
864691137199050049,864691135976063855,1,1168.0
864691137199050049,864691136043283030,1,13988.0
864691137199050049,864691136618795227,1,3140.0
864691137199050049,864691136975624220,1,18920.0
864691137199828801,864691135350420951,1,176.0
864691137199828801,864691135503182685,2,27116.0
864691137199828801,864691135519105162,1,9912.0
864691137199828801,864691135587371132,1,12224.0
864691137199828801,864691135591041291,1,3028.0
864691137199828801,864691135927381774,1,8508.0
864691137199828801,864691136330101226,1,1736.0
