neuron_id,brain_area,layer,cell_type,pref_ori,gOSI,x,y,z,out_degree,in_degree,out_strength,in_strength
864691135763941174,V1,L2/3,23P,123.26255,0.47626,613.3947827500391,104.2640549208051,927.8800000000002,9,15,9,15
864691136488446226,V1,L2/3,23P,99.99531,0.505451,547.7387496039802,131.41306476506318,711.8800000000001,1,4,1,4
864691135694415551,V1,L4,4P,177.0789,0.449638,620.0538654218548,292.5047448737744,810.6400000000002,32,12,32,12
864691135398817569,V1,L2/3,23P,79.81989,0.22873,705.8391362714156,101.36608355883405,901.6800000000003,6,12,6,12
864691134942472035,V1,L2/3,23P,156.53249,0.0963772,669.2078129037207,164.65428407307976,834.5600000000003,25,34,25,34
864691136228491601,V1,L2/3,23P,79.250374,0.430073,713.183066043155,242.1257823632423,859.2400000000002,20,12,20,12
864691135468161164,RL,L2/3,23P,7.1328664,0.284406,1224.6317864591958,213.50456308811746,865.9200000000003,1,5,1,5
864691135849088094,V1,L5,5P-IT,90.62859,0.378287,840.5662496521345,409.7056503356246,868.2000000000003,6,17,6,17
864691135616363211,AL,L2/3,23P,86.86269,0.525087,1309.026207676307,220.37416245262423,711.2800000000001,7,8,7,8
864691135518989962,V1,L2/3,23P,86.54569,0.0576903,810.2375951457562,149.81738059681405,935.2800000000002,15,15,15,15
864691135877951571,V1,L4,4P,109.30201,0.0893769,754.7184641953937,357.0310801886039,803.7200000000003,13,5,13,5
864691136239108156,V1,L2/3,23P,16.81316,0.0501531,627.7108541846394,207.9222334243821,719.4800000000001,3,4,3,4
864691136210344892,RL,L5,5P-IT,14.446959,0.135981,1256.5432543693262,478.7993575636608,771.5600000000002,6,5,6,5
864691136006519498,V1,L4,4P,48.32311,0.195462,654.261634304255,298.77400480524085,887.8800000000002,20,10,20,10
864691135954393891,V1,L5,4P,167.38144,0.171467,650.790809120527,361.9438829161253,897.8800000000002,22,32,22,32
864691136120663064,V1,L2/3,23P,59.95144,0.446452,883.3849835105266,120.75400062452816,711.8400000000001,1,3,1,3
864691135294520844,V1,L4,4P,109.30071,0.176783,670.1099413292117,304.14370912137485,822.5200000000002,15,19,15,19
864691135398805281,V1,L2/3,23P,83.26494,0.383259,642.8053260859771,149.94518315429912,865.1200000000002,20,27,20,27
864691136275364365,AL,L4,4P,158.11572,0.171595,1326.7008516081369,342.18614052491,773.4800000000001,1,1,1,1
864691135518173395,V1,L4,4P,162.80882,0.391333,658.6851073782489,331.9256880500424,836.9600000000003,34,12,34,12
864691136905758130,V1,L4,4P,95.166,0.46423,708.944706691632,299.3822632017234,904.3200000000003,18,24,18,24
864691135462420637,RL,L4,4P,176.42902,0.340412,1240.8617946211175,356.9690271029529,753.1600000000001,3,2,3,2
864691135566945559,V1,L2/3,23P,100.61525,0.490603,495.3257078904964,157.72910767315636,684.4800000000001,1,3,1,3
864691135274816017,V1,L4,4P,125.94055,0.0751633,655.3203208728353,257.30045604522394,903.8800000000002,17,14,17,14
864691135496333968,RL,L2/3,23P,175.28784,0.319056,1258.2489554710105,214.77532806681418,885.0800000000003,9,2,9,2
864691135867644805,V1,L5,5P-IT,176.29953,0.189939,695.1709415417387,370.90195448737984,864.8000000000003,6,15,6,15
864691136904488114,V1,L5,5P-IT,21.362007,0.11228,851.5002802818195,392.6738025735906,869.1200000000002,16,26,16,26
864691134966710559,V1,L4,4P,112.598236,0.394485,678.0088929311798,333.55205575272714,868.6000000000003,30,13,30,13
864691135209194617,V1,L2/3,23P,73.22443,0.363731,936.6887950744881,145.2047764967513,958.8800000000002,8,8,8,8
864691135431089968,V1,L6,6P-IT,89.93245,0.333804,665.1715621658385,547.8406414189292,935.0800000000003,2,9,2,9
864691136389688695,V1,L1,23P,68.06968,0.658938,716.6844684649875,63.31853412906028,904.1200000000002,28,16,28,16
864691135594817067,V1,L6,6P-CT,92.26496,0.120161,518.3268206499677,529.2756334432489,773.6000000000001,1,2,1,2
864691135585415544,RL,L5,5P-IT,149.38197,0.126397,1301.661325638651,413.23416120967977,933.2800000000002,0,6,0,6
864691135725842603,V1,L4,4P,89.95724,0.108664,679.6022840512328,287.43544129829706,834.2400000000002,38,17,38,17
864691136380264405,V1,L6,6P-CT,28.063894,0.258574,774.2328549688875,512.1541615683244,933.4400000000003,2,6,2,6
864691134949081852,V1,L4,4P,156.79047,0.15516,663.2192724748032,286.7088026765761,901.4800000000002,31,9,31,9
864691135122469671,AL,L2/3,23P,95.88621,0.582243,1324.0177617004615,152.55870418578917,733.3200000000002,1,1,1,1
864691135610877191,V1,L2/3,23P,95.0898,0.336054,1004.1720897507097,175.0077424505321,803.2000000000003,1,3,1,3
864691136927761226,V1,L5,5P-IT,95.79438,0.289562,675.7937751312326,370.6200504264663,905.1600000000002,17,17,17,17
864691135562410721,V1,L6,6P-IT,82.96543,0.243424,699.8695275031789,560.2560125953669,896.4000000000002,9,12,9,12
864691135101595680,V1,L4,4P,81.9225,0.365681,715.394224888125,349.0292977056404,760.3200000000002,39,8,39,8
864691135772053835,RL,L2/3,23P,95.499306,0.162123,1176.1375701094435,115.72192116930144,874.1200000000002,1,2,1,2
864691136373008520,V1,L2/3,23P,116.70619,0.172113,663.1217877470914,193.09608165679225,914.4800000000002,16,28,16,28
864691135731889337,V1,L4,4P,120.50892,0.448996,840.9989895972805,267.4420100049348,781.2800000000001,22,13,22,13
864691134886569210,V1,L4,4P,37.126118,0.201927,852.2879874370495,349.89165679480095,804.5600000000003,4,8,4,8
864691135294480310,V1,L5,5P-IT,9.387341,0.243245,651.58932580631,429.9201484439,904.0000000000002,14,4,14,4
864691137021162094,V1,L6,6P-CT,136.43098,0.356713,699.525312001771,566.3933667230501,873.8400000000003,0,9,0,9
864691135724393131,AL,L5,5P-IT,4.587521,0.473901,1342.4591021729846,418.3453714239645,772.4000000000001,2,10,2,10
864691135569902316,V1,L4,4P,177.68338,0.225673,949.8394182253581,293.0254310438876,965.7600000000002,11,4,11,4
864691135938629892,V1,L2/3,23P,46.532616,0.111917,1046.769671378233,205.07478047369798,774.7200000000001,8,4,8,4
864691135774368763,V1,L2/3,23P,153.24043,0.275083,699.0172241531936,174.20067234089046,809.9200000000003,20,32,20,32
864691135774053371,V1,L2/3,23P,103.864494,0.393379,654.0418676914608,174.24899562782335,896.0000000000002,12,22,12,22
864691136524172689,V1,L2/3,23P,80.18414,0.286619,637.7503867696342,162.9300274162874,871.2000000000003,17,25,17,25
864691135342541509,V1,L4,4P,77.9456,0.261984,658.3886077706924,258.2113410612592,818.2000000000003,20,3,20,3
864691135988742147,V1,L4,4P,8.61656,0.300896,895.7646912306514,316.305094195401,871.4000000000002,17,8,17,8
864691136274655166,V1,L4,23P,9.219922,0.115497,636.4786393457708,250.8979317592347,896.8000000000003,53,15,53,15
864691136025184569,V1,L2/3,23P,176.86005,0.173565,1008.6440012286469,121.69060742122377,904.0800000000003,0,5,0,5
864691135878061395,V1,L5,5P-IT,4.9270186,0.380592,683.3483091185949,459.0389319859714,904.3200000000003,4,18,4,18
864691135977045871,V1,L5,5P-IT,131.49898,0.244614,618.2719506688144,370.1489002224735,834.5600000000003,38,23,38,23
864691135939477508,V1,L2/3,23P,13.501121,0.0731987,666.0176488739207,168.80804928827547,884.0800000000003,24,11,24,11
864691136108938168,RL,L2/3,23P,173.49892,0.122171,1254.241171209347,223.86862940966878,781.0400000000001,12,8,12,8
864691135375888840,V1,L4,4P,107.94582,0.0664326,642.8078410742587,302.654507433057,856.6400000000002,44,6,44,6
864691135384344043,V1,L4,4P,79.00901,0.584147,663.6487759750638,281.79955520438,751.4000000000001,4,14,4,14
864691135955909640,V1,L5,5P-IT,43.740593,0.148713,641.7310912266416,367.83268514435593,903.9600000000003,6,14,6,14
864691135940996774,V1,L4,4P,85.43431,0.319579,981.5720723639014,319.5078878280229,832.3200000000003,1,1,1,1
864691136136778621,RL,L2/3,23P,104.32816,0.217583,1193.6328517519696,162.48066657856882,742.7200000000001,10,3,10,3
864691134966714655,V1,L4,4P,84.94558,0.19722,628.7909571743838,299.1153880881591,805.7600000000002,15,23,15,23
864691136445557123,V1,L4,4P,99.67388,0.0386107,562.3372168488213,330.242009182372,866.4800000000002,25,10,25,10
864691135578360837,V1,L4,4P,15.212889,0.472206,782.559979641199,276.72002031712043,903.7600000000002,4,14,4,14
864691135656674242,V1,L5,5P-IT,33.981956,0.215179,591.2860317862691,420.8538701373122,907.9600000000003,5,19,5,19
864691135809509917,V1,L6,6P-IT,104.72278,0.0817706,645.268506143025,556.5069537230611,903.8800000000002,1,7,1,7
864691136309871706,RL,L2/3,23P,100.26517,0.466004,1198.686230404375,152.45093137790596,763.2400000000001,8,7,8,7
864691135591726603,V1,L5,4P,102.43439,0.393006,684.6343916272823,370.17285922599814,898.2400000000002,1,6,1,6
864691136579129876,V1,L2/3,4P,95.0388,0.31993,712.5207907484494,241.61812949560297,846.2800000000002,29,6,29,6
864691135757083346,V1,L4,4P,38.31812,0.0542451,697.5479938658567,347.40371033492437,834.6800000000003,22,23,22,23
864691135358995288,AL,L2/3,23P,113.37387,0.126187,1328.069967589214,195.82853195798123,717.2800000000001,0,4,0,4
864691135728030015,V1,L4,4P,77.76111,0.239358,709.8583374567135,327.8582511007429,812.2400000000002,17,8,17,8
864691136137794941,V1,L5,5P-ET,99.56387,0.0247839,699.212136313484,498.00985174328133,871.7200000000003,5,51,5,51
864691135755197133,RL,L5,5P-IT,25.675232,0.0713895,1179.233458789082,374.06281072665223,934.8400000000003,2,10,2,10
864691135465932357,V1,L2/3,23P,105.93803,0.194169,666.0744979906334,192.39074328573753,810.5200000000002,22,17,22,17
864691134941412707,V1,L2/3,23P,96.34629,0.1668,703.8053170035387,173.07770891473857,872.1200000000002,15,7,15,7
864691135739689073,V1,L2/3,23P,96.12513,0.473221,678.369812634141,112.06870094481373,894.4800000000002,13,16,13,16
864691136314473021,V1,L5,5P-IT,70.89822,0.0655516,743.694030174337,414.01507877167427,780.8000000000002,16,10,16,10
864691135774177531,V1,L2/3,23P,136.6871,0.145052,887.5171593656706,117.58207333939622,690.4400000000002,0,4,0,4
864691135519105162,V1,L4,4P,57.786232,0.231588,533.0882611057918,267.29325570827774,735.1600000000001,0,5,0,5
864691135495698832,V1,L2/3,23P,75.19941,0.11634,825.7563108635146,186.12408375850862,774.2800000000001,4,7,4,7
864691135134695328,RL,L2/3,23P,4.1817555,0.203921,1255.6769920400898,197.91099279648688,865.0400000000003,15,12,15,12
864691135868916246,V1,L4,4P,68.25058,0.251004,586.5662325703502,329.4065277846696,973.0400000000003,4,9,4,9
864691135480916422,V1,L4,4P,130.62506,0.378881,682.073786244631,300.30783023384544,903.3200000000003,18,14,18,14
864691136372039560,V1,L5,5P-IT,27.432302,0.391989,681.0279324455582,490.70118225494673,865.5600000000003,12,5,12,5
864691135324705692,V1,L5,5P-IT,136.11873,0.222391,681.2449814301293,373.66674796427174,835.1600000000002,25,2,25,2
864691135927381774,V1,L4,4P,23.82286,0.296526,481.44604835360946,309.0311656470652,803.8000000000003,6,4,6,4
864691135751110185,V1,L4,4P,9.927296,0.201253,662.4813622742564,292.9402019204,847.0800000000003,26,23,26,23
864691136675875719,V1,L4,4P,131.41188,0.152454,526.9786811720337,256.35113264951895,749.8000000000002,25,6,25,6
864691136066631832,RL,L4,4P,145.64244,0.120452,1250.53896142948,263.24781023845014,775.2400000000001,11,0,11,0
864691135271081125,V1,L2/3,23P,54.310154,0.0637915,921.8207653156575,141.8481694165988,965.1600000000003,7,7,7,7
864691136010651052,V1,L2/3,23P,172.73647,0.335557,696.7658058027978,101.53593704644724,870.2000000000003,14,12,14,12
864691136437631902,V1,L5,5P-ET,90.2569,0.306468,643.0300065048364,427.88641564546697,884.3600000000002,2,59,2,59
864691136312150874,V1,L2/3,23P,52.395844,0.255621,652.8994824355323,143.24745998961612,897.0800000000003,47,4,47,4
864691136725343485,V1,L4,4P,14.014969,0.304992,914.5357089530728,346.27915654378063,777.6800000000002,3,4,3,4
864691135698922005,V1,L2/3,4P,179.76593,0.13836,896.3098578546708,249.85976405586413,877.2400000000002,4,1,4,1
864691136390183696,V1,L4,4P,174.10526,0.329938,747.7537210990815,343.38011679394293,712.6000000000001,1,3,1,3
864691135809608652,RL,L5,5P-IT,4.588667,0.577401,1188.4330884463805,407.6965979973203,1047.8400000000001,3,8,3,8
864691136484732972,V1,L4,4P,90.60854,0.31584,680.1125092022871,302.89875291952603,929.4000000000002,48,15,48,15
864691136363303138,V1,L4,4P,168.89249,0.193358,632.0182015598575,261.4934983206789,872.7200000000003,20,4,20,4
864691136111559352,V1,L2/3,23P,84.25459,0.211377,643.4627459232386,143.89947532497305,812.3600000000002,13,20,13,20
864691136578820884,RL,L5,5P-ET,103.001045,0.280913,1078.8851830912834,472.44324949614827,781.9600000000002,2,13,2,13
864691136043283030,V1,L4,4P,15.475934,0.398974,642.9863360354059,300.6143006913651,866.3200000000003,22,10,22,10
864691136275894285,V1,L4,4P,140.4715,0.402927,628.5295730321677,300.63438720935625,843.5200000000002,20,10,20,10
864691136489147922,V1,L5,5P-IT,110.609505,0.220592,658.4950230813238,366.4083380056369,871.2800000000002,10,5,10,5
864691135952121379,AL,L2/3,23P,90.47061,0.0856318,1324.7161062581076,242.24083651368838,741.9200000000002,1,5,1,5
864691136421279639,V1,L2/3,23P,97.00691,0.132781,706.23976748883,151.12635372115957,873.3600000000002,21,20,21,20
864691135272206865,RL,L2/3,23P,90.78459,0.229707,1100.0022409187804,201.70146813850448,955.3200000000003,1,3,1,3
864691136118618136,RL,L2/3,23P,114.94492,0.0338179,1180.8525716897955,205.7554654519591,842.6400000000002,9,2,9,2
864691135572530981,AL,L5,5P-ET,8.335218,0.365641,1293.3857315238479,482.85783475573044,812.6000000000003,4,6,4,6
864691135875460494,V1,L6,6P-CT,56.92542,0.119393,695.964372009313,553.4899088000705,927.8000000000003,3,11,3,11
864691135583277677,V1,L5,4P,79.43701,0.232997,648.8717570006861,363.31785488139053,857.1200000000002,19,23,19,23
864691136136766845,AL,L2/3,23P,98.29435,0.537429,1317.6478384182747,235.6477075338801,736.6400000000001,0,5,0,5
864691136195798504,V1,L5,5P-ET,100.8738,0.110818,694.563261364027,476.98065314456375,904.8800000000002,3,57,3,57
864691135468854156,RL,L2/3,23P,107.85415,0.190589,1286.627400820441,115.10941365496832,903.7200000000003,10,3,10,3
864691135455507818,V1,L4,4P,91.13337,0.326981,621.6858689139524,278.25676548714625,866.0800000000003,28,15,28,15
864691135466283333,V1,L4,4P,95.93089,0.187758,903.6190190923326,346.2234925121762,964.7600000000002,2,6,2,6
864691135855860782,AL,L2/3,23P,145.98564,0.151774,1333.3757419790388,164.5559590845466,777.9200000000002,1,2,1,2
864691135760106830,V1,L4,4P,99.65268,0.274704,670.9162321603724,283.91299803412966,903.1600000000002,19,16,19,16
864691135447540882,V1,L6,6P-CT,4.0193505,0.440914,682.7169585200002,515.4545847467226,873.3600000000002,3,7,3,7
864691136664950750,V1,L2/3,23P,48.883614,0.240201,717.7695712034968,103.0523060623525,875.2800000000002,17,12,17,12
864691136372759688,V1,L6,5P-NP,75.849144,0.221444,640.9582687274401,529.404157457338,934.4400000000003,8,5,8,5
864691135732578745,V1,L2/3,23P,16.882622,0.189851,743.1462037439713,244.04052807009947,885.3200000000003,23,22,23,22
864691136814442867,V1,L2/3,23P,82.25367,0.220963,725.1022288696668,91.93709254435119,897.0800000000003,2,10,2,10
864691136445215875,V1,L2/3,23P,0.89750975,0.186837,692.7307963916696,99.19134090806708,842.2800000000002,28,19,28,19
864691134948788476,V1,L2/3,23P,95.04151,0.176579,580.1527252881766,222.07111012422766,865.9200000000003,16,32,16,32
864691135977654851,V1,L5,5P-IT,82.09897,0.388109,691.3272593345213,373.713654878588,841.9600000000003,18,15,18,15
864691135270320293,RL,L2/3,23P,100.51842,0.154758,1195.6791568580913,208.85146872186422,859.1600000000002,1,12,1,12
864691136011686318,V1,L2/3,23P,51.968304,0.249427,664.804108590766,188.5534193780247,882.5200000000002,8,27,8,27
864691136488999186,V1,L4,4P,57.418964,0.218188,648.4498833544826,338.032869166017,841.9200000000003,14,13,14,13
864691135339088102,V1,L5,5P-IT,129.65218,0.445494,807.9952240755218,385.46264646053436,989.1200000000002,17,12,17,12
864691136336107187,V1,L5,5P-IT,2.08642,0.397903,689.1058988788235,422.6020857976292,865.4800000000002,30,16,30,16
864691136196517452,V1,L4,4P,115.677734,0.550453,664.612088051074,263.4456713144723,973.9200000000003,29,16,29,16
864691135697613077,RL,L5,5P-ET,91.74128,0.364837,1236.205839388808,485.8215566430232,871.3600000000002,2,12,2,12
864691136136383883,V1,L4,4P,63.597168,0.215606,944.1951219454153,340.6507268382889,989.6000000000003,3,8,3,8
864691135763495478,RL,L2/3,23P,88.3203,0.215254,1095.9202375971486,130.8681559691432,964.8800000000002,5,9,5,9
864691135382556378,RL,L5,5P-ET,159.48509,0.285948,1239.0333198850237,475.53283611792773,834.8000000000003,0,13,0,13
864691135502885954,V1,L2/3,23P,84.77239,0.0132266,709.4549599635089,104.83040615173657,872.2800000000002,9,20,9,20
864691135214986368,V1,L2/3,23P,85.5151,0.178772,717.9042232830699,241.76789646522496,849.7200000000003,4,31,4,31
864691135741458324,V1,L2/3,23P,85.78137,0.104143,640.469689178083,100.27259980860947,841.3600000000002,29,24,29,24
864691135479833030,V1,L4,4P,133.74939,0.312209,790.4344804903153,257.94287558270287,756.6400000000001,18,5,18,5
864691135975633475,RL,L5,5P-IT,6.7020593,0.244477,1222.6528514176982,417.5003531037489,911.6800000000003,8,9,8,9
864691136336179123,V1,L2/3,23P,57.82676,0.169558,554.9560619033433,139.23987836789428,959.1200000000002,5,6,5,6
864691136664127454,V1,L4,4P,172.19559,0.295635,591.7348987676851,295.2952028361934,922.8000000000003,17,10,17,10
864691135339600102,V1,L5,5P-IT,172.39482,0.186016,656.6906516400751,360.5969626346937,827.3600000000002,12,13,12,13
864691136033227451,V1,L2/3,23P,63.807865,0.301268,667.6586699451253,247.7153397616144,842.2800000000002,10,28,10,28
864691135853088967,V1,L4,4P,93.12856,0.364719,623.4518884449751,346.18918760660296,841.7200000000003,11,10,11,10
864691135465343045,V1,L4,4P,8.269348,0.456332,705.8868532187548,304.96098242197576,868.3600000000002,20,24,20,24
864691136033116347,V1,L6,6P-CT,88.99681,0.193357,971.5071649295089,517.5282004182648,786.0400000000001,0,4,0,4
864691135640398651,V1,L4,4P,126.95026,0.486596,859.8246597318289,267.4186865153142,871.4000000000002,2,14,2,14
864691135339729126,V1,L2/3,4P,13.101597,0.178459,770.4770319904495,248.87295555134577,774.7200000000001,11,3,11,3
864691135778419901,V1,L2/3,23P,70.6394,0.188636,608.1880537518638,226.19423975269805,900.8000000000003,27,19,27,19
864691135619756943,V1,L2/3,23P,74.066826,0.444303,670.2641298288278,195.90526758646274,853.6800000000003,11,27,11,27
864691135577816862,V1,L4,4P,108.961525,0.5996,679.2120576112317,312.45664405367086,872.2400000000002,42,4,42,4
864691135686283703,V1,L4,4P,110.47528,0.526484,682.8518694811604,322.9899569964979,866.0800000000003,29,19,29,19
864691136425073455,V1,L5,5P-IT,166.66754,0.254492,613.6264288614846,505.4910339988316,872.8400000000003,4,8,4,8
864691136814508659,V1,L4,4P,96.52662,0.0972999,641.7253976153517,357.6173163510725,866.2000000000003,20,9,20,9
864691135877825107,V1,L5,5P-IT,1.3583308,0.267931,646.2094480002709,391.54523305908003,831.2800000000002,3,11,3,11
864691136108378073,V1,L4,4P,41.090984,0.129858,678.7207917149373,282.09027420445875,810.8400000000003,29,7,29,7
864691136674749575,V1,L2/3,23P,1.7465415,0.101177,711.2900534609266,78.71496796173608,866.2400000000002,23,25,23,25
864691135779049056,V1,L5,5P-ET,8.730215,0.114509,647.0334557059497,458.4958172484729,898.0000000000002,6,32,6,32
864691135857099310,RL,L5,4P,121.417625,0.474566,1050.1674058187118,374.7847100614272,1009.3200000000003,5,14,5,14
864691135562842337,V1,L2/3,23P,79.490295,0.364544,688.6766547868942,238.05441510653222,837.1200000000002,30,25,30,25
864691135342523057,V1,L2/3,23P,166.6452,0.146533,925.7537819996361,216.58735958991775,726.8800000000001,6,5,6,5
864691135067066948,V1,L4,4P,25.050709,0.475929,526.530940927105,269.54632119205485,880.3600000000002,10,9,10,9
864691136118686884,V1,L4,4P,95.641556,0.528924,691.4984130242531,285.8421944695649,835.4400000000003,30,9,30,9
864691135577644574,V1,L2/3,23P,100.95058,0.261156,717.2457626520206,155.3014770088987,897.1600000000002,18,28,18,28
864691135477670312,V1,L5,4P,116.39466,0.189021,880.4199911221693,375.6736306653255,867.0800000000003,15,8,15,8
864691135886208112,V1,L2/3,23P,0.45542583,0.128065,669.9049145543812,214.69746991579615,866.7600000000002,11,13,11,13
864691135478400936,V1,L4,4P,175.32092,0.0858346,671.3089444143445,338.16968824912135,897.5200000000002,13,11,13,11
864691135360096071,V1,L5,5P-IT,98.13449,0.383884,688.0394376381219,410.55931118286196,712.5200000000001,1,8,1,8
864691135774294603,V1,L5,5P-ET,178.455,0.238055,630.2603333332733,493.06950663608706,897.6000000000003,4,57,4,57
864691135938816260,V1,L2/3,23P,66.14267,0.0486855,663.0351125499327,210.24177194357284,886.8800000000002,18,31,18,31
864691135807579933,RL,L4,4P,108.67749,0.409491,1159.6065840415818,279.7051565186021,879.4400000000003,11,2,11,2
864691136125411622,V1,L4,4P,101.250656,0.470329,532.2172021944762,268.43769285072705,791.7600000000002,17,12,17,12
864691136211175612,V1,L5,5P-IT,178.22081,0.516117,680.2643577594845,482.5395749562103,835.2800000000002,6,12,6,12
864691135941300993,V1,L4,4P,76.56362,0.363105,631.5366179308847,312.52571854680957,872.4400000000003,20,18,20,18
864691136196265704,V1,L4,4P,110.7155,0.281986,662.166423808834,280.3849768024262,818.2400000000002,23,5,23,5
864691135387690069,AL,L2/3,23P,177.30623,0.241827,1325.6737825447049,218.81114645747778,700.9600000000002,7,8,7,8
864691135136360217,V1,L2/3,23P,12.66508,0.195782,697.914983285681,240.4045313905711,872.7200000000003,21,20,21,20
864691136022214648,V1,L4,4P,4.9367876,0.223145,844.4320410895536,317.78880491237055,711.0800000000002,8,2,8,2
864691135277309669,V1,L2/3,23P,109.6899,0.17501,667.9477412850789,157.0274391476933,806.5200000000002,23,22,23,22
864691135778187360,RL,L4,4P,52.73832,0.231764,1154.798491669433,344.942350876889,907.3600000000002,8,3,8,3
864691136211385020,V1,L4,4P,45.395866,0.107392,697.6291775649235,267.1694704543908,866.5600000000003,14,16,14,16
864691136451224831,AL,L2/3,23P,92.03291,0.0939273,1299.6421295114963,226.2988313038535,695.4800000000001,4,4,4,4
864691135778638013,V1,L2/3,23P,102.07114,0.352739,576.7258008078996,149.62475371752848,779.6400000000001,7,6,7,6
864691135750307881,V1,L6,5P-ET,83.249466,0.267624,649.37712722104,513.9511057954578,873.8800000000002,5,55,5,55
864691135212492992,V1,L6,6P-IT,102.35089,0.252029,688.2403028180335,555.1269412152434,897.4000000000002,2,6,2,6
864691135386899029,V1,L4,4P,98.88492,0.448775,628.2230739270814,329.8388056815427,959.4000000000002,20,10,20,10
864691135659358850,AL,L2/3,23P,98.98132,0.607726,1333.9667174284534,132.09996111778875,825.4000000000002,2,5,2,5
864691135868919318,V1,L5,5P-IT,28.220884,0.152403,605.0047402976395,485.07792629059503,866.6000000000003,11,13,11,13
864691135782506832,V1,L4,4P,15.506071,0.326413,642.5486822841947,289.4617177083047,867.0800000000003,33,13,33,13
864691135765013302,V1,L4,4P,91.72752,0.36992,658.8154525180944,300.32881272755964,861.8400000000003,21,10,21,10
864691135839932307,V1,L2/3,23P,80.01986,0.238347,729.9156970961533,79.50932252585615,841.6000000000003,7,20,7,20
864691135808684573,V1,L4,4P,6.7323685,0.396869,498.9172548221131,270.14992677103515,866.6800000000003,4,11,4,11
864691135686414775,RL,L2/3,23P,6.1241937,0.27777,1145.967527739651,211.63340085450344,716.2000000000002,2,2,2,2
864691135782265424,AL,L2/3,23P,99.81941,0.0835562,1334.7402056693575,242.21840899979074,774.5200000000001,9,3,9,3
864691135779020221,V1,L4,4P,44.819565,0.149226,790.4924568702594,310.8853908113861,760.4800000000001,6,6,6,6
864691135489836346,RL,L2/3,23P,91.25254,0.259945,1110.2691121487492,245.900475493277,989.3200000000003,4,2,4,2
864691135927648212,AL,L2/3,23P,138.92264,0.314982,1364.7591516930988,175.2037214184574,804.8800000000002,1,2,1,2
864691135801163874,V1,L2/3,23P,74.11668,0.38983,668.1463227642174,169.4439954092395,865.1200000000002,12,4,12,4
864691135809568029,V1,L4,4P,164.62094,0.501264,904.906633617391,322.6941793722893,726.6400000000001,6,4,6,4
864691135700648226,AL,L2/3,23P,148.07391,0.236612,1324.090506565936,172.2881207048996,861.2400000000002,2,4,2,4
864691135801463650,V1,L2/3,23P,117.75757,0.142128,710.4639365735936,178.47859786205825,872.1600000000002,14,20,14,20
864691135504203357,V1,L4,4P,128.2314,0.413567,703.6956079528887,338.81884219167796,902.3200000000003,34,7,34,7
864691135989836288,RL,L2/3,23P,75.9815,0.27703,1194.335675661487,154.44735253315693,910.8000000000003,1,2,1,2
864691136138131325,V1,L4,4P,64.15351,0.063439,880.8881064677305,260.90971827112713,835.4800000000002,5,6,5,6
864691135741930603,V1,L2/3,23P,6.42406,0.225377,656.6107097945063,197.02354902080174,897.8000000000003,28,11,28,11
864691136110366904,V1,L5,4P,1.3205156,0.456237,784.7144628350875,375.4595295429986,794.4000000000002,5,12,5,12
864691135546339880,V1,L5,5P-IT,89.59727,0.10484,649.3842653257698,369.20894028365035,845.3200000000003,31,21,31,21
864691135868210454,V1,L2/3,23P,76.53097,0.0957417,679.527515946804,229.54463282466662,897.6000000000003,23,32,23,32
864691136975624220,V1,L4,4P,169.4282,0.0644944,617.6191258271781,288.75828693245006,897.6400000000002,13,12,13,12
864691136912172017,V1,L5,4P,79.89595,0.426831,727.9887270663579,368.8263145233956,678.6800000000002,4,14,4,14
864691135469753426,V1,L2/3,23P,78.09571,0.377345,650.1446889829141,168.12603440684134,805.9600000000003,30,29,30,29
864691136117770660,V1,L2/3,23P,146.47838,0.201198,1002.3757815642244,106.6872035994723,899.3200000000003,3,10,3,10
864691136663528670,RL,L2/3,23P,18.374031,0.264023,1190.173731547774,203.48722672951203,980.4400000000003,4,3,4,3
864691136392785279,V1,L4,4P,21.994589,0.204537,677.3227159280827,262.8231064807323,835.7600000000002,11,11,11,11
864691135585046648,RL,L2/3,23P,86.860825,0.219887,1277.3880320546107,161.97047007508104,872.9200000000003,0,5,0,5
864691135257404079,RL,L2/3,23P,66.131935,0.166412,1261.5155347386205,202.40495620949235,874.4400000000003,7,4,7,4
864691135304679079,V1,L4,4P,11.483068,0.240504,479.9655167863923,256.9278600102971,928.7600000000002,22,5,22,5
864691135741684075,RL,L4,4P,124.15365,0.062447,1364.876058250587,295.02988522610354,929.2400000000002,2,0,2,0
864691135853198023,V1,L6,5P-ET,94.79128,0.12421,636.8800805962086,514.335378689094,836.3200000000003,5,16,5,16
864691136196202472,V1,L2/3,23P,172.54968,0.345015,646.2625392217166,222.77965629260132,871.7200000000003,12,4,12,4
864691135868957462,V1,L6,6P-IT,158.11916,0.0969155,616.7290795402799,514.8209509740984,902.4000000000002,1,11,1,11
864691135209369465,V1,L4,4P,129.8139,0.158343,790.8282330113312,262.98839309354287,814.3600000000002,23,11,23,11
864691135510191369,V1,L6,6P-CT,74.5527,0.197426,963.5348907700393,558.7181109877993,899.6400000000002,1,7,1,7
864691135491204327,RL,L2/3,23P,143.89304,0.121703,1270.0538428988134,249.47222396280029,866.6800000000003,4,6,4,6
864691135741998484,V1,L5,5P-IT,118.54726,0.474309,653.1803181085794,383.0966349544776,893.8000000000003,40,9,40,9
864691135476528704,V1,L2/3,23P,61.54583,0.450009,707.3877015379837,108.6327015902967,955.8000000000003,13,21,13,21
864691136228250961,V1,L5,5P-ET,29.173714,0.116706,668.3676797420036,506.1686268235279,873.1200000000002,5,42,5,42
864691136111251896,V1,L2/3,23P,80.5699,0.142966,678.9283032502511,167.36780640079482,900.8400000000003,10,29,10,29
864691135491167207,RL,L2/3,23P,3.8315349,0.170473,1263.452592315621,172.18679266596476,884.0800000000003,1,2,1,2
864691135593133067,V1,L4,4P,89.10452,0.267906,695.796049484583,326.3067379719306,840.6800000000003,38,15,38,15
864691135517531786,AL,L2/3,23P,155.59113,0.17598,1323.449560696207,225.87617732568103,759.6000000000001,4,7,4,7
864691135134114976,V1,L4,4P,49.82655,0.16644,949.0349771675205,335.99884620471084,929.0800000000003,7,3,7,3
864691135760635214,V1,L6,6P-CT,65.278076,0.261008,616.2696343158193,550.1794574765756,867.2800000000002,2,14,2,14
864691135576991518,V1,L4,4P,11.448098,0.274485,825.3780498648644,282.9716503702563,778.8400000000001,10,7,10,7
864691135540440178,V1,L2/3,23P,83.26952,0.236029,719.8870313368446,98.67620247769158,928.6000000000003,3,15,3,15
864691135359010904,AL,L2/3,23P,9.422712,0.0930406,1289.7200520017063,227.35809609120463,748.9200000000002,1,5,1,5
864691135102433056,V1,L4,4P,27.225084,0.355721,646.2046211903935,316.7000036807027,805.8000000000003,21,26,21,26
864691136619882637,AL,L4,5P-IT,148.82907,0.191136,1362.2890663990609,359.11226683883797,777.3600000000001,10,6,10,6
864691135740865684,RL,L4,4P,83.77831,0.16115,1141.4566861327169,275.6759563625183,899.2400000000002,2,1,2,1
864691136334080435,AL,L2/3,23P,77.31034,0.148039,1324.1533384033241,231.78399663054856,720.6400000000001,0,7,0,7
864691135014966262,V1,L5,5P-IT,134.33897,0.237432,636.2818503448223,397.8078169340897,871.6400000000002,14,6,14,6
864691135429763120,AL,L2/3,23P,169.94485,0.512541,1312.5320326816209,222.15850519775873,824.7600000000002,7,4,7,4
864691135573276197,V1,L6,6P-IT,93.304306,0.33662,677.131621065168,561.671660438675,889.4800000000002,5,9,5,9
864691135340055782,V1,L5,5P-IT,88.12878,0.431467,651.7993809774721,399.61513623758225,889.7200000000003,12,27,12,27
864691136596107938,V1,L2/3,23P,171.67935,0.321693,496.24298038034686,226.55094109235083,963.2400000000002,5,4,5,4
864691135258563503,V1,L4,4P,6.14482,0.376812,725.6050559809164,299.8761878508764,828.8400000000003,26,8,26,8
864691135977134403,V1,L4,4P,84.24084,0.104923,910.0854733046311,342.80607683358977,718.0000000000001,5,5,5,5
864691135404763374,AL,L2/3,23P,151.53859,0.171101,1356.1704397118854,181.5834426117199,775.0800000000002,1,3,1,3
864691135441799752,V1,L2/3,23P,62.70966,0.289638,728.1902267066858,144.7592334831523,840.8400000000003,37,21,37,21
864691135988557315,V1,L2/3,23P,96.86409,0.257194,649.4155072520888,241.81489037572865,836.1200000000002,22,25,22,25
864691135157025636,V1,L6,6P-IT,56.47114,0.037102,977.8278694757835,522.3855698749463,710.6000000000001,0,2,0,2
864691135060651419,V1,L2/3,23P,94.36084,0.51726,669.2522053564992,143.58598187973402,856.8800000000002,33,23,33,23
864691135468948364,V1,L4,4P,85.46239,0.42098,880.9880764826696,292.0770322714723,836.3200000000003,24,10,24,10
864691135578146565,V1,L5,5P-IT,94.99224,0.399692,878.2075320750806,365.71490620056824,713.6800000000002,2,13,2,13
864691135060020123,V1,L4,4P,2.8671725,0.214769,759.7828253172393,331.45514418564323,747.9200000000002,10,3,10,3
864691135727961663,V1,L4,4P,144.7393,0.329625,857.7615920755333,289.531022435464,846.8000000000003,18,5,18,5
864691135801133666,AL,L2/3,23P,16.931896,0.190997,1320.9325966086758,209.8518319792378,802.4800000000002,2,3,2,3
864691135750642473,V1,L6,6P-IT,53.813763,0.111982,701.1427491215362,532.4853052455254,888.2000000000003,14,6,14,6
864691135858298670,V1,L5,4P,96.27051,0.627699,672.8984052269868,367.732715129417,849.3200000000003,28,24,28,24
864691135586724220,V1,L5,5P-IT,83.73362,0.512895,738.835649098178,401.2550873406889,866.6400000000002,16,23,16,23
864691136052738803,V1,L4,4P,40.899868,0.025117,651.0641581773502,290.52794766149793,929.3600000000002,20,3,20,3
864691136913993713,V1,L4,4P,81.92151,0.160368,611.6603823043963,296.6529899433115,913.7200000000003,28,10,28,10
864691135511802576,AL,L5,5P-IT,99.93744,0.0263412,1280.0288683922158,421.1067258160291,726.6400000000001,2,4,2,4
864691135593659947,RL,L4,4P,44.404343,0.230838,1224.3406632327212,334.3229404289303,1020.2800000000002,12,2,12,2
864691136177799686,V1,L4,4P,118.53221,0.107855,638.9178588190625,298.6522433170523,821.6000000000003,15,5,15,5
864691135583223405,V1,L5,4P,103.71625,0.487537,648.3856356712213,365.20265886404746,877.9600000000003,16,16,16,16
864691136118370724,V1,L4,4P,89.76572,0.136403,616.6840791676761,269.3388955994407,932.7200000000003,15,16,15,16
864691136144827444,V1,L2/3,23P,137.7912,0.212748,726.1487770580085,104.9417920368223,858.8000000000003,18,7,18,7
864691136991606421,V1,L4,4P,87.10261,0.254845,907.8555286705327,266.22430760011713,745.2400000000001,25,5,25,5
864691135465955397,V1,L4,4P,108.37309,0.378859,662.9440444703464,261.95060254923317,846.4800000000002,20,11,20,11
864691135741524587,V1,L2/3,23P,63.110004,0.128499,795.9479977029624,132.50608541352693,898.4800000000002,5,11,5,11
864691135118894813,AL,L4,4P,19.7646,0.275704,1302.0716380698996,260.94642146774004,810.0400000000003,0,3,0,3
864691135428676144,AL,L2/3,23P,5.874307,0.456397,1311.0334086610567,120.32839720388013,713.8800000000001,0,4,0,4
864691135360482392,V1,L5,5P-IT,86.36292,0.403284,677.1948566022082,373.6978747735804,805.9200000000003,16,13,16,13
864691136033332155,V1,L4,4P,2.2607393,0.188376,726.8811389920738,313.92888055187285,901.5600000000003,31,18,31,18
864691135294441654,V1,L4,4P,159.47307,0.12785,647.0118079972771,305.2708633167563,837.2000000000003,33,5,33,5
864691135466236229,V1,L4,4P,89.71243,0.152275,669.0635087846242,301.41813488286516,887.2800000000002,27,16,27,16
864691135594721579,V1,L2/3,23P,56.563828,0.120275,608.5958230740079,131.2123444032162,983.8800000000002,3,8,3,8
864691135324725404,V1,L5,5P-IT,43.950867,0.159916,691.4555525878458,372.24725628299694,806.2000000000003,11,6,11,6
864691135572346349,V1,L5,5P-IT,157.59016,0.18677,641.7256867247371,383.3151294859759,806.0800000000003,12,28,12,28
864691135294442678,V1,L2/3,23P,95.89007,0.143535,668.4064931737583,201.7174811112519,888.2800000000002,15,37,15,37
864691136453384959,V1,L2/3,23P,105.7415,0.11213,722.2253561719078,174.7534979932771,881.1600000000002,18,23,18,23
864691135994226881,V1,L2/3,23P,59.36687,0.0772218,631.3493939732721,105.38516857363395,901.4800000000002,8,13,8,13
864691136602371025,RL,L2/3,23P,38.840656,0.0534915,1253.8671004531823,197.3029365132021,810.3200000000003,11,5,11,5
864691136066069400,RL,L2/3,23P,179.42502,0.390188,1154.507858612054,155.13876057252736,809.8400000000003,0,3,0,3
864691135941708033,V1,L4,4P,40.55151,0.39967,917.0300720610749,336.8607145980319,783.4400000000002,4,4,4,4
864691136954050527,V1,L5,4P,105.51648,0.184288,657.6175480486263,363.95452351244614,882.2400000000002,18,13,18,13
864691135571192966,V1,L5,5P-IT,127.23674,0.391439,605.2620201400699,402.09658063337724,810.0800000000003,9,18,9,18
864691135134016928,V1,L4,4P,5.782711,0.378686,584.0397888554392,320.8337115522179,776.0400000000001,13,8,13,8
864691135731679929,V1,L2/3,23P,84.517426,0.298751,698.4074050927735,231.83885378959292,901.5600000000003,8,26,8,26
864691135280944545,V1,L5,4P,109.7535,0.612588,608.851052083405,361.8080754524981,846.0800000000003,14,6,14,6
864691135493149927,V1,L5,4P,100.32433,0.463029,669.4403831117119,364.6676652031891,886.4000000000002,30,25,30,25
864691135518453642,AL,L2/3,23P,167.0411,0.39075,1333.899926636088,216.57559520827695,840.6000000000003,1,4,1,4
864691135700814114,V1,L6,6P-CT,81.06192,0.0934913,570.4668310635802,531.781470243275,886.3200000000003,2,3,2,3
864691135772987899,RL,L4,4P,59.52573,0.174489,1088.1379039700273,337.3114600003376,966.1600000000003,3,3,3,3
864691135342848433,V1,L4,4P,178.18529,0.171624,498.5736753613531,332.8224697955059,714.7200000000001,9,5,9,5
864691135015605910,V1,L2/3,23P,89.95724,0.402277,723.2150844178473,237.60693479667867,887.0400000000003,35,13,35,13
864691135695146943,V1,L2/3,23P,45.574036,0.199478,682.2950838203086,206.7229990517409,871.2800000000002,12,24,12,24
864691136927187786,V1,L5,5P-IT,76.54888,0.172229,629.4106903163779,485.1573472125263,871.7200000000003,9,14,9,14
864691135396794101,V1,L2/3,23P,94.52413,0.0640662,639.6279656513739,229.58732032218674,821.9600000000003,24,31,24,31
864691135919645872,AL,L5,5P-IT,83.82945,0.113567,1289.342195756196,360.1826010918171,810.7200000000003,2,7,2,7
864691135385422677,RL,L4,4P,82.63984,0.555461,1131.3257385368734,341.53961721438924,978.6800000000003,1,8,1,8
864691135727790911,V1,L2/3,23P,66.44863,0.365675,695.4316026471192,234.27677253402194,855.9600000000003,14,27,14,27
864691136091074615,V1,L4,4P,9.178059,0.222302,790.4573127573524,303.9439133828176,951.2800000000002,15,11,15,11
864691134966324767,V1,L4,4P,177.967,0.153811,619.8456308497053,272.12102984527786,836.9600000000003,18,26,18,26
864691135786943684,V1,L6,6P-CT,153.96622,0.128549,680.804004764589,563.0208638941359,919.8000000000003,9,3,9,3
864691135498992403,AL,L4,4P,89.96354,0.0497086,1326.3775316042556,293.010834443757,857.4000000000002,0,1,0,1
864691136034271675,V1,L2/3,23P,100.75391,0.321994,473.65102572155774,166.81862299992105,695.8000000000002,1,0,1,0
864691135504168285,V1,L4,4P,28.430014,0.149235,691.7449708590619,312.39673143095996,837.3600000000002,12,18,12,18
864691135388368001,V1,L4,4P,62.98395,0.232872,633.0265713036048,352.03793244260544,901.2000000000003,24,18,24,18
864691135867905302,AL,L4,5P-IT,13.223751,0.0657019,1349.1335883174906,346.46155158454025,840.8800000000002,8,4,8,4
864691136925601354,AL,L4,4P,118.530495,0.228874,1244.9818893911565,271.69161070748555,625.0000000000001,6,2,6,2
864691136391042167,V1,L4,4P,85.69314,0.479895,689.7910345613892,259.09560779416756,837.3200000000003,22,31,22,31
864691136011684526,V1,L2/3,23P,48.632256,0.247841,653.8218989654686,102.59716725087556,820.0400000000003,13,21,13,21
864691136275919117,RL,L2/3,23P,125.493225,0.328703,1152.8564332901801,143.17329717129323,689.6800000000002,3,6,3,6
864691136034011579,V1,L2/3,23P,18.68572,0.188116,684.8391860611167,155.61424794404599,870.7200000000003,15,16,15,16
864691137199828801,V1,L5,5P-IT,0.7664655,0.35765,584.5714012533472,395.5322952888484,792.3600000000002,7,15,7,15
864691135937286404,RL,L4,4P,124.5964,0.265639,1244.5556806844027,286.1093279379728,797.2400000000002,9,14,9,14
864691135102151968,V1,L2/3,23P,45.788494,0.258274,677.3302301383853,222.3497480392013,871.3200000000003,10,37,10,37
864691135060882843,V1,L5,4P,66.96257,0.434944,631.8576547607369,371.27325084693166,807.1200000000002,13,12,13,12
864691135325413788,V1,L4,4P,121.48309,0.332957,670.2880028896527,334.41843267222987,961.0400000000003,3,8,3,8
864691136814627955,V1,L4,4P,97.59691,0.287431,707.3497549076413,348.4539867174789,837.5600000000003,23,15,23,15
864691134966114591,V1,L4,4P,23.837185,0.1885,610.613602828546,263.0900399429176,777.6000000000001,7,17,7,17
864691136086088556,V1,L2/3,4P,146.26738,0.301246,811.8963617390457,247.61409766537935,912.0000000000002,10,7,10,7
864691136618795227,V1,L5,5P-IT,178.51532,0.441943,625.2767511573545,402.43426436964927,837.2400000000002,5,26,5,26
864691135276505573,V1,L4,4P,135.6323,0.290814,482.0658674383035,290.19751872719735,809.3600000000002,6,4,6,4
864691135503443549,V1,L4,4P,34.733696,0.0494714,866.7148951855313,317.1685232526598,725.0800000000002,2,1,2,1
864691136238090767,V1,L5,5P-IT,1.163196,0.296317,648.0982692865261,394.9227069891926,823.5600000000003,17,19,17,19
864691135996158378,V1,L4,4P,152.37239,0.253964,500.2043203027111,268.6564186697336,746.7600000000001,10,2,10,2
864691135519106442,AL,L2/3,23P,15.138691,0.055526,1350.7223260932974,240.9183956326751,714.4400000000002,0,4,0,4
864691135015154934,V1,L5,5P-IT,96.50844,0.428819,663.2824512434541,377.0420543641091,807.4400000000003,18,8,18,8
864691135571515270,V1,L4,4P,96.82971,0.232441,660.2974577530615,270.9060153676292,815.2400000000002,24,3,24,3
864691136107283417,V1,L4,4P,57.955826,0.0797178,835.6023492410674,297.5502326835602,870.4800000000002,8,10,8,10
864691135955962888,V1,L5,5P-IT,136.53741,0.0829144,611.1521809190402,461.0743702664066,809.8800000000002,3,36,3,36
864691135739008132,V1,L2/3,23P,105.17729,0.173768,706.2910672855735,106.48093549788778,829.6800000000003,7,7,7,7
864691135397846049,V1,L2/3,23P,67.213104,0.163935,987.4922029878948,138.0212497595554,870.6400000000002,7,5,7,5
864691135773208651,V1,L5,4P,82.10657,0.185251,808.7681049233444,370.75403676433706,837.7600000000002,17,9,17,9
864691135210134905,V1,L2/3,23P,91.68971,0.316061,696.6192471572385,179.58014539378982,901.1200000000002,17,32,17,32
864691135478268840,V1,L4,4P,32.48598,0.254964,793.0406342365427,267.8075549313195,952.2000000000003,9,1,9,1
864691136990522517,V1,L2/3,23P,55.69593,0.0983908,776.7342400111213,205.99112886700274,745.8000000000002,14,11,14,11
864691135654715586,RL,L2/3,23P,152.07431,0.454567,1216.9595952834306,221.89180354982562,806.2800000000002,0,6,0,6
864691135646147567,V1,L4,4P,179.01093,0.376824,517.155591232016,342.9284467683476,869.8400000000003,21,2,21,2
864691135885911920,V1,L2/3,23P,100.07896,0.385259,703.9455178763371,238.2981115485407,892.4400000000003,19,42,19,42
864691136903681458,RL,L4,4P,114.67922,0.0935918,1164.1571652837915,276.8910573096106,782.0400000000001,0,7,0,7
864691135430346544,V1,L5,5P-IT,107.74628,0.50496,701.7011235671483,435.78198545774103,854.6800000000003,23,19,23,19
864691135134155168,RL,L2/3,23P,40.356567,0.18406,1234.7953350588418,211.8882240572732,777.8000000000002,12,5,12,5
864691136195391208,RL,L2/3,23P,59.902164,0.28955,1179.0270156416345,229.55893715494867,714.6400000000001,0,7,0,7
864691135656578242,V1,L2/3,23P,90.78058,0.220895,694.879007755497,136.31985507085471,900.5600000000003,9,24,9,24
864691136578982164,RL,L4,4P,50.659325,0.107491,1083.5854729544942,317.38285513575136,899.6800000000003,4,5,4,5
864691135257638575,RL,L2/3,23P,150.0277,0.253113,1261.0647309876942,226.64992550166005,961.1200000000002,0,3,0,3
864691135695042751,V1,L5,6P-IT,83.33556,0.318826,639.1473076991783,504.5758425698125,892.8800000000002,15,4,15,4
864691137055712630,V1,L4,4P,52.69936,0.159319,576.8139215519859,260.9681291052652,807.6400000000002,14,9,14,9
864691135396940021,V1,L4,4P,48.270664,0.11546,641.1282081577531,333.60188188172054,899.6800000000003,30,20,30,20
864691135850033758,V1,L2/3,23P,69.45967,0.276364,642.4495790706682,193.66454312286567,870.4000000000002,5,20,5,20
864691135782241616,V1,L2/3,23P,97.46241,0.207407,636.038413311145,223.6197618602396,837.8000000000003,19,28,19,28
864691135294190518,V1,L2/3,23P,76.45304,0.353626,674.4511315617303,178.15464234427276,960.9600000000003,10,19,10,19
864691136619693275,V1,L5,5P-IT,87.94715,0.389762,684.4702895728362,376.4544601776447,809.1600000000002,15,9,15,9
864691135839950227,V1,L2/3,23P,88.122475,0.427708,654.6261957319853,117.63649551750271,839.6800000000003,13,22,13,22
864691136228367697,RL,L4,4P,35.560474,0.038868,1340.0960088281176,336.6766400891173,899.1600000000002,4,0,4,0
864691135741659499,RL,L4,4P,108.112976,0.101739,1098.0903857790342,346.91943719855095,991.6400000000002,7,4,7,4
864691136314491965,V1,L2/3,23P,86.09191,0.114511,648.9136922870601,194.6797910362675,900.7600000000002,9,29,9,29
864691136085781356,V1,L4,4P,13.928375,0.424983,614.4674585256686,314.5015619614862,868.8400000000003,26,12,26,12
864691135587532924,V1,L5,5P-IT,89.253494,0.32056,882.902158028056,415.5938743450844,900.7600000000002,2,9,2,9
864691135911276969,RL,L4,4P,83.45172,0.405344,1164.1243913411017,338.948347597446,899.7600000000002,7,2,7,2
864691136420195223,V1,L4,4P,172.32909,0.399669,929.5861353328945,340.2077842289275,961.5200000000002,2,12,2,12
864691135843242211,V1,L5,4P,24.40422,0.164125,663.1332911401696,365.5292444871248,893.5600000000003,29,10,29,10
864691135810473245,V1,L4,4P,87.0625,0.383494,675.111210678594,266.8055153662543,868.8800000000002,17,18,17,18
864691136523216017,V1,L4,4P,97.21933,0.0965705,684.0142542588924,289.8772617025702,746.5200000000001,9,10,9,10
864691135448698196,V1,L5,5P-IT,118.774155,0.409373,685.3675620141393,367.6672245391701,878.6400000000002,6,20,6,20
864691135611019015,V1,L4,4P,104.83581,0.478605,649.24863080103,284.8440852119103,899.8000000000003,22,8,22,8
864691135346685855,V1,L4,4P,0.65989536,0.489485,529.9864485808423,261.62534682932886,802.9600000000003,5,2,5,2
864691135164887853,V1,L2/3,23P,77.93414,0.420977,680.3293847212267,170.445630747909,827.2800000000002,24,35,24,35
864691136084684396,RL,L2/3,23P,108.61389,0.243568,1318.2922525471417,206.9868085523317,868.2800000000002,1,5,1,5
864691135717275162,V1,L2/3,4P,81.89385,0.159969,809.3851490846818,246.94468373920006,794.8000000000003,19,8,19,8
864691135640297787,V1,L4,4P,89.86771,0.361602,660.5812115872982,274.27155303070117,863.1600000000002,9,17,9,17
864691135562975969,V1,L2/3,23P,98.28919,0.518664,671.2158812166267,141.7019582290459,895.8000000000003,14,23,14,23
864691135480311494,V1,L6,6P-IT,89.40533,0.514058,609.8756358596098,547.628476539369,930.1200000000002,13,7,13,7
864691135750958889,V1,L4,4P,37.645103,0.332876,670.2372807849363,288.73617717550445,839.4400000000003,31,36,31,36
864691135362104647,V1,L5,5P-ET,93.95591,0.291327,652.5113089355399,421.5847859977063,836.8400000000003,1,71,1,71
864691135360346200,V1,L4,4P,52.817196,0.322212,732.173907673504,260.041116526216,808.8000000000003,14,5,14,5
864691135719761713,RL,L2/3,23P,55.702385,0.192816,1195.559042503284,158.0878290913003,821.0000000000002,2,8,2,8
864691135518283475,V1,L2/3,23P,112.20691,0.191106,632.3234577579583,192.65013336330972,809.0000000000002,25,27,25,27
864691135892214409,V1,L2/3,23P,72.8258,0.243742,687.2953123759034,76.87267801096792,899.6800000000003,18,11,18,11
864691136438585502,V1,L2/3,23P,88.21071,0.153837,856.4479369593748,194.39852196251422,808.4400000000003,13,8,13,8
864691135808925981,V1,L4,4P,93.36962,0.0845743,710.7779795900369,323.9555522465375,746.7600000000001,30,10,30,10
864691135662059248,V1,L4,4P,171.92343,0.511197,603.3631696552306,286.48314086603773,838.0800000000003,10,11,10,11
864691135720638769,RL,L2/3,23P,114.93189,0.177235,1230.7141990653663,218.1483512926222,880.0000000000002,6,8,6,8
864691134919529994,V1,L5,6P-CT,173.55121,0.127423,629.1152893244863,509.09469013637624,900.4800000000002,2,10,2,10
864691135756075981,V1,L5,5P-ET,93.91737,0.711036,649.698770390486,414.07909569417086,858.7200000000003,17,24,17,24
864691136438426526,RL,L2/3,23P,95.62765,0.160144,1133.3206271490094,138.83011234738694,660.3200000000002,2,3,2,3
864691136968542926,V1,L2/3,23P,110.729095,0.329093,682.206992250533,168.81105497239653,813.8400000000003,23,30,23,30
864691136013367715,V1,L4,4P,103.280075,0.358593,759.6315263312463,271.50181710017745,777.4800000000001,40,23,40,23
864691135855890478,V1,L2/3,23P,105.428665,0.321836,532.3479515607174,131.09445592730498,961.8800000000002,16,13,16,13
864691135464928318,V1,L2/3,23P,2.345506,0.0850784,671.9666236599371,142.66706225650228,819.0400000000003,7,12,7,12
864691135417478842,V1,L4,4P,15.618085,0.316965,577.552785550133,268.67786321172065,777.3600000000001,29,10,29,10
864691135059845275,RL,L4,4P,88.16144,0.382776,1197.346680568669,305.8137738340812,869.5600000000003,11,4,11,4
864691136091634487,V1,L2/3,23P,89.36522,0.249746,648.1411870180666,171.93390781293724,838.6000000000003,10,31,10,31
864691135416233914,RL,L2/3,23P,143.98586,0.234568,1242.7627251133006,232.4368214721848,868.7600000000002,3,6,3,6
864691136904761266,RL,L2/3,23P,14.991498,0.218035,1180.9428886117232,228.95562068535384,838.1200000000002,14,5,14,5
864691135540272498,V1,L2/3,23P,7.8080397,0.22324,707.9472902430147,119.86019696910674,869.2800000000002,15,13,15,13
864691135975539779,AL,L2/3,23P,89.44658,0.0189792,1283.3321227356162,197.56799102775386,747.1200000000001,18,7,18,7
864691136924515300,V1,L2/3,23P,65.715965,0.212431,827.059532027949,133.04368000536664,746.5600000000002,3,4,3,4
864691135567047191,V1,L2/3,23P,101.761314,0.289872,669.7999156163667,161.55810733754333,853.0400000000003,28,28,28,28
864691136194355176,RL,L2/3,23P,161.23189,0.65578,1214.7176857347251,215.2069704497832,830.6000000000003,1,7,1,7
864691135939008565,V1,L2/3,23P,18.044008,0.206503,528.3291848296136,155.7339580724574,890.9600000000003,12,11,12,11
864691135591854347,V1,L5,5P-IT,82.14496,0.320846,866.3597842108703,417.4230721180139,899.5600000000003,3,7,3,7
864691136991202453,V1,L5,5P-ET,147.54965,0.0341695,652.7145437589246,493.4278837566877,818.9600000000003,7,98,7,98
864691135496339088,AL,L2/3,23P,162.27525,0.176584,1370.286339829099,202.3487426066837,777.3200000000002,2,1,2,1
864691136143696692,RL,L2/3,23P,24.143717,0.214465,1177.307845203051,146.40467450411938,831.3200000000003,1,3,1,3
864691135947258916,V1,L2/3,23P,135.72281,0.0592759,638.8440439854899,112.97926820389705,900.2800000000002,12,19,12,19
864691135577651230,V1,L2/3,23P,100.23595,0.132224,656.4852487596714,166.8819163588384,797.2000000000003,15,33,15,33
864691136137293195,V1,L2/3,23P,74.360756,0.236876,683.4119197077202,91.88735341154528,899.8000000000003,10,20,10,20
864691135977666883,V1,L5,5P-ET,106.809074,0.272774,629.271674528688,454.4363284369262,871.0400000000003,5,71,5,71
864691135466158917,V1,L2/3,23P,92.12688,0.177764,631.3938447746715,231.17972899707297,854.2400000000002,14,40,14,40
864691137021264750,V1,L5,5P-IT,143.00224,0.123553,641.4669618621233,479.53070945848077,855.4000000000002,2,31,2,31
864691136424990255,V1,L6,6P-IT,166.67557,0.0285383,619.5667335264004,558.7554528587796,878.4400000000003,2,6,2,6
864691135782156368,RL,L5,5P-IT,41.5191,0.187419,1045.9634967175705,377.3079168047086,986.0400000000003,0,6,0,6
864691136452081151,RL,L2/3,23P,154.56052,0.201205,1276.5957871988885,155.60519961039682,820.3200000000003,2,2,2,2
864691135890695049,V1,L4,4P,105.11369,0.212524,513.656933505742,269.833369819798,767.1600000000001,4,1,4,1
864691136489055762,V1,L4,4P,2.3193388,0.389495,777.3079616877784,269.1936366292564,722.8800000000001,20,4,20,4
864691135417443514,V1,L4,4P,25.458082,0.0478425,667.4691925145378,265.301747305604,742.1200000000001,16,5,16,5
864691135685087474,V1,L2/3,23P,8.397691,0.176255,634.0511534995779,112.68843356006401,869.4000000000002,26,35,26,35
864691136954028511,V1,L4,4P,129.6615,0.0633311,753.1637427425186,298.4325923480122,727.0000000000001,2,4,2,4
864691135455123562,RL,L2/3,23P,113.72181,0.200123,1300.4093745699058,206.5144154413534,869.8800000000002,3,7,3,7
864691137199050049,V1,L4,4P,80.81684,0.260469,498.00850868878626,321.6587308773738,761.0400000000001,8,6,8,6
864691135409859785,V1,L5,5P-IT,11.367331,0.29141,697.600392278265,400.4099820242857,884.0400000000003,19,16,19,16
864691136330101226,V1,L5,5P-ET,117.22816,0.397551,664.17914599273,458.5824924456317,899.7200000000003,8,81,8,81
864691136381243349,V1,L4,23P,170.74184,0.15511,717.2787105870858,250.38617459180935,882.9200000000003,20,5,20,5
864691136488414994,V1,L4,4P,86.663155,0.255024,513.6354889637549,347.1818350672199,768.9200000000002,1,5,1,5
864691136085904236,V1,L4,4P,91.84284,0.46337,664.3762527506308,269.07855172426844,758.1200000000001,20,4,20,4
864691136026198585,V1,L4,4P,7.38642,0.265451,611.4919451893998,342.63729384081864,881.5600000000003,17,12,17,12
864691136313406781,V1,L4,4P,94.681274,0.304537,612.5345625435871,289.5983346782111,886.4800000000002,29,8,29,8
864691135398868257,V1,L4,4P,167.9693,0.0837068,617.2028593228208,336.84097606479105,882.1600000000002,20,8,20,8
864691135582973549,V1,L4,4P,24.827255,0.069979,773.4785280959413,334.2594746578695,882.0400000000003,34,9,34,9
864691135504081986,V1,L2/3,23P,169.5203,0.0323715,654.8331295752721,93.24170143383596,883.6000000000003,10,4,10,4
864691136363473634,V1,L4,4P,56.583305,0.29644,927.2958160278123,351.6999007215831,787.4800000000002,12,6,12,6
864691135214931072,V1,L4,4P,128.02513,0.297541,595.7081749570898,335.79561296155777,759.4000000000001,28,16,28,16
864691135499231763,V1,L4,4P,152.04794,0.239629,697.2512343232254,321.42298151963024,765.9600000000002,10,5,10,5
864691135839248787,V1,L4,4P,165.05367,0.182077,481.76208490795284,277.514780687868,735.1200000000001,1,0,1,0
864691135716679194,V1,L5,5P-IT,6.401027,0.504029,605.8391522539878,485.08668340788336,883.2400000000002,15,5,15,5
864691135756319186,V1,L4,4P,46.451828,0.254442,876.3000114691407,329.50687232495,740.1200000000001,7,3,7,3
864691135619317391,V1,L4,4P,0.60661024,0.220626,804.193939729695,260.75278402246494,753.7600000000001,17,6,17,6
864691136725093373,V1,L4,4P,0.60661024,0.479791,498.33419833614073,298.10950468512686,737.4400000000002,2,3,2,3
864691135585266808,V1,L5,5P-ET,152.48225,0.105416,660.3475735181844,475.20781326576343,838.1200000000002,3,41,3,41
864691136424439855,V1,L4,4P,109.26749,0.396673,728.4410914812222,341.6262361699024,765.3600000000001,26,19,26,19
864691135455819114,V1,L4,4P,15.720091,0.19905,677.2226594436999,294.808098534818,924.4400000000003,31,4,31,4
864691136117695908,RL,L4,4P,9.250403,0.270427,1046.4730566536662,262.80460822075764,966.0800000000003,3,1,3,1
864691137199038273,V1,L4,4P,18.754627,0.0916315,640.3903557790833,344.97284375252514,771.5600000000002,8,5,8,5
864691135970180709,V1,L2/3,23P,70.465065,0.0984665,585.2106989362071,124.60505380421516,765.2000000000002,3,6,3,6
864691136975300636,V1,L4,4P,56.06243,0.0784856,586.0089270393485,308.60680618689054,730.5600000000002,2,3,2,3
864691136905203378,V1,L4,4P,41.89223,0.0370493,923.1897958807785,342.0894668837091,727.7600000000001,2,2,2,2
864691136025504569,V1,L4,4P,7.981723,0.198439,574.9776721437703,326.015614745456,761.9600000000002,37,13,37,13
864691135778572973,V1,L4,4P,96.49182,0.268574,864.4590261308308,273.927365650116,981.8400000000003,5,7,5,7
864691134919869706,V1,L4,4P,97.69316,0.578358,735.3230318659091,291.60368588963763,792.0400000000003,14,17,14,17
864691136523081105,V1,L4,4P,77.90492,0.293205,677.2918782281595,284.4707947877147,873.8800000000002,21,2,21,2
864691136274546622,V1,L4,4P,175.97597,0.186929,958.6502372885283,265.01475544625026,723.4000000000001,6,5,6,5
864691135698016410,V1,L4,4P,78.95473,0.102618,933.4673312964919,271.61302899288813,982.0000000000002,7,5,7,5
864691135742102635,V1,L4,4P,40.748608,0.510194,733.7937149634861,295.13182276509525,725.0400000000001,21,20,21,20
864691135616048587,V1,L4,4P,80.486664,0.315853,828.5945722427165,354.8856432213891,758.6800000000002,11,2,11,2
864691136023889209,V1,L4,4P,9.463964,0.347453,613.3651884838455,307.2739897027744,860.1200000000002,30,3,30,3
864691135753932237,V1,L4,4P,128.18785,0.218557,543.7012262580582,259.80574432753326,701.9600000000002,14,1,14,1
864691136040834558,V1,L4,4P,56.63642,0.306419,536.355851992879,274.00357982821583,765.8400000000001,3,16,3,16
864691135465113157,V1,L4,4P,64.02631,0.120872,655.381967625115,282.29694811267063,905.1600000000002,12,9,12,9
864691135584504429,V1,L2/3,23P,7.2239666,0.293572,661.4018661508494,184.85080484501813,894.0800000000003,14,15,14,15
864691135496381840,V1,L2/3,23P,104.456505,0.282217,629.4236079750974,145.75494444976718,887.2800000000002,10,12,10,12
864691135339729894,V1,L4,4P,53.602913,0.100906,865.7696463885576,311.81777819128575,896.1600000000002,4,4,4,4
864691134949221372,V1,L2/3,23P,9.894351,0.2544,594.0028770283134,210.62668087785687,787.9200000000003,13,12,13,12
864691135717271834,V1,L2/3,23P,163.78113,0.113948,672.8360354378715,207.6300402298093,817.4400000000003,25,5,25,5
864691135868060950,V1,L4,4P,127.462906,0.178285,738.8759372511706,298.7244386113224,784.2800000000001,5,9,5,9
864691136452602367,V1,L2/3,23P,81.63717,0.127269,728.0076279724968,207.0603936786275,789.0000000000002,3,17,3,17
864691136210847932,V1,L4,4P,7.297611,0.366424,512.5998654229764,313.49137214547017,730.2400000000001,5,3,5,3
864691135375107272,V1,L4,4P,38.330723,0.232203,616.3237658043087,332.20270800594517,711.1600000000001,10,9,10,9
864691135474504498,V1,L4,4P,12.317295,0.284296,623.1948393633094,308.0054837819396,817.7200000000003,10,5,10,5
864691135134052512,V1,L4,4P,75.021225,0.323289,636.5280607216247,251.80167814379647,760.4000000000001,7,13,7,13
864691136311529306,V1,L4,4P,89.79796,0.110641,932.993435343453,297.59057865843,731.2000000000002,4,1,4,1
864691135448215698,V1,L4,4P,84.14516,0.140843,689.3576585755951,344.8240592280698,890.2800000000002,24,23,24,23
864691135868386070,V1,L4,4P,78.37761,0.29158,682.838516841503,269.5373900823915,873.5600000000003,46,7,46,7
864691135570301676,V1,L4,4P,155.30235,0.252166,639.3941827641954,346.8130239948952,862.2800000000002,20,9,20,9
864691135810982860,V1,L4,4P,46.575016,0.128393,622.8367799996607,287.86563866108264,956.9200000000003,41,10,41,10
864691135066958404,V1,L4,4P,97.29839,0.251459,614.2252071038434,316.53619073564215,974.4000000000002,21,17,21,17
864691136012739747,V1,L4,4P,51.620804,0.10751,650.1444582221496,289.29108388872254,860.4400000000003,20,2,20,2
864691135477469864,V1,L2/3,23P,21.78861,0.201452,946.6143700177262,242.50410065702576,752.6800000000002,4,3,4,3
864691135742189163,V1,L4,4P,170.84512,0.223638,871.4755894207804,289.1889744643311,709.0000000000001,19,2,19,2
864691135405337326,V1,L4,4P,173.6708,0.270226,704.7032546598002,294.25709348144386,765.1200000000001,8,8,8,8
864691135741090196,V1,L4,4P,13.501598,0.221887,834.1914703857598,344.5179929969458,947.8000000000003,10,8,10,8
864691135782702387,V1,L2/3,23P,82.48113,0.265154,721.017451678166,199.5746742493292,920.3600000000002,18,8,18,8
864691136086630764,V1,L4,4P,91.43646,0.342446,692.4138643883473,263.62945513376985,768.4400000000002,7,6,7,6
864691135374981320,V1,L4,4P,3.896534,0.130648,758.9830948987812,297.27136348107814,957.1600000000003,7,10,7,10
864691135562474977,V1,L5,4P,37.34562,0.420759,620.2364068609106,366.78732204112265,739.0400000000001,14,9,14,9
864691136420303511,V1,L4,4P,73.08234,0.167912,676.0230208446629,345.970230500088,765.1200000000001,11,9,11,9
864691135342585541,V1,L4,4P,15.405538,0.36412,800.9505104860741,276.5301381333932,892.2800000000002,16,5,16,5
864691136674492295,V1,L4,4P,84.00348,0.0299961,871.3217186781163,354.83336045273495,880.8400000000003,7,8,7,8
864691135335635177,V1,L4,4P,103.22006,0.201229,980.0078712836464,268.3609291014227,785.8800000000001,5,6,5,6
864691136084313196,RL,L5,5P-ET,88.215294,0.258591,1093.7635592789063,403.71846687721535,1005.0000000000002,2,13,2,13
864691135810905036,V1,L4,4P,86.22255,0.484788,669.0976412780539,289.2789163341738,763.6000000000001,31,22,31,22
864691135886130288,V1,L2/3,23P,85.67037,0.024804,629.1832355009059,243.96370860589371,891.2400000000002,24,11,24,11
864691135115049881,V1,L2/3,23P,99.247025,0.244844,1009.0119449728151,170.35586181695393,763.0400000000001,2,7,2,7
864691135927494158,V1,L4,4P,129.15157,0.254639,881.3559332306502,262.1712927318293,784.0800000000002,4,11,4,11
864691135619463567,V1,L2/3,4P,166.73973,0.140712,866.0438335992268,244.06385103297623,877.4400000000003,18,8,18,8
864691135779377341,V1,L4,4P,84.3146,0.256622,701.8109482615527,280.3199774347628,796.9200000000003,14,1,14,1
864691135779705021,V1,L2/3,23P,167.2743,0.159901,671.7892273144546,242.3589589108271,879.8400000000003,33,10,33,10
864691136125956134,V1,L5,5P-IT,93.464165,0.682754,680.5726196417063,397.5068666222288,885.3600000000002,10,10,10,10
864691136372047496,V1,L4,4P,69.20799,0.330048,849.7249254147376,274.18016614067517,988.8400000000003,4,2,4,2
864691136380266965,V1,L4,4P,160.76909,0.159638,945.6593238364206,287.19894025615145,982.0400000000003,4,2,4,2
864691136034181307,V1,L4,4P,90.480194,0.597902,666.3911419380581,285.70141590473946,860.8800000000002,20,6,20,6
864691135271463077,V1,L4,4P,130.2068,0.324157,819.815457680882,296.6187699269503,725.2000000000002,2,5,2,5
864691135430486576,V1,L4,4P,4.790348,0.399882,847.6842852723396,306.3166014720748,940.3600000000002,4,7,4,7
864691136196338764,V1,L4,4P,113.08296,0.135209,829.68600410642,319.6466728549483,973.6800000000003,6,7,6,7
864691135295165196,V1,L4,4P,155.77733,0.316066,630.9584169023566,347.0386571578669,844.3600000000002,15,9,15,9
864691135939049988,V1,L4,4P,87.53936,0.653293,690.6790586628207,278.31815177760734,891.7200000000003,26,12,26,12
864691135157198692,V1,L2/3,23P,155.82603,0.285053,633.3560177927385,237.3903770346911,874.9600000000003,32,8,32,8
864691134886499066,V1,L4,4P,141.34697,0.208946,905.9830657080558,300.11005720749876,741.1600000000001,15,11,15,11
864691134966069023,V1,L4,4P,148.44691,0.160675,782.8406699694375,291.1353387298241,728.1200000000001,19,6,19,6
864691136953677535,V1,L4,4P,49.796185,0.142824,842.0840923357897,307.175781938227,953.4400000000003,17,6,17,6
864691136058745048,V1,L4,4P,5.204024,0.251066,689.6028000377871,316.32096182333987,881.6800000000003,69,38,69,38
864691136210975676,V1,L4,4P,84.43106,0.33147,947.8930253122985,272.68238027395665,986.2800000000002,17,2,17,2
864691135455701354,V1,L4,4P,175.23169,0.0643828,946.2720334639516,344.81559016667927,738.8400000000001,10,4,10,4
864691135375484489,V1,L4,4P,36.203907,0.140298,888.0251596913165,289.48047379637876,773.1200000000001,6,4,6,4
864691136238679567,V1,L2/3,23P,125.69892,0.240664,626.9217884786697,200.7863074640275,881.1200000000002,13,14,13,14
864691136228538961,RL,L4,4P,0.3504187,0.131733,1086.3376654761312,344.6705624840033,884.3600000000002,2,6,2,6
864691135586414716,RL,L4,4P,5.0935144,0.291667,1236.9214950143448,343.2614458790874,861.0800000000003,3,2,3,2
864691135258642863,V1,L5,5P-ET,138.01866,0.094105,666.9198934699098,460.2998995803361,869.7200000000003,6,80,6,80
864691135938555908,RL,L2/3,23P,113.929794,0.088895,1119.8909040348929,188.79376162441804,891.8400000000003,2,3,2,3
864691136523118481,V1,L4,4P,80.51761,0.493439,623.8422305287304,331.44711010519063,707.0400000000001,15,9,15,9
864691136239068732,RL,L2/3,23P,38.22465,0.18942,1076.1224696217353,218.37164398643137,885.0400000000003,11,4,11,4
864691135384176619,V1,L5,4P,107.871185,0.052009,511.9079375134561,369.13079144301526,984.2000000000003,4,4,4,4
864691137054934902,RL,L4,4P,100.017654,0.155606,1202.3066501455817,351.9255328310671,758.6800000000002,0,5,0,5
864691135592830731,V1,L4,4P,138.99384,0.286046,744.5201470616697,314.25144887135195,891.7600000000002,19,10,19,10
864691135547082280,V1,L5,4P,178.84477,0.176789,532.941991569618,371.03527719052374,919.1600000000002,1,4,1,4
864691136390474359,V1,L2/3,23P,11.814619,0.317635,681.8009857055245,207.96466046008334,844.6400000000002,28,9,28,9
864691136101464181,V1,L4,4P,12.015346,0.111697,807.2645098015815,252.09144281953138,978.2800000000002,17,5,17,5
864691135810308125,V1,L2/3,23P,173.76248,0.239103,1015.1096751089766,119.75074627330002,768.8400000000001,3,3,3,3
864691135473383730,RL,L2/3,23P,39.673164,0.111674,1152.3874219688958,249.135638842193,968.4000000000002,3,6,3,6
864691136484364844,V1,L6,6P-IT,179.59132,0.123755,606.6539980892386,516.8947411647596,885.2000000000003,8,13,8,13
864691136211371452,V1,L4,4P,155.48685,0.166417,704.2691848114811,318.310793391578,848.4800000000002,27,5,27,5
864691136311381338,V1,L4,4P,92.72691,0.355344,936.3960533621988,263.83870027190886,798.6000000000003,4,6,4,6
864691135976105839,V1,L4,4P,43.237972,0.0494282,931.296490305569,277.33359621932016,736.5200000000001,10,1,10,1
864691136378815445,V1,L4,4P,61.498844,0.504742,769.9898125720638,294.8293696111737,820.2000000000003,20,5,20,5
864691136620914829,V1,L4,4P,89.14937,0.191285,654.642265473122,270.9252059098974,892.6800000000003,21,5,21,5
864691135765006134,V1,L4,4P,110.98349,0.176301,645.4948029407237,269.73943982066766,799.2400000000002,10,6,10,6
864691135375590217,V1,L4,4P,90.74219,0.0426037,846.8123303853009,298.6594678912255,944.6800000000003,31,5,31,5
864691135739733140,AL,L4,4P,8.481151,0.258176,1346.2603854653235,259.6086338824256,767.1600000000001,0,3,0,3
864691136967703758,V1,L4,4P,144.2414,0.0432874,712.9219710103243,269.3425946193431,727.2800000000001,36,13,36,13
864691136106969561,RL,L4,4P,78.25385,0.190672,1190.0040520525358,351.5558841316405,752.9600000000002,4,4,4,4
864691135750649129,V1,L4,4P,74.218506,0.272677,800.6741843926965,295.8435480832214,855.9600000000003,31,9,31,9
864691135195825450,V1,L2/3,23P,81.60065,0.266472,838.2330688571571,224.15622866210407,978.7200000000003,1,7,1,7
864691136125440038,V1,L4,4P,134.291,0.250864,585.2980107007578,305.7178524040265,706.9600000000002,30,5,30,5
864691135583172717,V1,L4,4P,7.796085,0.443948,811.8850036907761,300.6147913872047,894.3200000000003,8,9,8,9
864691135977309763,V1,L4,4P,91.36427,0.209501,573.274744385211,269.8454503781592,757.3200000000002,14,13,14,13
864691136603221201,V1,L4,4P,15.706913,0.156653,952.3293884509329,318.1701294170188,920.2800000000002,5,4,5,4
864691135586240120,V1,L2/3,23P,94.76248,0.255604,692.3966965582895,154.41235481854628,845.3600000000002,17,18,17,18
864691136674744199,V1,L4,4P,90.895744,0.461792,699.9037745868751,274.94931932102884,904.6800000000003,31,13,31,13
864691135469422674,V1,L2/3,23P,45.651672,0.0807737,765.9311905619295,247.9612902033417,767.3200000000002,18,4,18,4
864691135375351369,V1,L4,4P,110.10473,0.320464,666.9776088612912,277.5294330029002,888.4800000000002,18,19,18,19
864691136925029092,V1,L4,4P,1.7049704,0.133665,1023.3797501316091,338.77699179451616,817.5600000000003,6,2,6,2
864691136968094158,V1,L6,6P-CT,168.2277,0.100652,624.6192740249599,545.0637095617988,886.0800000000003,10,6,10,6
864691135655390658,V1,L2/3,23P,0.07111953,0.330869,700.963125316926,79.99579078658356,881.1200000000002,19,12,19,12
864691135868466710,V1,L4,4P,46.304577,0.144385,726.2367248632072,342.5897795334211,908.4400000000003,17,11,17,11
864691136107486169,V1,L2/3,4P,57.746124,0.256146,944.1717692814842,248.39362539534812,891.3600000000002,9,3,9,3
864691135368949241,V1,L4,4P,39.07156,0.338417,578.7177426112797,251.69075483372745,752.4800000000001,23,9,23,9
864691135617440105,V1,L5,4P,130.13518,0.249964,610.7287752564655,370.45262493094714,730.5200000000001,9,12,9,12
864691135387535957,V1,L2/3,23P,2.4228864,0.513387,697.8415159101148,227.2922320291041,878.1600000000002,26,5,26,5
864691135611140359,V1,L4,4P,3.529841,0.388137,679.6562431275788,337.48660392633286,944.7200000000003,17,10,17,10
864691135360809560,V1,L4,4P,98.0686,0.336467,630.0701615134166,307.2578626665044,945.6400000000002,27,14,27,14
864691136991390869,V1,L5,5P-IT,98.08579,0.523654,726.6504774327707,425.2443661019303,790.5200000000002,12,18,12,18
864691135874914702,V1,L4,4P,18.57363,0.457381,535.2813561449809,256.17810001215344,741.0800000000002,4,8,4,8
864691135502902338,V1,L6,6P-IT,82.08079,0.203003,956.0891995586585,510.9112567262526,782.6400000000001,2,4,2,4
864691135976425327,V1,L6,6P-IT,92.31423,0.218133,621.2983601021746,544.8374117106125,942.4400000000003,2,12,2,12
864691135725920939,V1,L4,4P,28.57841,0.147117,617.6842116642852,265.2505053307376,833.6400000000002,11,6,11,6
864691135137137433,V1,L4,4P,69.08668,0.131475,1003.6575300658492,340.970433764968,819.5600000000003,1,2,1,2
864691135209280633,V1,L4,4P,108.79036,0.13434,883.2715462656637,309.3015944357235,968.0400000000003,17,6,17,6
864691135570791558,V1,L4,4P,162.76685,0.274211,872.4315893996859,258.4352682154849,973.4000000000002,14,4,14,4
864691136311059034,V1,L2/3,23P,94.14312,0.208136,859.3003880785923,136.82805645621073,881.4000000000002,12,18,12,18
864691135717457946,V1,L4,4P,112.31004,0.307899,709.1922761459178,345.01749614037846,895.2000000000003,53,23,53,23
864691135778467517,V1,L2/3,23P,7.373279,0.135066,489.73216236283673,182.7447902828714,978.2800000000002,6,3,6,3
864691134887460346,V1,L4,4P,91.14311,0.279871,903.9472518487916,265.3684219274716,768.5600000000002,3,4,3,4
864691135569592300,V1,L4,4P,120.91858,0.495756,671.6006750339005,342.17836848650796,824.7600000000002,30,7,30,7
864691136101516661,V1,L4,4P,88.34306,0.248934,867.6639299985944,304.8523704067589,946.4400000000003,7,10,7,10
864691135562798817,V1,L2/3,23P,49.75092,0.114359,682.997127397857,200.16723953699187,889.9200000000003,22,13,22,13
864691135567059223,V1,L4,4P,104.50964,0.531782,699.6152522913819,343.60141489636425,846.0000000000002,17,11,17,11
864691136975144988,V1,L2/3,23P,9.664882,0.31384,705.8631536235612,181.86650521715086,891.6400000000002,10,19,10,19
864691135773209163,V1,L4,4P,140.77902,0.290073,705.7979526694437,336.81846155470595,946.4000000000002,36,7,36,7
864691136298111003,V1,L2/3,4P,14.766116,0.102103,980.2674634744167,249.23878853362828,977.5200000000002,8,1,8,1
864691135478316200,V1,L4,4P,49.054203,0.163468,706.001273962272,345.5092532592564,813.0800000000003,21,10,21,10
864691135440543560,RL,L2/3,4P,113.389496,0.105889,1110.7384995756065,244.20694089265373,1078.0000000000002,2,1,2,1
864691135570502278,V1,L2/3,23P,79.81589,0.266251,917.3086521541715,234.54364712084242,893.8800000000002,2,1,2,1
864691135725748139,V1,L4,4P,47.95204,0.4919,683.1250742466628,309.5867651693208,865.0000000000002,24,14,24,14
864691135479404742,V1,L6,5P-NP,91.80732,0.363476,632.8977295325636,517.2634360665861,795.7600000000002,15,3,15,3
864691135469845388,V1,L5,5P-IT,30.859621,0.284801,706.5763250153584,385.1984014522618,881.0400000000003,21,19,21,19
864691136953197279,V1,L4,4P,83.65283,0.149932,835.7326943809128,265.9533573610774,973.2400000000002,9,3,9,3
864691135405733870,V1,L5,5P-IT,40.674694,0.378393,704.1773942218033,376.63674115488175,888.5200000000002,41,15,41,15
864691136144674612,V1,L2/3,23P,54.46464,0.0667012,649.1258863409307,212.81529603843106,844.5200000000002,41,14,41,14
864691136664680926,V1,L6,6P-CT,110.80259,0.0954941,670.6251672825188,551.5942379917273,848.7200000000003,2,11,2,11
864691136110256824,V1,L2/3,23P,9.003229,0.425732,771.2127741339775,120.76960779064824,772.5600000000002,2,5,2,5
864691135157994084,V1,L5,5P-IT,123.87619,0.529577,689.6927992027629,382.11517260324297,905.1600000000002,13,23,13,23
864691136521831825,RL,L5,5P-IT,21.059484,0.367835,1231.458497266472,425.5303723556542,769.2400000000001,30,4,30,4
864691135546902056,V1,L2/3,23P,87.92152,0.146505,659.080073105196,161.45542074786866,921.8000000000003,17,23,17,23
864691136438717086,V1,L4,4P,134.68347,0.0992797,646.0781198885148,335.76954372289106,891.4000000000002,13,19,13,19
864691135308553030,V1,L6,6P-IT,87.965485,0.130698,943.3915773900447,534.1490127122148,890.1200000000002,2,2,2,2
864691136596901026,V1,L4,4P,99.94145,0.324486,619.988317009731,274.8960254596414,844.2800000000002,29,16,29,16
864691136336039091,V1,L2/3,23P,82.99981,0.33149,678.4350146417462,240.56334458686686,823.7200000000003,24,7,24,7
864691135927647956,AL,L4,4P,101.81674,0.185639,1341.0029630099982,267.5646945361815,784.1200000000001,1,3,1,3
864691135155894884,V1,L2/3,23P,79.873604,0.469862,618.4397512164188,125.9061074383746,881.2800000000002,21,22,21,22
864691135480718022,V1,L2/3,23P,8.302674,0.294703,1040.1149242937115,118.85468756467209,762.4800000000001,1,2,1,2
864691135280682401,V1,L4,4P,9.730391,0.394114,696.5544217819503,297.0776088118173,877.0400000000003,25,18,25,18
864691136380718037,V1,L6,6P-IT,88.335045,0.047843,668.083665972692,550.536707333945,888.4800000000002,5,7,5,7
864691136026254649,V1,L4,4P,103.729996,0.429107,699.0070511900325,261.700749920918,821.1600000000002,17,15,17,15
864691137055405174,V1,L5,4P,101.323006,0.0202197,825.09600151263,360.36156020821267,937.4400000000003,23,12,23,12
864691135504315317,V1,L4,4P,130.8521,0.363487,1017.1354894707113,257.4111470142968,766.0400000000001,0,3,0,3
864691136438666398,V1,L4,4P,177.60129,0.176391,627.4860597022574,344.8717756486652,819.2400000000002,16,9,16,9
864691135493620831,V1,L2/3,23P,91.064766,0.603563,677.6399370407905,124.08280538993289,860.8000000000003,8,20,8,20
864691136905458866,V1,L6,6P-CT,93.814964,0.170894,675.5371891513275,515.2761476074526,885.9600000000003,4,14,4,14
864691136420279191,V1,L2/3,23P,171.52007,0.218578,639.0624806951112,119.29433696075867,977.6800000000003,2,4,2,4
864691135866576604,V1,L4,4P,21.999708,0.0963677,669.8019102077545,268.011367973475,891.3600000000002,24,20,24,20
864691135763795510,V1,L4,4P,93.800064,0.134405,823.6025220588951,290.7826260462029,952.0000000000002,16,11,16,11
864691136953413599,V1,L4,4P,123.18478,0.106438,903.5678344125995,259.42473599960545,907.3600000000002,14,10,14,10
864691135646481135,V1,L4,4P,135.69917,0.0603027,781.9266058036499,294.9742811233517,956.0400000000003,5,9,5,9
864691135539491442,V1,L4,4P,85.397064,0.0632542,976.1211838219568,273.8671347437091,976.1600000000003,5,7,5,7
864691136239902780,V1,L4,4P,2.740056,0.229432,711.3124528540014,298.75423604420183,847.6400000000002,17,16,17,16
864691135396115189,V1,L6,6P-IT,11.740936,0.167909,658.108207605327,552.9404357630671,877.5200000000002,1,8,1,8
864691135990004992,V1,L4,4P,6.2353477,0.225364,645.798152070368,314.73710815254395,813.2000000000003,24,14,24,14
864691136299034139,V1,L4,4P,176.33865,0.252939,694.977822386382,348.14251651119423,818.1600000000002,9,16,9,16
864691136101340021,V1,L4,4P,22.13823,0.172937,631.5606925781636,256.442402842303,830.0400000000003,15,11,15,11
864691135686494647,RL,L2/3,23P,58.842766,0.462803,1142.5765855261268,149.7905299726908,670.8000000000002,5,0,5,0
864691135741619051,RL,L5,5P-IT,84.99355,0.182014,1184.0860306101968,366.3283081103927,862.5600000000003,2,2,2,2
864691136120159768,V1,L4,4P,165.12112,0.229384,536.8287076788741,297.23720286682567,794.3200000000003,11,9,11,9
864691136288644291,V1,L5,5P-IT,91.30942,0.342911,616.0309370958319,372.26563784572966,893.6800000000003,9,20,9,20
864691135955060232,RL,L6,6P-CT,44.241932,0.181947,1113.862133801604,560.2417915740656,980.8000000000003,1,2,1,2
864691136310966106,AL,L6,6P-CT,122.81866,0.206265,1310.057930610729,544.8989980072959,726.4800000000001,0,4,0,4
864691136239980604,V1,L4,4P,103.25487,0.333321,640.1484799360874,309.55297960715365,848.8400000000003,38,16,38,16
864691135817419343,V1,L6,6P-CT,12.756906,0.116452,623.0140331073101,529.6330854138162,913.5600000000003,4,11,4,11
864691136011768494,V1,L4,4P,11.94216,0.0742508,625.3251895612979,315.96544609553945,875.5600000000003,17,14,17,14
864691135430275120,V1,L4,4P,105.61316,0.618711,580.128939750283,303.85223896363766,826.1600000000002,6,10,6,10
864691135124603687,V1,L4,4P,89.655136,0.334125,629.6684322070811,301.5692025813497,888.0400000000003,17,15,17,15
864691136288598467,V1,L2/3,23P,38.026463,0.0649332,694.1452591498693,87.4298634878759,860.1200000000002,10,6,10,6
864691136742244188,V1,L4,4P,99.67518,0.36349,680.5989482887039,258.4198933903608,824.4400000000003,19,9,19,9
864691135357351375,V1,L4,4P,102.44814,0.354161,685.8649835699965,307.6421642077072,875.4000000000002,13,34,13,34
864691135258509487,V1,L2/3,23P,39.390125,0.289489,677.4635523147853,242.85539802151786,847.3600000000002,13,8,13,8
864691136523288465,V1,L4,4P,65.85275,0.364255,735.9811742132624,278.940860902668,797.5200000000002,10,11,10,11
864691136134678667,V1,L6,6P-CT,104.216286,0.336454,592.4360474229983,563.384472577754,844.8400000000003,1,6,1,6
864691135184104194,V1,L4,4P,88.9292,0.650824,708.7077154803906,343.94719106170993,859.7200000000003,10,17,10,17
864691136903144370,V1,L6,6P-IT,93.5113,0.586361,528.5106292332362,557.5347452965847,772.4000000000001,5,1,5,1
864691135351096279,V1,L5,4P,4.0392723,0.583087,611.1080770489034,366.1171856048519,858.2800000000002,18,19,18,19
864691134949263100,V1,L5,5P-IT,162.05179,0.188989,639.274328871207,390.0390661806464,875.8400000000003,15,18,15,18
864691135562004193,V1,L4,4P,99.98041,0.199757,638.5744814715003,308.45160554105354,821.2000000000003,21,12,21,12
864691135387988609,V1,L4,4P,112.62043,0.232855,621.0934192700439,250.51556646079868,860.9600000000003,16,4,16,4
864691135583352941,V1,L4,4P,15.9916725,0.254338,946.6640226810885,263.9660975495105,972.1600000000003,4,4,4,4
864691135993150913,V1,L2/3,23P,13.7101555,0.331387,678.864431145819,157.08310317929758,861.7200000000003,16,22,16,22
864691135942924148,V1,L4,4P,100.96892,0.409572,804.5163637578535,301.12651938031945,946.7600000000002,14,19,14,19
864691135464143934,V1,L2/3,23P,92.68551,0.286413,1008.7143764506483,214.14455621373415,720.8400000000001,4,4,4,4
864691135778288573,V1,L6,6P-IT,161.05428,0.0937083,594.103628428709,523.7630403271476,861.3600000000002,20,3,20,3
864691135741963627,V1,L4,4P,56.229927,0.227465,680.2908306978029,285.439858296892,858.2000000000003,28,4,28,4
864691136523033233,V1,L5,5P-IT,5.403525,0.18484,689.6105174147755,506.4210225609476,913.8000000000003,1,7,1,7
864691136390788215,V1,L2/3,23P,64.03189,0.210966,609.1075802414332,212.01241564453133,757.7200000000001,10,16,10,16
864691135976063855,V1,L4,4P,50.800385,0.362382,680.828396642076,322.6201926533171,856.4000000000002,63,16,63,16
864691135346571423,V1,L4,4P,171.06213,0.0640169,900.3522085372141,338.0356138615753,827.7600000000002,20,11,20,11
864691135499707667,V1,L4,4P,144.81436,0.53289,701.4571374890104,283.62973542247636,911.3600000000002,28,15,28,15
864691135810466333,V1,L5,4P,99.71643,0.699637,674.8423415003859,382.2293042373748,847.3600000000002,16,17,16,17
864691135801604706,AL,L4,4P,82.42613,0.39816,1295.8106726807046,253.20327737794648,815.6800000000003,11,3,11,3
864691135503163202,V1,L4,4P,173.91776,0.58564,500.34466546683035,275.8640778760855,915.6800000000003,19,9,19,9
864691135810773452,V1,L4,4P,96.0982,0.122577,701.2220246986589,282.645498674629,828.2400000000002,26,6,26,6
864691135810492189,V1,L4,4P,101.01002,0.327123,691.4233563371827,343.97687285083515,851.1200000000002,27,25,27,25
864691135953985800,V1,L2/3,23P,109.74377,0.39773,549.7055759662936,197.0502543001164,950.1200000000002,5,2,5,2
864691135342958789,V1,L4,4P,87.29169,0.514746,767.5740322321468,276.17985344186593,938.0800000000003,29,13,29,13
864691136195834070,V1,L4,4P,77.33842,0.13698,698.9170233774902,264.1984078224266,969.0400000000003,15,10,15,10
864691135587371132,V1,L2/3,23P,144.70335,0.144167,634.375832054199,211.78181138036126,859.7200000000003,15,11,15,11
864691135915343462,RL,L4,4P,99.35604,0.0118247,1269.7161883368517,342.9183862884774,800.6400000000002,18,3,18,3
864691135492568551,V1,L4,4P,48.183308,0.0715917,601.615300399432,273.41708373067235,907.7600000000002,18,28,18,28
864691136523335057,V1,L4,4P,1.3409562,0.397184,782.6239673893854,297.2838487925791,874.1600000000002,20,14,20,14
864691135325071004,V1,L2/3,23P,10.321683,0.423905,646.5263216549724,80.2442562165925,843.8800000000002,15,13,15,13
864691135928366606,V1,L2/3,23P,90.53062,0.276964,640.1249246322145,128.44575897487817,886.6400000000002,20,26,20,26
864691134965778719,V1,L2/3,23P,49.20172,0.240366,910.9239885072773,140.8305805072905,921.0400000000003,4,7,4,7
864691135919956656,V1,L2/3,23P,100.36028,0.115731,694.2263569062359,212.07122965157748,854.1600000000002,16,26,16,26
864691136452447743,V1,L2/3,23P,93.478065,0.504602,579.5285706161884,138.884160000152,942.0000000000002,10,17,10,17
864691136176327430,AL,L2/3,23P,99.99489,0.106549,1247.8400919435412,229.47607662144637,757.5600000000002,0,7,0,7
864691135360017752,RL,L2/3,23P,111.28903,0.176368,1172.4020659899927,170.902328643092,767.7600000000001,4,7,4,7
864691135701624699,AL,L2/3,23P,163.84071,0.454246,1265.3423673994762,189.50539994635648,757.8800000000001,8,2,8,2
864691135280481697,V1,L5,5P-IT,105.43913,0.493369,669.9300883440686,397.98914411372664,886.6400000000002,6,25,6,25
864691135341198789,AL,L2/3,23P,179.57742,0.384874,1345.2417271146612,246.2851520865651,731.9600000000002,2,1,2,1
864691135858273326,V1,L4,4P,101.49588,0.243199,533.2541264641172,346.90666488464007,861.1600000000002,11,13,11,13
864691135113733529,RL,L4,4P,96.53709,0.414116,1041.621236516954,337.3534249877659,953.0800000000003,3,8,3,8
864691135646775791,V1,L2/3,23P,95.0262,0.0667986,686.4854381685948,203.6204061948227,851.6400000000002,22,7,22,7
864691135787537348,V1,L4,4P,119.635155,0.169431,852.4473783253723,279.04395171873847,858.8000000000003,8,13,8,13
864691135480892614,V1,L5,5P-IT,80.49526,0.0941649,614.5071403390675,370.5904556335286,887.6400000000002,39,42,39,42
864691135272003237,V1,L2/3,23P,90.40701,0.209631,696.9327692500442,137.07773614563868,861.2800000000002,8,24,8,24
864691135336055529,V1,L4,4P,106.356285,0.54086,560.5204465655154,284.9192002476017,820.9600000000003,27,15,27,15
864691135493079783,AL,L2/3,23P,117.486565,0.2369,1379.6226729257476,202.84434356352844,764.7200000000001,5,4,5,4
864691135857993774,V1,L5,5P-IT,89.032486,0.363491,644.1251665627527,369.8409847447703,914.5200000000002,11,14,11,14
864691135339103718,V1,L2/3,23P,83.222694,0.451588,983.3448830683913,211.86076867378787,735.9200000000002,1,5,1,5
864691135865648254,V1,L6,6P-IT,102.67346,0.361435,627.2819877785147,552.8132697729741,862.1200000000002,4,10,4,10
864691136010639022,V1,L4,4P,69.37931,0.289222,683.7655867156856,288.31363884108623,940.3200000000003,28,31,28,31
864691135655894978,V1,L4,4P,100.75161,0.356224,646.6877076614268,257.57311176626587,828.9200000000003,10,10,10,10
864691135431654960,V1,L2/3,23P,32.231796,0.181602,716.3740390524905,168.20259393597215,832.3600000000002,14,10,14,10
864691135772920651,V1,L5,5P-IT,88.40609,0.258263,1004.438965917762,378.30059291289217,732.4000000000001,2,3,2,3
864691135848030814,RL,L2/3,23P,61.9969,0.291228,1246.7714631725644,237.28465347960946,829.5200000000002,5,4,5,4
864691135741780116,V1,L2/3,23P,124.91152,0.309435,630.7200666136316,199.96221328890516,850.1200000000002,23,15,23,15
864691137055367798,V1,L4,4P,81.93239,0.278955,707.2477038318709,273.9857181356331,847.5200000000002,6,19,6,19
864691135271038885,V1,L2/3,23P,14.356718,0.363235,655.3774007503125,159.71810056080443,812.6000000000003,13,12,13,12
864691136364308962,V1,L2/3,23P,83.496414,0.373947,688.8625769621565,116.96985598793631,818.1200000000002,9,22,9,22
864691135499283987,V1,L6,6P-IT,86.89249,0.227349,653.211503266509,534.0096223991835,921.9600000000003,4,11,4,11
864691134942169955,V1,L2/3,23P,94.47429,0.179727,564.823227065931,215.91161759203237,896.4000000000002,11,9,11,9
864691135740860820,RL,L2/3,23P,114.0958,0.0660739,1113.180435623634,250.07409593895562,771.9600000000002,6,3,6,3
864691135477839784,V1,L6,6P-IT,43.70419,0.113574,644.603832030536,555.2924018204292,855.9600000000003,2,5,2,5
864691136675427975,V1,L5,5P-IT,172.46774,0.449977,677.2197407557666,389.56843584680354,830.2400000000002,27,15,27,15
864691134949248508,V1,L5,5P-IT,107.55033,0.271784,663.4970441151082,395.88445840126514,894.6000000000003,34,22,34,22
864691135465100189,V1,L4,4P,82.95856,0.0318509,648.5189864951878,317.41644016495223,846.9600000000003,24,14,24,14
864691135817195343,V1,L6,6P-IT,101.09252,0.135709,608.7333662474356,526.9060661551231,920.3200000000003,15,4,15,4
864691136724880893,RL,L2/3,23P,164.8421,0.178317,1269.7035868548528,214.556833535316,855.4800000000002,1,6,1,6
864691136389921911,V1,L2/3,23P,61.419777,0.266411,704.6016948066131,192.6134572340318,864.2000000000003,9,20,9,20
864691136389607287,RL,L4,4P,9.3516655,0.288834,1214.6580335738333,296.663739018268,851.8000000000003,8,3,8,3
864691135477469352,V1,L4,4P,84.41945,0.515986,485.80943533926114,314.2312477630943,825.3200000000003,9,8,9,8
864691135164772653,V1,L2/3,23P,100.8599,0.0676045,661.0852222034248,91.54013222601625,877.6000000000003,27,22,27,22
864691136524297617,V1,L4,4P,96.32609,0.409412,702.2757693403511,297.7708952720775,832.4400000000003,1,13,1,13
864691136298125851,V1,L2/3,23P,4.0535245,0.378715,654.9131000684076,188.52324636631604,816.2800000000002,14,24,14,24
864691135742756203,V1,L2/3,23P,164.33733,0.144851,638.1319430885347,217.314230552635,875.7600000000002,15,8,15,8
864691135369002233,V1,L6,6P-CT,40.99347,0.110768,660.0647448339812,554.0752776343825,904.8000000000003,4,5,4,5
864691136665051614,V1,L2/3,23P,83.84706,0.0763639,702.7679306856248,195.215535854784,822.5600000000003,17,23,17,23
864691135503836253,V1,L4,4P,121.09177,0.217016,796.6564292810697,339.5637462056338,849.0000000000002,40,15,40,15
864691135119709149,V1,L4,4P,36.997032,0.185487,582.0977310029299,260.7879578364263,819.9200000000003,34,7,34,7
864691135698211994,V1,L2/3,23P,88.36842,0.176891,670.986664677507,239.78320946381655,886.4800000000002,16,27,16,27
864691135397982753,V1,L5,5P-IT,92.669044,0.37022,1035.5712514489544,381.53827072334576,741.8800000000001,3,7,3,7
864691135989817088,RL,L2/3,23P,5.946004,0.432888,1184.1804507784227,187.54420990019997,940.0800000000003,13,6,13,6
864691136021865976,V1,L4,4P,23.687641,0.172758,696.9286946513126,270.7701209078143,858.2800000000002,24,14,24,14
864691136953873631,V1,L5,5P-IT,91.92462,0.713378,594.8143707749246,369.5100062392655,848.3200000000003,3,11,3,11
864691135257669039,V1,L2/3,23P,32.11929,0.277084,652.630035038553,207.2756225909298,879.6000000000003,25,33,25,33
864691135501703746,AL,L2/3,23P,0.23661667,0.393937,1314.5040609058972,183.46313120185764,740.0000000000001,3,5,3,5
864691136275031565,RL,L5,5P-IT,176.31917,0.32504,1212.0203487919014,388.49529644266966,762.3600000000001,3,14,3,14
864691135060727707,V1,L2/3,23P,69.71621,0.34216,668.6850154449779,94.2608510070818,891.6800000000003,9,18,9,18
864691134989865338,V1,L2/3,23P,96.20305,0.242556,807.7269028882862,195.40403031346116,974.7200000000003,5,21,5,21
864691135430004016,RL,L4,4P,23.880156,0.149677,1089.3642764959454,324.7625931818686,826.7600000000002,4,4,4,4
864691135738047620,V1,L5,5P-IT,5.645201,0.146041,746.3454437014992,479.90489533165544,856.3200000000003,9,6,9,6
864691134887026938,V1,L4,4P,98.40879,0.161114,615.8086273739332,305.04647306077004,947.4800000000002,26,16,26,16
864691137056393846,V1,L4,4P,116.70176,0.34697,654.2628480369301,264.9815199820313,830.1200000000002,13,16,13,16
864691135274195217,V1,L2/3,23P,31.851469,0.190451,666.142242580599,121.85624254552857,904.6000000000003,16,23,16,23
864691135757040082,V1,L4,4P,92.89422,0.185359,707.6287975757547,287.25342025613503,829.0000000000002,18,26,18,26
864691135860969064,V1,L4,4P,106.3106,0.288733,895.7132179682765,345.5318245377308,847.6000000000003,13,6,13,6
864691136043380566,V1,L2/3,23P,83.39271,0.243358,688.3111385080762,121.80419106438285,829.7600000000002,12,16,12,16
864691135689417440,V1,L5,5P-IT,103.75964,0.232142,658.9599019819995,388.99881846993213,875.0000000000002,28,25,28,25
864691136124845606,RL,L2/3,23P,112.452705,0.456631,1157.595567339688,182.26308837642492,706.2000000000002,0,4,0,4
864691135741910164,V1,L5,5P-IT,89.55731,0.533024,609.5409286331484,478.0224328716489,876.0000000000002,6,6,6,6
864691135816693327,V1,L2/3,23P,10.875771,0.162947,794.114869622622,191.64335293106683,879.0000000000002,8,13,8,13
864691136742067804,V1,L2/3,23P,86.34402,0.395065,703.7858087043185,210.0165721813073,894.2000000000003,26,31,26,31
864691135135019168,V1,L2/3,23P,63.32658,0.350885,670.3528282649409,216.92096925420228,854.3200000000003,34,17,34,17
864691136381301461,V1,L4,4P,99.94848,0.240112,634.331151018779,348.87560042860764,829.7600000000002,38,24,38,24
864691135386963541,V1,L4,4P,165.03133,0.172266,800.7444147966332,304.58694031337797,936.0800000000003,24,14,24,14
864691135719900721,V1,L4,4P,64.123146,0.149008,633.9317627083501,338.7542767514648,893.6400000000002,47,40,47,40
864691136314404669,V1,L2/3,23P,114.95481,0.317137,639.5949598944317,129.3630601122954,817.9600000000003,18,21,18,21
864691135970226021,V1,L2/3,23P,96.12498,0.322844,700.4496345466758,128.45544071545598,905.2400000000002,18,16,18,16
864691135584008045,V1,L4,4P,71.51071,0.17592,693.914453299245,256.75809246538375,800.9200000000003,36,21,36,21
864691135014355094,AL,L5,5P-IT,111.61833,0.210499,1255.3363031464405,375.838367180188,708.4000000000001,10,2,10,2
864691135384285931,V1,L4,4P,100.79172,0.162213,777.7438234875435,262.7430781657197,822.0800000000003,7,8,7,8
864691135324623260,V1,L5,5P-IT,94.46168,0.480894,614.9838398630295,381.296743391844,851.6800000000003,18,22,18,22
864691136125457446,V1,L4,4P,112.98712,0.582521,563.2392869256913,322.8685716138823,832.4000000000002,29,23,29,23
864691135975824495,V1,L2/3,23P,173.1202,0.380164,890.3875008250375,162.61159099067288,851.7600000000002,7,6,7,6
864691135595040043,V1,L4,4P,123.92432,0.199089,924.8256432108434,315.31415221678657,878.3200000000003,3,10,3,10
864691135497743635,AL,L4,4P,113.92334,0.114327,1277.1787863897277,264.2293590591285,785.5200000000001,20,13,20,13
864691136579408916,V1,L4,4P,65.612686,0.231882,881.5600062078807,337.6763985871287,832.5200000000002,17,10,17,10
864691136976001308,V1,L2/3,23P,102.97828,0.112992,689.8532876532628,125.47255746020545,861.8800000000002,19,26,19,26
864691135842486243,V1,L2/3,23P,117.58855,0.0906702,711.3217876633166,207.59215036785633,878.0000000000002,16,30,16,30
864691135343818161,V1,L2/3,23P,152.441,0.273555,697.3179959412803,163.5159161207496,818.5200000000002,4,23,4,23
864691135694246079,V1,L4,4P,92.12703,0.527743,700.6160203018951,254.3249135346446,848.8400000000003,14,22,14,22
864691137198382657,V1,L2/3,23P,77.30518,0.291733,1009.2118558283827,159.25905850925187,874.7200000000003,1,7,1,7
864691135656579010,V1,L5,5P-IT,89.26209,0.517977,685.1091549084775,421.2887489651667,817.8000000000003,30,22,30,22
864691136125433894,V1,L4,4P,160.08957,0.13664,840.7566803535783,264.33707615211006,861.8400000000003,15,26,15,26
864691135811335116,V1,L6,6P-IT,104.89238,0.31657,678.4010566674356,551.5678509961085,888.5600000000003,6,6,6,6
864691136619096795,V1,L5,5P-IT,93.17153,0.452389,618.6579576920193,395.1095256669217,882.0000000000002,15,31,15,31
864691135405626862,V1,L2/3,23P,7.7571235,0.528657,698.3354113849574,137.20045143142733,874.8000000000003,9,13,9,13
864691135764015926,V1,L4,4P,24.56083,0.162675,775.1501264052503,297.52939500791075,999.7200000000003,9,7,9,7
864691135890141321,V1,L2/3,23P,98.03006,0.381967,493.0252442698198,188.42943306442774,893.5200000000002,9,7,9,7
864691135577221406,V1,L5,6P-IT,93.908775,0.0967014,670.3935513988715,507.24529020170127,913.4800000000002,11,12,11,12
864691136991359893,V1,L4,4P,53.211586,0.421768,701.024888239704,256.9947080977959,860.7600000000002,13,20,13,20
864691135102381856,V1,L2/3,23P,171.2575,0.391292,705.653358387474,164.43789924997958,892.2400000000002,24,23,24,23
864691135464795710,V1,L2/3,23P,98.880486,0.35065,684.142806920548,98.95394494368614,816.6400000000002,8,15,8,15
864691135802453858,V1,L2/3,23P,83.51532,0.388644,730.2832939090589,97.33720115970209,943.4400000000003,9,11,9,11
864691135388828033,V1,L6,6P-IT,71.96063,0.147313,667.7535542685996,535.2176425366793,912.8400000000003,1,11,1,11
864691137198691137,V1,L2/3,23P,89.22943,0.21743,639.975706707053,111.79338647091319,882.7600000000002,26,27,26,27
864691135591041291,V1,L2/3,23P,61.24789,0.0766809,600.9084008376958,131.6961825586517,919.8800000000002,16,28,16,28
864691135470787666,V1,L2/3,23P,10.542845,0.10151,687.177048321163,190.575042443786,865.0000000000002,12,21,12,21
864691136010028974,RL,L5,5P-IT,8.461288,0.119088,1059.9923747063629,384.38153132456875,882.0000000000002,5,6,5,6
864691135124146727,V1,L6,6P-IT,88.59474,0.22396,613.2010583085766,523.5707593256367,913.2800000000002,1,15,1,15
864691135849426270,V1,L5,5P-IT,32.72548,0.444429,928.7802492548736,396.4154337050375,782.6400000000001,4,6,4,6
864691135732210873,V1,L2/3,23P,110.542885,0.209196,690.7530459085369,195.96321479209647,852.2800000000002,10,37,10,37
864691135209432185,V1,L4,23P,99.18858,0.433016,626.5868504914437,252.34531327818877,853.4000000000002,10,21,10,21
864691136120658712,V1,L2/3,23P,106.16893,0.144915,760.1892360886437,186.55517709701724,913.5600000000003,22,16,22,16
864691136380264149,AL,L5,5P-IT,178.37593,0.0890443,1271.4673523861566,365.49291318213386,721.2000000000002,8,4,8,4
864691135504327861,V1,L2/3,23P,9.37401,0.380596,628.9585847831008,181.17720741292223,821.7600000000002,17,28,17,28
864691135502730562,AL,L2/3,23P,9.79139,0.354362,1291.8965866039193,231.85289765805595,771.8400000000001,1,6,1,6
864691135350420951,V1,L6,6P-CT,155.36996,0.10831,619.6590445129723,546.685568738302,875.2800000000002,1,11,1,11
864691135700409211,RL,L4,4P,139.46194,0.156825,1208.5354771059908,336.5378561156796,983.2000000000003,5,2,5,2
864691136452609023,V1,L5,5P-IT,90.49051,0.140495,609.6835277969864,402.2264345506393,831.1600000000002,6,20,6,20
864691135739587697,V1,L2/3,23P,110.70274,0.171436,658.756464518673,228.3056015216163,858.5600000000003,19,23,19,23
864691136195400150,V1,L2/3,23P,97.34022,0.109876,567.0916387272655,98.9281653411488,950.8800000000002,12,9,12,9
864691136042982742,V1,L2/3,23P,29.530073,0.143404,650.1273768615357,116.92167751906801,817.4400000000003,8,20,8,20
864691136331249642,V1,L2/3,23P,96.10737,0.25675,700.6187655241972,144.14588834171713,844.0000000000002,13,24,13,24
864691135970206821,AL,L4,4P,52.763283,0.154463,1235.6388224161742,310.191813661509,729.1600000000001,6,4,6,4
864691135510846217,V1,L6,6P-CT,96.52047,0.39349,648.4084106431253,547.7874340269855,875.1600000000002,5,6,5,6
864691135162908461,RL,L4,4P,98.10355,0.362296,1186.3929103522553,339.2262343547614,916.7200000000003,4,2,4,2
864691136092725684,V1,L4,4P,6.228472,0.198406,719.7644900434312,257.22083248335093,825.8800000000002,19,12,19,12
864691136119885080,V1,L2/3,23P,103.390236,0.363579,845.5181549207962,234.8799728331187,912.2000000000003,11,16,11,16
864691136391623039,RL,L5,5P-IT,154.85086,0.106699,1103.092464634696,381.53512022115996,891.0000000000002,1,7,1,7
864691135417045946,V1,L2/3,23P,39.029312,0.215377,959.2166463413366,174.0941408597611,911.8400000000003,9,13,9,13
864691136453419007,V1,L2/3,23P,13.068767,0.0546197,708.7134663868139,217.57882249217,847.6000000000003,22,45,22,45
864691136380757461,V1,L5,5P-IT,72.29123,0.328368,654.4907070787979,400.4287969877246,877.6800000000003,17,25,17,25
864691135852138183,AL,L2/3,23P,99.95348,0.175763,1301.2584393680304,163.03094859510725,829.0800000000003,2,7,2,7
864691135952122147,AL,L2/3,23P,172.98154,0.0165627,1333.3576208781249,183.12102540884777,791.5200000000002,7,9,7,9
864691135587519868,V1,L5,5P-IT,100.11849,0.572506,643.037520715139,387.413057203936,856.5600000000003,27,15,27,15
864691135476495936,V1,L4,4P,66.15986,0.0780382,676.9946274629448,285.6654336379866,822.8800000000002,65,21,65,21
864691135749995049,RL,L2/3,23P,33.6806,0.0815241,1182.3452702848176,135.08865415482742,954.4000000000002,3,2,3,2
864691135764583990,V1,L2/3,23P,57.779778,0.549002,715.137001814084,153.70360601023077,827.4800000000002,34,12,34,12
864691136298045979,RL,L5,5P-IT,21.855896,0.0957868,1065.2823111693033,362.1017985564664,723.0000000000001,7,12,7,12
864691135861093992,V1,L2/3,23P,30.14717,0.0869762,719.9657589229946,154.31880092498898,875.8400000000003,18,29,18,29
864691136227484753,RL,L2/3,23P,23.179352,0.197064,1216.945549307992,248.48778510175512,826.0400000000003,2,7,2,7
864691135490326074,V1,L2/3,23P,36.967087,0.108595,715.6139034512439,111.53671296807653,826.0400000000003,11,23,11,23
864691135496440208,V1,L2/3,23P,162.35446,0.257045,652.898731277874,218.15644582867128,818.3200000000003,27,35,27,35
864691135584629613,V1,L2/3,23P,99.76956,0.647842,632.0590387573106,136.92704455272695,833.5600000000003,20,29,20,29
864691136041575422,V1,L4,4P,80.1217,0.522675,687.5332870857992,261.4036147994572,850.8800000000002,17,31,17,31
864691136438469534,V1,L2/3,23P,94.63658,0.40045,646.9027912289205,107.51684814805171,829.4400000000003,12,18,12,18
864691136135963787,V1,L2/3,23P,93.085014,0.100316,944.5412153409692,147.2409081129679,821.7600000000002,6,8,6,8
864691135273918993,RL,L2/3,23P,46.48678,0.202861,1240.6692818053546,175.5900467253584,756.7600000000001,2,8,2,8
864691135325487004,V1,L4,4P,119.13324,0.388661,665.5016149945661,274.5735436096059,852.8400000000003,21,23,21,23
864691136034084795,V1,L2/3,23P,112.412445,0.106146,652.6515665767276,208.49815127888095,954.0000000000002,9,25,9,25
864691136813937267,V1,L2/3,23P,29.9842,0.188671,712.6217140342446,145.0032768564233,814.3600000000002,22,16,22,16
864691136812081779,AL,L2/3,23P,91.349945,0.205471,1282.9909707402062,192.6555644058055,700.7200000000001,11,12,11,12
864691136604001745,V1,L2/3,23P,92.0514,0.486119,640.1834500566191,159.3524691649761,822.7200000000003,15,25,15,25
864691135448303762,V1,L2/3,23P,14.460538,0.285221,641.7388070233984,132.76284591255123,826.5600000000003,19,21,19,21
864691135662408944,V1,L6,6P-CT,101.62724,0.160453,618.8338230746185,513.5274693721186,914.7600000000002,19,9,19,9
864691135743102827,V1,L2/3,23P,52.834904,0.101604,709.46883300006,204.5390367086691,849.0800000000003,41,16,41,16
864691135455400554,V1,L2/3,23P,131.29558,0.397575,631.6181772087806,194.83698574674847,857.8800000000002,12,26,12,26
864691135738969220,V1,L2/3,23P,90.73573,0.394589,686.4248895052358,134.55230405020487,815.1600000000002,27,25,27,25
864691136674495623,V1,L5,5P-IT,19.654018,0.334989,676.3327282738121,389.42658784062365,819.5200000000002,21,21,21,21
864691136239460668,V1,L6,6P-IT,89.77847,0.324286,683.0723877783568,514.3292803246643,895.7200000000003,3,5,3,5
864691135408560329,RL,L2/3,23P,26.493683,0.245257,1162.9799536719083,196.35398869632633,968.6400000000002,1,6,1,6
864691135082864887,RL,L5,5P-IT,95.99335,0.3776,1152.2668747401258,372.41022949398,694.8400000000001,10,8,10,8
864691136137237899,V1,L2/3,23P,94.36657,0.283026,645.2818572024507,184.7896206677551,828.0000000000002,20,30,20,30
864691136311106650,RL,L5,5P-IT,41.74439,0.352011,1200.1352022883214,374.542342469104,705.2000000000002,21,9,21,9
864691135384843738,V1,L5,5P-IT,146.21024,0.0920679,686.773498942559,377.2984095832499,827.2800000000002,14,17,14,17
864691135101431072,V1,L2/3,23P,81.498665,0.558486,622.0489853214993,110.35349051469501,915.4400000000003,7,17,7,17
864691135576881950,V1,L4,4P,112.35057,0.132383,636.7704856090811,265.18573725058263,853.2800000000002,32,29,32,29
864691135816565839,V1,L2/3,23P,80.35046,0.14484,657.2690256074907,199.77941191477427,1032.2000000000003,8,13,8,13
864691136273494206,RL,L2/3,23P,177.82877,0.226027,1265.330431132436,191.110467398375,831.8400000000003,3,8,3,8
864691135940685057,AL,L2/3,23P,100.984955,0.418413,1346.5163359313246,200.14064779445582,767.2800000000001,2,5,2,5
864691134991010426,V1,L2/3,23P,171.66217,0.406905,674.6418518993034,200.2071812854658,825.7200000000003,36,34,36,34
864691135408808649,V1,L2/3,23P,64.67605,0.107057,759.6175662985075,93.22219260787185,951.9200000000003,4,11,4,11
864691135325263004,V1,L2/3,23P,5.2587442,0.17036,674.656793850465,182.41277045683486,848.0800000000003,19,26,19,26
864691135578103301,RL,L2/3,23P,29.087234,0.266319,1249.9360205387145,223.87744434883405,822.2000000000003,2,6,2,6
864691135731705273,RL,L2/3,23P,4.7272515,0.136281,1215.3899897012711,186.22728916484556,905.8800000000002,2,6,2,6
864691135717163802,V1,L2/3,23P,89.85395,0.461539,643.203760598806,146.12537348116265,856.0000000000002,21,16,21,16
864691135277186789,V1,L2/3,23P,158.06287,0.350294,628.3412801599445,210.99687862174395,820.8800000000002,6,35,6,35
864691135272069285,V1,L6,5P-ET,130.21082,0.253957,669.7059007280242,518.042443926405,926.4000000000002,3,30,3,30
864691134884807418,RL,L2/3,23P,58.166676,0.126063,1148.8547473929461,198.4589056962962,919.5600000000003,10,6,10,6
864691135994235841,V1,L5,5P-IT,105.369804,0.399553,636.1130662985634,412.9547450697128,852.8800000000002,14,21,14,21
864691136177629702,V1,L2/3,23P,119.2371,0.319708,719.1296706589546,146.98602761506493,855.8800000000002,26,37,26,37
864691135463695429,RL,L2/3,23P,54.51621,0.0555696,1230.0822702480004,223.16837778356654,829.6400000000002,1,6,1,6
864691135617152361,V1,L5,5P-IT,14.162944,0.508254,673.1745870290437,406.4320486070391,850.2000000000003,33,31,33,31
864691135566155351,RL,L5,5P-ET,7.6616488,0.416486,1136.2334258718759,486.6475297657792,907.0400000000003,2,4,2,4
864691135271696549,V1,L6,6P-IT,112.51902,0.020611,681.1394053268316,552.5783590958202,912.6800000000003,15,10,15,10
864691136914414321,V1,L2/3,23P,73.607315,0.44751,675.1726547909323,202.95188824436667,850.6400000000002,36,33,36,33
864691135851792071,RL,L2/3,23P,6.0485635,0.461313,1213.0470985181496,129.29444608719794,797.3600000000002,0,8,0,8
864691135777400237,RL,L5,5P-IT,91.67252,0.271359,1271.113137387219,474.5490327707867,894.8400000000003,0,3,0,3
864691135684657079,RL,L2/3,23P,7.9941363,0.381808,1196.6825263263297,209.13198558447144,822.3200000000003,0,6,0,6
864691135773073147,V1,L2/3,23P,92.14536,0.59584,659.2624410786207,220.31931003427465,826.4800000000002,24,28,24,28
864691135304641703,V1,L2/3,23P,149.9939,0.249177,629.0754329919682,154.1405086037835,852.6000000000003,21,29,21,29
864691134950156796,V1,L2/3,23P,66.2819,0.708312,726.0811767593638,117.46354934958083,829.8400000000003,30,13,30,13
864691136991166101,RL,L5,5P-ET,59.39036,0.336513,1134.5853531653852,489.33009874981684,944.9600000000003,0,3,0,3
864691136023980601,RL,L5,5P-IT,97.99511,0.473999,1107.4357651023565,372.27843933395104,970.6800000000003,4,7,4,7
864691135774179147,V1,L2/3,23P,105.86369,0.206143,648.9355415821868,153.30826417771047,828.7600000000002,26,25,26,25
864691135577749022,V1,L2/3,23P,3.324722,0.227629,636.0581237235631,133.80771779320116,876.7600000000002,33,28,33,28
864691136603811281,V1,L2/3,23P,142.35408,0.376234,686.4023463475841,114.24907938499359,843.8000000000003,49,22,49,22
864691135572385061,AL,L2/3,23P,104.18363,0.608038,1342.8123342000117,221.91668717663998,829.5200000000002,4,6,4,6
864691134919972106,V1,L2/3,23P,73.258385,0.276256,708.7410957626744,123.27035837246554,821.7600000000002,15,22,15,22
864691135749141801,RL,L2/3,23P,115.12942,0.297276,1136.034120829158,197.4014906822681,936.6400000000002,4,8,4,8
864691135015652246,V1,L2/3,23P,8.090279,0.234102,687.1402857224414,181.44911144956208,852.1600000000002,19,33,19,33
864691135946676260,RL,L2/3,23P,75.0894,0.20738,1222.9270381016236,208.02312595563527,799.3200000000003,3,5,3,5
864691135117980637,RL,L4,4P,16.161842,0.595266,1108.5288732737515,344.36348516014607,1029.3200000000002,4,7,4,7
864691135059143323,RL,L5,5P-IT,90.088295,0.212362,1123.8491231561256,378.5327573142559,953.8000000000003,3,14,3,14
864691136009893294,RL,L2/3,23P,49.934265,0.111765,1072.4012422384874,125.79102042641112,1000.4000000000002,6,3,6,3
864691136330407914,V1,L2/3,23P,126.371994,0.55124,638.0052683210249,220.96508271388112,852.4800000000002,13,33,13,33
864691135493686111,V1,L2/3,23P,102.95479,0.558359,645.2477247090211,196.92883921644645,859.0800000000003,28,50,28,50
864691136196127208,RL,L2/3,23P,6.917663,0.159524,1265.669184310062,195.31599498533103,854.8800000000002,12,7,12,7
864691136137834877,RL,L2/3,23P,92.30163,0.343525,1157.4224768804454,168.820850776497,923.2000000000003,19,15,19,15
864691136905560754,V1,L5,5P-ET,109.95102,0.456695,688.6721467874567,404.06173016125496,881.3600000000002,22,32,22,32
864691134886828794,AL,L2/3,23P,18.249794,0.283587,1292.0277985451773,135.62616175047955,802.6000000000003,1,8,1,8
864691136596815778,RL,L2/3,23P,132.1772,0.0436497,1255.1619692534687,181.03388310527308,824.8000000000003,1,6,1,6
864691135864188286,AL,L2/3,23P,105.5805,0.271369,1342.622365020097,124.9551623963918,753.0800000000002,2,5,2,5
864691136419797655,V1,L5,5P-ET,43.158733,0.493044,671.4214002675284,487.41942974866663,864.2800000000002,4,46,4,46
864691135367033849,RL,L5,5P-IT,128.32306,0.527452,1135.8449908565767,387.54857397794615,1068.3200000000002,0,9,0,9
864691135233242713,RL,L5,5P-ET,90.74605,0.433655,1132.0449207701688,370.7695267064712,984.6800000000003,4,14,4,14
864691135778132576,RL,L5,5P-IT,100.05432,0.232799,1117.2520346945962,387.84923518042154,874.4400000000003,10,13,10,13
864691135885140848,AL,L2/3,23P,101.1842,0.0459691,1313.2388160728592,211.87698112601396,830.2400000000002,3,8,3,8
864691135102274592,V1,L2/3,23P,72.37775,0.421845,650.9226274013787,107.09760460713994,847.3600000000002,43,27,43,27
864691135566168599,V1,L5,5P-ET,29.16149,0.472606,693.8308134872617,472.86917067374833,864.2400000000002,8,45,8,45
864691136089194039,RL,L5,5P-ET,30.13844,0.151986,1182.9116809178577,469.33793953775063,707.6800000000002,0,11,0,11
864691135618505065,V1,L5,5P-ET,10.458313,0.275503,786.9301302062389,458.079029820478,732.7200000000001,1,28,1,28
864691136022520056,V1,L5,5P-ET,127.366646,0.407019,658.5640689268957,482.3756463673956,877.4400000000003,4,69,4,69
864691135503182685,V1,L5,5P-ET,179.94255,0.50013,617.6324789935793,483.9341538363605,815.6400000000002,7,67,7,67
864691135774389755,V1,L5,5P-ET,17.131208,0.379028,627.8103048561725,476.28008376150933,889.5600000000003,8,70,8,70
864691135688186080,V1,L5,5P-ET,167.52812,0.121906,667.8080332150954,489.8015688177371,890.6400000000002,8,77,8,77
864691135782544435,AL,L5,5P-ET,81.068794,0.280482,1211.7985886412068,440.9636266089286,677.0800000000002,3,9,3,9
