pre_neuron_id,post_neuron_id,n_synapses
864691135763941174,864691135164772653,1
864691135763941174,864691135619756943,1
864691135763941174,864691135750307881,1
864691135763941174,864691135927494158,1
864691135763941174,864691136022520056,1
864691135763941174,864691136034084795,1
864691135763941174,864691136137293195,1
864691135763941174,864691136330101226,1
864691135763941174,864691137021264750,1
864691136488446226,864691135774389755,1
864691135694415551,864691134948788476,1
864691135694415551,864691135060651419,1
864691135694415551,864691135209432185,1
864691135694415551,864691135295165196,1
864691135694415551,864691135325071004,1
864691135694415551,864691135398805281,1
864691135694415551,864691135455507818,1
864691135694415551,864691135478316200,1
864691135694415551,864691135493149927,1
864691135694415551,864691135493620831,1
864691135694415551,864691135493686111,1
864691135694415551,864691135496381840,1
864691135694415551,864691135577749022,1
864691135694415551,864691135685087474,1
864691135694415551,864691135725920939,1
864691135694415551,864691135774053371,1
864691135694415551,864691135774294603,1
864691135694415551,864691135774389755,1
864691135694415551,864691135839950227,1
864691135694415551,864691135858273326,1
864691135694415551,864691135877825107,1
864691135694415551,864691135939008565,1
864691135694415551,864691135947258916,1
864691135694415551,864691135976063855,1
864691135694415551,864691136042982742,1
864691135694415551,864691136111559352,1
864691135694415551,864691136195798504,1
864691135694415551,864691136238679567,1
864691135694415551,864691136314491965,1
864691135694415551,864691136618795227,1
864691135694415551,864691136976001308,1
864691135694415551,864691137055712630,1
864691135398817569,864691135447540882,1
864691135398817569,864691135585266808,1
864691135398817569,864691135662408944,1
864691135398817569,864691135774179147,1
864691135398817569,864691136195798504,1
864691135398817569,864691136603811281,1
864691134942472035,864691135387690069,1
864691134942472035,864691135397982753,1
864691134942472035,864691135502885954,1
864691134942472035,864691135504327861,1
864691134942472035,864691135562798817,1
864691134942472035,864691135562842337,1
864691134942472035,864691135566168599,1
864691134942472035,864691135584629613,1
864691134942472035,864691135619756943,1
864691134942472035,864691135717163802,1
864691134942472035,864691135732210873,1
864691134942472035,864691135741524587,1
864691134942472035,864691135750649129,1
864691134942472035,864691135849088094,1
864691134942472035,864691135853198023,1
864691134942472035,864691135885911920,1
864691134942472035,864691136013367715,1
864691134942472035,864691136022520056,1
864691134942472035,864691136092725684,1
864691134942472035,864691136107283417,1
864691134942472035,864691136211385020,1
864691134942472035,864691136389688695,1
864691134942472035,864691136420195223,1
864691134942472035,864691136452609023,1
864691134942472035,864691136991202453,1
864691136228491601,864691134919869706,1
864691136228491601,864691135102433056,1
864691136228491601,864691135274816017,1
864691136228491601,864691135340055782,1
864691136228491601,864691135384344043,1
864691136228491601,864691135455400554,1
864691136228491601,864691135465343045,1
864691136228491601,864691135640297787,1
864691136228491601,864691135727790911,1
864691136228491601,864691135743102827,1
864691136228491601,864691135751110185,1
864691136228491601,864691135810905036,1
864691136228491601,864691135954393891,1
864691136228491601,864691136010639022,1
864691136228491601,864691136033227451,1
864691136228491601,864691136119885080,1
864691136228491601,864691136137237899,1
864691136228491601,864691136523335057,1
864691136228491601,864691136675875719,1
864691136228491601,864691136742067804,1
864691135468161164,864691135416233914,1
864691135849088094,864691135362104647,1
864691135849088094,864691135479833030,1
864691135849088094,864691135810466333,1
864691135849088094,864691135975824495,1
864691135849088094,864691136967703758,1
864691135849088094,864691136991390869,1
864691135616363211,864691135519106442,1
864691135616363211,864691135610877191,1
864691135616363211,864691135724393131,1
864691135616363211,864691135801604706,1
864691135616363211,864691135937286404,1
864691135616363211,864691135952121379,1
864691135616363211,864691136578820884,1
864691135518989962,864691135430346544,1
864691135518989962,864691135473383730,1
864691135518989962,864691135479833030,1
864691135518989962,864691135502885954,1
864691135518989962,864691135577644574,1
864691135518989962,864691135656578242,1
864691135518989962,864691135731889337,1
864691135518989962,864691135741524587,1
864691135518989962,864691135810308125,1
864691135518989962,864691135849426270,1
864691135518989962,864691136013367715,1
864691135518989962,864691136389688695,1
864691135518989962,864691136391042167,1
864691135518989962,864691136437631902,1
864691135518989962,864691136602371025,1
864691135877951571,864691135271038885,1
864691135877951571,864691135342958789,1
864691135877951571,864691135493686111,1
864691135877951571,864691135504168285,1
864691135877951571,864691135504203357,1
864691135877951571,864691135567059223,1
864691135877951571,864691135584008045,1
864691135877951571,864691135698211994,1
864691135877951571,864691135725748139,1
864691135877951571,864691135757083346,1
864691135877951571,864691136336107187,1
864691135877951571,864691136452609023,1
864691135877951571,864691136603811281,1
864691136239108156,864691135493686111,1
864691136239108156,864691136314491965,1
864691136239108156,864691136675875719,1
864691136210344892,864691135134695328,1
864691136210344892,864691135358995288,1
864691136210344892,864691135517531786,1
864691136210344892,864691135518453642,1
864691136210344892,864691136298045979,1
864691136210344892,864691136311106650,1
864691136006519498,864691135258642863,1
864691136006519498,864691135271038885,1
864691136006519498,864691135339600102,1
864691136006519498,864691135340055782,1
864691136006519498,864691135342958789,1
864691136006519498,864691135375107272,1
864691136006519498,864691135469753426,1
864691136006519498,864691135518173395,1
864691136006519498,864691135540440178,1
864691136006519498,864691135546902056,1
864691136006519498,864691135727790911,1
864691136006519498,864691135774294603,1
864691136006519498,864691135839932307,1
864691136006519498,864691135839950227,1
864691136006519498,864691135919956656,1
864691136006519498,864691136034011579,1
864691136006519498,864691136125440038,1
864691136006519498,864691136425073455,1
864691136006519498,864691136438717086,1
864691136006519498,864691136991202453,1
864691135954393891,864691135258642863,1
864691135954393891,864691135325487004,1
864691135954393891,864691135340055782,1
864691135954393891,864691135386963541,1
864691135954393891,864691135493149927,1
864691135954393891,864691135576881950,1
864691135954393891,864691135592830731,1
864691135954393891,864691135656674242,1
864691135954393891,864691135717457946,1
864691135954393891,864691135810466333,1
864691135954393891,864691135857993774,1
864691135954393891,864691135868466710,1
864691135954393891,864691135977309763,1
864691135954393891,864691136006519498,1
864691135954393891,864691136118370724,1
864691135954393891,864691136137794941,1
864691135954393891,864691136380757461,1
864691135954393891,864691136425073455,1
864691135954393891,864691136453419007,1
864691135954393891,864691136523216017,1
864691135954393891,864691136675427975,1
864691135954393891,864691136905758130,1
864691136120663064,864691135209369465,1
864691135294520844,864691134919869706,1
864691135294520844,864691135258642863,1
864691135294520844,864691135360482392,1
864691135294520844,864691135455507818,1
864691135294520844,864691135585266808,1
864691135294520844,864691135618505065,1
864691135294520844,864691135640398651,1
864691135294520844,864691135750958889,1
864691135294520844,864691135774053371,1
864691135294520844,864691135885911920,1
864691135294520844,864691136011684526,1
864691135294520844,864691136034011579,1
864691135294520844,864691136101340021,1
864691135294520844,864691136228491601,1
864691135294520844,864691136424439855,1
864691135398805281,864691135258642863,1
864691135398805281,864691135466158917,1
864691135398805281,864691135503182685,1
864691135398805281,864691135562975969,1
864691135398805281,864691135573276197,1
864691135398805281,864691135583223405,1
864691135398805281,864691135655390658,1
864691135398805281,864691135739587697,1
864691135398805281,864691135865648254,1
864691135398805281,864691135866576604,1
864691135398805281,864691136041575422,1
864691135398805281,864691136091634487,1
864691135398805281,864691136111559352,1
864691135398805281,864691136144674612,1
864691135398805281,864691136177629702,1
864691135398805281,864691136330101226,1
864691135398805281,864691136373008520,1
864691135398805281,864691136437631902,1
864691135398805281,864691136484732972,1
864691135398805281,864691136674749575,1
864691136275364365,864691135848030814,1
864691135518173395,864691134942472035,1
864691135518173395,864691134966114591,1
864691135518173395,864691135060651419,1
864691135518173395,864691135214931072,1
864691135518173395,864691135294442678,1
864691135518173395,864691135336055529,1
864691135518173395,864691135398805281,1
864691135518173395,864691135464928318,1
864691135518173395,864691135465932357,1
864691135518173395,864691135577749022,1
864691135518173395,864691135582973549,1
864691135518173395,864691135617152361,1
864691135518173395,864691135656674242,1
864691135518173395,864691135717457946,1
864691135518173395,864691135839950227,1
864691135518173395,864691135843242211,1
864691135518173395,864691135858273326,1
864691135518173395,864691135939049988,1
864691135518173395,864691135970180709,1
864691135518173395,864691135990004992,1
864691135518173395,864691136040834558,1
864691135518173395,864691136091074615,1
864691135518173395,864691136137237899,1
864691135518173395,864691136195798504,1
864691135518173395,864691136274655166,1
864691135518173395,864691136311059034,1
864691135518173395,864691136314491965,1
864691135518173395,864691136330407914,1
864691135518173395,864691136336107187,1
864691135518173395,864691136372047496,1
864691135518173395,864691136390788215,1
864691135518173395,864691136618795227,1
864691135518173395,864691136674744199,1
864691135518173395,864691136968542926,1
864691136905758130,864691135060727707,1
864691136905758130,864691135324623260,1
864691136905758130,864691135362104647,1
864691136905758130,864691135386963541,1
864691136905758130,864691135398817569,1
864691136905758130,864691135448215698,1
864691136905758130,864691135572346349,1
864691136905758130,864691135583223405,1
864691136905758130,864691135617152361,1
864691136905758130,864691135739689073,1
864691136905758130,864691135843242211,1
864691136905758130,864691135867644805,1
864691136905758130,864691135970226021,1
864691136905758130,864691136010639022,1
864691136905758130,864691136137834877,1
864691136905758130,864691136274655166,1
864691136905758130,864691136664950750,1
864691136905758130,864691136674744199,1
864691135462420637,864691135134155168,1
864691135462420637,864691135975633475,1
864691135462420637,864691136380264149,1
864691135566945559,864691135571192966,1
864691135274816017,864691134966714655,1
864691135274816017,864691135060882843,1
864691135274816017,864691135340055782,1
864691135274816017,864691135351096279,1
864691135274816017,864691135368949241,1
864691135274816017,864691135587519868,1
864691135274816017,864691135640297787,1
864691135274816017,864691135741963627,1
864691135274816017,864691135977666883,1
864691135274816017,864691136125457446,1
864691135274816017,864691136228491601,1
864691135274816017,864691136274655166,1
864691135274816017,864691136288644291,1
864691135274816017,864691136311106650,1
864691135274816017,864691136438666398,1
864691135274816017,864691136445557123,1
864691135274816017,864691136905560754,1
864691135496333968,864691135059143323,1
864691135496333968,864691135416233914,1
864691135496333968,864691135463695429,1
864691135496333968,864691135511802576,1
864691135496333968,864691135755197133,1
864691135496333968,864691135989817088,1
864691135496333968,864691136176327430,1
864691135496333968,864691136227484753,1
864691135496333968,864691136275031565,1
864691135867644805,864691135304679079,1
864691135867644805,864691135582973549,1
864691135867644805,864691135750642473,1
864691135867644805,864691136437631902,1
864691135867644805,864691136618795227,1
864691135867644805,864691136674495623,1
864691136904488114,864691135184104194,1
864691136904488114,864691135272069285,1
864691136904488114,864691135294480310,1
864691136904488114,864691135476495936,1
864691136904488114,864691135480916422,1
864691136904488114,864691135503182685,1
864691136904488114,864691135586724220,1
864691136904488114,864691135587532924,1
864691136904488114,864691135593133067,1
864691136904488114,864691135849088094,1
864691136904488114,864691135849426270,1
864691136904488114,864691136022520056,1
864691136904488114,864691136135963787,1
864691136904488114,864691136137794941,1
864691136904488114,864691136905560754,1
864691136904488114,864691136991390869,1
864691134966710559,864691134887026938,1
864691134966710559,864691134989865338,1
864691134966710559,864691135015652246,1
864691134966710559,864691135157994084,1
864691134966710559,864691135294520844,1
864691134966710559,864691135396940021,1
864691134966710559,864691135448215698,1
864691134966710559,864691135480892614,1
864691134966710559,864691135480916422,1
864691134966710559,864691135591041291,1
864691134966710559,864691135619756943,1
864691134966710559,864691135749141801,1
864691134966710559,864691135757040082,1
864691134966710559,864691135843242211,1
864691134966710559,864691135858298670,1
864691134966710559,864691135877825107,1
864691134966710559,864691135988557315,1
864691134966710559,864691136010639022,1
864691134966710559,864691136021865976,1
864691134966710559,864691136034181307,1
864691134966710559,864691136136383883,1
864691134966710559,864691136137293195,1
864691134966710559,864691136195798504,1
864691134966710559,864691136196265704,1
864691134966710559,864691136196517452,1
864691134966710559,864691136330101226,1
864691134966710559,864691136363303138,1
864691134966710559,864691136453419007,1
864691134966710559,864691136904488114,1
864691134966710559,864691136991202453,1
864691135209194617,864691135209280633,1
864691135209194617,864691135802453858,1
864691135209194617,864691135857099310,1
864691135209194617,864691135938816260,1
864691135209194617,864691136010028974,1
864691135209194617,864691136298045979,1
864691135209194617,864691136311106650,1
864691135209194617,864691136975144988,1
864691135431089968,864691135350420951,1
864691135431089968,864691135811335116,1
864691136389688695,864691135060651419,1
864691136389688695,864691135155894884,1
864691136389688695,864691135164887853,1
864691136389688695,864691135271038885,1
864691136389688695,864691135277309669,1
864691136389688695,864691135280481697,1
864691136389688695,864691135398817569,1
864691136389688695,864691135540440178,1
864691136389688695,864691135562410721,1
864691136389688695,864691135562842337,1
864691136389688695,864691135567047191,1
864691136389688695,864691135577749022,1
864691136389688695,864691135655390658,1
864691136389688695,864691135741659499,1
864691136389688695,864691135741780116,1
864691136389688695,864691135763941174,1
864691136389688695,864691135839950227,1
864691136389688695,864691135892214409,1
864691136389688695,864691135928366606,1
864691136389688695,864691135947258916,1
864691136389688695,864691136041575422,1
864691136389688695,864691136084313196,1
864691136389688695,864691136111251896,1
864691136389688695,864691136137293195,1
864691136389688695,864691136195798504,1
864691136389688695,864691136905560754,1
864691136389688695,864691136991202453,1
864691136389688695,864691137198691137,1
864691135594817067,864691136022520056,1
864691135725842603,864691134949081852,1
864691135725842603,864691134966714655,1
864691135725842603,864691135102433056,1
864691135725842603,864691135162908461,1
864691135725842603,864691135294520844,1
864691135725842603,864691135304641703,1
864691135725842603,864691135336055529,1
864691135725842603,864691135357351375,1
864691135725842603,864691135382556378,1
864691135725842603,864691135384344043,1
864691135725842603,864691135466158917,1
864691135725842603,864691135492568551,1
864691135725842603,864691135493686111,1
864691135725842603,864691135496440208,1
864691135725842603,864691135562004193,1
864691135725842603,864691135562410721,1
864691135725842603,864691135562842337,1
864691135725842603,864691135566168599,1
864691135725842603,864691135571515270,1
864691135725842603,864691135583277677,1
864691135725842603,864691135587519868,1
864691135725842603,864691135617440105,1
864691135725842603,864691135742102635,1
864691135725842603,864691135750307881,1
864691135725842603,864691135757040082,1
864691135725842603,864691135977666883,1
864691135725842603,864691135988557315,1
864691135725842603,864691136111559352,1
864691135725842603,864691136125457446,1
864691135725842603,864691136424439855,1
864691135725842603,864691136445557123,1
864691135725842603,864691136488999186,1
864691135725842603,864691136524172689,1
864691135725842603,864691136814508659,1
864691135725842603,864691136953873631,1
864691135725842603,864691136975624220,1
864691135725842603,864691137055712630,1
864691135725842603,864691137056393846,1
864691136380264405,864691135271696549,1
864691136380264405,864691135809509917,1
864691134949081852,864691134887026938,1
864691134949081852,864691134991010426,1
864691134949081852,864691135015154934,1
864691134949081852,864691135155894884,1
864691134949081852,864691135214986368,1
864691134949081852,864691135274195217,1
864691134949081852,864691135357351375,1
864691134949081852,864691135478316200,1
864691134949081852,864691135480892614,1
864691134949081852,864691135576881950,1
864691134949081852,864691135577749022,1
864691134949081852,864691135760635214,1
864691134949081852,864691135858298670,1
864691134949081852,864691135868916246,1
864691134949081852,864691135977045871,1
864691134949081852,864691135977666883,1
864691134949081852,864691136010639022,1
864691134949081852,864691136021865976,1
864691134949081852,864691136034084795,1
864691134949081852,864691136107283417,1
864691134949081852,864691136125433894,1
864691134949081852,864691136125956134,1
864691134949081852,864691136177629702,1
864691134949081852,864691136196202472,1
864691134949081852,864691136314404669,1
864691134949081852,864691136373008520,1
864691134949081852,864691136453384959,1
864691134949081852,864691136579129876,1
864691134949081852,864691136604001745,1
864691134949081852,864691136664950750,1
864691134949081852,864691136991359893,1
864691135122469671,864691135940685057,1
864691135610877191,864691135809608652,1
864691136927761226,864691135102381856,1
864691136927761226,864691135184104194,1
864691136927761226,864691135387535957,1
864691136927761226,864691135567059223,1
864691136927761226,864691135572346349,1
864691136927761226,864691135577651230,1
864691136927761226,864691135583277677,1
864691136927761226,864691135587519868,1
864691136927761226,864691135656579010,1
864691136927761226,864691135686283703,1
864691136927761226,864691135810466333,1
864691136927761226,864691135878061395,1
864691136927761226,864691135994235841,1
864691136927761226,864691136108378073,1
864691136927761226,864691136110256824,1
864691136927761226,864691136381301461,1
864691136927761226,864691136674749575,1
864691135562410721,864691135274816017,1
864691135562410721,864691135466236229,1
864691135562410721,864691135480892614,1
864691135562410721,864691135646775791,1
864691135562410721,864691135773208651,1
864691135562410721,864691135938816260,1
864691135562410721,864691136011686318,1
864691135562410721,864691136177629702,1
864691135562410721,864691136438717086,1
864691135101595680,864691134887460346,1
864691135101595680,864691135060882843,1
864691135101595680,864691135102274592,1
864691135101595680,864691135258642863,1
864691135101595680,864691135294520844,1
864691135101595680,864691135375351369,1
864691135101595680,864691135470787666,1
864691135101595680,864691135495698832,1
864691135101595680,864691135496440208,1
864691135101595680,864691135562004193,1
864691135101595680,864691135576881950,1
864691135101595680,864691135577749022,1
864691135101595680,864691135617440105,1
864691135101595680,864691135695146943,1
864691135101595680,864691135742102635,1
864691135101595680,864691135773073147,1
864691135101595680,864691135774053371,1
864691135101595680,864691135778419901,1
864691135101595680,864691135778467517,1
864691135101595680,864691135782241616,1
864691135101595680,864691135866576604,1
864691135101595680,864691135868210454,1
864691135101595680,864691135927381774,1
864691135101595680,864691135955962888,1
864691135101595680,864691135970226021,1
864691135101595680,864691135988557315,1
864691135101595680,864691136010639022,1
864691135101595680,864691136033332155,1
864691135101595680,864691136091634487,1
864691135101595680,864691136118686884,1
864691135101595680,864691136238679567,1
864691135101595680,864691136330407914,1
864691135101595680,864691136390474359,1
864691135101595680,864691136453384959,1
864691135101595680,864691136953197279,1
864691135101595680,864691136968542926,1
864691135101595680,864691136991202453,1
864691135101595680,864691136991359893,1
864691135101595680,864691137055367798,1
864691135772053835,864691136812081779,1
864691136373008520,864691135102274592,1
864691136373008520,864691135135019168,1
864691136373008520,864691135272069285,1
864691136373008520,864691135277186789,1
864691136373008520,864691135416233914,1
864691136373008520,864691135468161164,1
864691136373008520,864691135518283475,1
864691136373008520,864691135585266808,1
864691136373008520,864691135688186080,1
864691136373008520,864691135689417440,1
864691136373008520,864691135750958889,1
864691136373008520,864691135927647956,1
864691136373008520,864691136228250961,1
864691136373008520,864691136452447743,1
864691136373008520,864691136453419007,1
864691136373008520,864691136905758130,1
864691135731889337,864691134966324767,1
864691135731889337,864691135014355094,1
864691135731889337,864691135325487004,1
864691135731889337,864691135375484489,1
864691135731889337,864691135448698196,1
864691135731889337,864691135469753426,1
864691135731889337,864691135518989962,1
864691135731889337,864691135577644574,1
864691135731889337,864691135640398651,1
864691135731889337,864691135742102635,1
864691135731889337,864691135787537348,1
864691135731889337,864691135811335116,1
864691135731889337,864691135850033758,1
864691135731889337,864691135993150913,1
864691135731889337,864691136086630764,1
864691135731889337,864691136195798504,1
864691135731889337,864691136298125851,1
864691135731889337,864691136311059034,1
864691135731889337,864691136311381338,1
864691135731889337,864691136603811281,1
864691135731889337,864691136968542926,1
864691135731889337,864691137056393846,1
864691134886569210,864691135593133067,1
864691134886569210,864691135849426270,1
864691134886569210,864691136524297617,1
864691134886569210,864691136904488114,1
864691135294480310,864691135339088102,1
864691135294480310,864691135386963541,1
864691135294480310,864691135396794101,1
864691135294480310,864691135409859785,1
864691135294480310,864691135480311494,1
864691135294480310,864691135499283987,1
864691135294480310,864691135584629613,1
864691135294480310,864691135725748139,1
864691135294480310,864691135817195343,1
864691135294480310,864691135817419343,1
864691135294480310,864691135994226881,1
864691135294480310,864691136228250961,1
864691135294480310,864691136330101226,1
864691135294480310,864691136523335057,1
864691135724393131,864691135585046648,1
864691135724393131,864691136275031565,1
864691135569902316,864691135346571423,1
864691135569902316,864691135417045946,1
864691135569902316,864691135583352941,1
864691135569902316,864691135741659499,1
864691135569902316,864691135772987899,1
864691135569902316,864691136013367715,1
864691135569902316,864691136058745048,1
864691135569902316,864691136125433894,1
864691135569902316,864691136420195223,1
864691135569902316,864691136578982164,1
864691135569902316,864691136603221201,1
864691135938629892,864691134884807418,1
864691135938629892,864691135339103718,1
864691135938629892,864691135473383730,1
864691135938629892,864691135740865684,1
864691135938629892,864691135741659499,1
864691135938629892,864691135749141801,1
864691135938629892,864691135772987899,1
864691135938629892,864691136391623039,1
864691135774368763,864691135015652246,1
864691135774368763,864691135214986368,1
864691135774368763,864691135258642863,1
864691135774368763,864691135277309669,1
864691135774368763,864691135360096071,1
864691135774368763,864691135408808649,1
864691135774368763,864691135448303762,1
864691135774368763,864691135585266808,1
864691135774368763,864691135655390658,1
864691135774368763,864691135688186080,1
864691135774368763,864691135717271834,1
864691135774368763,864691135782702387,1
864691135774368763,864691135810905036,1
864691135774368763,864691136026254649,1
864691135774368763,864691136034011579,1
864691135774368763,864691136043380566,1
864691135774368763,864691136419797655,1
864691135774368763,864691136438469534,1
864691135774368763,864691136523288465,1
864691135774368763,864691136813937267,1
864691135774053371,864691134887026938,1
864691135774053371,864691135257669039,1
864691135774053371,864691135496440208,1
864691135774053371,864691135662408944,1
864691135774053371,864691135739689073,1
864691135774053371,864691135810473245,1
864691135774053371,864691136010639022,1
864691135774053371,864691136125457446,1
864691135774053371,864691136137794941,1
864691135774053371,864691136438469534,1
864691135774053371,864691136453419007,1
864691135774053371,864691136905458866,1
864691136524172689,864691134919972106,1
864691136524172689,864691135258642863,1
864691136524172689,864691135277186789,1
864691136524172689,864691135362104647,1
864691136524172689,864691135375351369,1
864691136524172689,864691135496440208,1
864691136524172689,864691135540272498,1
864691136524172689,864691135546339880,1
864691136524172689,864691135567047191,1
864691136524172689,864691135655390658,1
864691136524172689,864691135742756203,1
864691136524172689,864691135750307881,1
864691136524172689,864691135774389755,1
864691136524172689,864691136111251896,1
864691136524172689,864691136228250961,1
864691136524172689,864691136419797655,1
864691136524172689,864691136438717086,1
864691135342541509,864691135119709149,1
864691135342541509,864691135258642863,1
864691135342541509,864691135360482392,1
864691135342541509,864691135469422674,1
864691135342541509,864691135571192966,1
864691135342541509,864691135572346349,1
864691135342541509,864691135583223405,1
864691135342541509,864691135585266808,1
864691135342541509,864691135779049056,1
864691135342541509,864691135810905036,1
864691135342541509,864691135867644805,1
864691135342541509,864691136058745048,1
864691135342541509,864691136111559352,1
864691135342541509,864691136125457446,1
864691135342541509,864691136195798504,1
864691135342541509,864691136238090767,1
864691135342541509,864691136381243349,1
864691135342541509,864691136619693275,1
864691135342541509,864691136674495623,1
864691135342541509,864691136905560754,1
864691135988742147,864691135102151968,1
864691135988742147,864691135274816017,1
864691135988742147,864691135405733870,1
864691135988742147,864691135430346544,1
864691135988742147,864691135586724220,1
864691135988742147,864691135591041291,1
864691135988742147,864691135594721579,1
864691135988742147,864691135694246079,1
864691135988742147,864691135750307881,1
864691135988742147,864691135765013302,1
864691135988742147,864691135773209163,1
864691135988742147,864691135868957462,1
864691135988742147,864691136058745048,1
864691135988742147,864691136274655166,1
864691135988742147,864691136484364844,1
864691135988742147,864691136674744199,1
864691135988742147,864691136991202453,1
864691136274655166,864691134887026938,1
864691136274655166,864691134950156796,1
864691136274655166,864691135015605910,1
864691136274655166,864691135060727707,1
864691136274655166,864691135101431072,1
864691136274655166,864691135157994084,1
864691136274655166,864691135164887853,1
864691136274655166,864691135209432185,1
864691136274655166,864691135274195217,1
864691136274655166,864691135304641703,1
864691136274655166,864691135325413788,1
864691136274655166,864691135368949241,1
864691136274655166,864691135448303762,1
864691136274655166,864691135465100189,1
864691136274655166,864691135466236229,1
864691136274655166,864691135470787666,1
864691136274655166,864691135496381840,1
864691136274655166,864691135546339880,1
864691136274655166,864691135562474977,1
864691136274655166,864691135562842337,1
864691136274655166,864691135570301676,1
864691136274655166,864691135571192966,1
864691136274655166,864691135576881950,1
864691136274655166,864691135586240120,1
864691136274655166,864691135640297787,1
864691136274655166,864691135694246079,1
864691136274655166,864691135750958889,1
864691136274655166,864691135757040082,1
864691136274655166,864691135773209163,1
864691136274655166,864691135774179147,1
864691136274655166,864691135774294603,1
864691136274655166,864691135779049056,1
864691136274655166,864691135782241616,1
864691136274655166,864691135801463650,1
864691136274655166,864691135839932307,1
864691136274655166,864691135842486243,1
864691136274655166,864691135877825107,1
864691136274655166,864691135976063855,1
864691136274655166,864691136034084795,1
864691136274655166,864691136120658712,1
864691136274655166,864691136314404669,1
864691136274655166,864691136330101226,1
864691136274655166,864691136391042167,1
864691136274655166,864691136488414994,1
864691136274655166,864691136596901026,1
864691136274655166,864691136618795227,1
864691136274655166,864691136664127454,1
864691136274655166,864691136675427975,1
864691136274655166,864691136905758130,1
864691136274655166,864691136975144988,1
864691136274655166,864691136991359893,1
864691136274655166,864691137055712630,1
864691136274655166,864691137199828801,1
864691135878061395,864691135447540882,1
864691135878061395,864691135578360837,1
864691135878061395,864691135750642473,1
864691135878061395,864691136101464181,1
864691135977045871,864691134886499066,1
864691135977045871,864691135015652246,1
864691135977045871,864691135066958404,1
864691135977045871,864691135155894884,1
864691135977045871,864691135271038885,1
864691135977045871,864691135294520844,1
864691135977045871,864691135325413788,1
864691135977045871,864691135343818161,1
864691135977045871,864691135396794101,1
864691135977045871,864691135464928318,1
864691135977045871,864691135499231763,1
864691135977045871,864691135578360837,1
864691135977045871,864691135584008045,1
864691135977045871,864691135587371132,1
864691135977045871,864691135591041291,1
864691135977045871,864691135594721579,1
864691135977045871,864691135685087474,1
864691135977045871,864691135725920939,1
864691135977045871,864691135731889337,1
864691135977045871,864691135773073147,1
864691135977045871,864691135774294603,1
864691135977045871,864691135778419901,1
864691135977045871,864691135839950227,1
864691135977045871,864691135853198023,1
864691135977045871,864691135886130288,1
864691135977045871,864691135955962888,1
864691135977045871,864691135988557315,1
864691135977045871,864691136011768494,1
864691135977045871,864691136239902780,1
864691135977045871,864691136298125851,1
864691135977045871,864691136438469534,1
864691135977045871,864691136438585502,1
864691135977045871,864691136438717086,1
864691135977045871,864691136488446226,1
864691135977045871,864691136488999186,1
864691135977045871,864691136619693275,1
864691135977045871,864691136976001308,1
864691135977045871,864691136991202453,1
864691135939477508,864691135102274592,1
864691135939477508,864691135209369465,1
864691135939477508,864691135258642863,1
864691135939477508,864691135325263004,1
864691135939477508,864691135343818161,1
864691135939477508,864691135405626862,1
864691135939477508,864691135503182685,1
864691135939477508,864691135540272498,1
864691135939477508,864691135586240120,1
864691135939477508,864691135688186080,1
864691135939477508,864691135695146943,1
864691135939477508,864691135739587697,1
864691135939477508,864691135773073147,1
864691135939477508,864691135774053371,1
864691135939477508,864691135878061395,1
864691135939477508,864691135947258916,1
864691135939477508,864691136089194039,1
864691135939477508,864691136091634487,1
864691135939477508,864691136137794941,1
864691135939477508,864691136330101226,1
864691135939477508,864691136364308962,1
864691135939477508,864691136968542926,1
864691135939477508,864691136991202453,1
864691135939477508,864691137198691137,1
864691136108938168,864691135059143323,1
864691136108938168,864691135059845275,1
864691136108938168,864691135497743635,1
864691136108938168,864691135578103301,1
864691136108938168,864691135684657079,1
864691136108938168,864691135700409211,1
864691136108938168,864691135808684573,1
864691136108938168,864691135977666883,1
864691136108938168,864691136137834877,1
864691136108938168,864691136176327430,1
864691136108938168,864691136309871706,1
864691136108938168,864691136330101226,1
864691135375888840,864691134887026938,1
864691135375888840,864691134966324767,1
864691135375888840,864691134966714655,1
864691135375888840,864691135102151968,1
864691135375888840,864691135102274592,1
864691135375888840,864691135124603687,1
864691135375888840,864691135214931072,1
864691135375888840,864691135277309669,1
864691135375888840,864691135280481697,1
864691135375888840,864691135324623260,1
864691135375888840,864691135362104647,1
864691135375888840,864691135398868257,1
864691135375888840,864691135430486576,1
864691135375888840,864691135466158917,1
864691135375888840,864691135466283333,1
864691135375888840,864691135493620831,1
864691135375888840,864691135503182685,1
864691135375888840,864691135504327861,1
864691135375888840,864691135518283475,1
864691135375888840,864691135577651230,1
864691135375888840,864691135583277677,1
864691135375888840,864691135584629613,1
864691135375888840,864691135591854347,1
864691135375888840,864691135655894978,1
864691135375888840,864691135685087474,1
864691135375888840,864691135698211994,1
864691135375888840,864691135774368763,1
864691135375888840,864691135782241616,1
864691135375888840,864691135801463650,1
864691135375888840,864691135810905036,1
864691135375888840,864691135850033758,1
864691135375888840,864691135861093992,1
864691135375888840,864691135886208112,1
864691135375888840,864691135919956656,1
864691135375888840,864691136034084795,1
864691135375888840,864691136085781356,1
864691135375888840,864691136125440038,1
864691135375888840,864691136239980604,1
864691135375888840,864691136314491965,1
864691135375888840,864691136330101226,1
864691135375888840,864691136380757461,1
864691135375888840,864691136604001745,1
864691135375888840,864691136905758130,1
864691135375888840,864691136991359893,1
864691135384344043,864691135258642863,1
864691135384344043,864691135857993774,1
864691135384344043,864691136239980604,1
864691135384344043,864691136523216017,1
864691135955909640,864691135362104647,1
864691135955909640,864691135384843738,1
864691135955909640,864691135476495936,1
864691135955909640,864691135656674242,1
864691135955909640,864691135686283703,1
864691135955909640,864691135954393891,1
864691135940996774,864691136420195223,1
864691136136778621,864691135273918993,1
864691136136778621,864691135689417440,1
864691136136778621,864691135801463650,1
864691136136778621,864691135885911920,1
864691136136778621,864691135993150913,1
864691136136778621,864691136106969561,1
864691136136778621,864691136195834070,1
864691136136778621,864691136330101226,1
864691136136778621,864691136914414321,1
864691136136778621,864691137198691137,1
864691134966714655,864691134966114591,1
864691134966714655,864691134991010426,1
864691134966714655,864691135214986368,1
864691134966714655,864691135336055529,1
864691134966714655,864691135357351375,1
864691134966714655,864691135493149927,1
864691134966714655,864691135698211994,1
864691134966714655,864691135725842603,1
864691134966714655,864691135750958889,1
864691134966714655,864691135801463650,1
864691134966714655,864691135977309763,1
864691134966714655,864691136134678667,1
864691134966714655,864691136239902780,1
864691134966714655,864691136275894285,1
864691134966714655,864691137056393846,1
864691136445557123,864691134942472035,1
864691136445557123,864691135102381856,1
864691136445557123,864691135102433056,1
864691136445557123,864691135124603687,1
864691136445557123,864691135274816017,1
864691136445557123,864691135362104647,1
864691136445557123,864691135368949241,1
864691136445557123,864691135396794101,1
864691136445557123,864691135396940021,1
864691136445557123,864691135584629613,1
864691136445557123,864691135656579010,1
864691136445557123,864691135662408944,1
864691136445557123,864691135763941174,1
864691136445557123,864691135778467517,1
864691136445557123,864691135808684573,1
864691136445557123,864691135866576604,1
864691136445557123,864691135867644805,1
864691136445557123,864691135890695049,1
864691136445557123,864691135955962888,1
864691136445557123,864691136110366904,1
864691136445557123,864691136118370724,1
864691136445557123,864691136228491601,1
864691136445557123,864691136288644291,1
864691136445557123,864691136453384959,1
864691136445557123,864691136488999186,1
864691135578360837,864691135209194617,1
864691135578360837,864691135732578745,1
864691135578360837,864691135757083346,1
864691135578360837,864691136953413599,1
864691135656674242,864691135272003237,1
864691135656674242,864691135503182685,1
864691135656674242,864691135977666883,1
864691135656674242,864691136022520056,1
864691135656674242,864691136040834558,1
864691135809509917,864691135977666883,1
864691136309871706,864691135233242713,1
864691136309871706,864691135491204327,1
864691136309871706,864691135577644574,1
864691136309871706,864691135778132576,1
864691136309871706,864691135852138183,1
864691136309871706,864691136084313196,1
864691136309871706,864691136812081779,1
864691136309871706,864691136814442867,1
864691135591726603,864691136904488114,1
864691136579129876,864691134989865338,1
864691136579129876,864691135136360217,1
864691136579129876,864691135209369465,1
864691136579129876,864691135294520844,1
864691136579129876,864691135304641703,1
864691136579129876,864691135343818161,1
864691136579129876,864691135405733870,1
864691136579129876,864691135466158917,1
864691136579129876,864691135469753426,1
864691136579129876,864691135656578242,1
864691136579129876,864691135717271834,1
864691136579129876,864691135732210873,1
864691136579129876,864691135732578745,1
864691136579129876,864691135739008132,1
864691136579129876,864691135741458324,1
864691136579129876,864691135750958889,1
864691136579129876,864691135751110185,1
864691136579129876,864691135760106830,1
864691136579129876,864691135885911920,1
864691136579129876,864691135977309763,1
864691136579129876,864691136011684526,1
864691136579129876,864691136086088556,1
864691136579129876,864691136101340021,1
864691136579129876,864691136111559352,1
864691136579129876,864691136330407914,1
864691136579129876,864691136419797655,1
864691136579129876,864691136452602367,1
864691136579129876,864691136596901026,1
864691136579129876,864691136991390869,1
864691135757083346,864691135015154934,1
864691135757083346,864691135102274592,1
864691135757083346,864691135258642863,1
864691135757083346,864691135280944545,1
864691135757083346,864691135294442678,1
864691135757083346,864691135324725404,1
864691135757083346,864691135374981320,1
864691135757083346,864691135496381840,1
864691135757083346,864691135578146565,1
864691135757083346,864691135584629613,1
864691135757083346,864691135717275162,1
864691135757083346,864691135839932307,1
864691135757083346,864691135867644805,1
864691135757083346,864691135919956656,1
864691135757083346,864691135939008565,1
864691135757083346,864691135977654851,1
864691135757083346,864691136137237899,1
864691135757083346,864691136392785279,1
864691135757083346,864691136453384959,1
864691135757083346,864691136904488114,1
864691135757083346,864691136953413599,1
864691135757083346,864691137056393846,1
864691135728030015,864691135164887853,1
864691135728030015,864691135214986368,1
864691135728030015,864691135324623260,1
864691135728030015,864691135375107272,1
864691135728030015,864691135448698196,1
864691135728030015,864691135546339880,1
864691135728030015,864691135572346349,1
864691135728030015,864691135611140359,1
864691135728030015,864691135662059248,1
864691135728030015,864691135810492189,1
864691135728030015,864691135861093992,1
864691135728030015,864691135868386070,1
864691135728030015,864691136043380566,1
864691135728030015,864691136239980604,1
864691135728030015,864691136314473021,1
864691135728030015,864691136675427975,1
864691135728030015,864691136927761226,1
864691136137794941,864691135447540882,1
864691136137794941,864691135567059223,1
864691136137794941,864691135886208112,1
864691136137794941,864691136390788215,1
864691136137794941,864691136391042167,1
864691135755197133,864691135367033849,1
864691135755197133,864691135778132576,1
864691135465932357,864691134919972106,1
864691135465932357,864691134948788476,1
864691135465932357,864691135060651419,1
864691135465932357,864691135135019168,1
864691135465932357,864691135214986368,1
864691135465932357,864691135325263004,1
864691135465932357,864691135362104647,1
864691135465932357,864691135398805281,1
864691135465932357,864691135448303762,1
864691135465932357,864691135464795710,1
864691135465932357,864691135496381840,1
864691135465932357,864691135502885954,1
864691135465932357,864691135577644574,1
864691135465932357,864691135586240120,1
864691135465932357,864691135732210873,1
864691135465932357,864691135853198023,1
864691135465932357,864691135977666883,1
864691135465932357,864691136177629702,1
864691135465932357,864691136364308962,1
864691135465932357,864691136603811281,1
864691135465932357,864691136742067804,1
864691135465932357,864691136976001308,1
864691134941412707,864691135060651419,1
864691134941412707,864691135134052512,1
864691134941412707,864691135277186789,1
864691134941412707,864691135357351375,1
864691134941412707,864691135360809560,1
864691134941412707,864691135477839784,1
864691134941412707,864691135695146943,1
864691134941412707,864691135698211994,1
864691134941412707,864691135868210454,1
864691134941412707,864691136086630764,1
864691134941412707,864691136364308962,1
864691134941412707,864691136391042167,1
864691134941412707,864691136452602367,1
864691134941412707,864691136523081105,1
864691134941412707,864691136523335057,1
864691135739689073,864691135015652246,1
864691135739689073,864691135274195217,1
864691135739689073,864691135342541509,1
864691135739689073,864691135408808649,1
864691135739689073,864691135763941174,1
864691135739689073,864691135774389755,1
864691135739689073,864691135842486243,1
864691135739689073,864691135855890478,1
864691135739689073,864691135875460494,1
864691135739689073,864691136011686318,1
864691135739689073,864691136042982742,1
864691135739689073,864691136312150874,1
864691135739689073,864691136389921911,1
864691136314473021,864691134884807418,1
864691136314473021,864691135325071004,1
864691136314473021,864691135343818161,1
864691136314473021,864691135518989962,1
864691136314473021,864691135546902056,1
864691136314473021,864691135618505065,1
864691136314473021,864691135763495478,1
864691136314473021,864691135977045871,1
864691136314473021,864691136034011579,1
864691136314473021,864691136137834877,1
864691136314473021,864691136389921911,1
864691136314473021,864691136420279191,1
864691136314473021,864691136452602367,1
864691136314473021,864691136452609023,1
864691136314473021,864691136975144988,1
864691136314473021,864691136991390869,1
864691135495698832,864691135688186080,1
864691135495698832,864691136228250961,1
864691135495698832,864691136419797655,1
864691135495698832,864691136991202453,1
864691135134695328,864691135270320293,1
864691135134695328,864691135273918993,1
864691135134695328,864691135408560329,1
864691135134695328,864691135616363211,1
864691135134695328,864691135697613077,1
864691135134695328,864691135719761713,1
864691135134695328,864691135852138183,1
864691135134695328,864691135855860782,1
864691135134695328,864691136009893294,1
864691135134695328,864691136084684396,1
864691135134695328,864691136137834877,1
864691135134695328,864691136196127208,1
864691135134695328,864691136228538961,1
864691135134695328,864691136451224831,1
864691135134695328,864691136812081779,1
864691135868916246,864691135686283703,1
864691135868916246,864691135877825107,1
864691135868916246,864691136438717086,1
864691135868916246,864691136484732972,1
864691135480916422,864691134942169955,1
864691135480916422,864691134949263100,1
864691135480916422,864691135066958404,1
864691135480916422,864691135272069285,1
864691135480916422,864691135280682401,1
864691135480916422,864691135388368001,1
864691135480916422,864691135480892614,1
864691135480916422,864691135689417440,1
864691135480916422,864691136006519498,1
864691135480916422,864691136022520056,1
864691135480916422,864691136023889209,1
864691135480916422,864691136196517452,1
864691135480916422,864691136336179123,1
864691135480916422,864691136453419007,1
864691135480916422,864691136953677535,1
864691135480916422,864691136954050527,1
864691135480916422,864691137055367798,1
864691135480916422,864691137055405174,1
864691136372039560,864691135014966262,1
864691136372039560,864691135184104194,1
864691136372039560,864691135272069285,1
864691136372039560,864691135384843738,1
864691136372039560,864691135480892614,1
864691136372039560,864691135577221406,1
864691136372039560,864691135617440105,1
864691136372039560,864691135688186080,1
864691136372039560,864691135750307881,1
864691136372039560,864691135765013302,1
864691136372039560,864691135809509917,1
864691136372039560,864691136052738803,1
864691135324705692,864691134919869706,1
864691135324705692,864691134966114591,1
864691135324705692,864691135280682401,1
864691135324705692,864691135384344043,1
864691135324705692,864691135417478842,1
864691135324705692,864691135465955397,1
864691135324705692,864691135570301676,1
864691135324705692,864691135619756943,1
864691135324705692,864691135695146943,1
864691135324705692,864691135927494158,1
864691135324705692,864691135928366606,1
864691135324705692,864691135942924148,1
864691135324705692,864691135954393891,1
864691135324705692,864691135977309763,1
864691135324705692,864691136011768494,1
864691135324705692,864691136058745048,1
864691135324705692,864691136118370724,1
864691135324705692,864691136120159768,1
864691135324705692,864691136125433894,1
864691135324705692,864691136239902780,1
864691135324705692,864691136380718037,1
864691135324705692,864691136380757461,1
864691135324705692,864691136437631902,1
864691135324705692,864691136523118481,1
864691135324705692,864691136912172017,1
864691135927381774,864691135258563503,1
864691135927381774,864691135294520844,1
864691135927381774,864691135396794101,1
864691135927381774,864691135694415551,1
864691135927381774,864691136211371452,1
864691135927381774,864691136437631902,1
864691135751110185,864691134991010426,1
864691135751110185,864691135157198692,1
864691135751110185,864691135184104194,1
864691135751110185,864691135387535957,1
864691135751110185,864691135405337326,1
864691135751110185,864691135469845388,1
864691135751110185,864691135478316200,1
864691135751110185,864691135504203357,1
864691135751110185,864691135577651230,1
864691135751110185,864691135592830731,1
864691135751110185,864691135640297787,1
864691135751110185,864691135725842603,1
864691135751110185,864691135866576604,1
864691135751110185,864691135939049988,1
864691135751110185,864691135954393891,1
864691135751110185,864691135977309763,1
864691135751110185,864691136041575422,1
864691135751110185,864691136058745048,1
864691135751110185,864691136288644291,1
864691135751110185,864691136330101226,1
864691135751110185,864691136330407914,1
864691135751110185,864691136381301461,1
864691135751110185,864691136420303511,1
864691135751110185,864691136445557123,1
864691135751110185,864691136453419007,1
864691135751110185,864691136524172689,1
864691136675875719,864691134942472035,1
864691136675875719,864691135184104194,1
864691136675875719,864691135271038885,1
864691136675875719,864691135274195217,1
864691136675875719,864691135294442678,1
864691136675875719,864691135336055529,1
864691136675875719,864691135396794101,1
864691136675875719,864691135441799752,1
864691136675875719,864691135465343045,1
864691136675875719,864691135496381840,1
864691136675875719,864691135496440208,1
864691136675875719,864691135576881950,1
864691136675875719,864691135584008045,1
864691136675875719,864691135617440105,1
864691136675875719,864691135725842603,1
864691136675875719,864691135727790911,1
864691136675875719,864691135742102635,1
864691136675875719,864691135919956656,1
864691136675875719,864691136085904236,1
864691136675875719,864691136101340021,1
864691136675875719,864691136111251896,1
864691136675875719,864691136125440038,1
864691136675875719,864691136391042167,1
864691136675875719,864691136976001308,1
864691136675875719,864691136991606421,1
864691136066631832,864691135359010904,1
864691136066631832,864691135455123562,1
864691136066631832,864691135497743635,1
864691136066631832,864691135616363211,1
864691136066631832,864691135915343462,1
864691136066631832,864691135927647956,1
864691136066631832,864691135975539779,1
864691136066631832,864691135989836288,1
864691136066631832,864691136176327430,1
864691136066631832,864691136273494206,1
864691136066631832,864691136334080435,1
864691135271081125,864691135233242713,1
864691135271081125,864691135539491442,1
864691135271081125,864691135860969064,1
864691135271081125,864691136107486169,1
864691135271081125,864691136210975676,1
864691135271081125,864691136420195223,1
864691135271081125,864691137198382657,1
864691136010651052,864691135258642863,1
864691136010651052,864691135277309669,1
864691136010651052,864691135362104647,1
864691136010651052,864691135398805281,1
864691136010651052,864691135448303762,1
864691136010651052,864691135518989962,1
864691136010651052,864691135585266808,1
864691136010651052,864691135586240120,1
864691136010651052,864691135593133067,1
864691136010651052,864691136111251896,1
864691136010651052,864691136111559352,1
864691136010651052,864691136438469534,1
864691136010651052,864691136524172689,1
864691136010651052,864691136665051614,1
864691136437631902,864691135688186080,1
864691136437631902,864691136991359893,1
864691136312150874,864691134942472035,1
864691136312150874,864691134991010426,1
864691136312150874,864691135015652246,1
864691136312150874,864691135060651419,1
864691136312150874,864691135124146727,1
864691136312150874,864691135210134905,1
864691136312150874,864691135214986368,1
864691136312150874,864691135258642863,1
864691136312150874,864691135274195217,1
864691136312150874,864691135277186789,1
864691136312150874,864691135294480310,1
864691136312150874,864691135325263004,1
864691136312150874,864691135409859785,1
864691136312150874,864691135480311494,1
864691136312150874,864691135490326074,1
864691136312150874,864691135496440208,1
864691136312150874,864691135499283987,1
864691136312150874,864691135502885954,1
864691136312150874,864691135540272498,1
864691136312150874,864691135540440178,1
864691136312150874,864691135562842337,1
864691136312150874,864691135562975969,1
864691136312150874,864691135577651230,1
864691136312150874,864691135586240120,1
864691136312150874,864691135685087474,1
864691136312150874,864691135732578745,1
864691136312150874,864691135738969220,1
864691136312150874,864691135774389755,1
864691136312150874,864691135839932307,1
864691136312150874,864691135850033758,1
864691136312150874,864691135970226021,1
864691136312150874,864691136034011579,1
864691136312150874,864691136042982742,1
864691136312150874,864691136043380566,1
864691136312150874,864691136091634487,1
864691136312150874,864691136111251896,1
864691136312150874,864691136125956134,1
864691136312150874,864691136195400150,1
864691136312150874,864691136211385020,1
864691136312150874,864691136330101226,1
864691136312150874,864691136331249642,1
864691136312150874,864691136453419007,1
864691136312150874,864691136604001745,1
864691136312150874,864691136675427975,1
864691136312150874,864691136742244188,1
864691136312150874,864691136814442867,1
864691136312150874,864691136968542926,1
864691136725343485,864691135455701354,1
864691136725343485,864691136298045979,1
864691136725343485,864691136904488114,1
864691135698922005,864691135857099310,1
864691135698922005,864691135927494158,1
864691135698922005,864691136311059034,1
864691135698922005,864691136904488114,1
864691136390183696,864691136925601354,1
864691135809608652,864691135719761713,1
864691135809608652,864691135851792071,1
864691135809608652,864691135852138183,1
864691136484732972,864691134949248508,1
864691136484732972,864691134966324767,1
864691136484732972,864691135157198692,1
864691136484732972,864691135210134905,1
864691136484732972,864691135214986368,1
864691136484732972,864691135325071004,1
864691136484732972,864691135362104647,1
864691136484732972,864691135388368001,1
864691136484732972,864691135396794101,1
864691136484732972,864691135441799752,1
864691136484732972,864691135480892614,1
864691136484732972,864691135493149927,1
864691136484732972,864691135518173395,1
864691136484732972,864691135656578242,1
864691136484732972,864691135686283703,1
864691136484732972,864691135698211994,1
864691136484732972,864691135731679929,1
864691136484732972,864691135757040082,1
864691136484732972,864691135757083346,1
864691136484732972,864691135774368763,1
864691136484732972,864691135779705021,1
864691136484732972,864691135782241616,1
864691136484732972,864691135861093992,1
864691136484732972,864691135868210454,1
864691136484732972,864691135885911920,1
864691136484732972,864691135941300993,1
864691136484732972,864691135977045871,1
864691136484732972,864691135988557315,1
864691136484732972,864691136010028974,1
864691136484732972,864691136033227451,1
864691136484732972,864691136144674612,1
864691136484732972,864691136196265704,1
864691136484732972,864691136330101226,1
864691136484732972,864691136373008520,1
864691136484732972,864691136381301461,1
864691136484732972,864691136389921911,1
864691136484732972,864691136391042167,1
864691136484732972,864691136445215875,1
864691136484732972,864691136488999186,1
864691136484732972,864691136603811281,1
864691136484732972,864691136618795227,1
864691136484732972,864691136619096795,1
864691136484732972,864691136674749575,1
864691136484732972,864691136742067804,1
864691136484732972,864691136813937267,1
864691136484732972,864691136912172017,1
864691136484732972,864691136968542926,1
864691136484732972,864691136975144988,1
864691136363303138,864691134887026938,1
864691136363303138,864691135015154934,1
864691136363303138,864691135295165196,1
864691136363303138,864691135417443514,1
864691136363303138,864691135465100189,1
864691136363303138,864691135466158917,1
864691136363303138,864691135496440208,1
864691136363303138,864691135504327861,1
864691136363303138,864691135583223405,1
864691136363303138,864691135662059248,1
864691136363303138,864691135938816260,1
864691136363303138,864691135990004992,1
864691136363303138,864691136274655166,1
864691136363303138,864691136373008520,1
864691136363303138,864691136453419007,1
864691136363303138,864691136524172689,1
864691136363303138,864691136674495623,1
864691136363303138,864691136675427975,1
864691136363303138,864691136991202453,1
864691136363303138,864691137199038273,1
864691136111559352,864691135277309669,1
864691136111559352,864691135362104647,1
864691136111559352,864691135405626862,1
864691136111559352,864691135476528704,1
864691136111559352,864691135566168599,1
864691136111559352,864691135584629613,1
864691136111559352,864691135685087474,1
864691136111559352,864691135739689073,1
864691136111559352,864691135861093992,1
864691136111559352,864691135977666883,1
864691136111559352,864691136137237899,1
864691136111559352,864691136437631902,1
864691136111559352,864691136976001308,1
864691136578820884,864691135385422677,1
864691136578820884,864691136033116347,1
864691136043283030,864691135294442678,1
864691136043283030,864691135351096279,1
864691136043283030,864691135362104647,1
864691136043283030,864691135493686111,1
864691136043283030,864691135496440208,1
864691136043283030,864691135503182685,1
864691136043283030,864691135546902056,1
864691136043283030,864691135567047191,1
864691136043283030,864691135576881950,1
864691136043283030,864691135583277677,1
864691136043283030,864691135662059248,1
864691136043283030,864691135698016410,1
864691136043283030,864691135774179147,1
864691136043283030,864691135782506832,1
864691136043283030,864691135850033758,1
864691136043283030,864691135954393891,1
864691136043283030,864691136023889209,1
864691136043283030,864691136239980604,1
864691136043283030,864691136330407914,1
864691136043283030,864691136674749575,1
864691136043283030,864691137055712630,1
864691136043283030,864691137198691137,1
864691136275894285,864691134949248508,1
864691136275894285,864691135387535957,1
864691136275894285,864691135396940021,1
864691136275894285,864691135405733870,1
864691136275894285,864691135566168599,1
864691136275894285,864691135592830731,1
864691136275894285,864691135593133067,1
864691136275894285,864691135717457946,1
864691136275894285,864691135719900721,1
864691136275894285,864691135727790911,1
864691136275894285,864691135750307881,1
864691136275894285,864691135868210454,1
864691136275894285,864691135874914702,1
864691136275894285,864691136026254649,1
864691136275894285,864691136033332155,1
864691136275894285,864691136058745048,1
864691136275894285,864691136125457446,1
864691136275894285,864691136134678667,1
864691136275894285,864691136380718037,1
864691136275894285,864691136596107938,1
864691136489147922,864691135351096279,1
864691136489147922,864691135369002233,1
864691136489147922,864691135466158917,1
864691136489147922,864691135499707667,1
864691136489147922,864691135572346349,1
864691136489147922,864691135688186080,1
864691136489147922,864691135988557315,1
864691136489147922,864691136195798504,1
864691136489147922,864691136484364844,1
864691136489147922,864691136619096795,1
864691135952121379,864691136136766845,1
864691136421279639,864691134919972106,1
864691136421279639,864691134966710559,1
864691136421279639,864691135257669039,1
864691136421279639,864691135258563503,1
864691136421279639,864691135294190518,1
864691136421279639,864691135375351369,1
864691136421279639,864691135466236229,1
864691136421279639,864691135493686111,1
864691136421279639,864691135518283475,1
864691136421279639,864691135540440178,1
864691136421279639,864691135584629613,1
864691136421279639,864691135688186080,1
864691136421279639,864691135698211994,1
864691136421279639,864691135727790911,1
864691136421279639,864691135742756203,1
864691136421279639,864691135757040082,1
864691136421279639,864691135773073147,1
864691136421279639,864691136010651052,1
864691136421279639,864691136033227451,1
864691136421279639,864691136040834558,1
864691136421279639,864691136968542926,1
864691135272206865,864691135134695328,1
864691136118618136,864691135101431072,1
864691136118618136,864691135277186789,1
864691136118618136,864691135277309669,1
864691136118618136,864691135398817569,1
864691136118618136,864691135617440105,1
864691136118618136,864691135655390658,1
864691136118618136,864691136177629702,1
864691136118618136,864691136445215875,1
864691136118618136,864691136524172689,1
864691135572530981,864691135875460494,1
864691135572530981,864691136310966106,1
864691135572530981,864691136380264149,1
864691135572530981,864691136905458866,1
864691135875460494,864691135868957462,1
864691135875460494,864691136211371452,1
864691135875460494,864691137021162094,1
864691135583277677,864691134966714655,1
864691135583277677,864691135214931072,1
864691135583277677,864691135271696549,1
864691135583277677,864691135295165196,1
864691135583277677,864691135324623260,1
864691135583277677,864691135336055529,1
864691135583277677,864691135340055782,1
864691135583277677,864691135360809560,1
864691135583277677,864691135384344043,1
864691135583277677,864691135474504498,1
864691135583277677,864691135572346349,1
864691135583277677,864691135727790911,1
864691135583277677,864691135750958889,1
864691135583277677,864691135779705021,1
864691135583277677,864691136011686318,1
864691135583277677,864691136108378073,1
864691135583277677,864691136118686884,1
864691135583277677,864691136596901026,1
864691135583277677,864691136814508659,1
864691136195798504,864691135258642863,1
864691136195798504,864691135271696549,1
864691136195798504,864691136419797655,1
864691135468854156,864691134886828794,1
864691135468854156,864691135257404079,1
864691135468854156,864691135429763120,1
864691135468854156,864691135616363211,1
864691135468854156,864691135864188286,1
864691135468854156,864691135937286404,1
864691135468854156,864691135952121379,1
864691135468854156,864691136136766845,1
864691135468854156,864691136176327430,1
864691135468854156,864691136438426526,1
864691135455507818,864691134966714655,1
864691135455507818,864691135102381856,1
864691135455507818,864691135102433056,1
864691135455507818,864691135294190518,1
864691135455507818,864691135342958789,1
864691135455507818,864691135357351375,1
864691135455507818,864691135360482392,1
864691135455507818,864691135431089968,1
864691135455507818,864691135431654960,1
864691135455507818,864691135465100189,1
864691135455507818,864691135492568551,1
864691135455507818,864691135493686111,1
864691135455507818,864691135640398651,1
864691135455507818,864691135695146943,1
864691135455507818,864691135719900721,1
864691135455507818,864691135725842603,1
864691135455507818,864691135773209163,1
864691135455507818,864691135842486243,1
864691135455507818,864691135868210454,1
864691135455507818,864691136058745048,1
864691135455507818,864691136092725684,1
864691135455507818,864691136125433894,1
864691135455507818,864691136138131325,1
864691135455507818,864691136195834070,1
864691135455507818,864691136330407914,1
864691135455507818,864691136453419007,1
864691135455507818,864691136596901026,1
864691135455507818,864691136904488114,1
864691135466283333,864691135773208651,1
864691135466283333,864691135988742147,1
864691135855860782,864691135975539779,1
864691135760106830,864691134942472035,1
864691135760106830,864691135124603687,1
864691135760106830,864691135134016928,1
864691135760106830,864691135324623260,1
864691135760106830,864691135465113157,1
864691135760106830,864691135490326074,1
864691135760106830,864691135492568551,1
864691135760106830,864691135504168285,1
864691135760106830,864691135738047620,1
864691135760106830,864691135738969220,1
864691135760106830,864691135751110185,1
864691135760106830,864691135774179147,1
864691135760106830,864691136041575422,1
864691135760106830,864691136196517452,1
864691135760106830,864691136389688695,1
864691135760106830,864691136391042167,1
864691135760106830,864691136445215875,1
864691135760106830,864691136488999186,1
864691135760106830,864691136524297617,1
864691135447540882,864691135479404742,1
864691135447540882,864691135817419343,1
864691135447540882,864691135865648254,1
864691136664950750,864691134949221372,1
864691136664950750,864691135101431072,1
864691136664950750,864691135155894884,1
864691136664950750,864691135164887853,1
864691136664950750,864691135396794101,1
864691136664950750,864691135464795710,1
864691136664950750,864691135465932357,1
864691136664950750,864691135504327861,1
864691136664950750,864691135540272498,1
864691136664950750,864691135576881950,1
864691136664950750,864691135586240120,1
864691136664950750,864691136011686318,1
864691136664950750,864691136091634487,1
864691136664950750,864691136110256824,1
864691136664950750,864691136144827444,1
864691136664950750,864691136298125851,1
864691136664950750,864691136314491965,1
864691136372759688,864691134919529994,1
864691136372759688,864691135350420951,1
864691136372759688,864691135562410721,1
864691136372759688,864691135688186080,1
864691136372759688,864691135689417440,1
864691136372759688,864691135760635214,1
864691136372759688,864691136022520056,1
864691136372759688,864691137021264750,1
864691135732578745,864691134966714655,1
864691135732578745,864691135294520844,1
864691135732578745,864691135408808649,1
864691135732578745,864691135431654960,1
864691135732578745,864691135493149927,1
864691135732578745,864691135502902338,1
864691135732578745,864691135567059223,1
864691135732578745,864691135695042751,1
864691135732578745,864691135750307881,1
864691135732578745,864691135816693327,1
864691135732578745,864691135842486243,1
864691135732578745,864691135849088094,1
864691135732578745,864691135855890478,1
864691135732578745,864691135877951571,1
864691135732578745,864691136092725684,1
864691135732578745,864691136110366904,1
864691135732578745,864691136120658712,1
864691135732578745,864691136311059034,1
864691135732578745,864691136373008520,1
864691135732578745,864691136381301461,1
864691135732578745,864691136437631902,1
864691135732578745,864691136618795227,1
864691135732578745,864691136675427975,1
864691136814442867,864691135441799752,1
864691136814442867,864691135476528704,1
864691136445215875,864691135060727707,1
864691136445215875,864691135258642863,1
864691136445215875,864691135272003237,1
864691136445215875,864691135294442678,1
864691136445215875,864691135325071004,1
864691136445215875,864691135362104647,1
864691136445215875,864691135464795710,1
864691136445215875,864691135562975969,1
864691136445215875,864691135587532924,1
864691136445215875,864691135717457946,1
864691136445215875,864691135732210873,1
864691136445215875,864691135756075981,1
864691136445215875,864691135764583990,1
864691136445215875,864691135774389755,1
864691136445215875,864691135842486243,1
864691136445215875,864691135892214409,1
864691136445215875,864691135947258916,1
864691136445215875,864691135993150913,1
864691136445215875,864691136042982742,1
864691136445215875,864691136144674612,1
864691136445215875,864691136195400150,1
864691136445215875,864691136314404669,1
864691136445215875,864691136330101226,1
864691136445215875,864691136331249642,1
864691136445215875,864691136390474359,1
864691136445215875,864691136664950750,1
864691136445215875,864691136814442867,1
864691136445215875,864691136905560754,1
864691134948788476,864691135134016928,1
864691134948788476,864691135304679079,1
864691134948788476,864691135375107272,1
864691134948788476,864691135562842337,1
864691134948788476,864691135591041291,1
864691134948788476,864691135774389755,1
864691134948788476,864691135853198023,1
864691134948788476,864691135977666883,1
864691134948788476,864691136011686318,1
864691134948788476,864691136021865976,1
864691134948788476,864691136330101226,1
864691134948788476,864691136419797655,1
864691134948788476,864691136437631902,1
864691134948788476,864691136619096795,1
864691134948788476,864691136814627955,1
864691134948788476,864691136991202453,1
864691135977654851,864691135066958404,1
864691135977654851,864691135386899029,1
864691135977654851,864691135477670312,1
864691135977654851,864691135492568551,1
864691135977654851,864691135587519868,1
864691135977654851,864691135774294603,1
864691135977654851,864691135774389755,1
864691135977654851,864691135816565839,1
864691135977654851,864691136010639022,1
864691135977654851,864691136108378073,1
864691135977654851,864691136125433894,1
864691135977654851,864691136238090767,1
864691135977654851,864691136312150874,1
864691135977654851,864691136438585502,1
864691135977654851,864691136438717086,1
864691135977654851,864691136452609023,1
864691135977654851,864691136975144988,1
864691135977654851,864691136991390869,1
864691135270320293,864691136195391208,1
864691136011686318,864691134948788476,1
864691136011686318,864691135464928318,1
864691136011686318,864691135465932357,1
864691136011686318,864691135774368763,1
864691136011686318,864691135857099310,1
864691136011686318,864691136364308962,1
864691136011686318,864691136914414321,1
864691136011686318,864691136968542926,1
864691136488999186,864691134966324767,1
864691136488999186,864691135272069285,1
864691136488999186,864691135357351375,1
864691136488999186,864691135577651230,1
864691136488999186,864691135578146565,1
864691136488999186,864691135586724220,1
864691136488999186,864691135817419343,1
864691136488999186,864691135861093992,1
864691136488999186,864691136025504569,1
864691136488999186,864691136330101226,1
864691136488999186,864691136523216017,1
864691136488999186,864691136523335057,1
864691136488999186,864691136618795227,1
864691136488999186,864691136927761226,1
864691135339088102,864691135115049881,1
864691135339088102,864691135386963541,1
864691135339088102,864691135466283333,1
864691135339088102,864691135480718022,1
864691135339088102,864691135640398651,1
864691135339088102,864691135763795510,1
864691135339088102,864691135782156368,1
864691135339088102,864691135809568029,1
864691135339088102,864691135810308125,1
864691135339088102,864691135938629892,1
864691135339088102,864691136025184569,1
864691135339088102,864691136058745048,1
864691135339088102,864691136066069400,1
864691135339088102,864691136091074615,1
864691135339088102,864691136101516661,1
864691135339088102,864691136420195223,1
864691135339088102,864691136453384959,1
864691136336107187,864691134919972106,1
864691136336107187,864691135060727707,1
864691136336107187,864691135271696549,1
864691136336107187,864691135340055782,1
864691136336107187,864691135343818161,1
864691136336107187,864691135430486576,1
864691136336107187,864691135490326074,1
864691136336107187,864691135496440208,1
864691136336107187,864691135503836253,1
864691136336107187,864691135518989962,1
864691136336107187,864691135619463567,1
864691136336107187,864691135640398651,1
864691136336107187,864691135728030015,1
864691136336107187,864691135750958889,1
864691136336107187,864691135756075981,1
864691136336107187,864691135760635214,1
864691136336107187,864691135763941174,1
864691136336107187,864691135865648254,1
864691136336107187,864691136119885080,1
864691136336107187,864691136177629702,1
864691136336107187,864691136195798504,1
864691136336107187,864691136211385020,1
864691136336107187,864691136299034139,1
864691136336107187,864691136419797655,1
864691136336107187,864691136452602367,1
864691136336107187,864691136665051614,1
864691136336107187,864691136742244188,1
864691136336107187,864691136905758130,1
864691136336107187,864691136953677535,1
864691136336107187,864691137198691137,1
864691136196517452,864691134942169955,1
864691136196517452,864691135157994084,1
864691136196517452,864691135210134905,1
864691136196517452,864691135294442678,1
864691136196517452,864691135294520844,1
864691136196517452,864691135362104647,1
864691136196517452,864691135396794101,1
864691136196517452,864691135448698196,1
864691136196517452,864691135469422674,1
864691136196517452,864691135476528704,1
864691136196517452,864691135480916422,1
864691136196517452,864691135493620831,1
864691136196517452,864691135640398651,1
864691136196517452,864691135656578242,1
864691136196517452,864691135662059248,1
864691136196517452,864691135743102827,1
864691136196517452,864691135858273326,1
864691136196517452,864691135861093992,1
864691136196517452,864691135866576604,1
864691136196517452,864691135970226021,1
864691136196517452,864691135988742147,1
864691136196517452,864691136010639022,1
864691136196517452,864691136033332155,1
864691136196517452,864691136034011579,1
864691136196517452,864691136299034139,1
864691136196517452,864691136389921911,1
864691136196517452,864691136452602367,1
864691136196517452,864691136618795227,1
864691136196517452,864691136665051614,1
864691135697613077,864691135778132576,1
864691135697613077,864691137054934902,1
864691136136383883,864691135342585541,1
864691136136383883,864691135782156368,1
864691136136383883,864691136010639022,1
864691135763495478,864691135059143323,1
864691135763495478,864691135578103301,1
864691135763495478,864691135697613077,1
864691135763495478,864691135851792071,1
864691135763495478,864691135875460494,1
864691135502885954,864691134942472035,1
864691135502885954,864691134950156796,1
864691135502885954,864691135562975969,1
864691135502885954,864691135774053371,1
864691135502885954,864691135774179147,1
864691135502885954,864691135774368763,1
864691135502885954,864691136011684526,1
864691135502885954,864691136110256824,1
864691135502885954,864691136336039091,1
864691135214986368,864691134949081852,1
864691135214986368,864691135566168599,1
864691135214986368,864691135850033758,1
864691135214986368,864691136419797655,1
864691135741458324,864691134948788476,1
864691135741458324,864691135101431072,1
864691135741458324,864691135164772653,1
864691135741458324,864691135258642863,1
864691135741458324,864691135271038885,1
864691135741458324,864691135272069285,1
864691135741458324,864691135325263004,1
864691135741458324,864691135343818161,1
864691135741458324,864691135362104647,1
864691135741458324,864691135448303762,1
864691135741458324,864691135476495936,1
864691135741458324,864691135566168599,1
864691135741458324,864691135586240120,1
864691135741458324,864691135717163802,1
864691135741458324,864691135763941174,1
864691135741458324,864691135782241616,1
864691135741458324,864691135839950227,1
864691135741458324,864691135853198023,1
864691135741458324,864691135938816260,1
864691135741458324,864691135993150913,1
864691135741458324,864691136022520056,1
864691135741458324,864691136086630764,1
864691135741458324,864691136137794941,1
864691135741458324,864691136196202472,1
864691135741458324,864691136314404669,1
864691135741458324,864691136314491965,1
864691135741458324,864691136421279639,1
864691135741458324,864691136674749575,1
864691135741458324,864691137021264750,1
864691135479833030,864691134886569210,1
864691135479833030,864691134949248508,1
864691135479833030,864691135060882843,1
864691135479833030,864691135101431072,1
864691135479833030,864691135209369465,1
864691135479833030,864691135409859785,1
864691135479833030,864691135441799752,1
864691135479833030,864691135583277677,1
864691135479833030,864691135617152361,1
864691135479833030,864691135728030015,1
864691135479833030,864691135731679929,1
864691135479833030,864691135773208651,1
864691135479833030,864691135940996774,1
864691135479833030,864691136086088556,1
864691135479833030,864691136107283417,1
864691135479833030,864691136381301461,1
864691135479833030,864691136392785279,1
864691135479833030,864691136674744199,1
864691135975633475,864691135082864887,1
864691135975633475,864691135455123562,1
864691135975633475,864691135778187360,1
864691135975633475,864691135809608652,1
864691135975633475,864691135867905302,1
864691135975633475,864691136275031565,1
864691135975633475,864691136602371025,1
864691135975633475,864691136724880893,1
864691136336179123,864691135214986368,1
864691136336179123,864691135695146943,1
864691136336179123,864691136372039560,1
864691136336179123,864691136452447743,1
864691136336179123,864691136452602367,1
864691136664127454,864691135066958404,1
864691136664127454,864691135214931072,1
864691136664127454,864691135360017752,1
864691136664127454,864691135430004016,1
864691136664127454,864691135466158917,1
864691136664127454,864691135492568551,1
864691136664127454,864691135562975969,1
864691136664127454,864691135719900721,1
864691136664127454,864691135742756203,1
864691136664127454,864691135801604706,1
864691136664127454,864691135810905036,1
864691136664127454,864691135885140848,1
864691136664127454,864691135886130288,1
864691136664127454,864691135946676260,1
864691136664127454,864691136026198585,1
864691136664127454,864691136674744199,1
864691136664127454,864691136904761266,1
864691135339600102,864691135384843738,1
864691135339600102,864691135562474977,1
864691135339600102,864691135571515270,1
864691135339600102,864691135572346349,1
864691135339600102,864691135585266808,1
864691135339600102,864691135750307881,1
864691135339600102,864691135756075981,1
864691135339600102,864691135810492189,1
864691135339600102,864691135817419343,1
864691135339600102,864691135849426270,1
864691135339600102,864691136125440038,1
864691135339600102,864691136674495623,1
864691136033227451,864691135294190518,1
864691136033227451,864691135476495936,1
864691136033227451,864691136022520056,1
864691136033227451,864691136118370724,1
864691136033227451,864691136228250961,1
864691136033227451,864691136330101226,1
864691136033227451,864691136390474359,1
864691136033227451,864691136484364844,1
864691136033227451,864691136674749575,1
864691136033227451,864691136742067804,1
864691135853088967,864691134948788476,1
864691135853088967,864691135136360217,1
864691135853088967,864691135496440208,1
864691135853088967,864691135572346349,1
864691135853088967,864691135763795510,1
864691135853088967,864691135955962888,1
864691135853088967,864691135994235841,1
864691135853088967,864691136011768494,1
864691135853088967,864691136195834070,1
864691135853088967,864691136927187786,1
864691135853088967,864691136927761226,1
864691135465343045,864691134919529994,1
864691135465343045,864691134989865338,1
864691135465343045,864691135274816017,1
864691135465343045,864691135324705692,1
864691135465343045,864691135342958789,1
864691135465343045,864691135465955397,1
864691135465343045,864691135539491442,1
864691135465343045,864691135583277677,1
864691135465343045,864691135760635214,1
864691135465343045,864691135810466333,1
864691135465343045,864691135868919318,1
864691135465343045,864691135977654851,1
864691135465343045,864691136299034139,1
864691135465343045,864691136330101226,1
864691135465343045,864691136378815445,1
864691135465343045,864691136391042167,1
864691135465343045,864691136905560754,1
864691135465343045,864691136927761226,1
864691135465343045,864691136953873631,1
864691135465343045,864691136991202453,1
864691135640398651,864691135808925981,1
864691135640398651,864691136101516661,1
864691135339729126,864691135210134905,1
864691135339729126,864691135272003237,1
864691135339729126,864691135409859785,1
864691135339729126,864691135476528704,1
864691135339729126,864691135577644574,1
864691135339729126,864691135809568029,1
864691135339729126,864691135816693327,1
864691135339729126,864691135878061395,1
864691135339729126,864691135938816260,1
864691135339729126,864691136389921911,1
864691135339729126,864691136912172017,1
864691135778419901,864691134942169955,1
864691135778419901,864691134948788476,1
864691135778419901,864691135274816017,1
864691135778419901,864691135360809560,1
864691135778419901,864691135384285931,1
864691135778419901,864691135455400554,1
864691135778419901,864691135492568551,1
864691135778419901,864691135493686111,1
864691135778419901,864691135503182685,1
864691135778419901,864691135562004193,1
864691135778419901,864691135618505065,1
864691135778419901,864691135662059248,1
864691135778419901,864691135694415551,1
864691135778419901,864691135750307881,1
864691135778419901,864691135810466333,1
864691135778419901,864691135810473245,1
864691135778419901,864691135858298670,1
864691135778419901,864691135938816260,1
864691135778419901,864691136026254649,1
864691135778419901,864691136211385020,1
864691135778419901,864691136228250961,1
864691135778419901,864691136330101226,1
864691135778419901,864691136373008520,1
864691135778419901,864691136381243349,1
864691135778419901,864691136424990255,1
864691135778419901,864691136913993713,1
864691135778419901,864691136991202453,1
864691135619756943,864691135808684573,1
864691135619756943,864691135928366606,1
864691135619756943,864691135939008565,1
864691135619756943,864691135977666883,1
864691135619756943,864691136091634487,1
864691135619756943,864691136137237899,1
864691135619756943,864691136195798504,1
864691135619756943,864691136228250961,1
864691135619756943,864691136603811281,1
864691135619756943,864691136914414321,1
864691135619756943,864691136991202453,1
864691135577816862,864691135015605910,1
864691135577816862,864691135060651419,1
864691135577816862,864691135157994084,1
864691135577816862,864691135164887853,1
864691135577816862,864691135258642863,1
864691135577816862,864691135324623260,1
864691135577816862,864691135357351375,1
864691135577816862,864691135386899029,1
864691135577816862,864691135386963541,1
864691135577816862,864691135430275120,1
864691135577816862,864691135430346544,1
864691135577816862,864691135466158917,1
864691135577816862,864691135480916422,1
864691135577816862,864691135493686111,1
864691135577816862,864691135496440208,1
864691135577816862,864691135518173395,1
864691135577816862,864691135546339880,1
864691135577816862,864691135577651230,1
864691135577816862,864691135583277677,1
864691135577816862,864691135591041291,1
864691135577816862,864691135619463567,1
864691135577816862,864691135619756943,1
864691135577816862,864691135686283703,1
864691135577816862,864691135773073147,1
864691135577816862,864691135816693327,1
864691135577816862,864691135842486243,1
864691135577816862,864691135858298670,1
864691135577816862,864691135928366606,1
864691135577816862,864691135977654851,1
864691135577816862,864691136011684526,1
864691135577816862,864691136021865976,1
864691135577816862,864691136125457446,1
864691135577816862,864691136274546622,1
864691135577816862,864691136298125851,1
864691135577816862,864691136378815445,1
864691135577816862,864691136424439855,1
864691135577816862,864691136437631902,1
864691135577816862,864691136438666398,1
864691135577816862,864691136968542926,1
864691135577816862,864691136991202453,1
864691135577816862,864691136991359893,1
864691135577816862,864691137055405174,1
864691135686283703,864691134966710559,1
864691135686283703,864691134991010426,1
864691135686283703,864691135115049881,1
864691135686283703,864691135375351369,1
864691135686283703,864691135430275120,1
864691135686283703,864691135480892614,1
864691135686283703,864691135480916422,1
864691135686283703,864691135492568551,1
864691135686283703,864691135493686111,1
864691135686283703,864691135503182685,1
864691135686283703,864691135503836253,1
864691135686283703,864691135567047191,1
864691135686283703,864691135577816862,1
864691135686283703,864691135583277677,1
864691135686283703,864691135719900721,1
864691135686283703,864691135774294603,1
864691135686283703,864691135779049056,1
864691135686283703,864691135842486243,1
864691135686283703,864691135858298670,1
864691135686283703,864691135977045871,1
864691135686283703,864691136058745048,1
864691135686283703,864691136110366904,1
864691135686283703,864691136144674612,1
864691135686283703,864691136419797655,1
864691135686283703,864691136445215875,1
864691135686283703,864691136453419007,1
864691135686283703,864691136620914829,1
864691135686283703,864691136913993713,1
864691135686283703,864691136927761226,1
864691136425073455,864691136274546622,1
864691136425073455,864691136912172017,1
864691136425073455,864691136927187786,1
864691136425073455,864691136991202453,1
864691136814508659,864691134966710559,1
864691136814508659,864691135157994084,1
864691136814508659,864691135357351375,1
864691136814508659,864691135368949241,1
864691136814508659,864691135465113157,1
864691136814508659,864691135503163202,1
864691136814508659,864691135503836253,1
864691136814508659,864691135518283475,1
864691136814508659,864691135646147567,1
864691136814508659,864691135646481135,1
864691136814508659,864691135728030015,1
864691136814508659,864691135731679929,1
864691136814508659,864691135732210873,1
864691136814508659,864691135760635214,1
864691136814508659,864691135779049056,1
864691136814508659,864691135779705021,1
864691136814508659,864691135857993774,1
864691136814508659,864691135868466710,1
864691136814508659,864691136125457446,1
864691136814508659,864691136603811281,1
864691135877825107,864691135756075981,1
864691135877825107,864691136419797655,1
864691135877825107,864691136437631902,1
864691136108378073,864691134948788476,1
864691136108378073,864691135465343045,1
864691136108378073,864691135466158917,1
864691136108378073,864691135469753426,1
864691136108378073,864691135546339880,1
864691136108378073,864691135570301676,1
864691136108378073,864691135577644574,1
864691136108378073,864691135584629613,1
864691136108378073,864691135686283703,1
864691136108378073,864691135689417440,1
864691136108378073,864691135717163802,1
864691136108378073,864691135717271834,1
864691136108378073,864691135757040082,1
864691136108378073,864691135764583990,1
864691136108378073,864691135778419901,1
864691136108378073,864691135782241616,1
864691136108378073,864691135885911920,1
864691136108378073,864691135938816260,1
864691136108378073,864691135976063855,1
864691136108378073,864691135994235841,1
864691136108378073,864691136011686318,1
864691136108378073,864691136034084795,1
864691136108378073,864691136137237899,1
864691136108378073,864691136137794941,1
864691136108378073,864691136177799686,1
864691136108378073,864691136288644291,1
864691136108378073,864691136314473021,1
864691136108378073,864691136390788215,1
864691136108378073,864691136905758130,1
864691136674749575,864691134941412707,1
864691136674749575,864691134949248508,1
864691136674749575,864691135464795710,1
864691136674749575,864691135499283987,1
864691136674749575,864691135503182685,1
864691136674749575,864691135566168599,1
864691136674749575,864691135585266808,1
864691136674749575,864691135685087474,1
864691136674749575,864691135774294603,1
864691136674749575,864691135774389755,1
864691136674749575,864691135782241616,1
864691136674749575,864691135839932307,1
864691136674749575,864691135977666883,1
864691136674749575,864691135993150913,1
864691136674749575,864691136091634487,1
864691136674749575,864691136137794941,1
864691136674749575,864691136275031565,1
864691136674749575,864691136309871706,1
864691136674749575,864691136330101226,1
864691136674749575,864691136381301461,1
864691136674749575,864691136453384959,1
864691136674749575,864691136664950750,1
864691136674749575,864691136991202453,1
864691135779049056,864691135396115189,1
864691135779049056,864691135774294603,1
864691135779049056,864691135976425327,1
864691135779049056,864691136484732972,1
864691135779049056,864691136674495623,1
864691135779049056,864691137021162094,1
864691135857099310,864691135595040043,1
864691135857099310,864691135763495478,1
864691135857099310,864691136135963787,1
864691135857099310,864691136364308962,1
864691135857099310,864691136389607287,1
864691135562842337,864691135270320293,1
864691135562842337,864691135272069285,1
864691135562842337,864691135360017752,1
864691135562842337,864691135375351369,1
864691135562842337,864691135463695429,1
864691135562842337,864691135499283987,1
864691135562842337,864691135573276197,1
864691135562842337,864691135586724220,1
864691135562842337,864691135750958889,1
864691135562842337,864691135757040082,1
864691135562842337,864691135778288573,1
864691135562842337,864691135842486243,1
864691135562842337,864691135977666883,1
864691135562842337,864691135988557315,1
864691135562842337,864691136034084795,1
864691135562842337,864691136034181307,1
864691135562842337,864691136118686884,1
864691135562842337,864691136124845606,1
864691135562842337,864691136125411622,1
864691135562842337,864691136137293195,1
864691135562842337,864691136177629702,1
864691135562842337,864691136299034139,1
864691135562842337,864691136391042167,1
864691135562842337,864691136421279639,1
864691135562842337,864691136445215875,1
864691135562842337,864691136453419007,1
864691135562842337,864691136812081779,1
864691135562842337,864691136903681458,1
864691135562842337,864691136975144988,1
864691135562842337,864691137055367798,1
864691135342523057,864691134966324767,1
864691135342523057,864691135014966262,1
864691135342523057,864691135335635177,1
864691135342523057,864691135618505065,1
864691135342523057,864691135731889337,1
864691135342523057,864691136336107187,1
864691135067066948,864691135066958404,1
864691135067066948,864691135294442678,1
864691135067066948,864691135469753426,1
864691135067066948,864691135503163202,1
864691135067066948,864691135562004193,1
864691135067066948,864691135719900721,1
864691135067066948,864691135855890478,1
864691135067066948,864691135939008565,1
864691135067066948,864691136022520056,1
864691135067066948,864691136912172017,1
864691136118686884,864691134942472035,1
864691136118686884,864691134991010426,1
864691136118686884,864691135102274592,1
864691136118686884,864691135164887853,1
864691136118686884,864691135272069285,1
864691136118686884,864691135277186789,1
864691136118686884,864691135277309669,1
864691136118686884,864691135351096279,1
864691136118686884,864691135396794101,1
864691136118686884,864691135503836253,1
864691136118686884,864691135577651230,1
864691136118686884,864691135662059248,1
864691136118686884,864691135725842603,1
864691136118686884,864691135760635214,1
864691136118686884,864691135779020221,1
864691136118686884,864691135782241616,1
864691136118686884,864691135808684573,1
864691136118686884,864691135810492189,1
864691136118686884,864691135839950227,1
864691136118686884,864691135853088967,1
864691136118686884,864691135885911920,1
864691136118686884,864691135976063855,1
864691136118686884,864691136033227451,1
864691136118686884,864691136043380566,1
864691136118686884,864691136118370724,1
864691136118686884,864691136336107187,1
864691136118686884,864691136372039560,1
864691136118686884,864691136421279639,1
864691136118686884,864691136425073455,1
864691136118686884,864691136524172689,1
864691135577644574,864691134966114591,1
864691135577644574,864691135258642863,1
864691135577644574,864691135272003237,1
864691135577644574,864691135476528704,1
864691135577644574,864691135493686111,1
864691135577644574,864691135731679929,1
864691135577644574,864691135774294603,1
864691135577644574,864691135774389755,1
864691135577644574,864691135810473245,1
864691135577644574,864691135861093992,1
864691135577644574,864691135878061395,1
864691135577644574,864691136010651052,1
864691135577644574,864691136022520056,1
864691135577644574,864691136111559352,1
864691135577644574,864691136314404669,1
864691135577644574,864691136437631902,1
864691135577644574,864691136742067804,1
864691135577644574,864691136813937267,1
864691135477670312,864691135136360217,1
864691135477670312,864691135274195217,1
864691135477670312,864691135375484489,1
864691135477670312,864691135478400936,1
864691135477670312,864691135731889337,1
864691135477670312,864691135732578745,1
864691135477670312,864691135839932307,1
864691135477670312,864691135860969064,1
864691135477670312,864691135993150913,1
864691135477670312,864691136013367715,1
864691135477670312,864691136107283417,1
864691135477670312,864691136136383883,1
864691135477670312,864691136239902780,1
864691135477670312,864691136380266965,1
864691135477670312,864691136603811281,1
864691135886208112,864691134966714655,1
864691135886208112,864691135014966262,1
864691135886208112,864691135102433056,1
864691135886208112,864691135272069285,1
864691135886208112,864691135294520844,1
864691135886208112,864691135688186080,1
864691135886208112,864691135695146943,1
864691135886208112,864691135760635214,1
864691135886208112,864691135810473245,1
864691135886208112,864691136026254649,1
864691135886208112,864691136228250961,1
864691135478400936,864691135276505573,1
864691135478400936,864691135325487004,1
864691135478400936,864691135357351375,1
864691135478400936,864691135455400554,1
864691135478400936,864691135572346349,1
864691135478400936,864691135578146565,1
864691135478400936,864691135618505065,1
864691135478400936,864691135686283703,1
864691135478400936,864691135689417440,1
864691135478400936,864691135764015926,1
864691135478400936,864691135810466333,1
864691135478400936,864691135868466710,1
864691135478400936,864691135988557315,1
864691135360096071,864691135774389755,1
864691135774294603,864691135212492992,1
864691135774294603,864691135342523057,1
864691135774294603,864691135756075981,1
864691135774294603,864691136239980604,1
864691135938816260,864691135136360217,1
864691135938816260,864691135209432185,1
864691135938816260,864691135258642863,1
864691135938816260,864691135274195217,1
864691135938816260,864691135375107272,1
864691135938816260,864691135493686111,1
864691135938816260,864691135503182685,1
864691135938816260,864691135584504429,1
864691135938816260,864691135640297787,1
864691135938816260,864691135750307881,1
864691135938816260,864691135750958889,1
864691135938816260,864691135774389755,1
864691135938816260,864691135885911920,1
864691135938816260,864691135970226021,1
864691135938816260,864691136022520056,1
864691135938816260,864691136228250961,1
864691135938816260,864691136330407914,1
864691135938816260,864691136914414321,1
864691135807579933,864691135118894813,1
864691135807579933,864691135134695328,1
864691135807579933,864691135463695429,1
864691135807579933,864691135468161164,1
864691135807579933,864691135473383730,1
864691135807579933,864691135701624699,1
864691135807579933,864691135719761713,1
864691135807579933,864691135851792071,1
864691135807579933,864691136275031565,1
864691135807579933,864691136275919117,1
864691135807579933,864691136452081151,1
864691136125411622,864691135101431072,1
864691136125411622,864691135136360217,1
864691136125411622,864691135294442678,1
864691136125411622,864691135325413788,1
864691136125411622,864691135335635177,1
864691136125411622,864691135386899029,1
864691136125411622,864691135417478842,1
864691136125411622,864691135464928318,1
864691136125411622,864691135469753426,1
864691136125411622,864691135566168599,1
864691136125411622,864691135742756203,1
864691136125411622,864691135816565839,1
864691136125411622,864691135927494158,1
864691136125411622,864691135970206821,1
864691136125411622,864691136025504569,1
864691136125411622,864691136391042167,1
864691136125411622,864691136903144370,1
864691136211175612,864691135157994084,1
864691136211175612,864691135184104194,1
864691136211175612,864691135362104647,1
864691136211175612,864691135384176619,1
864691136211175612,864691135764583990,1
864691136211175612,864691135868957462,1
864691135941300993,864691135280481697,1
864691135941300993,864691135294442678,1
864691135941300993,864691135477469352,1
864691135941300993,864691135562842337,1
864691135941300993,864691135577221406,1
864691135941300993,864691135577749022,1
864691135941300993,864691135774294603,1
864691135941300993,864691135774389755,1
864691135941300993,864691135868957462,1
864691135941300993,864691135939008565,1
864691135941300993,864691136011686318,1
864691135941300993,864691136011768494,1
864691135941300993,864691136033332155,1
864691135941300993,864691136043380566,1
864691135941300993,864691136211385020,1
864691135941300993,864691136380757461,1
864691135941300993,864691136674495623,1
864691135941300993,864691136927187786,1
864691135941300993,864691136991359893,1
864691135941300993,864691137021264750,1
864691136196265704,864691134966324767,1
864691136196265704,864691135060020123,1
864691136196265704,864691135102151968,1
864691136196265704,864691135102274592,1
864691136196265704,864691135102433056,1
864691136196265704,864691135304641703,1
864691136196265704,864691135357351375,1
864691136196265704,864691135398868257,1
864691136196265704,864691135562004193,1
864691136196265704,864691135576881950,1
864691136196265704,864691135732210873,1
864691136196265704,864691135751110185,1
864691136196265704,864691135757040082,1
864691136196265704,864691135763941174,1
864691136196265704,864691135782506832,1
864691136196265704,864691135928366606,1
864691136196265704,864691136177629702,1
864691136196265704,864691136239902780,1
864691136196265704,864691136381301461,1
864691136196265704,864691136424439855,1
864691136196265704,864691136437631902,1
864691136196265704,864691136927761226,1
864691136196265704,864691137198691137,1
864691135387690069,864691135122469671,1
864691135387690069,864691135428676144,1
864691135387690069,864691135659358850,1
864691135387690069,864691135739733140,1
864691135387690069,864691135782265424,1
864691135387690069,864691135975539779,1
864691135387690069,864691136334080435,1
864691135136360217,864691134966114591,1
864691135136360217,864691134991010426,1
864691135136360217,864691135272003237,1
864691135136360217,864691135375351369,1
864691135136360217,864691135455819114,1
864691135136360217,864691135465343045,1
864691135136360217,864691135465932357,1
864691135136360217,864691135465955397,1
864691135136360217,864691135611019015,1
864691135136360217,864691135619756943,1
864691135136360217,864691135655894978,1
864691135136360217,864691135727790911,1
864691135136360217,864691135732210873,1
864691135136360217,864691135773073147,1
864691135136360217,864691135946676260,1
864691135136360217,864691135977666883,1
864691135136360217,864691136111251896,1
864691135136360217,864691136314404669,1
864691135136360217,864691136373008520,1
864691135136360217,864691136991202453,1
864691135136360217,864691137055367798,1
864691136022214648,864691134989865338,1
864691136022214648,864691135480892614,1
864691136022214648,864691135493149927,1
864691136022214648,864691135578146565,1
864691136022214648,864691135725842603,1
864691136022214648,864691135727790911,1
864691136022214648,864691135977134403,1
864691136022214648,864691136424439855,1
864691135277309669,864691134919972106,1
864691135277309669,864691134991010426,1
864691135277309669,864691135101431072,1
864691135277309669,864691135164887853,1
864691135277309669,864691135362104647,1
864691135277309669,864691135448303762,1
864691135277309669,864691135465932357,1
864691135277309669,864691135493686111,1
864691135277309669,864691135585266808,1
864691135277309669,864691135685087474,1
864691135277309669,864691135756075981,1
864691135277309669,864691135993150913,1
864691135277309669,864691136022520056,1
864691135277309669,864691136111251896,1
864691135277309669,864691136137794941,1
864691135277309669,864691136299034139,1
864691135277309669,864691136314404669,1
864691135277309669,864691136314491965,1
864691135277309669,864691136390474359,1
864691135277309669,864691136437631902,1
864691135277309669,864691136578820884,1
864691135277309669,864691136603811281,1
864691135277309669,864691137055367798,1
864691135778187360,864691135059143323,1
864691135778187360,864691135382556378,1
864691135778187360,864691135593659947,1
864691135778187360,864691135755197133,1
864691135778187360,864691135937286404,1
864691135778187360,864691135975633475,1
864691135778187360,864691136106969561,1
864691135778187360,864691136176327430,1
864691136211385020,864691134886569210,1
864691136211385020,864691134949248508,1
864691136211385020,864691135134052512,1
864691136211385020,864691135430346544,1
864691136211385020,864691135583223405,1
864691136211385020,864691135749141801,1
864691136211385020,864691135976425327,1
864691136211385020,864691135994235841,1
864691136211385020,864691136025504569,1
864691136211385020,864691136106969561,1
864691136211385020,864691136313406781,1
864691136211385020,864691136314404669,1
864691136211385020,864691136330101226,1
864691136211385020,864691137055712630,1
864691136451224831,864691135382556378,1
864691136451224831,864691135616363211,1
864691136451224831,864691135778132576,1
864691136451224831,864691136927187786,1
864691135778638013,864691135398805281,1
864691135778638013,864691135566945559,1
864691135778638013,864691135739587697,1
864691135778638013,864691135774179147,1
864691135778638013,864691136603811281,1
864691135778638013,864691136991202453,1
864691135778638013,864691137199828801,1
864691135750307881,864691134966069023,1
864691135750307881,864691135688186080,1
864691135750307881,864691135858298670,1
864691135750307881,864691136211175612,1
864691135750307881,864691136419797655,1
864691135212492992,864691135750307881,1
864691135212492992,864691136033116347,1
864691135386899029,864691134991010426,1
864691135386899029,864691135257669039,1
864691135386899029,864691135258642863,1
864691135386899029,864691135398805281,1
864691135386899029,864691135448215698,1
864691135386899029,864691135455400554,1
864691135386899029,864691135466236229,1
864691135386899029,864691135493620831,1
864691135386899029,864691135540440178,1
864691135386899029,864691135567047191,1
864691135386899029,864691135591854347,1
864691135386899029,864691135719900721,1
864691135386899029,864691135725842603,1
864691135386899029,864691135741910164,1
864691135386899029,864691135774294603,1
864691135386899029,864691135861093992,1
864691135386899029,864691135885911920,1
864691135386899029,864691136021865976,1
864691135386899029,864691136288644291,1
864691135386899029,864691136438666398,1
864691135659358850,864691135618505065,1
864691135659358850,864691135777400237,1
864691135868919318,864691135280944545,1
864691135868919318,864691135350420951,1
864691135868919318,864691135408808649,1
864691135868919318,864691135430275120,1
864691135868919318,864691135739008132,1
864691135868919318,864691135774389755,1
864691135868919318,864691135890141321,1
864691135868919318,864691135955962888,1
864691135868919318,864691136010651052,1
864691135868919318,864691136420279191,1
864691135868919318,864691136953873631,1
864691135782506832,864691134966324767,1
864691135782506832,864691135233242713,1
864691135782506832,864691135272003237,1
864691135782506832,864691135277309669,1
864691135782506832,864691135280682401,1
864691135782506832,864691135398868257,1
864691135782506832,864691135492568551,1
864691135782506832,864691135546339880,1
864691135782506832,864691135571192966,1
864691135782506832,864691135685087474,1
864691135782506832,864691135727790911,1
864691135782506832,864691135757040082,1
864691135782506832,864691135773073147,1
864691135782506832,864691135774389755,1
864691135782506832,864691135928366606,1
864691135782506832,864691135938816260,1
864691135782506832,864691135954393891,1
864691135782506832,864691135988557315,1
864691135782506832,864691136006519498,1
864691135782506832,864691136011684526,1
864691135782506832,864691136043283030,1
864691135782506832,864691136120159768,1
864691135782506832,864691136389921911,1
864691135782506832,864691136424990255,1
864691135782506832,864691136453419007,1
864691135782506832,864691136524172689,1
864691135782506832,864691136579129876,1
864691135782506832,864691136604001745,1
864691135782506832,864691136665051614,1
864691135782506832,864691136674749575,1
864691135782506832,864691136675427975,1
864691135782506832,864691136742067804,1
864691135782506832,864691136813937267,1
864691135765013302,864691134942472035,1
864691135765013302,864691135015652246,1
864691135765013302,864691135157198692,1
864691135765013302,864691135455400554,1
864691135765013302,864691135493686111,1
864691135765013302,864691135583277677,1
864691135765013302,864691135584629613,1
864691135765013302,864691135618505065,1
864691135765013302,864691135725842603,1
864691135765013302,864691135750958889,1
864691135765013302,864691135765006134,1
864691135765013302,864691135810473245,1
864691135765013302,864691135850033758,1
864691135765013302,864691135868210454,1
864691135765013302,864691135994226881,1
864691135765013302,864691136125433894,1
864691135765013302,864691136137237899,1
864691135765013302,864691136298125851,1
864691135765013302,864691136488999186,1
864691135765013302,864691136664680926,1
864691135765013302,864691136975624220,1
864691135839932307,864691135277309669,1
864691135839932307,864691135476528704,1
864691135839932307,864691135576991518,1
864691135839932307,864691135655390658,1
864691135839932307,864691135994226881,1
864691135839932307,864691136110256824,1
864691135839932307,864691136437631902,1
864691135808684573,864691135511802576,1
864691135808684573,864691135858273326,1
864691135808684573,864691135890141321,1
864691135808684573,864691136419797655,1
864691135686414775,864691135618505065,1
864691135686414775,864691136298045979,1
864691135782265424,864691135134155168,1
864691135782265424,864691135360017752,1
864691135782265424,864691135428676144,1
864691135782265424,864691135572385061,1
864691135782265424,864691135700648226,1
864691135782265424,864691135848030814,1
864691135782265424,864691135867905302,1
864691135782265424,864691136196127208,1
864691135782265424,864691136602371025,1
864691135779020221,864691135504168285,1
864691135779020221,864691135717271834,1
864691135779020221,864691135742189163,1
864691135779020221,864691136275031565,1
864691135779020221,864691136314473021,1
864691135779020221,864691136990522517,1
864691135489836346,864691135502902338,1
864691135489836346,864691135731705273,1
864691135489836346,864691136009893294,1
864691135489836346,864691136137834877,1
864691135927648212,864691135404763374,1
864691135801163874,864691134942472035,1
864691135801163874,864691135164772653,1
864691135801163874,864691135764583990,1
864691135801163874,864691135842486243,1
864691135801163874,864691136011684526,1
864691135801163874,864691136177629702,1
864691135801163874,864691136195400150,1
864691135801163874,864691136238679567,1
864691135801163874,864691136390788215,1
864691135801163874,864691136419797655,1
864691135801163874,864691136523216017,1
864691135801163874,864691136905458866,1
864691135809568029,864691135469845388,1
864691135809568029,864691135728030015,1
864691135809568029,864691135808925981,1
864691135809568029,864691135988742147,1
864691135809568029,864691136033332155,1
864691135809568029,864691136135963787,1
864691135700648226,864691135273918993,1
864691135700648226,864691135802453858,1
864691135801463650,864691135258642863,1
864691135801463650,864691135294190518,1
864691135801463650,864691135325487004,1
864691135801463650,864691135408808649,1
864691135801463650,864691135430346544,1
864691135801463650,864691135738969220,1
864691135801463650,864691135764583990,1
864691135801463650,864691136022520056,1
864691135801463650,864691136195798504,1
864691135801463650,864691136228250961,1
864691135801463650,864691136330101226,1
864691135801463650,864691136389688695,1
864691135801463650,864691136437631902,1
864691135801463650,864691137021264750,1
864691135504203357,864691135157994084,1
864691135504203357,864691135209432185,1
864691135504203357,864691135294442678,1
864691135504203357,864691135375107272,1
864691135504203357,864691135396940021,1
864691135504203357,864691135465343045,1
864691135504203357,864691135466158917,1
864691135504203357,864691135466236229,1
864691135504203357,864691135493149927,1
864691135504203357,864691135502902338,1
864691135504203357,864691135518173395,1
864691135504203357,864691135572346349,1
864691135504203357,864691135578360837,1
864691135504203357,864691135618505065,1
864691135504203357,864691135689417440,1
864691135504203357,864691135717457946,1
864691135504203357,864691135732210873,1
864691135504203357,864691135764583990,1
864691135504203357,864691135773073147,1
864691135504203357,864691135778419901,1
864691135504203357,864691135779020221,1
864691135504203357,864691135810492189,1
864691135504203357,864691135868060950,1
864691135504203357,864691135875460494,1
864691135504203357,864691135977045871,1
864691135504203357,864691136011768494,1
864691135504203357,864691136013367715,1
864691135504203357,864691136118686884,1
864691135504203357,864691136239902780,1
864691135504203357,864691136330101226,1
864691135504203357,864691136438666398,1
864691135504203357,864691136484732972,1
864691135504203357,864691136619096795,1
864691135504203357,864691136991359893,1
864691135989836288,864691135919645872,1
864691136138131325,864691135324623260,1
864691136138131325,864691135448698196,1
864691136138131325,864691136135963787,1
864691136138131325,864691136137794941,1
864691136138131325,864691136314473021,1
864691135741930603,864691134966114591,1
864691135741930603,864691135015605910,1
864691135741930603,864691135060727707,1
864691135741930603,864691135102151968,1
864691135741930603,864691135184104194,1
864691135741930603,864691135294442678,1
864691135741930603,864691135375351369,1
864691135741930603,864691135405626862,1
864691135741930603,864691135455400554,1
864691135741930603,864691135540272498,1
864691135741930603,864691135587519868,1
864691135741930603,864691135655390658,1
864691135741930603,864691135656578242,1
864691135741930603,864691135656674242,1
864691135741930603,864691135764583990,1
864691135741930603,864691135765006134,1
864691135741930603,864691135774368763,1
864691135741930603,864691135774389755,1
864691135741930603,864691136111559352,1
864691135741930603,864691136137237899,1
864691135741930603,864691136137794941,1
864691135741930603,864691136298125851,1
864691135741930603,864691136330101226,1
864691135741930603,864691136453384959,1
864691135741930603,864691136484364844,1
864691135741930603,864691136579129876,1
864691135741930603,864691136991202453,1
864691135741930603,864691137198691137,1
864691136110366904,864691135405733870,1
864691136110366904,864691135503836253,1
864691136110366904,864691135617152361,1
864691136110366904,864691136086630764,1
864691136110366904,864691136125433894,1
864691135546339880,864691134948788476,1
864691135546339880,864691134949263100,1
864691135546339880,864691134989865338,1
864691135546339880,864691135060651419,1
864691135546339880,864691135209280633,1
864691135546339880,864691135257669039,1
864691135546339880,864691135294442678,1
864691135546339880,864691135409859785,1
864691135546339880,864691135455400554,1
864691135546339880,864691135465343045,1
864691135546339880,864691135470787666,1
864691135546339880,864691135477469352,1
864691135546339880,864691135496440208,1
864691135546339880,864691135540440178,1
864691135546339880,864691135577651230,1
864691135546339880,864691135577749022,1
864691135546339880,864691135778419901,1
864691135546339880,864691135850033758,1
864691135546339880,864691135855890478,1
864691135546339880,864691135868916246,1
864691135546339880,864691135878061395,1
864691135546339880,864691136034011579,1
864691135546339880,864691136034084795,1
864691135546339880,864691136041575422,1
864691135546339880,864691136134678667,1
864691135546339880,864691136211175612,1
864691135546339880,864691136314491965,1
864691135546339880,864691136421279639,1
864691135546339880,864691136523033233,1
864691135546339880,864691136814627955,1
864691135546339880,864691136975144988,1
864691135868210454,864691134966324767,1
864691135868210454,864691135015652246,1
864691135868210454,864691135102433056,1
864691135868210454,864691135210134905,1
864691135868210454,864691135214986368,1
864691135868210454,864691135258642863,1
864691135868210454,864691135357351375,1
864691135868210454,864691135493686111,1
864691135868210454,864691135496440208,1
864691135868210454,864691135499707667,1
864691135868210454,864691135562842337,1
864691135868210454,864691135731679929,1
864691135868210454,864691135741930603,1
864691135868210454,864691135750307881,1
864691135868210454,864691135774368763,1
864691135868210454,864691135774389755,1
864691135868210454,864691135955962888,1
864691135868210454,864691135977309763,1
864691135868210454,864691135988742147,1
864691135868210454,864691136033227451,1
864691135868210454,864691136119885080,1
864691135868210454,864691136390788215,1
864691135868210454,864691136419797655,1
864691136975624220,864691134966714655,1
864691136975624220,864691135102433056,1
864691136975624220,864691135277309669,1
864691136975624220,864691135294520844,1
864691136975624220,864691135368949241,1
864691136975624220,864691135731679929,1
864691136975624220,864691135757040082,1
864691136975624220,864691135774368763,1
864691136975624220,864691135810466333,1
864691136975624220,864691136228491601,1
864691136975624220,864691136381301461,1
864691136975624220,864691136420303511,1
864691136975624220,864691136664680926,1
864691136912172017,864691135493620831,1
864691136912172017,864691135584629613,1
864691136912172017,864691135810905036,1
864691136912172017,864691136665051614,1
864691135469753426,864691134966114591,1
864691135469753426,864691134989865338,1
864691135469753426,864691135214931072,1
864691135469753426,864691135257669039,1
864691135469753426,864691135271038885,1
864691135469753426,864691135272069285,1
864691135469753426,864691135294442678,1
864691135469753426,864691135357351375,1
864691135469753426,864691135368949241,1
864691135469753426,864691135466158917,1
864691135469753426,864691135499707667,1
864691135469753426,864691135518283475,1
864691135469753426,864691135540440178,1
864691135469753426,864691135576881950,1
864691135469753426,864691135694246079,1
864691135469753426,864691135727790911,1
864691135469753426,864691135731679929,1
864691135469753426,864691135751110185,1
864691135469753426,864691135765013302,1
864691135469753426,864691135802453858,1
864691135469753426,864691135810905036,1
864691135469753426,864691135890141321,1
864691135469753426,864691136040834558,1
864691135469753426,864691136137237899,1
864691135469753426,864691136380718037,1
864691135469753426,864691136438469534,1
864691135469753426,864691136524172689,1
864691135469753426,864691136914414321,1
864691135469753426,864691136967703758,1
864691135469753426,864691136991202453,1
864691136117770660,864691134941412707,1
864691136117770660,864691135802453858,1
864691136117770660,864691137055405174,1
864691136663528670,864691135134695328,1
864691136663528670,864691135257638575,1
864691136663528670,864691135719761713,1
864691136663528670,864691135755197133,1
864691136392785279,864691135258509487,1
864691136392785279,864691135351096279,1
864691136392785279,864691135465932357,1
864691136392785279,864691135493686111,1
864691136392785279,864691135503182685,1
864691136392785279,864691135570301676,1
864691136392785279,864691135868919318,1
864691136392785279,864691135885911920,1
864691136392785279,864691136033227451,1
864691136392785279,864691136211175612,1
864691136392785279,864691136452609023,1
864691135257404079,864691135396115189,1
864691135257404079,864691135396794101,1
864691135257404079,864691135397846049,1
864691135257404079,864691135441799752,1
864691135257404079,864691135510191369,1
864691135257404079,864691135725842603,1
864691135257404079,864691135773073147,1
864691135304679079,864691134991010426,1
864691135304679079,864691135102381856,1
864691135304679079,864691135210134905,1
864691135304679079,864691135294441654,1
864691135304679079,864691135375351369,1
864691135304679079,864691135386899029,1
864691135304679079,864691135496440208,1
864691135304679079,864691135518283475,1
864691135304679079,864691135562842337,1
864691135304679079,864691135576991518,1
864691135304679079,864691136011686318,1
864691135304679079,864691136033227451,1
864691135304679079,864691136040834558,1
864691135304679079,864691136052738803,1
864691135304679079,864691136085781356,1
864691135304679079,864691136177629702,1
864691135304679079,864691136195391208,1
864691135304679079,864691136275894285,1
864691135304679079,864691136313406781,1
864691135304679079,864691136330407914,1
864691135304679079,864691136334080435,1
864691135304679079,864691136380264405,1
864691135741684075,864691135720638769,1
864691135741684075,864691136334080435,1
864691135853198023,864691135119709149,1
864691135853198023,864691135774389755,1
864691135853198023,864691135977666883,1
864691135853198023,864691136380718037,1
864691135853198023,864691136914414321,1
864691136196202472,864691135362104647,1
864691136196202472,864691135408808649,1
864691136196202472,864691135480892614,1
864691136196202472,864691135518283475,1
864691136196202472,864691135919956656,1
864691136196202472,864691135955962888,1
864691136196202472,864691136022520056,1
864691136196202472,864691136034181307,1
864691136196202472,864691136238090767,1
864691136196202472,864691136438666398,1
864691136196202472,864691136814508659,1
864691136196202472,864691136927761226,1
864691135868957462,864691135977666883,1
864691135209369465,864691134949263100,1
864691135209369465,864691135209432185,1
864691135209369465,864691135294441654,1
864691135209369465,864691135396940021,1
864691135209369465,864691135448698196,1
864691135209369465,864691135478400936,1
864691135209369465,864691135480892614,1
864691135209369465,864691135577221406,1
864691135209369465,864691135578360837,1
864691135209369465,864691135617152361,1
864691135209369465,864691135689417440,1
864691135209369465,864691135801463650,1
864691135209369465,864691135953985800,1
864691135209369465,864691136026198585,1
864691135209369465,864691136034084795,1
864691135209369465,864691136092725684,1
864691135209369465,864691136125411622,1
864691135209369465,864691136227484753,1
864691135209369465,864691136274546622,1
864691135209369465,864691136311106650,1
864691135209369465,864691136674744199,1
864691135209369465,864691136975624220,1
864691135209369465,864691137199828801,1
864691135510191369,864691134886499066,1
864691135491204327,864691134949263100,1
864691135491204327,864691135503182685,1
864691135491204327,864691136022520056,1
864691135491204327,864691136991202453,1
864691135741998484,864691134942472035,1
864691135741998484,864691134966114591,1
864691135741998484,864691135015154934,1
864691135741998484,864691135067066948,1
864691135741998484,864691135155894884,1
864691135741998484,864691135209369465,1
864691135741998484,864691135294190518,1
864691135741998484,864691135304641703,1
864691135741998484,864691135375351369,1
864691135741998484,864691135448215698,1
864691135741998484,864691135448698196,1
864691135741998484,864691135477469352,1
864691135741998484,864691135479833030,1
864691135741998484,864691135480892614,1
864691135741998484,864691135502885954,1
864691135741998484,864691135562474977,1
864691135741998484,864691135562798817,1
864691135741998484,864691135582973549,1
864691135741998484,864691135592830731,1
864691135741998484,864691135685087474,1
864691135741998484,864691135688186080,1
864691135741998484,864691135694415551,1
864691135741998484,864691135695146943,1
864691135741998484,864691135731679929,1
864691135741998484,864691135732210873,1
864691135741998484,864691135732578745,1
864691135741998484,864691135779705021,1
864691135741998484,864691135816565839,1
864691135741998484,864691135868386070,1
864691135741998484,864691135890141321,1
864691135741998484,864691135994235841,1
864691135741998484,864691136013367715,1
864691135741998484,864691136026198585,1
864691135741998484,864691136058745048,1
864691135741998484,864691136085781356,1
864691135741998484,864691136211385020,1
864691135741998484,864691136391042167,1
864691135741998484,864691136484732972,1
864691135741998484,864691136954028511,1
864691135741998484,864691137055405174,1
864691135476528704,864691135015652246,1
864691135476528704,864691135164887853,1
864691135476528704,864691135325263004,1
864691135476528704,864691135546902056,1
864691135476528704,864691135618505065,1
864691135476528704,864691135738969220,1
864691135476528704,864691135741524587,1
864691135476528704,864691135779377341,1
864691135476528704,864691135892214409,1
864691135476528704,864691136111251896,1
864691135476528704,864691136195798504,1
864691135476528704,864691136336107187,1
864691135476528704,864691136742067804,1
864691136228250961,864691134919529994,1
864691136228250961,864691136372759688,1
864691136228250961,864691136419797655,1
864691136228250961,864691136424990255,1
864691136228250961,864691136664680926,1
864691136111251896,864691135214986368,1
864691136111251896,864691135396794101,1
864691136111251896,864691135431089968,1
864691136111251896,864691135756075981,1
864691136111251896,864691135955962888,1
864691136111251896,864691135977666883,1
864691136111251896,864691136011686318,1
864691136111251896,864691136137794941,1
864691136111251896,864691136419797655,1
864691136111251896,864691137198691137,1
864691135491167207,864691135585266808,1
864691135593133067,864691134886499066,1
864691135593133067,864691135157994084,1
864691135593133067,864691135209432185,1
864691135593133067,864691135346571423,1
864691135593133067,864691135357351375,1
864691135593133067,864691135448303762,1
864691135593133067,864691135455400554,1
864691135593133067,864691135455819114,1
864691135593133067,864691135469753426,1
864691135593133067,864691135469845388,1
864691135593133067,864691135480892614,1
864691135593133067,864691135480916422,1
864691135593133067,864691135493686111,1
864691135593133067,864691135504203357,1
864691135593133067,864691135504327861,1
864691135593133067,864691135562798817,1
864691135593133067,864691135583277677,1
864691135593133067,864691135640297787,1
864691135593133067,864691135646775791,1
864691135593133067,864691135655894978,1
864691135593133067,864691135656578242,1
864691135593133067,864691135741090196,1
864691135593133067,864691135810466333,1
864691135593133067,864691135810473245,1
864691135593133067,864691135810492189,1
864691135593133067,864691135843242211,1
864691135593133067,864691135867644805,1
864691135593133067,864691135885911920,1
864691135593133067,864691136006519498,1
864691135593133067,864691136137794941,1
864691135593133067,864691136196517452,1
864691135593133067,864691136330101226,1
864691135593133067,864691136390788215,1
864691135593133067,864691136953197279,1
864691135593133067,864691136975300636,1
864691135593133067,864691136991359893,1
864691135593133067,864691137055367798,1
864691135593133067,864691137055405174,1
864691135517531786,864691135387690069,1
864691135517531786,864691135463695429,1
864691135517531786,864691136273494206,1
864691135517531786,864691136311106650,1
864691135134114976,864691134886499066,1
864691135134114976,864691135137137433,1
864691135134114976,864691135339103718,1
864691135134114976,864691135430004016,1
864691135134114976,864691135539491442,1
864691135134114976,864691135860969064,1
864691135134114976,864691136363473634,1
864691135760635214,864691135350420951,1
864691135760635214,864691135742102635,1
864691135576991518,864691135102151968,1
864691135576991518,864691135360346200,1
864691135576991518,864691135546902056,1
864691135576991518,864691135578360837,1
864691135576991518,864691135717457946,1
864691135576991518,864691135988557315,1
864691135576991518,864691136086088556,1
864691135576991518,864691136391042167,1
864691135576991518,864691136990522517,1
864691135576991518,864691137055367798,1
864691135540440178,864691135849088094,1
864691135540440178,864691135994235841,1
864691135540440178,864691136144827444,1
864691135359010904,864691135358995288,1
864691135102433056,864691135214931072,1
864691135102433056,864691135258642863,1
864691135102433056,864691135342958789,1
864691135102433056,864691135357351375,1
864691135102433056,864691135360809560,1
864691135102433056,864691135465343045,1
864691135102433056,864691135503182685,1
864691135102433056,864691135519105162,1
864691135102433056,864691135562410721,1
864691135102433056,864691135584008045,1
864691135102433056,864691135656579010,1
864691135102433056,864691135742102635,1
864691135102433056,864691135808684573,1
864691135102433056,864691136013367715,1
864691135102433056,864691136033332155,1
864691135102433056,864691136299034139,1
864691135102433056,864691136378815445,1
864691135102433056,864691136381301461,1
864691135102433056,864691136445557123,1
864691135102433056,864691136453419007,1
864691135102433056,864691136905560754,1
864691136619882637,864691134886828794,1
864691136619882637,864691135257404079,1
864691136619882637,864691135497743635,1
864691136619882637,864691135578103301,1
864691136619882637,864691135720638769,1
864691136619882637,864691135801133666,1
864691136619882637,864691135864188286,1
864691136619882637,864691135940685057,1
864691136619882637,864691135952122147,1
864691136619882637,864691136273494206,1
864691135740865684,864691135360017752,1
864691135740865684,864691135497743635,1
864691135014966262,864691135304679079,1
864691135014966262,864691135455507818,1
864691135014966262,864691135566168599,1
864691135014966262,864691135577221406,1
864691135014966262,864691135611019015,1
864691135014966262,864691135618505065,1
864691135014966262,864691135698211994,1
864691135014966262,864691136085904236,1
864691135014966262,864691136239902780,1
864691135014966262,864691136330101226,1
864691135014966262,864691136391042167,1
864691135014966262,864691136424990255,1
864691135014966262,864691136489147922,1
864691135014966262,864691136991390869,1
864691135429763120,864691134887026938,1
864691135429763120,864691135157198692,1
864691135429763120,864691135455819114,1
864691135429763120,864691135499707667,1
864691135429763120,864691135741998484,1
864691135429763120,864691135810466333,1
864691135429763120,864691135849088094,1
864691135573276197,864691134949081852,1
864691135573276197,864691135388828033,1
864691135573276197,864691135499283987,1
864691135573276197,864691136196517452,1
864691135573276197,864691136313406781,1
864691135340055782,864691135124603687,1
864691135340055782,864691135351096279,1
864691135340055782,864691135656674242,1
864691135340055782,864691135782544435,1
864691135340055782,864691135843242211,1
864691135340055782,864691135849088094,1
864691135340055782,864691135877825107,1
864691135340055782,864691135994235841,1
864691135340055782,864691136380757461,1
864691135340055782,864691136420303511,1
864691135340055782,864691136991202453,1
864691135340055782,864691137021264750,1
864691136596107938,864691135547082280,1
864691136596107938,864691135656674242,1
864691136596107938,864691135695042751,1
864691136596107938,864691135937286404,1
864691136596107938,864691136010639022,1
864691135258563503,864691134887026938,1
864691135258563503,864691134965778719,1
864691135258563503,864691135157994084,1
864691135258563503,864691135342585541,1
864691135258563503,864691135360809560,1
864691135258563503,864691135417045946,1
864691135258563503,864691135480916422,1
864691135258563503,864691135490326074,1
864691135258563503,864691135495698832,1
864691135258563503,864691135502885954,1
864691135258563503,864691135562842337,1
864691135258563503,864691135595040043,1
864691135258563503,864691135717275162,1
864691135258563503,864691135739587697,1
864691135258563503,864691135750958889,1
864691135258563503,864691135763795510,1
864691135258563503,864691135782241616,1
864691135258563503,864691135810492189,1
864691135258563503,864691135868060950,1
864691135258563503,864691135868916246,1
864691135258563503,864691135938816260,1
864691135258563503,864691135942924148,1
864691135258563503,864691136118686884,1
864691135258563503,864691136125433894,1
864691135258563503,864691136579408916,1
864691135258563503,864691137055405174,1
864691135977134403,864691135214986368,1
864691135977134403,864691135360482392,1
864691135977134403,864691135468948364,1
864691135977134403,864691136137794941,1
864691135977134403,864691136953197279,1
864691135404763374,864691135724393131,1
864691135441799752,864691134884807418,1
864691135441799752,864691135082864887,1
864691135441799752,864691135134016928,1
864691135441799752,864691135270320293,1
864691135441799752,864691135325071004,1
864691135441799752,864691135325487004,1
864691135441799752,864691135448303762,1
864691135441799752,864691135465343045,1
864691135441799752,864691135469753426,1
864691135441799752,864691135503182685,1
864691135441799752,864691135577749022,1
864691135441799752,864691135584629613,1
864691135441799752,864691135585266808,1
864691135441799752,864691135618505065,1
864691135441799752,864691135619756943,1
864691135441799752,864691135684657079,1
864691135441799752,864691135688186080,1
864691135441799752,864691135697613077,1
864691135441799752,864691135750307881,1
864691135441799752,864691135774389755,1
864691135441799752,864691135809608652,1
864691135441799752,864691135885140848,1
864691135441799752,864691135952122147,1
864691135441799752,864691135975824495,1
864691135441799752,864691136022520056,1
864691135441799752,864691136089194039,1
864691135441799752,864691136110256824,1
864691135441799752,864691136195798504,1
864691135441799752,864691136298045979,1
864691135441799752,864691136314404669,1
864691135441799752,864691136419797655,1
864691135441799752,864691136437631902,1
864691135441799752,864691136602371025,1
864691135441799752,864691136618795227,1
864691135441799752,864691136674749575,1
864691135441799752,864691136904761266,1
864691135441799752,864691137198691137,1
864691135988557315,864691134966324767,1
864691135988557315,864691134966714655,1
864691135988557315,864691135015605910,1
864691135988557315,864691135101595680,1
864691135988557315,864691135102433056,1
864691135988557315,864691135258509487,1
864691135988557315,864691135274195217,1
864691135988557315,864691135277186789,1
864691135988557315,864691135280682401,1
864691135988557315,864691135455400554,1
864691135988557315,864691135465343045,1
864691135988557315,864691135493686111,1
864691135988557315,864691135694246079,1
864691135988557315,864691135695146943,1
864691135988557315,864691135732578745,1
864691135988557315,864691135853088967,1
864691135988557315,864691135868060950,1
864691135988557315,864691135919956656,1
864691135988557315,864691136021865976,1
864691135988557315,864691136239902780,1
864691135988557315,864691136453419007,1
864691135988557315,864691136905458866,1
864691135060651419,864691135277186789,1
864691135060651419,864691135280481697,1
864691135060651419,864691135325071004,1
864691135060651419,864691135362104647,1
864691135060651419,864691135367033849,1
864691135060651419,864691135397846049,1
864691135060651419,864691135448698196,1
864691135060651419,864691135464795710,1
864691135060651419,864691135493620831,1
864691135060651419,864691135493686111,1
864691135060651419,864691135504327861,1
864691135060651419,864691135585266808,1
864691135060651419,864691135698211994,1
864691135060651419,864691135717163802,1
864691135060651419,864691135719900721,1
864691135060651419,864691135741780116,1
864691135060651419,864691135774294603,1
864691135060651419,864691135774389755,1
864691135060651419,864691135853198023,1
864691135060651419,864691135939049988,1
864691135060651419,864691136084313196,1
864691135060651419,864691136238679567,1
864691135060651419,864691136314491965,1
864691135060651419,864691136380757461,1
864691135060651419,864691136437631902,1
864691135060651419,864691136523033233,1
864691135060651419,864691136524172689,1
864691135060651419,864691136604001745,1
864691135060651419,864691136619096795,1
864691135060651419,864691136620914829,1
864691135060651419,864691136814627955,1
864691135060651419,864691136976001308,1
864691135060651419,864691136991202453,1
864691135468948364,864691134942472035,1
864691135468948364,864691135155894884,1
864691135468948364,864691135294442678,1
864691135468948364,864691135384344043,1
864691135468948364,864691135386963541,1
864691135468948364,864691135417478842,1
864691135468948364,864691135431654960,1
864691135468948364,864691135455400554,1
864691135468948364,864691135477670312,1
864691135468948364,864691135738047620,1
864691135468948364,864691135741780116,1
864691135468948364,864691135757040082,1
864691135468948364,864691135774389755,1
864691135468948364,864691135941300993,1
864691135468948364,864691135977134403,1
864691135468948364,864691135988557315,1
864691135468948364,864691136013367715,1
864691135468948364,864691136137237899,1
864691135468948364,864691136238679567,1
864691135468948364,864691136311059034,1
864691135468948364,864691136311381338,1
864691135468948364,864691136373008520,1
864691135468948364,864691136392785279,1
864691135468948364,864691136924515300,1
864691135578146565,864691135339088102,1
864691135578146565,864691136905560754,1
864691135060020123,864691134966114591,1
864691135060020123,864691135728030015,1
864691135060020123,864691135742102635,1
864691135060020123,864691135757040082,1
864691135060020123,864691135757083346,1
864691135060020123,864691135868210454,1
864691135060020123,864691136013367715,1
864691135060020123,864691136021865976,1
864691135060020123,864691136058745048,1
864691135060020123,864691136523288465,1
864691135727961663,864691134886499066,1
864691135727961663,864691134989865338,1
864691135727961663,864691135102274592,1
864691135727961663,864691135272003237,1
864691135727961663,864691135342958789,1
864691135727961663,864691135343818161,1
864691135727961663,864691135478400936,1
864691135727961663,864691135480916422,1
864691135727961663,864691135727790911,1
864691135727961663,864691135868466710,1
864691135727961663,864691135927494158,1
864691135727961663,864691136033332155,1
864691135727961663,864691136101516661,1
864691135727961663,864691136120658712,1
864691135727961663,864691136135963787,1
864691135727961663,864691136331249642,1
864691135727961663,864691136420195223,1
864691135727961663,864691136453419007,1
864691135801133666,864691134886828794,1
864691135801133666,864691135134155168,1
864691135750642473,864691134949221372,1
864691135750642473,864691134950156796,1
864691135750642473,864691135387988609,1
864691135750642473,864691135417045946,1
864691135750642473,864691135431654960,1
864691135750642473,864691135477839784,1
864691135750642473,864691135619463567,1
864691135750642473,864691135695146943,1
864691135750642473,864691135717275162,1
864691135750642473,864691135890141321,1
864691135750642473,864691136120658712,1
864691135750642473,864691136298125851,1
864691135750642473,864691136452447743,1
864691135750642473,864691137055712630,1
864691135858298670,864691134966069023,1
864691135858298670,864691135157994084,1
864691135858298670,864691135257669039,1
864691135858298670,864691135274195217,1
864691135858298670,864691135280682401,1
864691135858298670,864691135324623260,1
864691135858298670,864691135360482392,1
864691135858298670,864691135375590217,1
864691135858298670,864691135566168599,1
864691135858298670,864691135591726603,1
864691135858298670,864691135695146943,1
864691135858298670,864691135741458324,1
864691135858298670,864691135750958889,1
864691135858298670,864691135774177531,1
864691135858298670,864691135839932307,1
864691135858298670,864691135842486243,1
864691135858298670,864691135955962888,1
864691135858298670,864691135976063855,1
864691135858298670,864691136137794941,1
864691135858298670,864691136195834070,1
864691135858298670,864691136330407914,1
864691135858298670,864691136424439855,1
864691135858298670,864691136445215875,1
864691135858298670,864691136814508659,1
864691135858298670,864691136914414321,1
864691135858298670,864691136975144988,1
864691135858298670,864691136976001308,1
864691135858298670,864691137055367798,1
864691135586724220,864691135102381856,1
864691135586724220,864691135258642863,1
864691135586724220,864691135277186789,1
864691135586724220,864691135397982753,1
864691135586724220,864691135431654960,1
864691135586724220,864691135547082280,1
864691135586724220,864691135567047191,1
864691135586724220,864691135583172717,1
864691135586724220,864691135585266808,1
864691135586724220,864691135655390658,1
864691135586724220,864691135774389755,1
864691135586724220,864691135850033758,1
864691135586724220,864691135994235841,1
864691135586724220,864691136091634487,1
864691135586724220,864691136137293195,1
864691135586724220,864691136195798504,1
864691136052738803,864691135066958404,1
864691136052738803,864691135134016928,1
864691136052738803,864691135277186789,1
864691136052738803,864691135360482392,1
864691136052738803,864691135398868257,1
864691136052738803,864691135409859785,1
864691136052738803,864691135464928318,1
864691136052738803,864691135567059223,1
864691136052738803,864691135591041291,1
864691136052738803,864691135593133067,1
864691136052738803,864691135739587697,1
864691136052738803,864691135750958889,1
864691136052738803,864691135773209163,1
864691136052738803,864691135938816260,1
864691136052738803,864691135977654851,1
864691136052738803,864691136137237899,1
864691136052738803,864691136452447743,1
864691136052738803,864691136484364844,1
864691136052738803,864691136484732972,1
864691136052738803,864691136488999186,1
864691136913993713,864691134949263100,1
864691136913993713,864691135124146727,1
864691136913993713,864691135124603687,1
864691136913993713,864691135209432185,1
864691136913993713,864691135258642863,1
864691136913993713,864691135294520844,1
864691136913993713,864691135324623260,1
864691136913993713,864691135455507818,1
864691136913993713,864691135492568551,1
864691136913993713,864691135503182685,1
864691136913993713,864691135510191369,1
864691136913993713,864691135570301676,1
864691136913993713,864691135583172717,1
864691136913993713,864691135587519868,1
864691136913993713,864691135717457946,1
864691136913993713,864691135719900721,1
864691136913993713,864691135866576604,1
864691136913993713,864691135942924148,1
864691136913993713,864691135976425327,1
864691136913993713,864691136033332155,1
864691136913993713,864691136196338764,1
864691136913993713,864691136330407914,1
864691136913993713,864691136424990255,1
864691136913993713,864691136523288465,1
864691136913993713,864691136619096795,1
864691136913993713,864691136675875719,1
864691136913993713,864691136954050527,1
864691136913993713,864691136967703758,1
864691135511802576,864691135209194617,1
864691135511802576,864691135585415544,1
864691135593659947,864691134886828794,1
864691135593659947,864691135134695328,1
864691135593659947,864691135387690069,1
864691135593659947,864691135455123562,1
864691135593659947,864691135496333968,1
864691135593659947,864691135497743635,1
864691135593659947,864691135501703746,1
864691135593659947,864691135572530981,1
864691135593659947,864691135731705273,1
864691135593659947,864691135852138183,1
864691135593659947,864691136196127208,1
864691135593659947,864691136812081779,1
864691136177799686,864691135067066948,1
864691136177799686,864691135350420951,1
864691136177799686,864691135362104647,1
864691136177799686,864691135398868257,1
864691136177799686,864691135448215698,1
864691136177799686,864691135477839784,1
864691136177799686,864691135585266808,1
864691136177799686,864691135656579010,1
864691136177799686,864691135694415551,1
864691136177799686,864691135750958889,1
864691136177799686,864691136137794941,1
864691136177799686,864691136330101226,1
864691136177799686,864691136420303511,1
864691136177799686,864691136905758130,1
864691136177799686,864691136991202453,1
864691135583223405,864691135134016928,1
864691135583223405,864691135304641703,1
864691135583223405,864691135388828033,1
864691135583223405,864691135408808649,1
864691135583223405,864691135465113157,1
864691135583223405,864691135478400936,1
864691135583223405,864691135569592300,1
864691135583223405,864691135577644574,1
864691135583223405,864691135858298670,1
864691135583223405,864691135868466710,1
864691135583223405,864691136091074615,1
864691135583223405,864691136195798504,1
864691135583223405,864691136239460668,1
864691135583223405,864691136330407914,1
864691135583223405,864691136484732972,1
864691135583223405,864691136619096795,1
864691136118370724,864691135015605910,1
864691136118370724,864691135060727707,1
864691136118370724,864691135480311494,1
864691136118370724,864691135688186080,1
864691136118370724,864691135810466333,1
864691136118370724,864691135919956656,1
864691136118370724,864691135977666883,1
864691136118370724,864691136195798504,1
864691136118370724,864691136239068732,1
864691136118370724,864691136421279639,1
864691136118370724,864691136620914829,1
864691136118370724,864691136665051614,1
864691136118370724,864691136953873631,1
864691136118370724,864691136991202453,1
864691136118370724,864691137021264750,1
864691136144827444,864691135015652246,1
864691136144827444,864691135360809560,1
864691136144827444,864691135448303762,1
864691136144827444,864691135688186080,1
864691136144827444,864691135717163802,1
864691136144827444,864691135738969220,1
864691136144827444,864691135868210454,1
864691136144827444,864691135928366606,1
864691136144827444,864691135938816260,1
864691136144827444,864691136010651052,1
864691136144827444,864691136011684526,1
864691136144827444,864691136022520056,1
864691136144827444,864691136330407914,1
864691136144827444,864691136453384959,1
864691136144827444,864691136488446226,1
864691136144827444,864691136905458866,1
864691136144827444,864691136914414321,1
864691136144827444,864691137055367798,1
864691136991606421,864691134919972106,1
864691136991606421,864691134966714655,1
864691136991606421,864691135102433056,1
864691136991606421,864691135164772653,1
864691136991606421,864691135280682401,1
864691136991606421,864691135304641703,1
864691136991606421,864691135357351375,1
864691136991606421,864691135374981320,1
864691136991606421,864691135465100189,1
864691136991606421,864691135503836253,1
864691136991606421,864691135567047191,1
864691136991606421,864691135611140359,1
864691136991606421,864691135731889337,1
864691136991606421,864691135742102635,1
864691136991606421,864691135760106830,1
864691136991606421,864691135774053371,1
864691136991606421,864691135919956656,1
864691136991606421,864691135947258916,1
864691136991606421,864691136010639022,1
864691136991606421,864691136111559352,1
864691136991606421,864691136120663064,1
864691136991606421,864691136311059034,1
864691136991606421,864691136363473634,1
864691136991606421,864691136604001745,1
864691136991606421,864691136904488114,1
864691135465955397,864691134919529994,1
864691135465955397,864691135060882843,1
864691135465955397,864691135135019168,1
864691135465955397,864691135214931072,1
864691135465955397,864691135258642863,1
864691135465955397,864691135336055529,1
864691135465955397,864691135362104647,1
864691135465955397,864691135496440208,1
864691135465955397,864691135503182685,1
864691135465955397,864691135584008045,1
864691135465955397,864691135617152361,1
864691135465955397,864691135738969220,1
864691135465955397,864691135774179147,1
864691135465955397,864691135801463650,1
864691135465955397,864691135955962888,1
864691135465955397,864691135990004992,1
864691135465955397,864691136022520056,1
864691135465955397,864691136120159768,1
864691135465955397,864691136195798504,1
864691135465955397,864691136604001745,1
864691135741524587,864691134989865338,1
864691135741524587,864691135518989962,1
864691135741524587,864691135583172717,1
864691135741524587,864691135617152361,1
864691135741524587,864691136125956134,1
864691135360482392,864691135325071004,1
864691135360482392,864691135340055782,1
864691135360482392,864691135384843738,1
864691135360482392,864691135572346349,1
864691135360482392,864691135592830731,1
864691135360482392,864691135757083346,1
864691135360482392,864691135857993774,1
864691135360482392,864691135858298670,1
864691135360482392,864691135919956656,1
864691135360482392,864691136011768494,1
864691135360482392,864691136034084795,1
864691135360482392,864691136058745048,1
864691135360482392,864691136438717086,1
864691135360482392,864691136620914829,1
864691135360482392,864691136674749575,1
864691135360482392,864691136924515300,1
864691136033332155,864691134949248508,1
864691136033332155,864691134966714655,1
864691136033332155,864691135155894884,1
864691136033332155,864691135214986368,1
864691136033332155,864691135340055782,1
864691136033332155,864691135342523057,1
864691136033332155,864691135357351375,1
864691136033332155,864691135360482392,1
864691136033332155,864691135386899029,1
864691136033332155,864691135396940021,1
864691136033332155,864691135469845388,1
864691136033332155,864691135470787666,1
864691136033332155,864691135476495936,1
864691136033332155,864691135478400936,1
864691136033332155,864691135577749022,1
864691136033332155,864691135611140359,1
864691136033332155,864691135727790911,1
864691136033332155,864691135738047620,1
864691136033332155,864691135742102635,1
864691136033332155,864691135787537348,1
864691136033332155,864691135810982860,1
864691136033332155,864691135868466710,1
864691136033332155,864691135954393891,1
864691136033332155,864691135988742147,1
864691136033332155,864691136125433894,1
864691136033332155,864691136299034139,1
864691136033332155,864691136336107187,1
864691136033332155,864691136380757461,1
864691136033332155,864691136453419007,1
864691136033332155,864691136523335057,1
864691136033332155,864691136664680926,1
864691135294441654,864691134966710559,1
864691135294441654,864691135102433056,1
864691135294441654,864691135340055782,1
864691135294441654,864691135357351375,1
864691135294441654,864691135430275120,1
864691135294441654,864691135431089968,1
864691135294441654,864691135448215698,1
864691135294441654,864691135474504498,1
864691135294441654,864691135493686111,1
864691135294441654,864691135578360837,1
864691135294441654,864691135640297787,1
864691135294441654,864691135686283703,1
864691135294441654,864691135694246079,1
864691135294441654,864691135727790911,1
864691135294441654,864691135774053371,1
864691135294441654,864691135808925981,1
864691135294441654,864691135810905036,1
864691135294441654,864691135843242211,1
864691135294441654,864691135853088967,1
864691135294441654,864691135868210454,1
864691135294441654,864691135885911920,1
864691135294441654,864691136026254649,1
864691135294441654,864691136058745048,1
864691135294441654,864691136118370724,1
864691135294441654,864691136299034139,1
864691135294441654,864691136381301461,1
864691135294441654,864691136438717086,1
864691135294441654,864691136596901026,1
864691135294441654,864691136725093373,1
864691135294441654,864691136905458866,1
864691135294441654,864691136913993713,1
864691135294441654,864691136914414321,1
864691135294441654,864691136954050527,1
864691135466236229,864691134966710559,1
864691135466236229,864691135164887853,1
864691135466236229,864691135388368001,1
864691135466236229,864691135469753426,1
864691135466236229,864691135480892614,1
864691135466236229,864691135576881950,1
864691135466236229,864691135617440105,1
864691135466236229,864691135688186080,1
864691135466236229,864691135689417440,1
864691135466236229,864691135719900721,1
864691135466236229,864691135727790911,1
864691135466236229,864691135757083346,1
864691135466236229,864691135774368763,1
864691135466236229,864691135810982860,1
864691135466236229,864691135853198023,1
864691135466236229,864691135867644805,1
864691135466236229,864691135885911920,1
864691135466236229,864691135955909640,1
864691135466236229,864691135988557315,1
864691135466236229,864691136058745048,1
864691135466236229,864691136120658712,1
864691135466236229,864691136274655166,1
864691135466236229,864691136298125851,1
864691135466236229,864691136604001745,1
864691135466236229,864691136905758130,1
864691135466236229,864691136927761226,1
864691135466236229,864691136954050527,1
864691135594721579,864691135503182685,1
864691135594721579,864691135774389755,1
864691135594721579,864691135955962888,1
864691135324725404,864691135060727707,1
864691135324725404,864691135350420951,1
864691135324725404,864691135362104647,1
864691135324725404,864691135562004193,1
864691135324725404,864691135572346349,1
864691135324725404,864691135739689073,1
864691135324725404,864691135760635214,1
864691135324725404,864691135858298670,1
864691135324725404,864691135954393891,1
864691135324725404,864691136488414994,1
864691135324725404,864691136619096795,1
864691135572346349,864691135015652246,1
864691135572346349,864691135280481697,1
864691135572346349,864691135510846217,1
864691135572346349,864691135585266808,1
864691135572346349,864691135586724220,1
864691135572346349,864691135750958889,1
864691135572346349,864691135865648254,1
864691135572346349,864691136144827444,1
864691135572346349,864691136484732972,1
864691135572346349,864691136742067804,1
864691135572346349,864691136905758130,1
864691135572346349,864691136914414321,1
864691135294442678,864691134991010426,1
864691135294442678,864691135102381856,1
864691135294442678,864691135210134905,1
864691135294442678,864691135362104647,1
864691135294442678,864691135656578242,1
864691135294442678,864691135732210873,1
864691135294442678,864691135774389755,1
864691135294442678,864691135779705021,1
864691135294442678,864691135801463650,1
864691135294442678,864691135817419343,1
864691135294442678,864691135886208112,1
864691135294442678,864691135939477508,1
864691135294442678,864691136137794941,1
864691135294442678,864691136288598467,1
864691135294442678,864691136619096795,1
864691136453384959,864691135014966262,1
864691136453384959,864691135102151968,1
864691136453384959,864691135274195217,1
864691136453384959,864691135375351369,1
864691136453384959,864691135496440208,1
864691136453384959,864691135577651230,1
864691136453384959,864691135585266808,1
864691136453384959,864691135587519868,1
864691136453384959,864691135688186080,1
864691136453384959,864691135782702387,1
864691136453384959,864691135867644805,1
864691136453384959,864691135868210454,1
864691136453384959,864691135938816260,1
864691136453384959,864691136010639022,1
864691136453384959,864691136111251896,1
864691136453384959,864691136195798504,1
864691136453384959,864691136288644291,1
864691136453384959,864691136421279639,1
864691135994226881,864691135325263004,1
864691135994226881,864691135476528704,1
864691135994226881,864691135618505065,1
864691135994226881,864691135928366606,1
864691135994226881,864691135977666883,1
864691135994226881,864691136022520056,1
864691135994226881,864691136195798504,1
864691135994226881,864691136437631902,1
864691136602371025,864691135060727707,1
864691136602371025,864691135102381856,1
864691136602371025,864691135117980637,1
864691136602371025,864691135367033849,1
864691136602371025,864691135618505065,1
864691136602371025,864691135774389755,1
864691136602371025,864691135937286404,1
864691136602371025,864691136275364365,1
864691136602371025,864691136364308962,1
864691136602371025,864691136603811281,1
864691136602371025,864691137198691137,1
864691135941708033,864691135464143934,1
864691135941708033,864691135468948364,1
864691135941708033,864691135760106830,1
864691135941708033,864691135942924148,1
864691136954050527,864691135113733529,1
864691136954050527,864691135384843738,1
864691136954050527,864691135409859785,1
864691136954050527,864691135478316200,1
864691136954050527,864691135493620831,1
864691136954050527,864691135577749022,1
864691136954050527,864691135619317391,1
864691136954050527,864691135685087474,1
864691136954050527,864691135689417440,1
864691136954050527,864691135757040082,1
864691136954050527,864691135850033758,1
864691136954050527,864691136108378073,1
864691136954050527,864691136110366904,1
864691136954050527,864691136125457446,1
864691136954050527,864691136239902780,1
864691136954050527,864691136330101226,1
864691136954050527,864691136664127454,1
864691136954050527,864691136991202453,1
864691135571192966,864691134942472035,1
864691135571192966,864691135362104647,1
864691135571192966,864691135430346544,1
864691135571192966,864691135499707667,1
864691135571192966,864691135562975969,1
864691135571192966,864691135585266808,1
864691135571192966,864691135739689073,1
864691135571192966,864691135741458324,1
864691135571192966,864691136111251896,1
864691135134016928,864691135396115189,1
864691135134016928,864691135503182685,1
864691135134016928,864691135566168599,1
864691135134016928,864691135695146943,1
864691135134016928,864691135782241616,1
864691135134016928,864691135955962888,1
864691135134016928,864691136013367715,1
864691135134016928,864691136022520056,1
864691135134016928,864691136211175612,1
864691135134016928,864691136392785279,1
864691135134016928,864691136419797655,1
864691135134016928,864691136452609023,1
864691135134016928,864691137021264750,1
864691135731679929,864691134942472035,1
864691135731679929,864691135102433056,1
864691135731679929,864691135258509487,1
864691135731679929,864691135342958789,1
864691135731679929,864691135566168599,1
864691135731679929,864691135773073147,1
864691135731679929,864691135779049056,1
864691135731679929,864691135942924148,1
864691135280944545,864691135066958404,1
864691135280944545,864691135209432185,1
864691135280944545,864691135280481697,1
864691135280944545,864691135448698196,1
864691135280944545,864691135476528704,1
864691135280944545,864691135688186080,1
864691135280944545,864691135774053371,1
864691135280944545,864691135810905036,1
864691135280944545,864691135861093992,1
864691135280944545,864691135977666883,1
864691135280944545,864691136034084795,1
864691135280944545,864691136125433894,1
864691135280944545,864691136389688695,1
864691135280944545,864691136524297617,1
864691135493149927,864691134948788476,1
864691135493149927,864691134966710559,1
864691135493149927,864691135102151968,1
864691135493149927,864691135124146727,1
864691135493149927,864691135124603687,1
864691135493149927,864691135258642863,1
864691135493149927,864691135294190518,1
864691135493149927,864691135362104647,1
864691135493149927,864691135386899029,1
864691135493149927,864691135417478842,1
864691135493149927,864691135466236229,1
864691135493149927,864691135496440208,1
864691135493149927,864691135499707667,1
864691135493149927,864691135577644574,1
864691135493149927,864691135583223405,1
864691135493149927,864691135584504429,1
864691135493149927,864691135586240120,1
864691135493149927,864691135698211994,1
864691135493149927,864691135719900721,1
864691135493149927,864691135743102827,1
864691135493149927,864691135773073147,1
864691135493149927,864691135810982860,1
864691135493149927,864691135842486243,1
864691135493149927,864691135858298670,1
864691135493149927,864691135988557315,1
864691135493149927,864691135994235841,1
864691135493149927,864691136101340021,1
864691135493149927,864691136275894285,1
864691135493149927,864691136381301461,1
864691135493149927,864691136424439855,1
864691135518453642,864691135724393131,1
864691135700814114,864691135716679194,1
864691135700814114,864691136195798504,1
864691135772987899,864691135408560329,1
864691135772987899,864691135700409211,1
864691135772987899,864691136239068732,1
864691135342848433,864691135492568551,1
864691135342848433,864691135725748139,1
864691135342848433,864691135810466333,1
864691135342848433,864691135874914702,1
864691135342848433,864691135977654851,1
864691135342848433,864691135977666883,1
864691135342848433,864691136040834558,1
864691135342848433,864691136196338764,1
864691135342848433,864691136675875719,1
864691135015605910,864691135101431072,1
864691135015605910,864691135157025636,1
864691135015605910,864691135274195217,1
864691135015605910,864691135277186789,1
864691135015605910,864691135304641703,1
864691135015605910,864691135455507818,1
864691135015605910,864691135480311494,1
864691135015605910,864691135493686111,1
864691135015605910,864691135502885954,1
864691135015605910,864691135503163202,1
864691135015605910,864691135504327861,1
864691135015605910,864691135566168599,1
864691135015605910,864691135577651230,1
864691135015605910,864691135618505065,1
864691135015605910,864691135662408944,1
864691135015605910,864691135732578745,1
864691135015605910,864691135741930603,1
864691135015605910,864691135763941174,1
864691135015605910,864691135816565839,1
864691135015605910,864691135866576604,1
864691135015605910,864691135938816260,1
864691135015605910,864691135955909640,1
864691135015605910,864691135977666883,1
864691135015605910,864691136006519498,1
864691135015605910,864691136033116347,1
864691135015605910,864691136118370724,1
864691135015605910,864691136137794941,1
864691135015605910,864691136144674612,1
864691135015605910,864691136195798504,1
864691135015605910,864691136330101226,1
864691135015605910,864691136336107187,1
864691135015605910,864691136578820884,1
864691135015605910,864691136674492295,1
864691135015605910,864691136914414321,1
864691135015605910,864691137056393846,1
864691135695146943,864691135343818161,1
864691135695146943,864691135431089968,1
864691135695146943,864691135465343045,1
864691135695146943,864691135562798817,1
864691135695146943,864691135566168599,1
864691135695146943,864691135732210873,1
864691135695146943,864691136010639022,1
864691135695146943,864691136041575422,1
864691135695146943,864691136195798504,1
864691135695146943,864691136228250961,1
864691135695146943,864691136389921911,1
864691135695146943,864691136914414321,1
864691136927187786,864691135464928318,1
864691136927187786,864691135469845388,1
864691136927187786,864691135510846217,1
864691136927187786,864691135585266808,1
864691136927187786,864691135774389755,1
864691136927187786,864691135865648254,1
864691136927187786,864691136195798504,1
864691136927187786,864691136578820884,1
864691136927187786,864691136664680926,1
864691135396794101,864691134919972106,1
864691135396794101,864691135102274592,1
864691135396794101,864691135184104194,1
864691135396794101,864691135271696549,1
864691135396794101,864691135343818161,1
864691135396794101,864691135362104647,1
864691135396794101,864691135448698196,1
864691135396794101,864691135469753426,1
864691135396794101,864691135496440208,1
864691135396794101,864691135503182685,1
864691135396794101,864691135591041291,1
864691135396794101,864691135741458324,1
864691135396794101,864691135774294603,1
864691135396794101,864691135774389755,1
864691135396794101,864691135857099310,1
864691135396794101,864691135878061395,1
864691135396794101,864691135955962888,1
864691135396794101,864691136022520056,1
864691135396794101,864691136091634487,1
864691135396794101,864691136138131325,1
864691135396794101,864691136195400150,1
864691135396794101,864691136452447743,1
864691135396794101,864691136813937267,1
864691135396794101,864691137021264750,1
864691135919645872,864691135724393131,1
864691135919645872,864691136619882637,1
864691135385422677,864691135233242713,1
864691135727790911,864691135102151968,1
864691135727790911,864691135277186789,1
864691135727790911,864691135280481697,1
864691135727790911,864691135493686111,1
864691135727790911,864691135518989962,1
864691135727790911,864691135562798817,1
864691135727790911,864691135562842337,1
864691135727790911,864691136118686884,1
864691135727790911,864691136120159768,1
864691135727790911,864691136125411622,1
864691135727790911,864691136177629702,1
864691135727790911,864691136210344892,1
864691135727790911,864691136274655166,1
864691135727790911,864691136330407914,1
864691136091074615,864691135396940021,1
864691136091074615,864691135465343045,1
864691136091074615,864691135478316200,1
864691136091074615,864691135592830731,1
864691136091074615,864691135810905036,1
864691136091074615,864691135988742147,1
864691136091074615,864691136058745048,1
864691136091074615,864691136086088556,1
864691136091074615,864691136092725684,1
864691136091074615,864691136107283417,1
864691136091074615,864691136120658712,1
864691136091074615,864691136228491601,1
864691136091074615,864691136391042167,1
864691136091074615,864691136603221201,1
864691136091074615,864691136991390869,1
864691134966324767,864691135015652246,1
864691134966324767,864691135474504498,1
864691134966324767,864691135476495936,1
864691134966324767,864691135477469352,1
864691134966324767,864691135493149927,1
864691134966324767,864691135656674242,1
864691134966324767,864691135731679929,1
864691134966324767,864691135782241616,1
864691134966324767,864691135857993774,1
864691134966324767,864691135868210454,1
864691134966324767,864691135928366606,1
864691134966324767,864691135977045871,1
864691134966324767,864691135977666883,1
864691134966324767,864691136010639022,1
864691134966324767,864691136238090767,1
864691134966324767,864691136330101226,1
864691134966324767,864691136619693275,1
864691134966324767,864691137056393846,1
864691135786943684,864691135362104647,1
864691135786943684,864691135405733870,1
864691135786943684,864691135448215698,1
864691135786943684,864691135571192966,1
864691135786943684,864691135773208651,1
864691135786943684,864691135810492189,1
864691135786943684,864691135942924148,1
864691135786943684,864691135954393891,1
864691135786943684,864691136814627955,1
864691136034271675,864691135970180709,1
864691135504168285,864691135384285931,1
864691135504168285,864691135448698196,1
864691135504168285,864691135466158917,1
864691135504168285,864691135592830731,1
864691135504168285,864691135694246079,1
864691135504168285,864691135750958889,1
864691135504168285,864691135810492189,1
864691135504168285,864691136033332155,1
864691135504168285,864691136058745048,1
864691135504168285,864691136196517452,1
864691135504168285,864691136484732972,1
864691135504168285,864691136523335057,1
864691135388368001,864691135060651419,1
864691135388368001,864691135102151968,1
864691135388368001,864691135157994084,1
864691135388368001,864691135164772653,1
864691135388368001,864691135258563503,1
864691135388368001,864691135478400936,1
864691135388368001,864691135546902056,1
864691135388368001,864691135566168599,1
864691135388368001,864691135617152361,1
864691135388368001,864691135619756943,1
864691135388368001,864691135688186080,1
864691135388368001,864691135739587697,1
864691135388368001,864691135763795510,1
864691135388368001,864691135774294603,1
864691135388368001,864691135779705021,1
864691135388368001,864691135810905036,1
864691135388368001,864691136033227451,1
864691135388368001,864691136195834070,1
864691135388368001,864691136228491601,1
864691135388368001,864691136373008520,1
864691135388368001,864691136391042167,1
864691135388368001,864691136437631902,1
864691135388368001,864691136904488114,1
864691135388368001,864691136927761226,1
864691135867905302,864691135493079783,1
864691135867905302,864691135502730562,1
864691135867905302,864691135616363211,1
864691135867905302,864691135755197133,1
864691135867905302,864691135778132576,1
864691135867905302,864691135801133666,1
864691135867905302,864691136023980601,1
864691135867905302,864691136084313196,1
864691136925601354,864691135272206865,1
864691136925601354,864691135382556378,1
864691136925601354,864691135566155351,1
864691136925601354,864691136009893294,1
864691136925601354,864691136108938168,1
864691136925601354,864691136521831825,1
864691136391042167,864691134966324767,1
864691136391042167,864691135214986368,1
864691136391042167,864691135277186789,1
864691136391042167,864691135342541509,1
864691136391042167,864691135465343045,1
864691136391042167,864691135469845388,1
864691136391042167,864691135503182685,1
864691136391042167,864691135546902056,1
864691136391042167,864691135688186080,1
864691136391042167,864691135741458324,1
864691136391042167,864691135743102827,1
864691136391042167,864691135750307881,1
864691136391042167,864691135751110185,1
864691136391042167,864691135774389755,1
864691136391042167,864691135782506832,1
864691136391042167,864691135839932307,1
864691136391042167,864691135970180709,1
864691136391042167,864691135977666883,1
864691136391042167,864691136022520056,1
864691136391042167,864691136330407914,1
864691136391042167,864691136579129876,1
864691136391042167,864691136991202453,1
864691136011684526,864691134950156796,1
864691136011684526,864691135060651419,1
864691136011684526,864691135362104647,1
864691136011684526,864691135396794101,1
864691136011684526,864691135518283475,1
864691136011684526,864691135591041291,1
864691136011684526,864691135732210873,1
864691136011684526,864691135970180709,1
864691136011684526,864691136042982742,1
864691136011684526,864691136144674612,1
864691136011684526,864691136372759688,1
864691136011684526,864691136603811281,1
864691136011684526,864691137198691137,1
864691136275919117,864691134991010426,1
864691136275919117,864691135585266808,1
864691136275919117,864691135842486243,1
864691136034011579,864691135164887853,1
864691136034011579,864691135258642863,1
864691136034011579,864691135343818161,1
864691136034011579,864691135455507818,1
864691136034011579,864691135469753426,1
864691136034011579,864691135562798817,1
864691136034011579,864691135566168599,1
864691136034011579,864691135617152361,1
864691136034011579,864691135741524587,1
864691136034011579,864691135750307881,1
864691136034011579,864691135774368763,1
864691136034011579,864691135955962888,1
864691136034011579,864691136177629702,1
864691136034011579,864691136195798504,1
864691136034011579,864691136905560754,1
864691137199828801,864691135350420951,1
864691137199828801,864691135503182685,1
864691137199828801,864691135519105162,1
864691137199828801,864691135587371132,1
864691137199828801,864691135591041291,1
864691137199828801,864691135927381774,1
864691137199828801,864691136330101226,1
864691135937286404,864691135134155168,1
864691135937286404,864691135496333968,1
864691135937286404,864691135572530981,1
864691135937286404,864691135585415544,1
864691135937286404,864691135749141801,1
864691135937286404,864691135938555908,1
864691135937286404,864691136194355176,1
864691135937286404,864691136273494206,1
864691135937286404,864691136991166101,1
864691135102151968,864691135015605910,1
864691135102151968,864691135102381856,1
864691135102151968,864691135274195217,1
864691135102151968,864691135491167207,1
864691135102151968,864691135688186080,1
864691135102151968,864691135694246079,1
864691135102151968,864691135731889337,1
864691135102151968,864691135774389755,1
864691135102151968,864691136453419007,1
864691135102151968,864691136904488114,1
864691135060882843,864691134949221372,1
864691135060882843,864691135567047191,1
864691135060882843,864691135570301676,1
864691135060882843,864691135741090196,1
864691135060882843,864691135868210454,1
864691135060882843,864691135885911920,1
864691135060882843,864691135954393891,1
864691135060882843,864691136011768494,1
864691135060882843,864691136288644291,1
864691135060882843,864691136389921911,1
864691135060882843,864691136578820884,1
864691135060882843,864691136814627955,1
864691135060882843,864691136954028511,1
864691135325413788,864691135101431072,1
864691135325413788,864691135465113157,1
864691135325413788,864691136905560754,1
864691136814627955,864691134919972106,1
864691136814627955,864691134949263100,1
864691136814627955,864691135060651419,1
864691136814627955,864691135384843738,1
864691136814627955,864691135430346544,1
864691136814627955,864691135465343045,1
864691136814627955,864691135469753426,1
864691136814627955,864691135656579010,1
864691136814627955,864691135774368763,1
864691136814627955,864691135970226021,1
864691136814627955,864691135994235841,1
864691136814627955,864691136034011579,1
864691136814627955,864691136228491601,1
864691136814627955,864691136424439855,1
864691136814627955,864691136452609023,1
864691136814627955,864691136904488114,1
864691136814627955,864691136927761226,1
864691136814627955,864691136954028511,1
864691136814627955,864691136968094158,1
864691136814627955,864691136975300636,1
864691136814627955,864691136976001308,1
864691136814627955,864691136991202453,1
864691136814627955,864691137199828801,1
864691134966114591,864691135134052512,1
864691134966114591,864691135396115189,1
864691134966114591,864691135465955397,1
864691134966114591,864691135503182685,1
864691134966114591,864691135566945559,1
864691134966114591,864691135750307881,1
864691134966114591,864691135976063855,1
864691136086088556,864691135164887853,1
864691136086088556,864691135270320293,1
864691136086088556,864691135271463077,1
864691136086088556,864691135367033849,1
864691136086088556,864691135480916422,1
864691136086088556,864691135640398651,1
864691136086088556,864691135942924148,1
864691136086088556,864691136125433894,1
864691136086088556,864691136391623039,1
864691136086088556,864691136420195223,1
864691136618795227,864691135258642863,1
864691136618795227,864691135656579010,1
864691136618795227,864691135955962888,1
864691136618795227,864691136022520056,1
864691136618795227,864691136330101226,1
864691135276505573,864691135396940021,1
864691135276505573,864691135572530981,1
864691135276505573,864691135808684573,1
864691135276505573,864691135927381774,1
864691135276505573,864691136089194039,1
864691135276505573,864691136310966106,1
864691135503443549,864691135495698832,1
864691135503443549,864691135774177531,1
864691136238090767,864691135135019168,1
864691136238090767,864691135362104647,1
864691136238090767,864691135570301676,1
864691136238090767,864691135571192966,1
864691136238090767,864691135585266808,1
864691136238090767,864691135586724220,1
864691136238090767,864691135617440105,1
864691136238090767,864691135655894978,1
864691136238090767,864691135741998484,1
864691136238090767,864691135977666883,1
864691136238090767,864691136101340021,1
864691136238090767,864691136125411622,1
864691136238090767,864691136330101226,1
864691136238090767,864691136372039560,1
864691136238090767,864691136452602367,1
864691136238090767,864691136905560754,1
864691136238090767,864691136991202453,1
864691135996158378,864691135060651419,1
864691135996158378,864691135276505573,1
864691135996158378,864691135398868257,1
864691135996158378,864691135470787666,1
864691135996158378,864691135594817067,1
864691135996158378,864691135772920651,1
864691135996158378,864691136210847932,1
864691135996158378,864691136364308962,1
864691135996158378,864691136445215875,1
864691135996158378,864691136968542926,1
864691135015154934,864691135060882843,1
864691135015154934,864691135124146727,1
864691135015154934,864691135134052512,1
864691135015154934,864691135214931072,1
864691135015154934,864691135277186789,1
864691135015154934,864691135476495936,1
864691135015154934,864691135477469352,1
864691135015154934,864691135546339880,1
864691135015154934,864691135571192966,1
864691135015154934,864691135586724220,1
864691135015154934,864691135725842603,1
864691135015154934,864691135757083346,1
864691135015154934,864691135810492189,1
864691135015154934,864691135977309763,1
864691135015154934,864691135977666883,1
864691135015154934,864691136438666398,1
864691135015154934,864691136524297617,1
864691135015154934,864691136905560754,1
864691135571515270,864691135015605910,1
864691135571515270,864691135157198692,1
864691135571515270,864691135258642863,1
864691135571515270,864691135277186789,1
864691135571515270,864691135325263004,1
864691135571515270,864691135325487004,1
864691135571515270,864691135405626862,1
864691135571515270,864691135466158917,1
864691135571515270,864691135562004193,1
864691135571515270,864691135567059223,1
864691135571515270,864691135727790911,1
864691135571515270,864691135868210454,1
864691135571515270,864691135868386070,1
864691135571515270,864691135868957462,1
864691135571515270,864691135990004992,1
864691135571515270,864691136033227451,1
864691135571515270,864691136137794941,1
864691135571515270,864691136288644291,1
864691135571515270,864691136380757461,1
864691135571515270,864691136381301461,1
864691135571515270,864691136489147922,1
864691135571515270,864691136524297617,1
864691135571515270,864691136674749575,1
864691135571515270,864691136976001308,1
864691136107283417,864691134919869706,1
864691136107283417,864691135346571423,1
864691136107283417,864691135468948364,1
864691136107283417,864691135503836253,1
864691136107283417,864691135570791558,1
864691136107283417,864691135576991518,1
864691136107283417,864691135878061395,1
864691136107283417,864691136912172017,1
864691135955962888,864691135431089968,1
864691135955962888,864691135447540882,1
864691135955962888,864691135817419343,1
864691135739008132,864691135258642863,1
864691135739008132,864691135272003237,1
864691135739008132,864691135577644574,1
864691135739008132,864691135774389755,1
864691135739008132,864691135994226881,1
864691135739008132,864691136011684526,1
864691135739008132,864691136137794941,1
864691135397846049,864691135117980637,1
864691135397846049,864691135408560329,1
864691135397846049,864691135619463567,1
864691135397846049,864691136117770660,1
864691135397846049,864691136380757461,1
864691135397846049,864691136489147922,1
864691135397846049,864691136905560754,1
864691135773208651,864691134886569210,1
864691135773208651,864691135137137433,1
864691135773208651,864691135274195217,1
864691135773208651,864691135294442678,1
864691135773208651,864691135294480310,1
864691135773208651,864691135304641703,1
864691135773208651,864691135386899029,1
864691135773208651,864691135405733870,1
864691135773208651,864691135469845388,1
864691135773208651,864691135578146565,1
864691135773208651,864691135742102635,1
864691135773208651,864691135782544435,1
864691135773208651,864691135858273326,1
864691135773208651,864691135942924148,1
864691135773208651,864691135976063855,1
864691135773208651,864691136101516661,1
864691135773208651,864691136239980604,1
864691135210134905,864691134948788476,1
864691135210134905,864691135164772653,1
864691135210134905,864691135258642863,1
864691135210134905,864691135342541509,1
864691135210134905,864691135343818161,1
864691135210134905,864691135447540882,1
864691135210134905,864691135476495936,1
864691135210134905,864691135562975969,1
864691135210134905,864691135576881950,1
864691135210134905,864691135577651230,1
864691135210134905,864691135591041291,1
864691135210134905,864691135868210454,1
864691135210134905,864691135885911920,1
864691135210134905,864691135886208112,1
864691135210134905,864691135941300993,1
864691135210134905,864691136452447743,1
864691135210134905,864691136619096795,1
864691135478268840,864691134965778719,1
864691135478268840,864691135417045946,1
864691135478268840,864691135499231763,1
864691135478268840,864691135562842337,1
864691135478268840,864691135569902316,1
864691135478268840,864691135618505065,1
864691135478268840,864691135619317391,1
864691135478268840,864691136010651052,1
864691135478268840,864691136026254649,1
864691136990522517,864691135067066948,1
864691136990522517,864691135102151968,1
864691136990522517,864691135405337326,1
864691136990522517,864691135503163202,1
864691136990522517,864691135503836253,1
864691136990522517,864691135578146565,1
864691136990522517,864691135585415544,1
864691136990522517,864691135640398651,1
864691136990522517,864691135697613077,1
864691136990522517,864691135763495478,1
864691136990522517,864691135778419901,1
864691136990522517,864691136137794941,1
864691136990522517,864691136373008520,1
864691136990522517,864691136619096795,1
864691135646147567,864691134966114591,1
864691135646147567,864691135102151968,1
864691135646147567,864691135102433056,1
864691135646147567,864691135164887853,1
864691135646147567,864691135294520844,1
864691135646147567,864691135336055529,1
864691135646147567,864691135351096279,1
864691135646147567,864691135397982753,1
864691135646147567,864691135466158917,1
864691135646147567,864691135493686111,1
864691135646147567,864691135583277677,1
864691135646147567,864691135619756943,1
864691135646147567,864691135738969220,1
864691135646147567,864691135756075981,1
864691135646147567,864691135782241616,1
864691135646147567,864691135801463650,1
864691135646147567,864691135977045871,1
864691135646147567,864691136010639022,1
864691135646147567,864691136041575422,1
864691135646147567,864691136312150874,1
864691135646147567,864691136975624220,1
864691135885911920,864691134919869706,1
864691135885911920,864691134991010426,1
864691135885911920,864691135396794101,1
864691135885911920,864691135493686111,1
864691135885911920,864691135577749022,1
864691135885911920,864691135685087474,1
864691135885911920,864691135717163802,1
864691135885911920,864691135731679929,1
864691135885911920,864691135774368763,1
864691135885911920,864691135886208112,1
864691135885911920,864691135988557315,1
864691135885911920,864691136033227451,1
864691135885911920,864691136034084795,1
864691135885911920,864691136120159768,1
864691135885911920,864691136125411622,1
864691135885911920,864691136484364844,1
864691135885911920,864691136619096795,1
864691135885911920,864691136674495623,1
864691135885911920,864691136967703758,1
864691135430346544,864691134942472035,1
864691135430346544,864691135124146727,1
864691135430346544,864691135271696549,1
864691135430346544,864691135272069285,1
864691135430346544,864691135464795710,1
864691135430346544,864691135476528704,1
864691135430346544,864691135546339880,1
864691135430346544,864691135567047191,1
864691135430346544,864691135617152361,1
864691135430346544,864691135619756943,1
864691135430346544,864691135732578745,1
864691135430346544,864691135741458324,1
864691135430346544,864691135765013302,1
864691135430346544,864691135774294603,1
864691135430346544,864691135885911920,1
864691135430346544,864691135976425327,1
864691135430346544,864691136022520056,1
864691135430346544,864691136058745048,1
864691135430346544,864691136137237899,1
864691135430346544,864691136228491601,1
864691135430346544,864691136380264405,1
864691135430346544,864691136437631902,1
864691135430346544,864691136975624220,1
864691135134155168,864691134919972106,1
864691135134155168,864691135101431072,1
864691135134155168,864691135214986368,1
864691135134155168,864691135272069285,1
864691135134155168,864691135476528704,1
864691135134155168,864691135566945559,1
864691135134155168,864691135975824495,1
864691135134155168,864691136011684526,1
864691135134155168,864691136137794941,1
864691135134155168,864691136334080435,1
864691135134155168,864691136524172689,1
864691135134155168,864691136905458866,1
864691135656578242,864691135325263004,1
864691135656578242,864691135466236229,1
864691135656578242,864691135503182685,1
864691135656578242,864691135585266808,1
864691135656578242,864691135586724220,1
864691135656578242,864691135782702387,1
864691135656578242,864691135868386070,1
864691135656578242,864691136137794941,1
864691135656578242,864691136195798504,1
864691136578982164,864691135480718022,1
864691136578982164,864691135778132576,1
864691136578982164,864691135778187360,1
864691136578982164,864691136117770660,1
864691135695042751,864691135015154934,1
864691135695042751,864691135124146727,1
864691135695042751,864691135272069285,1
864691135695042751,864691135369002233,1
864691135695042751,864691135577816862,1
864691135695042751,864691135688186080,1
864691135695042751,864691135689417440,1
864691135695042751,864691135750958889,1
864691135695042751,864691135786943684,1
864691135695042751,864691135875460494,1
864691135695042751,864691136211175612,1
864691135695042751,864691136380264405,1
864691135695042751,864691136419797655,1
864691135695042751,864691136905458866,1
864691135695042751,864691136953873631,1
864691137055712630,864691134949221372,1
864691137055712630,864691135492568551,1
864691137055712630,864691135496440208,1
864691137055712630,864691135503182685,1
864691137055712630,864691135572346349,1
864691137055712630,864691135774294603,1
864691137055712630,864691135779049056,1
864691137055712630,864691135853198023,1
864691137055712630,864691135877825107,1
864691137055712630,864691135977045871,1
864691137055712630,864691135977666883,1
864691137055712630,864691136330101226,1
864691137055712630,864691136619096795,1
864691137055712630,864691136991202453,1
864691135396940021,864691135124603687,1
864691135396940021,864691135134114976,1
864691135396940021,864691135339600102,1
864691135396940021,864691135357351375,1
864691135396940021,864691135388368001,1
864691135396940021,864691135396794101,1
864691135396940021,864691135469845388,1
864691135396940021,864691135493149927,1
864691135396940021,864691135499707667,1
864691135396940021,864691135572346349,1
864691135396940021,864691135576881950,1
864691135396940021,864691135656579010,1
864691135396940021,864691135656674242,1
864691135396940021,864691135688186080,1
864691135396940021,864691135719900721,1
864691135396940021,864691135739689073,1
864691135396940021,864691135742102635,1
864691135396940021,864691135751110185,1
864691135396940021,864691135764015926,1
864691135396940021,864691135868466710,1
864691135396940021,864691135868919318,1
864691135396940021,864691135939049988,1
864691135396940021,864691135954393891,1
864691135396940021,864691136058745048,1
864691135396940021,864691136101516661,1
864691135396940021,864691136288644291,1
864691135396940021,864691136330407914,1
864691135396940021,864691136381301461,1
864691135396940021,864691136421279639,1
864691135396940021,864691137055405174,1
864691135850033758,864691135455507818,1
864691135850033758,864691135688186080,1
864691135850033758,864691136022520056,1
864691135850033758,864691136437631902,1
864691135850033758,864691136604001745,1
864691135782241616,864691134948788476,1
864691135782241616,864691134949221372,1
864691135782241616,864691135102274592,1
864691135782241616,864691135102381856,1
864691135782241616,864691135136360217,1
864691135782241616,864691135210134905,1
864691135782241616,864691135396794101,1
864691135782241616,864691135503182685,1
864691135782241616,864691135586724220,1
864691135782241616,864691135688186080,1
864691135782241616,864691135750958889,1
864691135782241616,864691135774389755,1
864691135782241616,864691135839950227,1
864691135782241616,864691135885911920,1
864691135782241616,864691136041575422,1
864691135782241616,864691136137237899,1
864691135782241616,864691136419797655,1
864691135782241616,864691136438469534,1
864691135782241616,864691136523335057,1
864691135294190518,864691135294442678,1
864691135294190518,864691135577221406,1
864691135294190518,864691135616363211,1
864691135294190518,864691135787537348,1
864691135294190518,864691135816693327,1
864691135294190518,864691135868210454,1
864691135294190518,864691136013367715,1
864691135294190518,864691136136778621,1
864691135294190518,864691136275031565,1
864691135294190518,864691136596107938,1
864691136619693275,864691134966714655,1
864691136619693275,864691135060882843,1
864691136619693275,864691135101431072,1
864691136619693275,864691135258563503,1
864691136619693275,864691135325413788,1
864691136619693275,864691135339600102,1
864691136619693275,864691135340055782,1
864691136619693275,864691135360096071,1
864691136619693275,864691135469845388,1
864691136619693275,864691135476528704,1
864691136619693275,864691135504168285,1
864691136619693275,864691135571192966,1
864691136619693275,864691135586724220,1
864691136619693275,864691135774389755,1
864691136619693275,864691136674495623,1
864691135839950227,864691134919972106,1
864691135839950227,864691135258642863,1
864691135839950227,864691135362104647,1
864691135839950227,864691135396794101,1
864691135839950227,864691135408808649,1
864691135839950227,864691135493620831,1
864691135839950227,864691135584504429,1
864691135839950227,864691135685087474,1
864691135839950227,864691135738969220,1
864691135839950227,864691135774179147,1
864691135839950227,864691136438469534,1
864691135839950227,864691136905458866,1
864691135839950227,864691137198691137,1
864691136228367697,864691135502730562,1
864691136228367697,864691135724393131,1
864691136228367697,864691135855860782,1
864691136228367697,864691135927648212,1
864691135741659499,864691135586414716,1
864691135741659499,864691135755197133,1
864691135741659499,864691135851792071,1
864691135741659499,864691136084313196,1
864691135741659499,864691136124845606,1
864691135741659499,864691136137834877,1
864691135741659499,864691136196127208,1
864691136314491965,864691135164772653,1
864691136314491965,864691135576881950,1
864691136314491965,864691135591041291,1
864691136314491965,864691135741458324,1
864691136314491965,864691135741930603,1
864691136314491965,864691135749141801,1
864691136314491965,864691135774053371,1
864691136314491965,864691136084313196,1
864691136314491965,864691136228538961,1
864691136085781356,864691135102381856,1
864691136085781356,864691135294442678,1
864691136085781356,864691135304641703,1
864691136085781356,864691135325263004,1
864691136085781356,864691135430486576,1
864691136085781356,864691135466158917,1
864691136085781356,864691135562975969,1
864691136085781356,864691135586724220,1
864691136085781356,864691135593133067,1
864691136085781356,864691135656578242,1
864691136085781356,864691135877825107,1
864691136085781356,864691135890141321,1
864691136085781356,864691135938816260,1
864691136085781356,864691135941300993,1
864691136085781356,864691135954393891,1
864691136085781356,864691136010639022,1
864691136085781356,864691136011686318,1
864691136085781356,864691136041575422,1
864691136085781356,864691136177629702,1
864691136085781356,864691136363303138,1
864691136085781356,864691136390788215,1
864691136085781356,864691136604001745,1
864691136085781356,864691136664127454,1
864691136085781356,864691136665051614,1
864691136085781356,864691136742067804,1
864691136085781356,864691136976001308,1
864691135587532924,864691134965778719,1
864691135587532924,864691136288644291,1
864691135911276969,864691135059143323,1
864691135911276969,864691135720638769,1
864691135911276969,864691135807579933,1
864691135911276969,864691135919645872,1
864691135911276969,864691136084313196,1
864691135911276969,864691136108938168,1
864691135911276969,864691136228538961,1
864691136420195223,864691135339729894,1
864691136420195223,864691136380264405,1
864691135843242211,864691135066958404,1
864691135843242211,864691135209280633,1
864691135843242211,864691135360809560,1
864691135843242211,864691135384176619,1
864691135843242211,864691135384285931,1
864691135843242211,864691135384344043,1
864691135843242211,864691135409859785,1
864691135843242211,864691135480892614,1
864691135843242211,864691135504168285,1
864691135843242211,864691135646481135,1
864691135843242211,864691135689417440,1
864691135843242211,864691135719900721,1
864691135843242211,864691135741998484,1
864691135843242211,864691135760106830,1
864691135843242211,864691135763941174,1
864691135843242211,864691135801463650,1
864691135843242211,864691135810773452,1
864691135843242211,864691135850033758,1
864691135843242211,864691135853088967,1
864691135843242211,864691135858273326,1
864691135843242211,864691135868060950,1
864691135843242211,864691136021865976,1
864691135843242211,864691136101516661,1
864691135843242211,864691136119885080,1
864691135843242211,864691136227484753,1
864691135843242211,864691136391623039,1
864691135843242211,864691136451224831,1
864691135843242211,864691136674495623,1
864691135843242211,864691136991359893,1
864691135810473245,864691135258642863,1
864691135810473245,864691135375351369,1
864691135810473245,864691135480892614,1
864691135810473245,864691135492568551,1
864691135810473245,864691135518173395,1
864691135810473245,864691135646775791,1
864691135810473245,864691135656579010,1
864691135810473245,864691135719900721,1
864691135810473245,864691135757083346,1
864691135810473245,864691135765013302,1
864691135810473245,864691135810773452,1
864691135810473245,864691135885911920,1
864691135810473245,864691135928366606,1
864691135810473245,864691136314491965,1
864691135810473245,864691136674495623,1
864691135810473245,864691136975144988,1
864691135810473245,864691137021264750,1
864691136523216017,864691135340055782,1
864691136523216017,864691135384285931,1
864691136523216017,864691135499283987,1
864691136523216017,864691135571192966,1
864691136523216017,864691135977666883,1
864691136523216017,864691136239108156,1
864691136523216017,864691136420303511,1
864691136523216017,864691136967703758,1
864691136523216017,864691137021264750,1
864691135448698196,864691135014966262,1
864691135448698196,864691135157994084,1
864691135448698196,864691135362104647,1
864691135448698196,864691135686283703,1
864691135448698196,864691135860969064,1
864691135448698196,864691137198691137,1
864691135611019015,864691134966710559,1
864691135611019015,864691135102381856,1
864691135611019015,864691135258563503,1
864691135611019015,864691135324725404,1
864691135611019015,864691135325413788,1
864691135611019015,864691135430346544,1
864691135611019015,864691135478316200,1
864691135611019015,864691135493149927,1
864691135611019015,864691135656579010,1
864691135611019015,864691135741458324,1
864691135611019015,864691135810773452,1
864691135611019015,864691135858298670,1
864691135611019015,864691135868386070,1
864691135611019015,864691135955962888,1
864691135611019015,864691136177629702,1
864691135611019015,864691136195798504,1
864691135611019015,864691136228250961,1
864691135611019015,864691136331249642,1
864691135611019015,864691136437631902,1
864691135611019015,864691136453419007,1
864691135611019015,864691136524297617,1
864691135611019015,864691137199038273,1
864691135346685855,864691134919869706,1
864691135346685855,864691135397982753,1
864691135346685855,864691135476495936,1
864691135346685855,864691136452447743,1
864691135346685855,864691136991202453,1
864691135164887853,864691135059143323,1
864691135164887853,864691135209369465,1
864691135164887853,864691135277186789,1
864691135164887853,864691135577651230,1
864691135164887853,864691135577749022,1
864691135164887853,864691135586724220,1
864691135164887853,864691135640297787,1
864691135164887853,864691135694246079,1
864691135164887853,864691135743102827,1
864691135164887853,864691135760106830,1
864691135164887853,864691135764583990,1
864691135164887853,864691135774389755,1
864691135164887853,864691135885911920,1
864691135164887853,864691135941300993,1
864691135164887853,864691135975633475,1
864691135164887853,864691135977666883,1
864691135164887853,864691136023980601,1
864691135164887853,864691136034181307,1
864691135164887853,864691136111559352,1
864691135164887853,864691136118370724,1
864691135164887853,864691136330101226,1
864691135164887853,864691136596901026,1
864691135164887853,864691136914414321,1
864691135164887853,864691136968542926,1
864691136084684396,864691135697613077,1
864691135717275162,864691135339729126,1
864691135717275162,864691135374981320,1
864691135717275162,864691135469845388,1
864691135717275162,864691135583172717,1
864691135717275162,864691135583223405,1
864691135717275162,864691135584008045,1
864691135717275162,864691135750649129,1
864691135717275162,864691135760106830,1
864691135717275162,864691135849088094,1
864691135717275162,864691135939008565,1
864691135717275162,864691135988557315,1
864691135717275162,864691136026198585,1
864691135717275162,864691136033227451,1
864691135717275162,864691136119885080,1
864691135717275162,864691136239460668,1
864691135717275162,864691136239980604,1
864691135717275162,864691136523216017,1
864691135717275162,864691136814627955,1
864691135717275162,864691136968542926,1
864691135640297787,864691135562410721,1
864691135640297787,864691135694246079,1
864691135640297787,864691135695146943,1
864691135640297787,864691135725842603,1
864691135640297787,864691135750958889,1
864691135640297787,864691135810492189,1
864691135640297787,864691135942924148,1
864691135640297787,864691136058745048,1
864691135640297787,864691136092725684,1
864691135562975969,864691135164772653,1
864691135562975969,864691135272003237,1
864691135562975969,864691135362104647,1
864691135562975969,864691135398805281,1
864691135562975969,864691135398817569,1
864691135562975969,864691135688186080,1
864691135562975969,864691135717163802,1
864691135562975969,864691135738969220,1
864691135562975969,864691135947258916,1
864691135562975969,864691135994226881,1
864691135562975969,864691136011686318,1
864691135562975969,864691136177629702,1
864691135562975969,864691136331249642,1
864691135562975969,864691136991202453,1
864691135480311494,864691134966069023,1
864691135480311494,864691135465343045,1
864691135480311494,864691135569592300,1
864691135480311494,864691135583223405,1
864691135480311494,864691135739733140,1
864691135480311494,864691135751110185,1
864691135480311494,864691135782506832,1
864691135480311494,864691135842486243,1
864691135480311494,864691135866576604,1
864691135480311494,864691135952121379,1
864691135480311494,864691136390474359,1
864691135480311494,864691136954028511,1
864691135480311494,864691137054934902,1
864691135750958889,864691134887026938,1
864691135750958889,864691134948788476,1
864691135750958889,864691134949248508,1
864691135750958889,864691134949263100,1
864691135750958889,864691135015652246,1
864691135750958889,864691135102151968,1
864691135750958889,864691135164887853,1
864691135750958889,864691135209432185,1
864691135750958889,864691135214986368,1
864691135750958889,864691135258642863,1
864691135750958889,864691135280944545,1
864691135750958889,864691135294442678,1
864691135750958889,864691135325487004,1
864691135750958889,864691135360809560,1
864691135750958889,864691135466158917,1
864691135750958889,864691135476495936,1
864691135750958889,864691135562842337,1
864691135750958889,864691135685087474,1
864691135750958889,864691135732578745,1
864691135750958889,864691135739587697,1
864691135750958889,864691135778419901,1
864691135750958889,864691135885911920,1
864691135750958889,864691135886130288,1
864691135750958889,864691135927381774,1
864691135750958889,864691136041575422,1
864691135750958889,864691136118370724,1
864691135750958889,864691136125457446,1
864691135750958889,864691136336039091,1
864691135750958889,864691136391042167,1
864691135750958889,864691136523288465,1
864691135750958889,864691136990522517,1
864691135362104647,864691136968094158,1
864691135360346200,864691134948788476,1
864691135360346200,864691135384344043,1
864691135360346200,864691135465113157,1
864691135360346200,864691135577221406,1
864691135360346200,864691135592830731,1
864691135360346200,864691135732578745,1
864691135360346200,864691135810982860,1
864691135360346200,864691135842486243,1
864691135360346200,864691136125433894,1
864691135360346200,864691136195798504,1
864691135360346200,864691136391042167,1
864691135360346200,864691136927187786,1
864691135360346200,864691137055367798,1
864691135360346200,864691137056393846,1
864691135719761713,864691135212492992,1
864691135719761713,864691135853198023,1
864691135518283475,864691134942472035,1
864691135518283475,864691135102151968,1
864691135518283475,864691135157994084,1
864691135518283475,864691135164887853,1
864691135518283475,864691135209369465,1
864691135518283475,864691135258563503,1
864691135518283475,864691135277186789,1
864691135518283475,864691135324623260,1
864691135518283475,864691135375888840,1
864691135518283475,864691135396940021,1
864691135518283475,864691135417478842,1
864691135518283475,864691135478400936,1
864691135518283475,864691135570791558,1
864691135518283475,864691135582973549,1
864691135518283475,864691135585266808,1
864691135518283475,864691135591854347,1
864691135518283475,864691135640398651,1
864691135518283475,864691135742102635,1
864691135518283475,864691135808925981,1
864691135518283475,864691135892214409,1
864691135518283475,864691135988742147,1
864691135518283475,864691136085904236,1
864691135518283475,864691136390474359,1
864691135518283475,864691136814627955,1
864691135518283475,864691136904488114,1
864691135892214409,864691135155894884,1
864691135892214409,864691135257669039,1
864691135892214409,864691135272003237,1
864691135892214409,864691135277309669,1
864691135892214409,864691135464795710,1
864691135892214409,864691135562975969,1
864691135892214409,864691135576881950,1
864691135892214409,864691135698211994,1
864691135892214409,864691135743102827,1
864691135892214409,864691135801463650,1
864691135892214409,864691135839932307,1
864691135892214409,864691135993150913,1
864691135892214409,864691136010651052,1
864691135892214409,864691136311059034,1
864691135892214409,864691136421279639,1
864691135892214409,864691136665051614,1
864691135892214409,864691136927761226,1
864691135892214409,864691137198691137,1
864691136438585502,864691135462420637,1
864691136438585502,864691135577644574,1
864691136438585502,864691135700814114,1
864691136438585502,864691135756075981,1
864691136438585502,864691135774389755,1
864691136438585502,864691135861093992,1
864691136438585502,864691136120658712,1
864691136438585502,864691136137794941,1
864691136438585502,864691136177629702,1
864691136438585502,864691136227484753,1
864691136438585502,864691136521831825,1
864691136438585502,864691136991202453,1
864691136438585502,864691137054934902,1
864691135808925981,864691134919869706,1
864691135808925981,864691134919972106,1
864691135808925981,864691134966114591,1
864691135808925981,864691135015652246,1
864691135808925981,864691135134052512,1
864691135808925981,864691135336055529,1
864691135808925981,864691135386899029,1
864691135808925981,864691135405337326,1
864691135808925981,864691135417478842,1
864691135808925981,864691135465932357,1
864691135808925981,864691135566155351,1
864691135808925981,864691135567047191,1
864691135808925981,864691135571192966,1
864691135808925981,864691135572530981,1
864691135808925981,864691135577651230,1
864691135808925981,864691135586240120,1
864691135808925981,864691135688186080,1
864691135808925981,864691135717457946,1
864691135808925981,864691135764583990,1
864691135808925981,864691136010651052,1
864691135808925981,864691136043380566,1
864691135808925981,864691136091634487,1
864691135808925981,864691136177629702,1
864691135808925981,864691136336107187,1
864691135808925981,864691136390788215,1
864691135808925981,864691136438469534,1
864691135808925981,864691136453419007,1
864691135808925981,864691136620914829,1
864691135808925981,864691136665051614,1
864691135808925981,864691136991202453,1
864691135662059248,864691135388828033,1
864691135662059248,864691135455507818,1
864691135662059248,864691135503182685,1
864691135662059248,864691135760635214,1
864691135662059248,864691135774389755,1
864691135662059248,864691135868060950,1
864691135662059248,864691136043283030,1
864691135662059248,864691136137794941,1
864691135662059248,864691136195798504,1
864691135662059248,864691136275894285,1
864691135720638769,864691135134155168,1
864691135720638769,864691135517531786,1
864691135720638769,864691135572385061,1
864691135720638769,864691135654715586,1
864691135720638769,864691136118618136,1
864691135720638769,864691136273494206,1
864691134919529994,864691135774294603,1
864691134919529994,864691136484364844,1
864691135756075981,864691135294190518,1
864691135756075981,864691135336055529,1
864691135756075981,864691135339600102,1
864691135756075981,864691135474504498,1
864691135756075981,864691135502885954,1
864691135756075981,864691135571192966,1
864691135756075981,864691135578360837,1
864691135756075981,864691135617152361,1
864691135756075981,864691135618505065,1
864691135756075981,864691135774053371,1
864691135756075981,864691135778419901,1
864691135756075981,864691135849426270,1
864691135756075981,864691135977654851,1
864691135756075981,864691135977666883,1
864691135756075981,864691136238090767,1
864691135756075981,864691136330101226,1
864691135756075981,864691136484732972,1
864691136438426526,864691135082864887,1
864691136438426526,864691136298045979,1
864691136968542926,864691135272069285,1
864691136968542926,864691135294190518,1
864691136968542926,864691135375888840,1
864691136968542926,864691135398805281,1
864691136968542926,864691135430346544,1
864691136968542926,864691135490326074,1
864691136968542926,864691135585266808,1
864691136968542926,864691135618505065,1
864691136968542926,864691135688186080,1
864691136968542926,864691135717163802,1
864691136968542926,864691135738969220,1
864691136968542926,864691135756075981,1
864691136968542926,864691135801463650,1
864691136968542926,864691135839950227,1
864691136968542926,864691136022520056,1
864691136968542926,864691136137293195,1
864691136968542926,864691136228250961,1
864691136968542926,864691136330407914,1
864691136968542926,864691136419797655,1
864691136968542926,864691136437631902,1
864691136968542926,864691136453419007,1
864691136968542926,864691136524172689,1
864691136968542926,864691136604001745,1
864691136013367715,864691134966714655,1
864691136013367715,864691135294190518,1
864691136013367715,864691135360017752,1
864691136013367715,864691135396794101,1
864691136013367715,864691135431654960,1
864691136013367715,864691135496381840,1
864691136013367715,864691135497743635,1
864691136013367715,864691135503182685,1
864691136013367715,864691135546902056,1
864691136013367715,864691135573276197,1
864691136013367715,864691135577651230,1
864691136013367715,864691135587532924,1
864691136013367715,864691135618505065,1
864691136013367715,864691135688186080,1
864691136013367715,864691135697613077,1
864691136013367715,864691135739587697,1
864691136013367715,864691135756075981,1
864691136013367715,864691135773073147,1
864691136013367715,864691135774179147,1
864691136013367715,864691135774389755,1
864691136013367715,864691135782544435,1
864691136013367715,864691135810905036,1
864691136013367715,864691135849088094,1
864691136013367715,864691135853198023,1
864691136013367715,864691135867905302,1
864691136013367715,864691135947258916,1
864691136013367715,864691135976425327,1
864691136013367715,864691135977666883,1
864691136013367715,864691136106969561,1
864691136013367715,864691136108938168,1
864691136013367715,864691136137794941,1
864691136013367715,864691136144674612,1
864691136013367715,864691136228250961,1
864691136013367715,864691136273494206,1
864691136013367715,864691136311529306,1
864691136013367715,864691136619096795,1
864691136013367715,864691136903681458,1
864691136013367715,864691136914414321,1
864691136013367715,864691136968542926,1
864691136013367715,864691136991202453,1
864691135855890478,864691135257669039,1
864691135855890478,864691135501703746,1
864691135855890478,864691135567047191,1
864691135855890478,864691135774294603,1
864691135855890478,864691135774389755,1
864691135855890478,864691135779049056,1
864691135855890478,864691135816565839,1
864691135855890478,864691135861093992,1
864691135855890478,864691135977666883,1
864691135855890478,864691136042982742,1
864691135855890478,864691136111251896,1
864691135855890478,864691136330101226,1
864691135855890478,864691136451224831,1
864691135855890478,864691136452447743,1
864691135855890478,864691136618795227,1
864691135855890478,864691136904488114,1
864691135464928318,864691135398817569,1
864691135464928318,864691135584629613,1
864691135464928318,864691135586240120,1
864691135464928318,864691135617152361,1
864691135464928318,864691135619756943,1
864691135464928318,864691136091634487,1
864691135464928318,864691136389921911,1
864691135417478842,864691135102151968,1
864691135417478842,864691135324705692,1
864691135417478842,864691135346571423,1
864691135417478842,864691135357351375,1
864691135417478842,864691135396115189,1
864691135417478842,864691135468948364,1
864691135417478842,864691135469753426,1
864691135417478842,864691135470787666,1
864691135417478842,864691135477469352,1
864691135417478842,864691135490326074,1
864691135417478842,864691135503443549,1
864691135417478842,864691135518283475,1
864691135417478842,864691135540272498,1
864691135417478842,864691135540440178,1
864691135417478842,864691135619317391,1
864691135417478842,864691135750642473,1
864691135417478842,864691135787537348,1
864691135417478842,864691135808925981,1
864691135417478842,864691135977666883,1
864691135417478842,864691136125433894,1
864691135417478842,864691136138131325,1
864691135417478842,864691136211371452,1
864691135417478842,864691136330407914,1
864691135417478842,864691136372759688,1
864691135417478842,864691136424990255,1
864691135417478842,864691136579408916,1
864691135417478842,864691136603811281,1
864691135417478842,864691136725343485,1
864691135417478842,864691136813937267,1
864691135059845275,864691135113733529,1
864691135059845275,864691135455123562,1
864691135059845275,864691135572385061,1
864691135059845275,864691135782265424,1
864691135059845275,864691135955060232,1
864691135059845275,864691136023980601,1
864691135059845275,864691136084684396,1
864691135059845275,864691136089194039,1
864691135059845275,864691136143696692,1
864691135059845275,864691136227484753,1
864691135059845275,864691136812081779,1
864691136091634487,864691135015652246,1
864691136091634487,864691135155894884,1
864691136091634487,864691135477839784,1
864691136091634487,864691135585266808,1
864691136091634487,864691135688186080,1
864691136091634487,864691135774389755,1
864691136091634487,864691136298125851,1
864691136091634487,864691136330101226,1
864691136091634487,864691136331249642,1
864691136091634487,864691136437631902,1
864691135416233914,864691135566168599,1
864691135416233914,864691135578146565,1
864691135416233914,864691135937286404,1
864691136904761266,864691135124146727,1
864691136904761266,864691135233242713,1
864691136904761266,864691135340055782,1
864691136904761266,864691135382556378,1
864691136904761266,864691135493079783,1
864691136904761266,864691135688186080,1
864691136904761266,864691135739587697,1
864691136904761266,864691135817195343,1
864691136904761266,864691135852138183,1
864691136904761266,864691135857099310,1
864691136904761266,864691135885140848,1
864691136904761266,864691136108938168,1
864691136904761266,864691136111251896,1
864691136904761266,864691136177629702,1
864691135540272498,864691135060727707,1
864691135540272498,864691135271081125,1
864691135540272498,864691135272069285,1
864691135540272498,864691135325263004,1
864691135540272498,864691135396794101,1
864691135540272498,864691135455400554,1
864691135540272498,864691135656578242,1
864691135540272498,864691135739689073,1
864691135540272498,864691135763941174,1
864691135540272498,864691135866576604,1
864691135540272498,864691135886130288,1
864691135540272498,864691136331249642,1
864691135540272498,864691136364308962,1
864691135540272498,864691136603811281,1
864691135540272498,864691136674749575,1
864691135975539779,864691135335635177,1
864691135975539779,864691135358995288,1
864691135975539779,864691135387690069,1
864691135975539779,864691135404763374,1
864691135975539779,864691135463695429,1
864691135975539779,864691135491167207,1
864691135975539779,864691135491204327,1
864691135975539779,864691135497743635,1
864691135975539779,864691135517531786,1
864691135975539779,864691135659358850,1
864691135975539779,864691135697613077,1
864691135975539779,864691135750307881,1
864691135975539779,864691135801604706,1
864691135975539779,864691135937286404,1
864691135975539779,864691136124845606,1
864691135975539779,864691136136766845,1
864691135975539779,864691136310966106,1
864691135975539779,864691136452081151,1
864691136924515300,864691135503182685,1
864691136924515300,864691135585266808,1
864691136924515300,864691135617152361,1
864691135567047191,864691135060882843,1
864691135567047191,864691135102151968,1
864691135567047191,864691135164887853,1
864691135567047191,864691135258642863,1
864691135567047191,864691135277309669,1
864691135567047191,864691135325263004,1
864691135567047191,864691135396794101,1
864691135567047191,864691135584629613,1
864691135567047191,864691135619756943,1
864691135567047191,864691135694246079,1
864691135567047191,864691135750307881,1
864691135567047191,864691135774368763,1
864691135567047191,864691135779049056,1
864691135567047191,864691135839932307,1
864691135567047191,864691135839950227,1
864691135567047191,864691135861093992,1
864691135567047191,864691135955962888,1
864691135567047191,864691136033227451,1
864691135567047191,864691136091634487,1
864691135567047191,864691136111251896,1
864691135567047191,864691136118686884,1
864691135567047191,864691136195798504,1
864691135567047191,864691136330101226,1
864691135567047191,864691136389688695,1
864691135567047191,864691136453419007,1
864691135567047191,864691136604001745,1
864691135567047191,864691136674495623,1
864691135567047191,864691136991390869,1
864691136194355176,864691135134695328,1
864691135939008565,864691135398805281,1
864691135939008565,864691135493620831,1
864691135939008565,864691135567047191,1
864691135939008565,864691135717163802,1
864691135939008565,864691135774179147,1
864691135939008565,864691135774294603,1
864691135939008565,864691135850033758,1
864691135939008565,864691135874914702,1
864691135939008565,864691135892214409,1
864691135939008565,864691135955909640,1
864691135939008565,864691136011684526,1
864691135939008565,864691137021264750,1
864691135591854347,864691135468948364,1
864691135591854347,864691135587532924,1
864691135591854347,864691136904488114,1
864691136991202453,864691134919529994,1
864691136991202453,864691135430346544,1
864691136991202453,864691136011684526,1
864691136991202453,864691136033116347,1
864691136991202453,864691136298125851,1
864691136991202453,864691136452609023,1
864691136991202453,864691136927187786,1
864691135496339088,864691135493079783,1
864691135496339088,864691135572385061,1
864691136143696692,864691136066069400,1
864691135947258916,864691134950156796,1
864691135947258916,864691135102151968,1
864691135947258916,864691135257669039,1
864691135947258916,864691135375590217,1
864691135947258916,864691135441799752,1
864691135947258916,864691135464795710,1
864691135947258916,864691135727790911,1
864691135947258916,864691135741458324,1
864691135947258916,864691136022520056,1
864691135947258916,864691136041575422,1
864691135947258916,864691136364308962,1
864691135947258916,864691136976001308,1
864691135577651230,864691135119709149,1
864691135577651230,864691135277186789,1
864691135577651230,864691135346685855,1
864691135577651230,864691135384344043,1
864691135577651230,864691135441799752,1
864691135577651230,864691135571192966,1
864691135577651230,864691135571515270,1
864691135577651230,864691135584008045,1
864691135577651230,864691135738969220,1
864691135577651230,864691135773073147,1
864691135577651230,864691135928366606,1
864691135577651230,864691136420279191,1
864691135577651230,864691136452447743,1
864691135577651230,864691136674749575,1
864691135577651230,864691137198691137,1
864691136137293195,864691135060651419,1
864691136137293195,864691135257669039,1
864691136137293195,864691135591726603,1
864691136137293195,864691135688186080,1
864691136137293195,864691135727790911,1
864691136137293195,864691135868210454,1
864691136137293195,864691135939008565,1
864691136137293195,864691136373008520,1
864691136137293195,864691136380757461,1
864691136137293195,864691136419797655,1
864691135977666883,864691135280944545,1
864691135977666883,864691135447540882,1
864691135977666883,864691136437631902,1
864691135977666883,864691136927187786,1
864691135977666883,864691137021162094,1
864691135466158917,864691134966114591,1
864691135466158917,864691135134016928,1
864691135466158917,864691135214986368,1
864691135466158917,864691135274816017,1
864691135466158917,864691135280682401,1
864691135466158917,864691135476528704,1
864691135466158917,864691135584008045,1
864691135466158917,864691135698211994,1
864691135466158917,864691135719900721,1
864691135466158917,864691135874914702,1
864691135466158917,864691135941300993,1
864691135466158917,864691135954393891,1
864691135466158917,864691136022520056,1
864691135466158917,864691136137237899,1
864691137021264750,864691136419797655,1
864691137021264750,864691137021162094,1
864691136424990255,864691134919529994,1
864691136424990255,864691135816565839,1
864691136452081151,864691135720638769,1
864691136452081151,864691136143696692,1
864691135890695049,864691135209432185,1
864691135890695049,864691135562474977,1
864691135890695049,864691135583223405,1
864691135890695049,864691135808684573,1
864691136489055762,864691134966069023,1
864691136489055762,864691135212492992,1
864691136489055762,864691135258563503,1
864691136489055762,864691135466158917,1
864691136489055762,864691135480892614,1
864691136489055762,864691135727790911,1
864691136489055762,864691135742102635,1
864691136489055762,864691135757083346,1
864691136489055762,864691135773209163,1
864691136489055762,864691135810473245,1
864691136489055762,864691135816693327,1
864691136489055762,864691135976063855,1
864691136489055762,864691136085781356,1
864691136489055762,864691136274655166,1
864691136489055762,864691136424439855,1
864691136489055762,864691136596901026,1
864691136489055762,864691136742067804,1
864691136489055762,864691136905560754,1
864691136489055762,864691136990522517,1
864691136489055762,864691137055367798,1
864691135417443514,864691135272003237,1
864691135417443514,864691135272069285,1
864691135417443514,864691135325487004,1
864691135417443514,864691135339600102,1
864691135417443514,864691135343818161,1
864691135417443514,864691135480916422,1
864691135417443514,864691135503182685,1
864691135417443514,864691135619317391,1
864691135417443514,864691135688186080,1
864691135417443514,864691135717275162,1
864691135417443514,864691135853198023,1
864691135417443514,864691136022520056,1
864691135417443514,864691136111251896,1
864691135417443514,864691136120159768,1
864691135417443514,864691136453384959,1
864691135417443514,864691137199828801,1
864691135685087474,864691134919972106,1
864691135685087474,864691135304641703,1
864691135685087474,864691135503163202,1
864691135685087474,864691135584504429,1
864691135685087474,864691135584629613,1
864691135685087474,864691135688186080,1
864691135685087474,864691135727790911,1
864691135685087474,864691135738969220,1
864691135685087474,864691135750307881,1
864691135685087474,864691135774368763,1
864691135685087474,864691135839932307,1
864691135685087474,864691135839950227,1
864691135685087474,864691135938816260,1
864691135685087474,864691136022520056,1
864691135685087474,864691136288598467,1
864691135685087474,864691136330101226,1
864691135685087474,864691136331249642,1
864691135685087474,864691136419797655,1
864691135685087474,864691136488999186,1
864691135685087474,864691136604001745,1
864691135685087474,864691136619096795,1
864691135685087474,864691136664950750,1
864691135685087474,864691136991202453,1
864691135685087474,864691136991390869,1
864691135685087474,864691137021264750,1
864691135685087474,864691137198691137,1
864691136954028511,864691135725842603,1
864691136954028511,864691136390183696,1
864691135455123562,864691135503182685,1
864691135455123562,864691135975539779,1
864691135455123562,864691136196127208,1
864691137199050049,864691135157198692,1
864691137199050049,864691135656674242,1
864691137199050049,864691135757083346,1
864691137199050049,864691135874914702,1
864691137199050049,864691135976063855,1
864691137199050049,864691136043283030,1
864691137199050049,864691136618795227,1
864691137199050049,864691136975624220,1
864691135409859785,864691135102274592,1
864691135409859785,864691135164772653,1
864691135409859785,864691135277309669,1
864691135409859785,864691135396115189,1
864691135409859785,864691135469845388,1
864691135409859785,864691135577644574,1
864691135409859785,864691135578360837,1
864691135409859785,864691135584504429,1
864691135409859785,864691135741458324,1
864691135409859785,864691135946676260,1
864691135409859785,864691135975824495,1
864691135409859785,864691135993150913,1
864691135409859785,864691136042982742,1
864691135409859785,864691136144827444,1
864691135409859785,864691136211175612,1
864691135409859785,864691136389688695,1
864691135409859785,864691136391042167,1
864691135409859785,864691136453419007,1
864691135409859785,864691136905560754,1
864691136330101226,864691135362104647,1
864691136330101226,864691135369002233,1
864691136330101226,864691135695042751,1
864691136330101226,864691135732210873,1
864691136330101226,864691135760635214,1
864691136330101226,864691135774294603,1
864691136330101226,864691136523033233,1
864691136330101226,864691136664680926,1
864691136381243349,864691135294442678,1
864691136381243349,864691135384843738,1
864691136381243349,864691135386963541,1
864691136381243349,864691135469845388,1
864691136381243349,864691135504315317,1
864691136381243349,864691135518283475,1
864691136381243349,864691135540272498,1
864691136381243349,864691135572346349,1
864691136381243349,864691135577651230,1
864691136381243349,864691135732210873,1
864691136381243349,864691135755197133,1
864691136381243349,864691135763941174,1
864691136381243349,864691135778572973,1
864691136381243349,864691135877825107,1
864691136381243349,864691136091634487,1
864691136381243349,864691136238090767,1
864691136381243349,864691136380757461,1
864691136381243349,864691136453419007,1
864691136381243349,864691136484732972,1
864691136381243349,864691136665051614,1
864691136488414994,864691135102151968,1
864691136085904236,864691134991010426,1
864691136085904236,864691135015652246,1
864691136085904236,864691135272003237,1
864691136085904236,864691135431089968,1
864691136085904236,864691135448215698,1
864691136085904236,864691135572346349,1
864691136085904236,864691135750958889,1
864691136085904236,864691135782241616,1
864691136085904236,864691135808925981,1
864691136085904236,864691135842486243,1
864691136085904236,864691135858298670,1
864691136085904236,864691135885911920,1
864691136085904236,864691135939049988,1
864691136085904236,864691135955962888,1
864691136085904236,864691136033227451,1
864691136085904236,864691136137794941,1
864691136085904236,864691136425073455,1
864691136085904236,864691136523118481,1
864691136085904236,864691136524297617,1
864691136085904236,864691136991202453,1
864691136026198585,864691135325071004,1
864691136026198585,864691135398805281,1
864691136026198585,864691135496440208,1
864691136026198585,864691135577651230,1
864691136026198585,864691135611140359,1
864691136026198585,864691135640398651,1
864691136026198585,864691135757083346,1
864691136026198585,864691135868957462,1
864691136026198585,864691135955962888,1
864691136026198585,864691135977045871,1
864691136026198585,864691136011768494,1
864691136026198585,864691136137237899,1
864691136026198585,864691136239460668,1
864691136026198585,864691136380264405,1
864691136026198585,864691136438666398,1
864691136026198585,864691136742244188,1
864691136026198585,864691136975300636,1
864691136313406781,864691134919869706,1
864691136313406781,864691135124603687,1
864691136313406781,864691135155894884,1
864691136313406781,864691135210134905,1
864691136313406781,864691135294442678,1
864691136313406781,864691135384843738,1
864691136313406781,864691135398805281,1
864691136313406781,864691135398817569,1
864691136313406781,864691135465100189,1
864691136313406781,864691135465932357,1
864691136313406781,864691135502885954,1
864691136313406781,864691135582973549,1
864691136313406781,864691135584504429,1
864691136313406781,864691135618505065,1
864691136313406781,864691135640297787,1
864691136313406781,864691135688186080,1
864691136313406781,864691135756075981,1
864691136313406781,864691135757083346,1
864691136313406781,864691135779705021,1
864691136313406781,864691135810982860,1
864691136313406781,864691135866576604,1
864691136313406781,864691135976063855,1
864691136313406781,864691135977654851,1
864691136313406781,864691136034011579,1
864691136313406781,864691136239902780,1
864691136313406781,864691136330101226,1
864691136313406781,864691136390183696,1
864691136313406781,864691136596901026,1
864691136313406781,864691136954050527,1
864691135398868257,864691135294442678,1
864691135398868257,864691135340055782,1
864691135398868257,864691135417045946,1
864691135398868257,864691135455400554,1
864691135398868257,864691135480892614,1
864691135398868257,864691135562798817,1
864691135398868257,864691135591726603,1
864691135398868257,864691135741524587,1
864691135398868257,864691135839950227,1
864691135398868257,864691135939477508,1
864691135398868257,864691136314491965,1
864691135398868257,864691136389688695,1
864691135398868257,864691136604001745,1
864691135398868257,864691136674744199,1
864691135398868257,864691136742067804,1
864691135398868257,864691136814442867,1
864691135398868257,864691136905560754,1
864691135398868257,864691136968542926,1
864691135398868257,864691137056393846,1
864691135398868257,864691137198691137,1
864691135582973549,864691135066958404,1
864691135582973549,864691135102381856,1
864691135582973549,864691135124146727,1
864691135582973549,864691135124603687,1
864691135582973549,864691135214986368,1
864691135582973549,864691135271038885,1
864691135582973549,864691135277186789,1
864691135582973549,864691135339088102,1
864691135582973549,864691135339103718,1
864691135582973549,864691135448215698,1
864691135582973549,864691135455701354,1
864691135582973549,864691135466158917,1
864691135582973549,864691135468948364,1
864691135582973549,864691135469753426,1
864691135582973549,864691135492568551,1
864691135582973549,864691135496440208,1
864691135582973549,864691135562474977,1
864691135582973549,864691135576991518,1
864691135582973549,864691135593133067,1
864691135582973549,864691135695146943,1
864691135582973549,864691135731889337,1
864691135582973549,864691135750958889,1
864691135582973549,864691135774294603,1
864691135582973549,864691135858273326,1
864691135582973549,864691135927494158,1
864691135582973549,864691135938816260,1
864691135582973549,864691135954393891,1
864691135582973549,864691135977045871,1
864691135582973549,864691136091074615,1
864691135582973549,864691136125457446,1
864691135582973549,864691136288644291,1
864691135582973549,864691136523335057,1
864691135582973549,864691136990522517,1
864691135582973549,864691137056393846,1
864691135504081986,864691135164772653,1
864691135504081986,864691135342585541,1
864691135504081986,864691135455400554,1
864691135504081986,864691135717163802,1
864691135504081986,864691135774053371,1
864691135504081986,864691135861093992,1
864691135504081986,864691136137794941,1
864691135504081986,864691136314404669,1
864691135504081986,864691136438469534,1
864691135504081986,864691136976001308,1
864691136363473634,864691135102381856,1
864691136363473634,864691135346571423,1
864691136363473634,864691135591041291,1
864691136363473634,864691135595040043,1
864691136363473634,864691135656579010,1
864691136363473634,864691135773209163,1
864691136363473634,864691135787537348,1
864691136363473634,864691136125433894,1
864691136363473634,864691136228250961,1
864691136363473634,864691136603221201,1
864691136363473634,864691136905203378,1
864691136363473634,864691136927761226,1
864691135214931072,864691135102274592,1
864691135214931072,864691135271038885,1
864691135214931072,864691135465932357,1
864691135214931072,864691135465955397,1
864691135214931072,864691135470787666,1
864691135214931072,864691135493149927,1
864691135214931072,864691135567047191,1
864691135214931072,864691135646481135,1
864691135214931072,864691135686283703,1
864691135214931072,864691135688186080,1
864691135214931072,864691135719900721,1
864691135214931072,864691135739689073,1
864691135214931072,864691135742102635,1
864691135214931072,864691135861093992,1
864691135214931072,864691135886208112,1
864691135214931072,864691136040834558,1
864691135214931072,864691136041575422,1
864691135214931072,864691136108378073,1
864691135214931072,864691136196265704,1
864691135214931072,864691136196517452,1
864691135214931072,864691136228491601,1
864691135214931072,864691136239108156,1
864691135214931072,864691136330407914,1
864691135214931072,864691136331249642,1
864691135214931072,864691136391042167,1
864691135214931072,864691136452609023,1
864691135214931072,864691136604001745,1
864691135214931072,864691137056393846,1
864691135499231763,864691134887026938,1
864691135499231763,864691135102433056,1
864691135499231763,864691135339600102,1
864691135499231763,864691135384843738,1
864691135499231763,864691135587519868,1
864691135499231763,864691135719900721,1
864691135499231763,864691135810492189,1
864691135499231763,864691135990004992,1
864691135499231763,864691136314473021,1
864691135499231763,864691136391042167,1
864691135839248787,864691135503182685,1
864691135716679194,864691135342848433,1
864691135716679194,864691135351096279,1
864691135716679194,864691135448215698,1
864691135716679194,864691135479404742,1
864691135716679194,864691135480892614,1
864691135716679194,864691135719900721,1
864691135716679194,864691135751110185,1
864691135716679194,864691135809509917,1
864691135716679194,864691135810905036,1
864691135716679194,864691135858298670,1
864691135716679194,864691135868916246,1
864691135716679194,864691135977309763,1
864691135716679194,864691136437631902,1
864691135716679194,864691136968094158,1
864691135716679194,864691137199050049,1
864691135756319186,864691135210134905,1
864691135756319186,864691135430275120,1
864691135756319186,864691135503163202,1
864691135756319186,864691135519105162,1
864691135756319186,864691135977309763,1
864691135756319186,864691136363473634,1
864691135756319186,864691136674492295,1
864691135619317391,864691134949248508,1
864691135619317391,864691135102151968,1
864691135619317391,864691135272003237,1
864691135619317391,864691135324725404,1
864691135619317391,864691135339729126,1
864691135619317391,864691135340055782,1
864691135619317391,864691135409859785,1
864691135619317391,864691135479833030,1
864691135619317391,864691135546339880,1
864691135619317391,864691135688186080,1
864691135619317391,864691135774368763,1
864691135619317391,864691135810473245,1
864691135619317391,864691135810492189,1
864691135619317391,864691136238090767,1
864691135619317391,864691136452602367,1
864691135619317391,864691136523288465,1
864691135619317391,864691136664127454,1
864691136725093373,864691135753932237,1
864691136725093373,864691136523118481,1
864691135585266808,864691135272069285,1
864691135585266808,864691135340055782,1
864691135585266808,864691135750307881,1
864691136424439855,864691134966324767,1
864691136424439855,864691134966714655,1
864691136424439855,864691135164887853,1
864691136424439855,864691135184104194,1
864691136424439855,864691135386899029,1
864691136424439855,864691135398805281,1
864691136424439855,864691135417443514,1
864691136424439855,864691135417478842,1
864691136424439855,864691135455400554,1
864691136424439855,864691135493149927,1
864691136424439855,864691135495698832,1
864691136424439855,864691135496440208,1
864691136424439855,864691135576881950,1
864691136424439855,864691135587371132,1
864691136424439855,864691135619756943,1
864691136424439855,864691135757040082,1
864691136424439855,864691135760106830,1
864691136424439855,864691135801163874,1
864691136424439855,864691135810473245,1
864691136424439855,864691136058745048,1
864691136424439855,864691136314491965,1
864691136424439855,864691136523288465,1
864691136424439855,864691136604001745,1
864691136424439855,864691136618795227,1
864691136424439855,864691136742067804,1
864691136424439855,864691136914414321,1
864691135455819114,864691135209432185,1
864691135455819114,864691135210134905,1
864691135455819114,864691135257669039,1
864691135455819114,864691135274816017,1
864691135455819114,864691135587371132,1
864691135455819114,864691135593133067,1
864691135455819114,864691135698211994,1
864691135455819114,864691135725842603,1
864691135455819114,864691135727790911,1
864691135455819114,864691135757040082,1
864691135455819114,864691135774053371,1
864691135455819114,864691135774179147,1
864691135455819114,864691135861093992,1
864691135455819114,864691135877951571,1
864691135455819114,864691135885911920,1
864691135455819114,864691135955909640,1
864691135455819114,864691135976063855,1
864691135455819114,864691135976425327,1
864691135455819114,864691135977045871,1
864691135455819114,864691136085781356,1
864691135455819114,864691136091074615,1
864691135455819114,864691136120159768,1
864691135455819114,864691136137237899,1
864691135455819114,864691136238090767,1
864691135455819114,864691136390788215,1
864691135455819114,864691136438585502,1
864691135455819114,864691136484364844,1
864691135455819114,864691136742067804,1
864691135455819114,864691136814627955,1
864691135455819114,864691136991359893,1
864691135455819114,864691137199828801,1
864691136117695908,864691135539491442,1
864691136117695908,864691135782156368,1
864691136117695908,864691135857099310,1
864691137199038273,864691135157994084,1
864691137199038273,864691135195825450,1
864691137199038273,864691135324623260,1
864691137199038273,864691135977666883,1
864691137199038273,864691136618795227,1
864691137199038273,864691136742067804,1
864691137199038273,864691136904488114,1
864691137199038273,864691136914414321,1
864691135970180709,864691135448303762,1
864691135970180709,864691136524172689,1
864691135970180709,864691136991202453,1
864691136975300636,864691135101595680,1
864691136975300636,864691135417443514,1
864691136905203378,864691135468948364,1
864691136905203378,864691135809568029,1
864691136025504569,864691135015652246,1
864691136025504569,864691135066958404,1
864691136025504569,864691135135019168,1
864691136025504569,864691135258509487,1
864691136025504569,864691135277186789,1
864691136025504569,864691135466158917,1
864691136025504569,864691135490326074,1
864691136025504569,864691135492568551,1
864691136025504569,864691135496381840,1
864691136025504569,864691135519105162,1
864691136025504569,864691135546339880,1
864691136025504569,864691135562798817,1
864691136025504569,864691135567047191,1
864691136025504569,864691135586240120,1
864691136025504569,864691135619756943,1
864691136025504569,864691135655894978,1
864691136025504569,864691135662059248,1
864691136025504569,864691135732210873,1
864691136025504569,864691135741458324,1
864691136025504569,864691135741780116,1
864691136025504569,864691135774294603,1
864691136025504569,864691135778638013,1
864691136025504569,864691135874914702,1
864691136025504569,864691135919956656,1
864691136025504569,864691135938816260,1
864691136025504569,864691135955962888,1
864691136025504569,864691135977045871,1
864691136025504569,864691136043380566,1
864691136025504569,864691136111251896,1
864691136025504569,864691136125411622,1
864691136025504569,864691136196202472,1
864691136025504569,864691136210847932,1
864691136025504569,864691136330101226,1
864691136025504569,864691136380757461,1
864691136025504569,864691136389921911,1
864691136025504569,864691136390788215,1
864691136025504569,864691136391042167,1
864691135778572973,864691135375590217,1
864691135778572973,864691135504203357,1
864691135778572973,864691135942924148,1
864691135778572973,864691136110366904,1
864691135778572973,864691136674492295,1
864691134919869706,864691135336055529,1
864691134919869706,864691135340055782,1
864691134919869706,864691135360346200,1
864691134919869706,864691135368949241,1
864691134919869706,864691135384285931,1
864691134919869706,864691135503836253,1
864691134919869706,864691135719900721,1
864691134919869706,864691135750649129,1
864691134919869706,864691135763795510,1
864691134919869706,864691135939049988,1
864691134919869706,864691136010639022,1
864691134919869706,864691136025504569,1
864691134919869706,864691136033227451,1
864691134919869706,864691136211175612,1
864691136523081105,864691135066958404,1
864691136523081105,864691135257669039,1
864691136523081105,864691135258563503,1
864691136523081105,864691135258642863,1
864691136523081105,864691135324725404,1
864691136523081105,864691135448698196,1
864691136523081105,864691135477839784,1
864691136523081105,864691135499707667,1
864691136523081105,864691135503182685,1
864691136523081105,864691135686283703,1
864691136523081105,864691135688186080,1
864691136523081105,864691135732578745,1
864691136523081105,864691135757083346,1
864691136523081105,864691135850033758,1
864691136523081105,864691135955909640,1
864691136523081105,864691135977654851,1
864691136523081105,864691136013367715,1
864691136523081105,864691136022520056,1
864691136523081105,864691136330101226,1
864691136523081105,864691136437631902,1
864691136523081105,864691136905560754,1
864691136274546622,864691136117770660,1
864691136274546622,864691136228538961,1
864691136274546622,864691136311381338,1
864691136274546622,864691136336107187,1
864691136274546622,864691136489055762,1
864691136274546622,864691136991390869,1
864691135698016410,864691134886499066,1
864691135698016410,864691135195825450,1
864691135698016410,864691135209194617,1
864691135698016410,864691135417045946,1
864691135698016410,864691135468948364,1
864691135698016410,864691136135963787,1
864691135698016410,864691136603221201,1
864691135742102635,864691134942169955,1
864691135742102635,864691134949263100,1
864691135742102635,864691134966714655,1
864691135742102635,864691135101595680,1
864691135742102635,864691135119709149,1
864691135742102635,864691135257669039,1
864691135742102635,864691135277186789,1
864691135742102635,864691135325487004,1
864691135742102635,864691135384344043,1
864691135742102635,864691135504327861,1
864691135742102635,864691135577651230,1
864691135742102635,864691135587519868,1
864691135742102635,864691135725748139,1
864691135742102635,864691135731889337,1
864691135742102635,864691135742756203,1
864691135742102635,864691135750649129,1
864691135742102635,864691135779020221,1
864691135742102635,864691135865648254,1
864691135742102635,864691136026254649,1
864691135742102635,864691136033227451,1
864691135742102635,864691136101340021,1
864691135616048587,864691134949248508,1
864691135616048587,864691135375107272,1
864691135616048587,864691135686283703,1
864691135616048587,864691135731679929,1
864691135616048587,864691135756319186,1
864691135616048587,864691135774177531,1
864691135616048587,864691135867644805,1
864691135616048587,864691135955962888,1
864691135616048587,864691136420303511,1
864691135616048587,864691136904488114,1
864691135616048587,864691136913993713,1
864691136023889209,864691134966324767,1
864691136023889209,864691135082864887,1
864691136023889209,864691135102274592,1
864691136023889209,864691135102433056,1
864691136023889209,864691135157994084,1
864691136023889209,864691135362104647,1
864691136023889209,864691135490326074,1
864691136023889209,864691135493686111,1
864691136023889209,864691135511802576,1
864691136023889209,864691135584629613,1
864691136023889209,864691135689417440,1
864691136023889209,864691135719900721,1
864691136023889209,864691135724393131,1
864691136023889209,864691135750307881,1
864691136023889209,864691135750958889,1
864691136023889209,864691135757083346,1
864691136023889209,864691135777400237,1
864691136023889209,864691135779049056,1
864691136023889209,864691135810905036,1
864691136023889209,864691135867644805,1
864691136023889209,864691135919645872,1
864691136023889209,864691135990004992,1
864691136023889209,864691136026198585,1
864691136023889209,864691136041575422,1
864691136023889209,864691136111559352,1
864691136023889209,864691136336107187,1
864691136023889209,864691136438666398,1
864691136023889209,864691136968542926,1
864691136023889209,864691136991202453,1
864691136023889209,864691137199050049,1
864691135753932237,864691134966114591,1
864691135753932237,864691134966324767,1
864691135753932237,864691135101595680,1
864691135753932237,864691135336055529,1
864691135753932237,864691135339088102,1
864691135753932237,864691135492568551,1
864691135753932237,864691135618505065,1
864691135753932237,864691135655894978,1
864691135753932237,864691135732210873,1
864691135753932237,864691136013367715,1
864691135753932237,864691136107283417,1
864691135753932237,864691136120658712,1
864691135753932237,864691136523118481,1
864691135753932237,864691136975144988,1
864691136040834558,864691135350420951,1
864691136040834558,864691135518283475,1
864691136040834558,864691136025504569,1
864691135465113157,864691134919869706,1
864691135465113157,864691135351096279,1
864691135465113157,864691135357351375,1
864691135465113157,864691135374981320,1
864691135465113157,864691135787537348,1
864691135465113157,864691135868957462,1
864691135465113157,864691135994235841,1
864691135465113157,864691136092725684,1
864691135465113157,864691136238679567,1
864691135465113157,864691136299034139,1
864691135465113157,864691136438717086,1
864691135465113157,864691136523335057,1
864691135584504429,864691135210134905,1
864691135584504429,864691135362104647,1
864691135584504429,864691135386963541,1
864691135584504429,864691135398817569,1
864691135584504429,864691135431654960,1
864691135584504429,864691135502885954,1
864691135584504429,864691135587532924,1
864691135584504429,864691135774294603,1
864691135584504429,864691135774389755,1
864691135584504429,864691135868386070,1
864691135584504429,864691136438717086,1
864691135584504429,864691136453419007,1
864691135584504429,864691136742067804,1
864691135584504429,864691136814627955,1
864691135496381840,864691134919529994,1
864691135496381840,864691134948788476,1
864691135496381840,864691135164887853,1
864691135496381840,864691135272003237,1
864691135496381840,864691135294442678,1
864691135496381840,864691135362104647,1
864691135496381840,864691135585266808,1
864691135496381840,864691135774294603,1
864691135496381840,864691136137794941,1
864691135496381840,864691136228250961,1
864691135339729894,864691135646481135,1
864691135339729894,864691135860969064,1
864691135339729894,864691135941708033,1
864691135339729894,864691136120658712,1
864691134949221372,864691134949248508,1
864691134949221372,864691134966710559,1
864691134949221372,864691135362104647,1
864691134949221372,864691135655894978,1
864691134949221372,864691135750307881,1
864691134949221372,864691135773073147,1
864691134949221372,864691135853088967,1
864691134949221372,864691135868916246,1
864691134949221372,864691135977666883,1
864691134949221372,864691135993150913,1
864691134949221372,864691136453419007,1
864691134949221372,864691136991202453,1
864691134949221372,864691137056393846,1
864691135717271834,864691135135019168,1
864691135717271834,864691135325263004,1
864691135717271834,864691135339600102,1
864691135717271834,864691135448698196,1
864691135717271834,864691135493686111,1
864691135717271834,864691135546902056,1
864691135717271834,864691135566168599,1
864691135717271834,864691135573276197,1
864691135717271834,864691135587371132,1
864691135717271834,864691135694246079,1
864691135717271834,864691135732210873,1
864691135717271834,864691135886130288,1
864691135717271834,864691135928366606,1
864691135717271834,864691135990004992,1
864691135717271834,864691136101340021,1
864691135717271834,864691136144674612,1
864691135717271834,864691136211175612,1
864691135717271834,864691136238090767,1
864691135717271834,864691136314491965,1
864691135717271834,864691136336039091,1
864691135717271834,864691136380718037,1
864691135717271834,864691136604001745,1
864691135717271834,864691136742067804,1
864691135717271834,864691136967703758,1
864691135717271834,864691137055367798,1
864691135868060950,864691135134052512,1
864691135868060950,864691135209432185,1
864691135868060950,864691135816565839,1
864691135868060950,864691136523118481,1
864691135868060950,864691136991390869,1
864691136452602367,864691135566168599,1
864691136452602367,864691135801163874,1
864691136452602367,864691135839950227,1
864691136210847932,864691135258509487,1
864691136210847932,864691135503182685,1
864691136210847932,864691135662059248,1
864691136210847932,864691135688186080,1
864691136210847932,864691136025504569,1
864691135375107272,864691134966710559,1
864691135375107272,864691135134052512,1
864691135375107272,864691135369002233,1
864691135375107272,864691135455400554,1
864691135375107272,864691135510846217,1
864691135375107272,864691135562474977,1
864691135375107272,864691135571192966,1
864691135375107272,864691135976425327,1
864691135375107272,864691136390788215,1
864691135375107272,864691136523118481,1
864691135474504498,864691134919972106,1
864691135474504498,864691135357351375,1
864691135474504498,864691135375107272,1
864691135474504498,864691135469753426,1
864691135474504498,864691135480892614,1
864691135474504498,864691135518283475,1
864691135474504498,864691135584629613,1
864691135474504498,864691135808925981,1
864691135474504498,864691135811335116,1
864691135474504498,864691136424439855,1
864691135134052512,864691135518283475,1
864691135134052512,864691135577221406,1
864691135134052512,864691135741458324,1
864691135134052512,864691135927494158,1
864691135134052512,864691135977309763,1
864691135134052512,864691136011686318,1
864691135134052512,864691136927187786,1
864691136311529306,864691134887460346,1
864691136311529306,864691135346571423,1
864691136311529306,864691135927494158,1
864691136311529306,864691135977134403,1
864691135448215698,864691134886569210,1
864691135448215698,864691134950156796,1
864691135448215698,864691135164772653,1
864691135448215698,864691135294441654,1
864691135448215698,864691135325487004,1
864691135448215698,864691135398868257,1
864691135448215698,864691135455507818,1
864691135448215698,864691135577749022,1
864691135448215698,864691135591854347,1
864691135448215698,864691135719900721,1
864691135448215698,864691135738969220,1
864691135448215698,864691135751110185,1
864691135448215698,864691135773073147,1
864691135448215698,864691135849088094,1
864691135448215698,864691135885911920,1
864691135448215698,864691136011686318,1
864691135448215698,864691136011768494,1
864691135448215698,864691136091634487,1
864691135448215698,864691136177629702,1
864691135448215698,864691136438469534,1
864691135448215698,864691136619693275,1
864691135448215698,864691136954050527,1
864691135448215698,864691136975624220,1
864691135448215698,864691137198691137,1
864691135868386070,864691134886569210,1
864691135868386070,864691134948788476,1
864691135868386070,864691134966324767,1
864691135868386070,864691134991010426,1
864691135868386070,864691135124603687,1
864691135868386070,864691135304641703,1
864691135868386070,864691135465113157,1
864691135868386070,864691135466236229,1
864691135868386070,864691135469753426,1
864691135868386070,864691135518173395,1
864691135868386070,864691135540440178,1
864691135868386070,864691135562842337,1
864691135868386070,864691135562975969,1
864691135868386070,864691135569592300,1
864691135868386070,864691135573276197,1
864691135868386070,864691135576881950,1
864691135868386070,864691135577749022,1
864691135868386070,864691135587371132,1
864691135868386070,864691135591041291,1
864691135868386070,864691135646775791,1
864691135868386070,864691135685087474,1
864691135868386070,864691135731679929,1
864691135868386070,864691135738969220,1
864691135868386070,864691135742756203,1
864691135868386070,864691135750307881,1
864691135868386070,864691135810473245,1
864691135868386070,864691135892214409,1
864691135868386070,864691135942924148,1
864691135868386070,864691135977666883,1
864691135868386070,864691136021865976,1
864691135868386070,864691136041575422,1
864691135868386070,864691136119885080,1
864691135868386070,864691136125956134,1
864691135868386070,864691136298125851,1
864691135868386070,864691136330407914,1
864691135868386070,864691136363303138,1
864691135868386070,864691136390474359,1
864691135868386070,864691136452447743,1
864691135868386070,864691136524297617,1
864691135868386070,864691136619096795,1
864691135868386070,864691136742244188,1
864691135868386070,864691136927187786,1
864691135868386070,864691136967703758,1
864691135868386070,864691136968542926,1
864691135868386070,864691136976001308,1
864691135868386070,864691137198691137,1
864691135570301676,864691134942169955,1
864691135570301676,864691135102433056,1
864691135570301676,864691135214931072,1
864691135570301676,864691135304679079,1
864691135570301676,864691135466158917,1
864691135570301676,864691135492568551,1
864691135570301676,864691135583223405,1
864691135570301676,864691135592830731,1
864691135570301676,864691135695146943,1
864691135570301676,864691135750642473,1
864691135570301676,864691135782506832,1
864691135570301676,864691135810905036,1
864691135570301676,864691135858273326,1
864691135570301676,864691135954393891,1
864691135570301676,864691136336179123,1
864691135570301676,864691136424439855,1
864691135570301676,864691136523335057,1
864691135570301676,864691136675875719,1
864691135570301676,864691136975624220,1
864691135570301676,864691137199050049,1
864691135810982860,864691134941412707,1
864691135810982860,864691135015605910,1
864691135810982860,864691135102151968,1
864691135810982860,864691135102381856,1
864691135810982860,864691135257669039,1
864691135810982860,864691135271696549,1
864691135810982860,864691135294442678,1
864691135810982860,864691135339088102,1
864691135810982860,864691135388368001,1
864691135810982860,864691135408808649,1
864691135810982860,864691135455701354,1
864691135810982860,864691135466283333,1
864691135810982860,864691135480892614,1
864691135810982860,864691135493149927,1
864691135810982860,864691135518283475,1
864691135810982860,864691135656578242,1
864691135810982860,864691135717457946,1
864691135810982860,864691135719900721,1
864691135810982860,864691135741458324,1
864691135810982860,864691135772920651,1
864691135810982860,864691135810473245,1
864691135810982860,864691135810905036,1
864691135810982860,864691135816693327,1
864691135810982860,864691135839932307,1
864691135810982860,864691135858298670,1
864691135810982860,864691135954393891,1
864691135810982860,864691135955909640,1
864691135810982860,864691135994226881,1
864691135810982860,864691136120159768,1
864691135810982860,864691136196338764,1
864691135810982860,864691136288598467,1
864691135810982860,864691136311381338,1
864691135810982860,864691136424439855,1
864691135810982860,864691136445215875,1
864691135810982860,864691136452447743,1
864691135810982860,864691136664127454,1
864691135810982860,864691136674749575,1
864691135810982860,864691136742067804,1
864691135810982860,864691136912172017,1
864691135810982860,864691136975144988,1
864691135810982860,864691136990522517,1
864691135066958404,864691134989865338,1
864691135066958404,864691135257669039,1
864691135066958404,864691135280944545,1
864691135066958404,864691135374981320,1
864691135066958404,864691135466236229,1
864691135066958404,864691135480916422,1
864691135066958404,864691135518989962,1
864691135066958404,864691135584629613,1
864691135066958404,864691135689417440,1
864691135066958404,864691135698211994,1
864691135066958404,864691135719900721,1
864691135066958404,864691135757083346,1
864691135066958404,864691135760106830,1
864691135066958404,864691135778288573,1
864691135066958404,864691135810982860,1
864691135066958404,864691135853088967,1
864691135066958404,864691135919956656,1
864691135066958404,864691135988557315,1
864691135066958404,864691136011686318,1
864691135066958404,864691136195834070,1
864691135066958404,864691136488414994,1
864691136012739747,864691135164887853,1
864691136012739747,864691135214986368,1
864691136012739747,864691135280481697,1
864691136012739747,864691135405733870,1
864691136012739747,864691135409859785,1
864691136012739747,864691135448215698,1
864691136012739747,864691135455507818,1
864691136012739747,864691135465343045,1
864691136012739747,864691135480892614,1
864691136012739747,864691135503182685,1
864691136012739747,864691135504327861,1
864691136012739747,864691135646147567,1
864691136012739747,864691135686283703,1
864691136012739747,864691135757083346,1
864691136012739747,864691135760106830,1
864691136012739747,864691135774294603,1
864691136012739747,864691135858298670,1
864691136012739747,864691135938816260,1
864691136012739747,864691136381301461,1
864691136012739747,864691136452609023,1
864691135477469864,864691135271463077,1
864691135477469864,864691135387690069,1
864691135477469864,864691136228250961,1
864691135477469864,864691136380264149,1
864691135742189163,864691134991010426,1
864691135742189163,864691135102151968,1
864691135742189163,864691135325487004,1
864691135742189163,864691135340055782,1
864691135742189163,864691135375888840,1
864691135742189163,864691135466158917,1
864691135742189163,864691135578146565,1
864691135742189163,864691135583277677,1
864691135742189163,864691135685087474,1
864691135742189163,864691135757083346,1
864691135742189163,864691135810466333,1
864691135742189163,864691135858273326,1
864691135742189163,864691135878061395,1
864691135742189163,864691136043283030,1
864691135742189163,864691136137237899,1
864691135742189163,864691136196265704,1
864691135742189163,864691136438469534,1
864691135742189163,864691136453419007,1
864691135742189163,864691136976001308,1
864691135405337326,864691135468161164,1
864691135405337326,864691135566168599,1
864691135405337326,864691135749141801,1
864691135405337326,864691135937286404,1
864691135405337326,864691135938629892,1
864691135405337326,864691136013367715,1
864691135405337326,864691136194355176,1
864691135405337326,864691136425073455,1
864691135741090196,864691134886569210,1
864691135741090196,864691135113733529,1
864691135741090196,864691135157994084,1
864691135741090196,864691135493149927,1
864691135741090196,864691135750649129,1
864691135741090196,864691136196338764,1
864691135741090196,864691136336107187,1
864691135741090196,864691136452609023,1
864691135741090196,864691136953413599,1
864691135741090196,864691137055405174,1
864691135782702387,864691135102381856,1
864691135782702387,864691135258642863,1
864691135782702387,864691135499707667,1
864691135782702387,864691135576881950,1
864691135782702387,864691135728030015,1
864691135782702387,864691135732210873,1
864691135782702387,864691135741930603,1
864691135782702387,864691135741963627,1
864691135782702387,864691135787537348,1
864691135782702387,864691135816565839,1
864691135782702387,864691135878061395,1
864691135782702387,864691135938816260,1
864691135782702387,864691135993150913,1
864691135782702387,864691136022520056,1
864691135782702387,864691136125411622,1
864691135782702387,864691136195798504,1
864691135782702387,864691136425073455,1
864691135782702387,864691136976001308,1
864691136086630764,864691135566168599,1
864691136086630764,864691135688186080,1
864691136086630764,864691135773073147,1
864691136086630764,864691136089194039,1
864691136086630764,864691136314473021,1
864691136086630764,864691136380757461,1
864691136086630764,864691136419797655,1
864691135374981320,864691135357351375,1
864691135374981320,864691135868210454,1
864691135374981320,864691135875460494,1
864691135374981320,864691136033227451,1
864691135374981320,864691136120658712,1
864691135374981320,864691136196517452,1
864691135374981320,864691136912172017,1
864691135562474977,864691135102381856,1
864691135562474977,864691135257669039,1
864691135562474977,864691135360482392,1
864691135562474977,864691135362104647,1
864691135562474977,864691135502885954,1
864691135562474977,864691135571192966,1
864691135562474977,864691135861093992,1
864691135562474977,864691135885911920,1
864691135562474977,864691135993150913,1
864691135562474977,864691136025504569,1
864691135562474977,864691136137237899,1
864691135562474977,864691136239108156,1
864691135562474977,864691136336039091,1
864691135562474977,864691137199038273,1
864691136420303511,864691135082864887,1
864691136420303511,864691135430346544,1
864691136420303511,864691135617440105,1
864691136420303511,864691135757040082,1
864691136420303511,864691135774389755,1
864691136420303511,864691135817195343,1
864691136420303511,864691135849088094,1
864691136420303511,864691135941300993,1
864691136420303511,864691136040834558,1
864691136420303511,864691136618795227,1
864691136420303511,864691136912172017,1
864691135342585541,864691135270320293,1
864691135342585541,864691135360096071,1
864691135342585541,864691135409859785,1
864691135342585541,864691135441799752,1
864691135342585541,864691135476495936,1
864691135342585541,864691135583172717,1
864691135342585541,864691135584008045,1
864691135342585541,864691135617152361,1
864691135342585541,864691135927494158,1
864691135342585541,864691135976063855,1
864691135342585541,864691135976105839,1
864691135342585541,864691136101516661,1
864691135342585541,864691136119885080,1
864691135342585541,864691136489055762,1
864691135342585541,864691136905758130,1
864691135342585541,864691136991359893,1
864691136674492295,864691134886499066,1
864691136674492295,864691135503836253,1
864691136674492295,864691135731889337,1
864691136674492295,864691135741090196,1
864691136674492295,864691135868466710,1
864691136674492295,864691136579408916,1
864691136674492295,864691137055405174,1
864691135335635177,864691135274195217,1
864691135335635177,864691135731889337,1
864691135335635177,864691135763495478,1
864691135335635177,864691135802453858,1
864691135335635177,864691135885911920,1
864691136084313196,864691135572530981,1
864691136084313196,864691135778419901,1
864691135810905036,864691134919869706,1
864691135810905036,864691134966714655,1
864691135810905036,864691135277186789,1
864691135810905036,864691135375351369,1
864691135810905036,864691135384344043,1
864691135810905036,864691135417478842,1
864691135810905036,864691135493149927,1
864691135810905036,864691135493686111,1
864691135810905036,864691135572346349,1
864691135810905036,864691135577221406,1
864691135810905036,864691135587371132,1
864691135810905036,864691135662059248,1
864691135810905036,864691135694246079,1
864691135810905036,864691135719900721,1
864691135810905036,864691135750958889,1
864691135810905036,864691135757040082,1
864691135810905036,864691135774179147,1
864691135810905036,864691135801163874,1
864691135810905036,864691135839950227,1
864691135810905036,864691135886208112,1
864691135810905036,864691135919956656,1
864691135810905036,864691135938816260,1
864691135810905036,864691136025504569,1
864691135810905036,864691136111559352,1
864691135810905036,864691136228250961,1
864691135810905036,864691136275894285,1
864691135810905036,864691136298125851,1
864691135810905036,864691136314491965,1
864691135810905036,864691136330101226,1
864691135810905036,864691136419797655,1
864691135810905036,864691136420303511,1
864691135886130288,864691134919972106,1
864691135886130288,864691134966324767,1
864691135886130288,864691135102274592,1
864691135886130288,864691135214986368,1
864691135886130288,864691135258642863,1
864691135886130288,864691135274195217,1
864691135886130288,864691135339600102,1
864691135886130288,864691135343818161,1
864691135886130288,864691135493686111,1
864691135886130288,864691135584504429,1
864691135886130288,864691135688186080,1
864691135886130288,864691135689417440,1
864691135886130288,864691135774179147,1
864691135886130288,864691135778419901,1
864691135886130288,864691135866576604,1
864691135886130288,864691135941300993,1
864691135886130288,864691135977666883,1
864691135886130288,864691136177629702,1
864691135886130288,864691136196517452,1
864691135886130288,864691136381301461,1
864691135886130288,864691136437631902,1
864691135886130288,864691136523216017,1
864691135886130288,864691136523288465,1
864691135886130288,864691136991202453,1
864691135115049881,864691135857099310,1
864691135115049881,864691137198382657,1
864691135927494158,864691135717275162,1
864691135927494158,864691135779049056,1
864691135927494158,864691136336107187,1
864691135927494158,864691136489055762,1
864691135619463567,864691135134052512,1
864691135619463567,864691135274816017,1
864691135619463567,864691135277309669,1
864691135619463567,864691135324623260,1
864691135619463567,864691135343818161,1
864691135619463567,864691135357351375,1
864691135619463567,864691135562410721,1
864691135619463567,864691135567059223,1
864691135619463567,864691135732210873,1
864691135619463567,864691135868919318,1
864691135619463567,864691135993150913,1
864691135619463567,864691136125433894,1
864691135619463567,864691136299034139,1
864691135619463567,864691136364308962,1
864691135619463567,864691136578820884,1
864691135619463567,864691136674749575,1
864691135619463567,864691136914414321,1
864691135619463567,864691137199828801,1
864691135779377341,864691134991010426,1
864691135779377341,864691135015652246,1
864691135779377341,864691135066958404,1
864691135779377341,864691135280481697,1
864691135779377341,864691135362104647,1
864691135779377341,864691135375888840,1
864691135779377341,864691135466158917,1
864691135779377341,864691135518989962,1
864691135779377341,864691135584504429,1
864691135779377341,864691135586724220,1
864691135779377341,864691135750307881,1
864691135779377341,864691135810473245,1
864691135779377341,864691136380718037,1
864691135779377341,864691136523216017,1
864691135779705021,864691135015652246,1
864691135779705021,864691135102151968,1
864691135779705021,864691135135019168,1
864691135779705021,864691135280481697,1
864691135779705021,864691135294441654,1
864691135779705021,864691135466158917,1
864691135779705021,864691135492568551,1
864691135779705021,864691135503163202,1
864691135779705021,864691135518283475,1
864691135779705021,864691135546339880,1
864691135779705021,864691135584629613,1
864691135779705021,864691135594721579,1
864691135779705021,864691135617152361,1
864691135779705021,864691135689417440,1
864691135779705021,864691135727790911,1
864691135779705021,864691135741780116,1
864691135779705021,864691135773073147,1
864691135779705021,864691135954393891,1
864691135779705021,864691135955962888,1
864691135779705021,864691135977045871,1
864691135779705021,864691135977654851,1
864691135779705021,864691135990004992,1
864691135779705021,864691136011686318,1
864691135779705021,864691136034084795,1
864691135779705021,864691136111251896,1
864691135779705021,864691136211385020,1
864691135779705021,864691136391623039,1
864691135779705021,864691136437631902,1
864691135779705021,864691136619096795,1
864691135779705021,864691136905458866,1
864691135779705021,864691136905758130,1
864691135779705021,864691136927187786,1
864691135779705021,864691136991202453,1
864691136125956134,864691135102433056,1
864691136125956134,864691135214931072,1
864691136125956134,864691135480311494,1
864691136125956134,864691135503182685,1
864691136125956134,864691135725842603,1
864691136125956134,864691135725920939,1
864691136125956134,864691136022520056,1
864691136125956134,864691136118370724,1
864691136125956134,864691136125433894,1
864691136125956134,864691136991202453,1
864691136372047496,864691135367033849,1
864691136372047496,864691135741090196,1
864691136372047496,864691136084313196,1
864691136372047496,864691136579408916,1
864691136380266965,864691134989865338,1
864691136380266965,864691135569902316,1
864691136380266965,864691135778572973,1
864691136380266965,864691136136383883,1
864691136034181307,864691134966710559,1
864691136034181307,864691135060727707,1
864691136034181307,864691135067066948,1
864691136034181307,864691135257669039,1
864691136034181307,864691135272069285,1
864691136034181307,864691135324623260,1
864691136034181307,864691135455400554,1
864691136034181307,864691135688186080,1
864691136034181307,864691135689417440,1
864691136034181307,864691135750307881,1
864691136034181307,864691135750958889,1
864691136034181307,864691135811335116,1
864691136034181307,864691135955909640,1
864691136034181307,864691135977666883,1
864691136034181307,864691136022520056,1
864691136034181307,864691136195798504,1
864691136034181307,864691136211371452,1
864691136034181307,864691136211385020,1
864691136034181307,864691136331249642,1
864691136034181307,864691136953873631,1
864691135271463077,864691135570791558,1
864691135271463077,864691135764015926,1
864691135430486576,864691135375590217,1
864691135430486576,864691135582973549,1
864691135430486576,864691136110366904,1
864691135430486576,864691136664680926,1
864691136196338764,864691135117980637,1
864691136196338764,864691135209280633,1
864691136196338764,864691135466283333,1
864691136196338764,864691135477670312,1
864691136196338764,864691135595040043,1
864691136196338764,864691135740860820,1
864691135295165196,864691135280481697,1
864691135295165196,864691135465100189,1
864691135295165196,864691135469845388,1
864691135295165196,864691135583277677,1
864691135295165196,864691135698211994,1
864691135295165196,864691135719900721,1
864691135295165196,864691135774294603,1
864691135295165196,864691135954393891,1
864691135295165196,864691136058745048,1
864691135295165196,864691136125457446,1
864691135295165196,864691136239980604,1
864691135295165196,864691136484364844,1
864691135295165196,864691136912172017,1
864691135295165196,864691136954050527,1
864691135295165196,864691136991202453,1
864691135939049988,864691134991010426,1
864691135939049988,864691135015605910,1
864691135939049988,864691135136360217,1
864691135939049988,864691135214986368,1
864691135939049988,864691135342958789,1
864691135939049988,864691135388828033,1
864691135939049988,864691135405337326,1
864691135939049988,864691135464928318,1
864691135939049988,864691135465343045,1
864691135939049988,864691135567047191,1
864691135939049988,864691135578360837,1
864691135939049988,864691135583277677,1
864691135939049988,864691135587519868,1
864691135939049988,864691135698211994,1
864691135939049988,864691135741458324,1
864691135939049988,864691135741930603,1
864691135939049988,864691135977666883,1
864691135939049988,864691136026198585,1
864691135939049988,864691136091634487,1
864691135939049988,864691136177629702,1
864691135939049988,864691136195798504,1
864691135939049988,864691136239902780,1
864691135939049988,864691136330101226,1
864691135939049988,864691136330407914,1
864691135939049988,864691136524297617,1
864691135939049988,864691136991202453,1
864691135157198692,864691135157994084,1
864691135157198692,864691135209432185,1
864691135157198692,864691135274195217,1
864691135157198692,864691135384843738,1
864691135157198692,864691135388828033,1
864691135157198692,864691135466158917,1
864691135157198692,864691135480892614,1
864691135157198692,864691135496440208,1
864691135157198692,864691135518283475,1
864691135157198692,864691135562410721,1
864691135157198692,864691135656578242,1
864691135157198692,864691135688186080,1
864691135157198692,864691135719900721,1
864691135157198692,864691135774179147,1
864691135157198692,864691135778419901,1
864691135157198692,864691135779705021,1
864691135157198692,864691135809509917,1
864691135157198692,864691135868060950,1
864691135157198692,864691135874914702,1
864691135157198692,864691135919956656,1
864691135157198692,864691135938816260,1
864691135157198692,864691135939477508,1
864691135157198692,864691135947258916,1
864691135157198692,864691135955909640,1
864691135157198692,864691135976425327,1
864691135157198692,864691135977666883,1
864691135157198692,864691135990004992,1
864691135157198692,864691136041575422,1
864691135157198692,864691136111559352,1
864691135157198692,864691136238090767,1
864691135157198692,864691136438585502,1
864691135157198692,864691136664127454,1
864691134886499066,864691135015605910,1
864691134886499066,864691135124603687,1
864691134886499066,864691135477670312,1
864691134886499066,864691135741090196,1
864691134886499066,864691135809568029,1
864691134886499066,864691135941708033,1
864691134886499066,864691136010639022,1
864691134886499066,864691136011768494,1
864691134886499066,864691136052738803,1
864691134886499066,864691136110366904,1
864691134886499066,864691136125433894,1
864691134886499066,864691136674492295,1
864691134886499066,864691136924515300,1
864691134886499066,864691136953413599,1
864691134886499066,864691137055405174,1
864691134966069023,864691134919529994,1
864691134966069023,864691135015652246,1
864691134966069023,864691135346571423,1
864691134966069023,864691135388368001,1
864691134966069023,864691135430486576,1
864691134966069023,864691135478316200,1
864691134966069023,864691135478400936,1
864691134966069023,864691135732578745,1
864691134966069023,864691135765013302,1
864691134966069023,864691135774389755,1
864691134966069023,864691135810492189,1
864691134966069023,864691135861093992,1
864691134966069023,864691135866576604,1
864691134966069023,864691135990004992,1
864691134966069023,864691136006519498,1
864691134966069023,864691136011686318,1
864691134966069023,864691136314491965,1
864691134966069023,864691136484732972,1
864691134966069023,864691137056393846,1
864691136953677535,864691134989865338,1
864691136953677535,864691135464928318,1
864691136953677535,864691135495698832,1
864691136953677535,864691135569902316,1
864691136953677535,864691135619463567,1
864691136953677535,864691135640398651,1
864691136953677535,864691135719761713,1
864691136953677535,864691135741090196,1
864691136953677535,864691135743102827,1
864691136953677535,864691135801463650,1
864691136953677535,864691135839950227,1
864691136953677535,864691135942924148,1
864691136953677535,864691136137293195,1
864691136953677535,864691136311381338,1
864691136953677535,864691136314491965,1
864691136953677535,864691136445215875,1
864691136953677535,864691136912172017,1
864691136058745048,864691134949263100,1
864691136058745048,864691135060020123,1
864691136058745048,864691135157994084,1
864691136058745048,864691135164772653,1
864691136058745048,864691135164887853,1
864691136058745048,864691135209432185,1
864691136058745048,864691135274816017,1
864691136058745048,864691135325071004,1
864691136058745048,864691135325263004,1
864691136058745048,864691135325487004,1
864691136058745048,864691135339088102,1
864691136058745048,864691135374981320,1
864691136058745048,864691135388368001,1
864691136058745048,864691135405733870,1
864691136058745048,864691135409859785,1
864691136058745048,864691135448215698,1
864691136058745048,864691135455400554,1
864691136058745048,864691135466158917,1
864691136058745048,864691135502885954,1
864691136058745048,864691135503182685,1
864691136058745048,864691135504168285,1
864691136058745048,864691135504327861,1
864691136058745048,864691135546339880,1
864691136058745048,864691135562842337,1
864691136058745048,864691135577749022,1
864691136058745048,864691135587371132,1
864691136058745048,864691135593133067,1
864691136058745048,864691135698211994,1
864691136058745048,864691135727961663,1
864691136058745048,864691135728030015,1
864691136058745048,864691135732578745,1
864691136058745048,864691135741780116,1
864691136058745048,864691135741963627,1
864691136058745048,864691135757040082,1
864691136058745048,864691135763941174,1
864691136058745048,864691135765006134,1
864691136058745048,864691135778419901,1
864691136058745048,864691135778638013,1
864691136058745048,864691135782702387,1
864691136058745048,864691135816693327,1
864691136058745048,864691135868919318,1
864691136058745048,864691135885911920,1
864691136058745048,864691135942924148,1
864691136058745048,864691135947258916,1
864691136058745048,864691135954393891,1
864691136058745048,864691135977666883,1
864691136058745048,864691136010639022,1
864691136058745048,864691136011684526,1
864691136058745048,864691136026198585,1
864691136058745048,864691136026254649,1
864691136058745048,864691136042982742,1
864691136058745048,864691136111251896,1
864691136058745048,864691136118370724,1
864691136058745048,864691136211175612,1
864691136058745048,864691136228250961,1
864691136058745048,864691136238090767,1
864691136058745048,864691136299034139,1
864691136058745048,864691136314404669,1
864691136058745048,864691136330407914,1
864691136058745048,864691136336039091,1
864691136058745048,864691136380264405,1
864691136058745048,864691136453384959,1
864691136058745048,864691136596901026,1
864691136058745048,864691136604001745,1
864691136058745048,864691136664950750,1
864691136058745048,864691136674749575,1
864691136058745048,864691136968094158,1
864691136058745048,864691136990522517,1
864691136058745048,864691137055367798,1
864691136210975676,864691135342958789,1
864691136210975676,864691135362104647,1
864691136210975676,864691135387535957,1
864691136210975676,864691135448698196,1
864691136210975676,864691135496381840,1
864691136210975676,864691135518453642,1
864691136210975676,864691135749995049,1
864691136210975676,864691135810308125,1
864691136210975676,864691135850033758,1
864691136210975676,864691136084313196,1
864691136210975676,864691136084684396,1
864691136210975676,864691136111251896,1
864691136210975676,864691136309871706,1
864691136210975676,864691136523335057,1
864691136210975676,864691136742067804,1
864691136210975676,864691136925029092,1
864691136210975676,864691137198382657,1
864691135455701354,864691135502885954,1
864691135455701354,864691135578146565,1
864691135455701354,864691135595040043,1
864691135455701354,864691135741524587,1
864691135455701354,864691136107283417,1
864691135455701354,864691136137237899,1
864691135455701354,864691136452602367,1
864691135455701354,864691136523216017,1
864691135455701354,864691136953677535,1
864691135455701354,864691136991606421,1
864691135375484489,864691135294190518,1
864691135375484489,864691135469845388,1
864691135375484489,864691135503836253,1
864691135375484489,864691136119885080,1
864691135375484489,864691136373008520,1
864691135375484489,864691136523033233,1
864691136238679567,864691134949248508,1
864691136238679567,864691135339088102,1
864691136238679567,864691135502730562,1
864691136238679567,864691135719900721,1
864691136238679567,864691135741930603,1
864691136238679567,864691135809608652,1
864691136238679567,864691135858298670,1
864691136238679567,864691135886130288,1
864691136238679567,864691135955962888,1
864691136238679567,864691135977666883,1
864691136238679567,864691136022520056,1
864691136238679567,864691136330407914,1
864691136238679567,864691137021162094,1
864691136228538961,864691135233242713,1
864691136228538961,864691135772987899,1
864691135586414716,864691135491204327,1
864691135586414716,864691135919645872,1
864691135586414716,864691136596815778,1
864691135258642863,864691135124146727,1
864691135258642863,864691135184104194,1
864691135258642863,864691135465955397,1
864691135258642863,864691135585266808,1
864691135258642863,864691135865648254,1
864691135258642863,864691136927187786,1
864691135938555908,864691135763495478,1
864691135938555908,864691135857099310,1
864691136523118481,864691134966714655,1
864691136523118481,864691135102433056,1
864691136523118481,864691135184104194,1
864691136523118481,864691135357351375,1
864691136523118481,864691135417478842,1
864691136523118481,864691135455400554,1
864691136523118481,864691135562004193,1
864691136523118481,864691135562474977,1
864691136523118481,864691135617440105,1
864691136523118481,864691135640297787,1
864691136523118481,864691135655390658,1
864691136523118481,864691135988557315,1
864691136523118481,864691136381301461,1
864691136523118481,864691136675427975,1
864691136523118481,864691136814627955,1
864691136239068732,864691135195825450,1
864691136239068732,864691135270320293,1
864691136239068732,864691135408560329,1
864691136239068732,864691135430486576,1
864691136239068732,864691135569902316,1
864691136239068732,864691135938555908,1
864691136239068732,864691135989817088,1
864691136239068732,864691136101516661,1
864691136239068732,864691136137834877,1
864691136239068732,864691136674492295,1
864691136239068732,864691137198382657,1
864691135384176619,864691135388368001,1
864691135384176619,864691135782544435,1
864691135384176619,864691136084313196,1
864691135384176619,864691136136383883,1
864691135592830731,864691135184104194,1
864691135592830731,864691135258642863,1
864691135592830731,864691135274816017,1
864691135592830731,864691135374981320,1
864691135592830731,864691135448215698,1
864691135592830731,864691135569592300,1
864691135592830731,864691135571192966,1
864691135592830731,864691135577644574,1
864691135592830731,864691135717457946,1
864691135592830731,864691135750958889,1
864691135592830731,864691135855890478,1
864691135592830731,864691135877825107,1
864691135592830731,864691135885911920,1
864691135592830731,864691135941708033,1
864691135592830731,864691135954393891,1
864691135592830731,864691136137293195,1
864691135592830731,864691136381301461,1
864691135592830731,864691136421279639,1
864691135592830731,864691137055712630,1
864691135547082280,864691135572346349,1
864691136390474359,864691134942472035,1
864691136390474359,864691135102151968,1
864691136390474359,864691135164887853,1
864691136390474359,864691135210134905,1
864691136390474359,864691135214986368,1
864691136390474359,864691135258642863,1
864691136390474359,864691135274195217,1
864691136390474359,864691135325263004,1
864691136390474359,864691135351096279,1
864691136390474359,864691135503182685,1
864691136390474359,864691135540272498,1
864691136390474359,864691135562842337,1
864691136390474359,864691135573276197,1
864691136390474359,864691135577651230,1
864691136390474359,864691135732210873,1
864691136390474359,864691135839932307,1
864691136390474359,864691135988557315,1
864691136390474359,864691136034181307,1
864691136390474359,864691136144827444,1
864691136390474359,864691136331249642,1
864691136390474359,864691136389921911,1
864691136390474359,864691136445215875,1
864691136390474359,864691136453419007,1
864691136390474359,864691136596107938,1
864691136390474359,864691136674749575,1
864691136390474359,864691136675427975,1
864691136390474359,864691136742067804,1
864691136390474359,864691136991359893,1
864691136101464181,864691134949248508,1
864691136101464181,864691135209194617,1
864691136101464181,864691135257669039,1
864691136101464181,864691135325263004,1
864691136101464181,864691135336055529,1
864691136101464181,864691135388828033,1
864691136101464181,864691135417045946,1
864691136101464181,864691135502885954,1
864691136101464181,864691135587532924,1
864691136101464181,864691135685087474,1
864691136101464181,864691135689417440,1
864691136101464181,864691135801463650,1
864691136101464181,864691135955909640,1
864691136101464181,864691135993150913,1
864691136101464181,864691136445215875,1
864691136101464181,864691136674495623,1
864691136101464181,864691136814442867,1
864691135810308125,864691135115049881,1
864691135810308125,864691135778132576,1
864691135810308125,864691135878061395,1
864691135473383730,864691135134695328,1
864691135473383730,864691135162908461,1
864691135473383730,864691136578820884,1
864691136484364844,864691135388368001,1
864691136484364844,864691135572346349,1
864691136484364844,864691135719900721,1
864691136484364844,864691135858298670,1
864691136484364844,864691135865648254,1
864691136484364844,864691135954393891,1
864691136484364844,864691136033332155,1
864691136484364844,864691136954050527,1
864691136211371452,864691134949248508,1
864691136211371452,864691134989865338,1
864691136211371452,864691135102151968,1
864691136211371452,864691135184104194,1
864691136211371452,864691135362104647,1
864691136211371452,864691135375351369,1
864691136211371452,864691135388368001,1
864691136211371452,864691135469845388,1
864691136211371452,864691135584008045,1
864691136211371452,864691135686283703,1
864691136211371452,864691135695146943,1
864691136211371452,864691135732578745,1
864691136211371452,864691135739008132,1
864691136211371452,864691135757040082,1
864691136211371452,864691135760106830,1
864691136211371452,864691135857993774,1
864691136211371452,864691135867644805,1
864691136211371452,864691135885911920,1
864691136211371452,864691135941300993,1
864691136211371452,864691135954393891,1
864691136211371452,864691136010639022,1
864691136211371452,864691136040834558,1
864691136211371452,864691136330407914,1
864691136211371452,864691136453419007,1
864691136211371452,864691136968094158,1
864691136211371452,864691136975624220,1
864691136211371452,864691137199828801,1
864691136311381338,864691134886499066,1
864691136311381338,864691135477469864,1
864691136311381338,864691135576991518,1
864691136311381338,864691135750649129,1
864691135976105839,864691134886499066,1
864691135976105839,864691135271081125,1
864691135976105839,864691135339103718,1
864691135976105839,864691135455701354,1
864691135976105839,864691135464143934,1
864691135976105839,864691135504203357,1
864691135976105839,864691135583172717,1
864691135976105839,864691135741619051,1
864691135976105839,864691135742189163,1
864691135976105839,864691136124845606,1
864691136378815445,864691135134114976,1
864691136378815445,864691135294441654,1
864691136378815445,864691135294520844,1
864691136378815445,864691135324623260,1
864691136378815445,864691135577749022,1
864691136378815445,864691135587371132,1
864691136378815445,864691135593133067,1
864691136378815445,864691135595040043,1
864691136378815445,864691135616048587,1
864691136378815445,864691135765006134,1
864691136378815445,864691135773208651,1
864691136378815445,864691135939049988,1
864691136378815445,864691135941708033,1
864691136378815445,864691136013367715,1
864691136378815445,864691136034084795,1
864691136378815445,864691136274655166,1
864691136378815445,864691136330101226,1
864691136378815445,864691136424439855,1
864691136378815445,864691136438469534,1
864691136378815445,864691136618795227,1
864691136620914829,864691135102274592,1
864691136620914829,864691135294442678,1
864691136620914829,864691135384344043,1
864691136620914829,864691135464795710,1
864691136620914829,864691135465932357,1
864691136620914829,864691135480892614,1
864691136620914829,864691135504327861,1
864691136620914829,864691135540440178,1
864691136620914829,864691135617152361,1
864691136620914829,864691135619756943,1
864691136620914829,864691135694246079,1
864691136620914829,864691135750958889,1
864691136620914829,864691135801463650,1
864691136620914829,864691135861093992,1
864691136620914829,864691136010651052,1
864691136620914829,864691136034011579,1
864691136620914829,864691136091634487,1
864691136620914829,864691136136383883,1
864691136620914829,864691136177629702,1
864691136620914829,864691136742067804,1
864691136620914829,864691136742244188,1
864691135765006134,864691134941412707,1
864691135765006134,864691135101431072,1
864691135765006134,864691135258642863,1
864691135765006134,864691135357351375,1
864691135765006134,864691135503182685,1
864691135765006134,864691135694246079,1
864691135765006134,864691135742102635,1
864691135765006134,864691136041575422,1
864691135765006134,864691136238679567,1
864691135765006134,864691136391042167,1
864691135375590217,864691135102151968,1
864691135375590217,864691135157994084,1
864691135375590217,864691135257669039,1
864691135375590217,864691135280481697,1
864691135375590217,864691135280682401,1
864691135375590217,864691135324623260,1
864691135375590217,864691135464795710,1
864691135375590217,864691135476495936,1
864691135375590217,864691135477670312,1
864691135375590217,864691135490326074,1
864691135375590217,864691135496381840,1
864691135375590217,864691135567047191,1
864691135375590217,864691135572346349,1
864691135375590217,864691135577644574,1
864691135375590217,864691135577749022,1
864691135375590217,864691135583352941,1
864691135375590217,864691135756075981,1
864691135375590217,864691135765006134,1
864691135375590217,864691135849088094,1
864691135375590217,864691135850033758,1
864691135375590217,864691135886130288,1
864691135375590217,864691135938816260,1
864691135375590217,864691135970226021,1
864691135375590217,864691136011684526,1
864691135375590217,864691136363473634,1
864691135375590217,864691136905560754,1
864691135375590217,864691136905758130,1
864691135375590217,864691136953677535,1
864691135375590217,864691136976001308,1
864691135375590217,864691136991202453,1
864691135375590217,864691136991390869,1
864691136967703758,864691134949221372,1
864691136967703758,864691135082864887,1
864691136967703758,864691135124146727,1
864691136967703758,864691135164887853,1
864691136967703758,864691135340055782,1
864691136967703758,864691135375107272,1
864691136967703758,864691135496440208,1
864691136967703758,864691135503182685,1
864691136967703758,864691135572346349,1
864691136967703758,864691135577749022,1
864691136967703758,864691135584008045,1
864691136967703758,864691135656579010,1
864691136967703758,864691135689417440,1
864691136967703758,864691135717457946,1
864691136967703758,864691135750307881,1
864691136967703758,864691135773073147,1
864691136967703758,864691135774179147,1
864691136967703758,864691135774389755,1
864691136967703758,864691135779049056,1
864691136967703758,864691135868957462,1
864691136967703758,864691135970180709,1
864691136967703758,864691136026254649,1
864691136967703758,864691136033227451,1
864691136967703758,864691136089194039,1
864691136967703758,864691136108378073,1
864691136967703758,864691136137794941,1
864691136967703758,864691136239460668,1
864691136967703758,864691136299034139,1
864691136967703758,864691136311106650,1
864691136967703758,864691136314404669,1
864691136967703758,864691136380757461,1
864691136967703758,864691136619693275,1
864691136967703758,864691136675427975,1
864691136967703758,864691136904488114,1
864691136967703758,864691136991202453,1
864691136967703758,864691137056393846,1
864691136106969561,864691135059143323,1
864691136106969561,864691135719761713,1
864691136106969561,864691135787537348,1
864691136106969561,864691136084313196,1
864691135750649129,864691134989865338,1
864691135750649129,864691135102433056,1
864691135750649129,864691135164772653,1
864691135750649129,864691135280682401,1
864691135750649129,864691135295165196,1
864691135750649129,864691135357351375,1
864691135750649129,864691135455507818,1
864691135750649129,864691135503836253,1
864691135750649129,864691135504168285,1
864691135750649129,864691135510191369,1
864691135750649129,864691135577644574,1
864691135750649129,864691135578146565,1
864691135750649129,864691135591726603,1
864691135750649129,864691135591854347,1
864691135750649129,864691135640297787,1
864691135750649129,864691135739689073,1
864691135750649129,864691135779049056,1
864691135750649129,864691135787537348,1
864691135750649129,864691135868466710,1
864691135750649129,864691135915343462,1
864691135750649129,864691135939477508,1
864691135750649129,864691135942924148,1
864691135750649129,864691135977309763,1
864691135750649129,864691136195798504,1
864691135750649129,864691136195834070,1
864691135750649129,864691136299034139,1
864691135750649129,864691136331249642,1
864691135750649129,864691136373008520,1
864691135750649129,864691136523118481,1
864691135750649129,864691136579408916,1
864691135750649129,864691136904488114,1
864691135195825450,864691136107486169,1
864691136125440038,864691135102151968,1
864691136125440038,864691135135019168,1
864691136125440038,864691135257669039,1
864691136125440038,864691135280682401,1
864691136125440038,864691135360482392,1
864691136125440038,864691135387988609,1
864691136125440038,864691135398805281,1
864691136125440038,864691135465100189,1
864691136125440038,864691135476528704,1
864691136125440038,864691135493686111,1
864691136125440038,864691135503163202,1
864691136125440038,864691135503182685,1
864691136125440038,864691135584504429,1
864691136125440038,864691135586240120,1
864691136125440038,864691135741930603,1
864691136125440038,864691135810473245,1
864691136125440038,864691135810905036,1
864691136125440038,864691135857993774,1
864691136125440038,864691135977666883,1
864691136125440038,864691135988557315,1
864691136125440038,864691136288644291,1
864691136125440038,864691136314491965,1
864691136125440038,864691136438717086,1
864691136125440038,864691136488414994,1
864691136125440038,864691136523118481,1
864691136125440038,864691136524172689,1
864691136125440038,864691136604001745,1
864691136125440038,864691136742244188,1
864691136125440038,864691136905458866,1
864691136125440038,864691136991359893,1
864691135583172717,864691135431654960,1
864691135583172717,864691135576991518,1
864691135583172717,864691135717457946,1
864691135583172717,864691135853088967,1
864691135583172717,864691136033332155,1
864691135583172717,864691136228250961,1
864691135583172717,864691136618795227,1
864691135583172717,864691136725343485,1
864691135977309763,864691134919869706,1
864691135977309763,864691135060882843,1
864691135977309763,864691135119709149,1
864691135977309763,864691135280682401,1
864691135977309763,864691135324623260,1
864691135977309763,864691135465100189,1
864691135977309763,864691135742102635,1
864691135977309763,864691135853088967,1
864691135977309763,864691136040834558,1
864691135977309763,864691136043283030,1
864691135977309763,864691136275031565,1
864691135977309763,864691136905203378,1
864691135977309763,864691136913993713,1
864691135977309763,864691137021264750,1
864691136603221201,864691135308553030,1
864691136603221201,864691135339088102,1
864691136603221201,864691135499283987,1
864691136603221201,864691135583352941,1
864691136603221201,864691135587532924,1
864691135586240120,864691134949248508,1
864691135586240120,864691135157994084,1
864691135586240120,864691135272069285,1
864691135586240120,864691135448215698,1
864691135586240120,864691135540440178,1
864691135586240120,864691135618505065,1
864691135586240120,864691135698211994,1
864691135586240120,864691135751110185,1
864691135586240120,864691135842486243,1
864691135586240120,864691136034084795,1
864691135586240120,864691136137293195,1
864691135586240120,864691136228250961,1
864691135586240120,864691136238679567,1
864691135586240120,864691136239980604,1
864691135586240120,864691136437631902,1
864691135586240120,864691136488999186,1
864691135586240120,864691136814508659,1
864691136674744199,864691134941412707,1
864691136674744199,864691134949263100,1
864691136674744199,864691135214986368,1
864691136674744199,864691135340055782,1
864691136674744199,864691135343818161,1
864691136674744199,864691135357351375,1
864691136674744199,864691135465343045,1
864691136674744199,864691135466158917,1
864691136674744199,864691135492568551,1
864691136674744199,864691135499707667,1
864691136674744199,864691135562004193,1
864691136674744199,864691135619756943,1
864691136674744199,864691135646481135,1
864691136674744199,864691135646775791,1
864691136674744199,864691135732210873,1
864691136674744199,864691135741458324,1
864691136674744199,864691135741963627,1
864691136674744199,864691135774368763,1
864691136674744199,864691135774389755,1
864691136674744199,864691135801163874,1
864691136674744199,864691135817419343,1
864691136674744199,864691135885911920,1
864691136674744199,864691136110366904,1
864691136674744199,864691136120658712,1
864691136674744199,864691136137237899,1
864691136674744199,864691136177629702,1
864691136674744199,864691136195798504,1
864691136674744199,864691136453419007,1
864691136674744199,864691136523081105,1
864691136674744199,864691136665051614,1
864691136674744199,864691136905758130,1
864691135469422674,864691135258642863,1
864691135469422674,864691135491204327,1
864691135469422674,864691135503182685,1
864691135469422674,864691135576991518,1
864691135469422674,864691135587371132,1
864691135469422674,864691135686414775,1
864691135469422674,864691135774179147,1
864691135469422674,864691135857099310,1
864691135469422674,864691135994235841,1
864691135469422674,864691136026254649,1
864691135469422674,864691136091634487,1
864691135469422674,864691136108938168,1
864691135469422674,864691136137794941,1
864691135469422674,864691136195391208,1
864691135469422674,864691136211385020,1
864691135469422674,864691136372759688,1
864691135469422674,864691136663528670,1
864691135469422674,864691136953677535,1
864691135375351369,864691135101595680,1
864691135375351369,864691135272003237,1
864691135375351369,864691135280481697,1
864691135375351369,864691135476495936,1
864691135375351369,864691135576881950,1
864691135375351369,864691135640297787,1
864691135375351369,864691135732578745,1
864691135375351369,864691135741780116,1
864691135375351369,864691135741998484,1
864691135375351369,864691135774294603,1
864691135375351369,864691135779049056,1
864691135375351369,864691135858298670,1
864691135375351369,864691135866576604,1
864691135375351369,864691135928366606,1
864691135375351369,864691136010651052,1
864691135375351369,864691136041575422,1
864691135375351369,864691136118370724,1
864691135375351369,864691137055367798,1
864691136925029092,864691135455123562,1
864691136925029092,864691135468161164,1
864691136925029092,864691135468948364,1
864691136925029092,864691135772920651,1
864691136925029092,864691136228538961,1
864691136925029092,864691136391623039,1
864691136968094158,864691135066958404,1
864691136968094158,864691135362104647,1
864691136968094158,864691135405733870,1
864691136968094158,864691135448215698,1
864691136968094158,864691135469845388,1
864691136968094158,864691135573276197,1
864691136968094158,864691135611140359,1
864691136968094158,864691135731679929,1
864691136968094158,864691135857993774,1
864691136968094158,864691135954393891,1
864691135655390658,864691134942472035,1
864691135655390658,864691135015605910,1
864691135655390658,864691135102274592,1
864691135655390658,864691135164772653,1
864691135655390658,864691135362104647,1
864691135655390658,864691135388368001,1
864691135655390658,864691135492568551,1
864691135655390658,864691135493620831,1
864691135655390658,864691135546902056,1
864691135655390658,864691135584629613,1
864691135655390658,864691135611019015,1
864691135655390658,864691135617152361,1
864691135655390658,864691135739008132,1
864691135655390658,864691135739587697,1
864691135655390658,864691135774294603,1
864691135655390658,864691136034011579,1
864691135655390658,864691136195798504,1
864691135655390658,864691136524172689,1
864691135655390658,864691136991202453,1
864691135868466710,864691134949248508,1
864691135868466710,864691134965778719,1
864691135868466710,864691135476528704,1
864691135868466710,864691135480916422,1
864691135868466710,864691135493149927,1
864691135868466710,864691135562975969,1
864691135868466710,864691135656674242,1
864691135868466710,864691135731679929,1
864691135868466710,864691135763795510,1
864691135868466710,864691135773208651,1
864691135868466710,864691135810492189,1
864691135868466710,864691135842486243,1
864691135868466710,864691136033332155,1
864691135868466710,864691136058745048,1
864691135868466710,864691136311059034,1
864691135868466710,864691136373008520,1
864691135868466710,864691136991359893,1
864691136107486169,864691135136360217,1
864691136107486169,864691135732578745,1
864691136107486169,864691135810466333,1
864691136107486169,864691135868060950,1
864691136107486169,864691135977666883,1
864691136107486169,864691136195798504,1
864691136107486169,864691136314473021,1
864691136107486169,864691136674744199,1
864691136107486169,864691136903681458,1
864691135368949241,864691134966324767,1
864691135368949241,864691135136360217,1
864691135368949241,864691135276505573,1
864691135368949241,864691135325487004,1
864691135368949241,864691135351096279,1
864691135368949241,864691135387535957,1
864691135368949241,864691135499231763,1
864691135368949241,864691135503182685,1
864691135368949241,864691135504081986,1
864691135368949241,864691135750307881,1
864691135368949241,864691135774389755,1
864691135368949241,864691135808684573,1
864691135368949241,864691135858273326,1
864691135368949241,864691135977666883,1
864691135368949241,864691135988557315,1
864691135368949241,864691136011686318,1
864691135368949241,864691136025504569,1
864691135368949241,864691136125457446,1
864691135368949241,864691136392785279,1
864691135368949241,864691136452609023,1
864691135368949241,864691136579129876,1
864691135368949241,864691136975624220,1
864691135368949241,864691136991359893,1
864691135617440105,864691135210134905,1
864691135617440105,864691135350420951,1
864691135617440105,864691135430275120,1
864691135617440105,864691135478316200,1
864691135617440105,864691135779049056,1
864691135617440105,864691135858298670,1
864691135617440105,864691136125411622,1
864691135617440105,864691136288644291,1
864691135617440105,864691137199050049,1
864691135387535957,864691135015652246,1
864691135387535957,864691135102381856,1
864691135387535957,864691135258642863,1
864691135387535957,864691135272003237,1
864691135387535957,864691135325487004,1
864691135387535957,864691135396794101,1
864691135387535957,864691135464928318,1
864691135387535957,864691135465113157,1
864691135387535957,864691135577644574,1
864691135387535957,864691135591041291,1
864691135387535957,864691135611019015,1
864691135387535957,864691135646775791,1
864691135387535957,864691135732210873,1
864691135387535957,864691135750958889,1
864691135387535957,864691135774368763,1
864691135387535957,864691135774389755,1
864691135387535957,864691135779049056,1
864691135387535957,864691135782506832,1
864691135387535957,864691135919956656,1
864691135387535957,864691135977666883,1
864691135387535957,864691136195400150,1
864691135387535957,864691136298125851,1
864691135387535957,864691136330101226,1
864691135387535957,864691136373008520,1
864691135387535957,864691136524297617,1
864691135387535957,864691136665051614,1
864691135611140359,864691134887026938,1
864691135611140359,864691135375107272,1
864691135611140359,864691135480892614,1
864691135611140359,864691135504168285,1
864691135611140359,864691135617440105,1
864691135611140359,864691135716679194,1
864691135611140359,864691135719900721,1
864691135611140359,864691135725920939,1
864691135611140359,864691135855890478,1
864691135611140359,864691135954393891,1
864691135611140359,864691136013367715,1
864691135611140359,864691136025504569,1
864691135611140359,864691136058745048,1
864691135611140359,864691136275894285,1
864691135611140359,864691136288644291,1
864691135611140359,864691136664950750,1
864691135611140359,864691136967703758,1
864691135360809560,864691134941412707,1
864691135360809560,864691134948788476,1
864691135360809560,864691134949081852,1
864691135360809560,864691135015154934,1
864691135360809560,864691135210134905,1
864691135360809560,864691135304641703,1
864691135360809560,864691135342848433,1
864691135360809560,864691135375888840,1
864691135360809560,864691135396940021,1
864691135360809560,864691135398805281,1
864691135360809560,864691135577644574,1
864691135360809560,864691135583277677,1
864691135360809560,864691135655894978,1
864691135360809560,864691135685087474,1
864691135360809560,864691135750649129,1
864691135360809560,864691135757040082,1
864691135360809560,864691135778419901,1
864691135360809560,864691135810466333,1
864691135360809560,864691135939477508,1
864691135360809560,864691135977666883,1
864691135360809560,864691136010639022,1
864691135360809560,864691136091074615,1
864691135360809560,864691136125457446,1
864691135360809560,864691136336179123,1
864691135360809560,864691136524297617,1
864691135360809560,864691136603811281,1
864691135360809560,864691136975624220,1
864691136991390869,864691135273918993,1
864691136991390869,864691135359010904,1
864691136991390869,864691135497743635,1
864691136991390869,864691135617152361,1
864691136991390869,864691135751110185,1
864691136991390869,864691135772053835,1
864691136991390869,864691135875460494,1
864691136991390869,864691135952122147,1
864691136991390869,864691135989817088,1
864691136991390869,864691136137834877,1
864691136991390869,864691136309871706,1
864691136991390869,864691136914414321,1
864691135874914702,864691135342848433,1
864691135874914702,864691135774368763,1
864691135874914702,864691135817195343,1
864691135874914702,864691136125411622,1
864691135502902338,864691135258642863,1
864691135502902338,864691136135963787,1
864691135976425327,864691136310966106,1
864691135976425327,864691137021162094,1
864691135725920939,864691134966714655,1
864691135725920939,864691135351096279,1
864691135725920939,864691135480892614,1
864691135725920939,864691135493686111,1
864691135725920939,864691135562798817,1
864691135725920939,864691135694415551,1
864691135725920939,864691135760635214,1
864691135725920939,864691136025504569,1
864691135725920939,864691136238090767,1
864691135725920939,864691136445557123,1
864691135725920939,864691136489147922,1
864691135137137433,864691136125433894,1
864691135209280633,864691135157994084,1
864691135209280633,864691135209194617,1
864691135209280633,864691135210134905,1
864691135209280633,864691135408808649,1
864691135209280633,864691135466283333,1
864691135209280633,864691135518989962,1
864691135209280633,864691135741524587,1
864691135209280633,864691135778572973,1
864691135209280633,864691135816693327,1
864691135209280633,864691135843242211,1
864691135209280633,864691136091074615,1
864691135209280633,864691136119885080,1
864691135209280633,864691136125433894,1
864691135209280633,864691136138131325,1
864691135209280633,864691136438585502,1
864691135209280633,864691136578982164,1
864691135209280633,864691136904488114,1
864691135570791558,864691135272206865,1
864691135570791558,864691135342585541,1
864691135570791558,864691135382556378,1
864691135570791558,864691135388828033,1
864691135570791558,864691135409859785,1
864691135570791558,864691135480892614,1
864691135570791558,864691135546339880,1
864691135570791558,864691135585415544,1
864691135570791558,864691135587519868,1
864691135570791558,864691135595040043,1
864691135570791558,864691136022520056,1
864691135570791558,864691136120658712,1
864691135570791558,864691136579129876,1
864691135570791558,864691136674495623,1
864691136311059034,864691135325071004,1
864691136311059034,864691135362104647,1
864691136311059034,864691135496440208,1
864691136311059034,864691135546902056,1
864691136311059034,864691135562975969,1
864691136311059034,864691135586724220,1
864691136311059034,864691135742102635,1
864691136311059034,864691135885911920,1
864691136311059034,864691136111559352,1
864691136311059034,864691136137794941,1
864691136311059034,864691136138131325,1
864691136311059034,864691136330101226,1
864691135717457946,864691134989865338,1
864691135717457946,864691134991010426,1
864691135717457946,864691135102274592,1
864691135717457946,864691135271081125,1
864691135717457946,864691135277186789,1
864691135717457946,864691135294520844,1
864691135717457946,864691135339088102,1
864691135717457946,864691135384176619,1
864691135717457946,864691135384285931,1
864691135717457946,864691135384843738,1
864691135717457946,864691135386963541,1
864691135717457946,864691135387988609,1
864691135717457946,864691135388368001,1
864691135717457946,864691135448215698,1
864691135717457946,864691135469753426,1
864691135717457946,864691135477670312,1
864691135717457946,864691135493149927,1
864691135717457946,864691135504168285,1
864691135717457946,864691135504203357,1
864691135717457946,864691135577749022,1
864691135717457946,864691135583223405,1
864691135717457946,864691135584008045,1
864691135717457946,864691135595040043,1
864691135717457946,864691135688186080,1
864691135717457946,864691135717163802,1
864691135717457946,864691135741458324,1
864691135717457946,864691135741998484,1
864691135717457946,864691135763795510,1
864691135717457946,864691135778572973,1
864691135717457946,864691135786943684,1
864691135717457946,864691135839950227,1
864691135717457946,864691135853198023,1
864691135717457946,864691135858273326,1
864691135717457946,864691135868210454,1
864691135717457946,864691135919956656,1
864691135717457946,864691135988557315,1
864691135717457946,864691135994235841,1
864691135717457946,864691136025504569,1
864691135717457946,864691136058745048,1
864691135717457946,864691136107486169,1
864691135717457946,864691136111559352,1
864691135717457946,864691136195834070,1
864691135717457946,864691136228250961,1
864691135717457946,864691136311059034,1
864691135717457946,864691136314404669,1
864691135717457946,864691136380757461,1
864691135717457946,864691136419797655,1
864691135717457946,864691136438585502,1
864691135717457946,864691136990522517,1
864691135717457946,864691136991202453,1
864691135717457946,864691137021264750,1
864691135717457946,864691137198691137,1
864691135717457946,864691137199828801,1
864691135778467517,864691135336055529,1
864691135778467517,864691135397982753,1
864691135778467517,864691136034084795,1
864691135778467517,864691136111251896,1
864691135778467517,864691136195798504,1
864691135778467517,864691136330101226,1
864691134887460346,864691135717457946,1
864691134887460346,864691135731705273,1
864691134887460346,864691135911276969,1
864691135569592300,864691134919972106,1
864691135569592300,864691134942472035,1
864691135569592300,864691134991010426,1
864691135569592300,864691135015652246,1
864691135569592300,864691135304641703,1
864691135569592300,864691135325071004,1
864691135569592300,864691135339729894,1
864691135569592300,864691135343818161,1
864691135569592300,864691135430275120,1
864691135569592300,864691135493686111,1
864691135569592300,864691135503182685,1
864691135569592300,864691135503836253,1
864691135569592300,864691135504327861,1
864691135569592300,864691135567059223,1
864691135569592300,864691135587519868,1
864691135569592300,864691135774179147,1
864691135569592300,864691135782506832,1
864691135569592300,864691135810492189,1
864691135569592300,864691135816693327,1
864691135569592300,864691135843242211,1
864691135569592300,864691135942924148,1
864691135569592300,864691136091634487,1
864691135569592300,864691136137237899,1
864691135569592300,864691136177629702,1
864691135569592300,864691136381301461,1
864691135569592300,864691136392785279,1
864691135569592300,864691136814508659,1
864691135569592300,864691136968542926,1
864691135569592300,864691136991202453,1
864691135569592300,864691137055367798,1
864691136101516661,864691135210134905,1
864691136101516661,864691135386963541,1
864691136101516661,864691135577644574,1
864691136101516661,864691135686283703,1
864691136101516661,864691135731679929,1
864691136101516661,864691135857993774,1
864691136101516661,864691136991606421,1
864691135562798817,864691135496381840,1
864691135562798817,864691135517531786,1
864691135562798817,864691135567047191,1
864691135562798817,864691135583172717,1
864691135562798817,864691135655390658,1
864691135562798817,864691135656578242,1
864691135562798817,864691135684657079,1
864691135562798817,864691135727790911,1
864691135562798817,864691135739587697,1
864691135562798817,864691135740860820,1
864691135562798817,864691135741458324,1
864691135562798817,864691135749141801,1
864691135562798817,864691135787537348,1
864691135562798817,864691135816565839,1
864691135562798817,864691135842486243,1
864691135562798817,864691135977309763,1
864691135562798817,864691135977666883,1
864691135562798817,864691136022520056,1
864691135562798817,864691136119885080,1
864691135562798817,864691136389921911,1
864691135562798817,864691136814442867,1
864691135562798817,864691137055712630,1
864691135567059223,864691134942472035,1
864691135567059223,864691135015652246,1
864691135567059223,864691135060651419,1
864691135567059223,864691135384843738,1
864691135567059223,864691135405733870,1
864691135567059223,864691135448698196,1
864691135567059223,864691135504168285,1
864691135567059223,864691135577651230,1
864691135567059223,864691135698211994,1
864691135567059223,864691135919956656,1
864691135567059223,864691135994235841,1
864691135567059223,864691136110366904,1
864691135567059223,864691136239980604,1
864691135567059223,864691136453419007,1
864691135567059223,864691136523335057,1
864691135567059223,864691136524172689,1
864691135567059223,864691136927761226,1
864691136975144988,864691135455400554,1
864691136975144988,864691135496381840,1
864691136975144988,864691135499283987,1
864691136975144988,864691135567047191,1
864691136975144988,864691135685087474,1
864691136975144988,864691135741930603,1
864691136975144988,864691136137794941,1
864691136975144988,864691136195798504,1
864691136975144988,864691136742067804,1
864691136975144988,864691136991202453,1
864691135773209163,864691134942472035,1
864691135773209163,864691134948788476,1
864691135773209163,864691134966714655,1
864691135773209163,864691135060882843,1
864691135773209163,864691135214931072,1
864691135773209163,864691135272003237,1
864691135773209163,864691135340055782,1
864691135773209163,864691135351096279,1
864691135773209163,864691135448215698,1
864691135773209163,864691135469845388,1
864691135773209163,864691135496440208,1
864691135773209163,864691135504327861,1
864691135773209163,864691135546902056,1
864691135773209163,864691135570301676,1
864691135773209163,864691135586724220,1
864691135773209163,864691135617152361,1
864691135773209163,864691135619756943,1
864691135773209163,864691135731679929,1
864691135773209163,864691135773208651,1
864691135773209163,864691135774053371,1
864691135773209163,864691135779049056,1
864691135773209163,864691135849426270,1
864691135773209163,864691135874914702,1
864691135773209163,864691135977654851,1
864691135773209163,864691136010028974,1
864691135773209163,864691136125411622,1
864691135773209163,864691136125440038,1
864691135773209163,864691136125457446,1
864691135773209163,864691136336039091,1
864691135773209163,864691136452609023,1
864691135773209163,864691136603811281,1
864691135773209163,864691136618795227,1
864691135773209163,864691136675427975,1
864691135773209163,864691136742244188,1
864691135773209163,864691136904488114,1
864691135773209163,864691137199050049,1
864691136298111003,864691134989865338,1
864691136298111003,864691135339729894,1
864691136298111003,864691135570502278,1
864691136298111003,864691135583352941,1
864691136298111003,864691135732578745,1
864691136298111003,864691135975824495,1
864691136298111003,864691136091074615,1
864691136298111003,864691136420195223,1
864691135478316200,864691134948788476,1
864691135478316200,864691135101595680,1
864691135478316200,864691135134052512,1
864691135478316200,864691135209369465,1
864691135478316200,864691135335635177,1
864691135478316200,864691135384285931,1
864691135478316200,864691135388368001,1
864691135478316200,864691135465100189,1
864691135478316200,864691135583223405,1
864691135478316200,864691135640297787,1
864691135478316200,864691135717457946,1
864691135478316200,864691135719900721,1
864691135478316200,864691135741458324,1
864691135478316200,864691135990004992,1
864691135478316200,864691136058745048,1
864691135478316200,864691136373008520,1
864691135478316200,864691136438717086,1
864691135478316200,864691136453419007,1
864691135478316200,864691136596901026,1
864691135478316200,864691136664127454,1
864691135478316200,864691136991390869,1
864691135440543560,864691136275031565,1
864691135440543560,864691136663528670,1
864691135570502278,864691135280481697,1
864691135570502278,864691135802453858,1
864691135725748139,864691135214986368,1
864691135725748139,864691135325413788,1
864691135725748139,864691135448698196,1
864691135725748139,864691135465343045,1
864691135725748139,864691135503182685,1
864691135725748139,864691135546339880,1
864691135725748139,864691135646775791,1
864691135725748139,864691135662059248,1
864691135725748139,864691135719900721,1
864691135725748139,864691135738047620,1
864691135725748139,864691135750958889,1
864691135725748139,864691135774294603,1
864691135725748139,864691135782702387,1
864691135725748139,864691135810773452,1
864691135725748139,864691135866576604,1
864691135725748139,864691135868210454,1
864691135725748139,864691135939477508,1
864691135725748139,864691136012739747,1
864691135725748139,864691136085781356,1
864691135725748139,864691136619096795,1
864691135725748139,864691136665051614,1
864691135725748139,864691136674495623,1
864691135725748139,864691136813937267,1
864691135725748139,864691136975144988,1
864691135479404742,864691135617152361,1
864691135479404742,864691135618505065,1
864691135479404742,864691135662408944,1
864691135479404742,864691135688186080,1
864691135479404742,864691135750307881,1
864691135479404742,864691135779049056,1
864691135479404742,864691135809509917,1
864691135479404742,864691135875460494,1
864691135479404742,864691135977666883,1
864691135479404742,864691136022520056,1
864691135479404742,864691136134678667,1
864691135479404742,864691136137794941,1
864691135479404742,864691136228250961,1
864691135479404742,864691136664680926,1
864691135479404742,864691136991202453,1
864691135469845388,864691134949263100,1
864691135469845388,864691134965778719,1
864691135469845388,864691135102381856,1
864691135469845388,864691135271463077,1
864691135469845388,864691135340055782,1
864691135469845388,864691135396940021,1
864691135469845388,864691135465100189,1
864691135469845388,864691135547082280,1
864691135469845388,864691135572346349,1
864691135469845388,864691135656674242,1
864691135469845388,864691135732578745,1
864691135469845388,864691135782506832,1
864691135469845388,864691135857993774,1
864691135469845388,864691136033227451,1
864691135469845388,864691136136383883,1
864691135469845388,864691136378815445,1
864691135469845388,864691136452602367,1
864691135469845388,864691136674492295,1
864691135469845388,864691136905758130,1
864691135469845388,864691136913993713,1
864691135469845388,864691136991202453,1
864691136953197279,864691134989865338,1
864691136953197279,864691135102381856,1
864691136953197279,864691135346571423,1
864691136953197279,864691135619463567,1
864691136953197279,864691135886208112,1
864691136953197279,864691136117770660,1
864691136953197279,864691136119885080,1
864691136953197279,864691136311059034,1
864691136953197279,864691136579408916,1
864691135405733870,864691134966710559,1
864691135405733870,864691135209194617,1
864691135405733870,864691135210134905,1
864691135405733870,864691135339088102,1
864691135405733870,864691135351096279,1
864691135405733870,864691135360346200,1
864691135405733870,864691135374981320,1
864691135405733870,864691135409859785,1
864691135405733870,864691135430346544,1
864691135405733870,864691135431654960,1
864691135405733870,864691135478316200,1
864691135405733870,864691135504327861,1
864691135405733870,864691135546902056,1
864691135405733870,864691135562842337,1
864691135405733870,864691135591041291,1
864691135405733870,864691135685087474,1
864691135405733870,864691135688186080,1
864691135405733870,864691135725748139,1
864691135405733870,864691135739689073,1
864691135405733870,864691135741998484,1
864691135405733870,864691135757083346,1
864691135405733870,864691135760106830,1
864691135405733870,864691135782241616,1
864691135405733870,864691135782702387,1
864691135405733870,864691135810492189,1
864691135405733870,864691135850033758,1
864691135405733870,864691135866576604,1
864691135405733870,864691135970226021,1
864691135405733870,864691135977654851,1
864691135405733870,864691136011686318,1
864691135405733870,864691136026198585,1
864691135405733870,864691136111251896,1
864691135405733870,864691136311059034,1
864691135405733870,864691136421279639,1
864691135405733870,864691136445215875,1
864691135405733870,864691136453384959,1
864691135405733870,864691136524172689,1
864691135405733870,864691136674495623,1
864691135405733870,864691136675427975,1
864691135405733870,864691137055405174,1
864691135405733870,864691137199828801,1
864691136144674612,864691134966114591,1
864691136144674612,864691134991010426,1
864691136144674612,864691135134052512,1
864691136144674612,864691135136360217,1
864691136144674612,864691135258642863,1
864691136144674612,864691135325263004,1
864691136144674612,864691135325487004,1
864691136144674612,864691135375888840,1
864691136144674612,864691135470787666,1
864691136144674612,864691135480892614,1
864691136144674612,864691135493686111,1
864691136144674612,864691135502885954,1
864691136144674612,864691135503182685,1
864691136144674612,864691135546339880,1
864691136144674612,864691135546902056,1
864691136144674612,864691135577749022,1
864691136144674612,864691135656578242,1
864691136144674612,864691135739587697,1
864691136144674612,864691135741780116,1
864691136144674612,864691135741910164,1
864691136144674612,864691135750307881,1
864691136144674612,864691135774053371,1
864691136144674612,864691135782241616,1
864691136144674612,864691135801463650,1
864691136144674612,864691135809509917,1
864691136144674612,864691135850033758,1
864691136144674612,864691135937286404,1
864691136144674612,864691135977666883,1
864691136144674612,864691136010651052,1
864691136144674612,864691136026254649,1
864691136144674612,864691136111251896,1
864691136144674612,864691136210344892,1
864691136144674612,864691136211385020,1
864691136144674612,864691136228491601,1
864691136144674612,864691136330101226,1
864691136144674612,864691136373008520,1
864691136144674612,864691136619882637,1
864691136144674612,864691136812081779,1
864691136144674612,864691136813937267,1
864691136144674612,864691136953873631,1
864691136144674612,864691136991202453,1
864691136664680926,864691135362104647,1
864691136664680926,864691135868919318,1
864691136110256824,864691135360096071,1
864691136110256824,864691135585266808,1
864691135157994084,864691135339088102,1
864691135157994084,864691135503836253,1
864691135157994084,864691135546902056,1
864691135157994084,864691135567047191,1
864691135157994084,864691135576881950,1
864691135157994084,864691135656578242,1
864691135157994084,864691135719900721,1
864691135157994084,864691135810982860,1
864691135157994084,864691135816565839,1
864691135157994084,864691135875460494,1
864691135157994084,864691135928366606,1
864691135157994084,864691136006519498,1
864691135157994084,864691136664680926,1
864691136521831825,864691134886828794,1
864691136521831825,864691134942169955,1
864691136521831825,864691134950156796,1
864691136521831825,864691135059143323,1
864691136521831825,864691135164887853,1
864691136521831825,864691135448303762,1
864691136521831825,864691135455400554,1
864691136521831825,864691135489836346,1
864691136521831825,864691135496339088,1
864691136521831825,864691135498992403,1
864691136521831825,864691135562975969,1
864691136521831825,864691135577651230,1
864691136521831825,864691135591041291,1
864691136521831825,864691135720638769,1
864691136521831825,864691135755197133,1
864691136521831825,864691135848030814,1
864691136521831825,864691135850033758,1
864691136521831825,864691135853088967,1
864691136521831825,864691135855890478,1
864691136521831825,864691135939008565,1
864691136521831825,864691135947258916,1
864691136521831825,864691135952122147,1
864691136521831825,864691136120663064,1
864691136521831825,864691136195400150,1
864691136521831825,864691136275919117,1
864691136521831825,864691136314491965,1
864691136521831825,864691136451224831,1
864691136521831825,864691136523033233,1
864691136521831825,864691136596107938,1
864691136521831825,864691136665051614,1
864691135546902056,864691135257669039,1
864691135546902056,864691135358995288,1
864691135546902056,864691135387690069,1
864691135546902056,864691135503182685,1
864691135546902056,864691135685087474,1
864691135546902056,864691135698211994,1
864691135546902056,864691135738969220,1
864691135546902056,864691135763941174,1
864691135546902056,864691135782241616,1
864691135546902056,864691135868210454,1
864691135546902056,864691135938816260,1
864691135546902056,864691135977666883,1
864691135546902056,864691136022520056,1
864691135546902056,864691136042982742,1
864691135546902056,864691136419797655,1
864691135546902056,864691136812081779,1
864691135546902056,864691136967703758,1
864691136438717086,864691134887460346,1
864691136438717086,864691135155894884,1
864691136438717086,864691135386963541,1
864691136438717086,864691135492568551,1
864691136438717086,864691135619756943,1
864691136438717086,864691135685087474,1
864691136438717086,864691135774294603,1
864691136438717086,864691135774389755,1
864691136438717086,864691135990004992,1
864691136438717086,864691136137293195,1
864691136438717086,864691136288644291,1
864691136438717086,864691136380757461,1
864691136438717086,864691136675875719,1
864691135308553030,864691135779020221,1
864691135308553030,864691136274546622,1
864691136596901026,864691134966324767,1
864691136596901026,864691135164887853,1
864691136596901026,864691135448303762,1
864691136596901026,864691135466236229,1
864691136596901026,864691135480916422,1
864691136596901026,864691135493149927,1
864691136596901026,864691135493686111,1
864691136596901026,864691135503163202,1
864691136596901026,864691135562798817,1
864691136596901026,864691135685087474,1
864691136596901026,864691135732210873,1
864691136596901026,864691135738969220,1
864691136596901026,864691135739008132,1
864691136596901026,864691135739689073,1
864691136596901026,864691135742102635,1
864691136596901026,864691135774179147,1
864691136596901026,864691135774294603,1
864691136596901026,864691135782241616,1
864691136596901026,864691135857993774,1
864691136596901026,864691135939008565,1
864691136596901026,864691135977045871,1
864691136596901026,864691136111251896,1
864691136596901026,864691136120658712,1
864691136596901026,864691136239980604,1
864691136596901026,864691136424439855,1
864691136596901026,864691136742067804,1
864691136596901026,864691136813937267,1
864691136596901026,864691136991202453,1
864691136596901026,864691137055367798,1
864691136336039091,864691134886569210,1
864691136336039091,864691134966114591,1
864691136336039091,864691134991010426,1
864691136336039091,864691135015154934,1
864691136336039091,864691135209432185,1
864691136336039091,864691135258642863,1
864691136336039091,864691135342848433,1
864691136336039091,864691135362104647,1
864691136336039091,864691135465955397,1
864691136336039091,864691135504327861,1
864691136336039091,864691135728030015,1
864691136336039091,864691135760635214,1
864691136336039091,864691135810492189,1
864691136336039091,864691135839932307,1
864691136336039091,864691135868060950,1
864691136336039091,864691135877825107,1
864691136336039091,864691135953985800,1
864691136336039091,864691135994226881,1
864691136336039091,864691136091634487,1
864691136336039091,864691136101340021,1
864691136336039091,864691136137237899,1
864691136336039091,864691136238090767,1
864691136336039091,864691136725093373,1
864691136336039091,864691136991202453,1
864691135927647956,864691135359010904,1
864691135155894884,864691135060727707,1
864691135155894884,864691135214986368,1
864691135155894884,864691135362104647,1
864691135155894884,864691135586724220,1
864691135155894884,864691135591041291,1
864691135155894884,864691135594721579,1
864691135155894884,864691135619756943,1
864691135155894884,864691135688186080,1
864691135155894884,864691135739008132,1
864691135155894884,864691135750307881,1
864691135155894884,864691135774368763,1
864691135155894884,864691135774389755,1
864691135155894884,864691135868919318,1
864691135155894884,864691135938816260,1
864691135155894884,864691135955962888,1
864691135155894884,864691135977666883,1
864691135155894884,864691136034011579,1
864691135155894884,864691136042982742,1
864691135155894884,864691136389688695,1
864691135155894884,864691136419797655,1
864691135155894884,864691136967703758,1
864691135480718022,864691135115049881,1
864691135280682401,864691134966324767,1
864691135280682401,864691134966710559,1
864691135280682401,864691135102433056,1
864691135280682401,864691135295165196,1
864691135280682401,864691135324623260,1
864691135280682401,864691135325487004,1
864691135280682401,864691135357351375,1
864691135280682401,864691135374981320,1
864691135280682401,864691135409859785,1
864691135280682401,864691135448215698,1
864691135280682401,864691135465100189,1
864691135280682401,864691135480916422,1
864691135280682401,864691135593133067,1
864691135280682401,864691135686283703,1
864691135280682401,864691135688186080,1
864691135280682401,864691135719900721,1
864691135280682401,864691135757040082,1
864691135280682401,864691135773073147,1
864691135280682401,864691135809509917,1
864691135280682401,864691135955909640,1
864691135280682401,864691136010639022,1
864691135280682401,864691136058745048,1
864691135280682401,864691136086088556,1
864691135280682401,864691136177799686,1
864691135280682401,864691137021264750,1
864691136380718037,864691135060882843,1
864691136380718037,864691136085781356,1
864691136380718037,864691136120159768,1
864691136380718037,864691136903681458,1
864691136380718037,864691136991202453,1
864691136026254649,864691134919869706,1
864691136026254649,864691135470787666,1
864691136026254649,864691135576881950,1
864691136026254649,864691135586240120,1
864691136026254649,864691135717275162,1
864691136026254649,864691135738047620,1
864691136026254649,864691135810473245,1
864691136026254649,864691135817419343,1
864691136026254649,864691136085781356,1
864691136026254649,864691136177629702,1
864691136026254649,864691136313406781,1
864691136026254649,864691136390788215,1
864691136026254649,864691136438585502,1
864691136026254649,864691136445557123,1
864691136026254649,864691136619096795,1
864691136026254649,864691136968542926,1
864691136026254649,864691136991202453,1
864691137055405174,864691135271081125,1
864691137055405174,864691135271463077,1
864691137055405174,864691135325487004,1
864691137055405174,864691135339729894,1
864691137055405174,864691135342523057,1
864691137055405174,864691135468161164,1
864691137055405174,864691135495698832,1
864691137055405174,864691135562842337,1
864691137055405174,864691135610877191,1
864691137055405174,864691135725748139,1
864691137055405174,864691135741090196,1
864691137055405174,864691135778572973,1
864691137055405174,864691135849088094,1
864691137055405174,864691135868210454,1
864691137055405174,864691135868466710,1
864691137055405174,864691135875460494,1
864691137055405174,864691136058745048,1
864691137055405174,864691136196338764,1
864691137055405174,864691136211385020,1
864691137055405174,864691136275919117,1
864691137055405174,864691136674492295,1
864691137055405174,864691136814627955,1
864691137055405174,864691136953413599,1
864691136438666398,864691134942472035,1
864691136438666398,864691135015605910,1
864691136438666398,864691135210134905,1
864691136438666398,864691135342958789,1
864691136438666398,864691135357351375,1
864691136438666398,864691135476528704,1
864691136438666398,864691135503182685,1
864691136438666398,864691135518173395,1
864691136438666398,864691135577651230,1
864691136438666398,864691135591041291,1
864691136438666398,864691135741910164,1
864691136438666398,864691135810473245,1
864691136438666398,864691135939477508,1
864691136438666398,864691136137293195,1
864691136438666398,864691136314473021,1
864691136438666398,864691136421279639,1
864691135493620831,864691135504081986,1
864691135493620831,864691136010639022,1
864691135493620831,864691136101516661,1
864691135493620831,864691136195798504,1
864691135493620831,864691136239980604,1
864691135493620831,864691136275894285,1
864691135493620831,864691136419797655,1
864691135493620831,864691136437631902,1
864691136905458866,864691135573276197,1
864691136905458866,864691135619317391,1
864691136905458866,864691135977666883,1
864691136905458866,864691136336107187,1
864691136420279191,864691135577644574,1
864691136420279191,864691135868916246,1
864691135866576604,864691135119709149,1
864691135866576604,864691135214931072,1
864691135866576604,864691135375351369,1
864691135866576604,864691135465343045,1
864691135866576604,864691135503182685,1
864691135866576604,864691135750958889,1
864691135866576604,864691135885911920,1
864691135866576604,864691135977666883,1
864691135866576604,864691136006519498,1
864691135866576604,864691136022520056,1
864691135866576604,864691136033332155,1
864691135866576604,864691136043283030,1
864691135866576604,864691136089194039,1
864691135866576604,864691136137794941,1
864691135866576604,864691136195798504,1
864691135866576604,864691136196202472,1
864691135866576604,864691136288644291,1
864691135866576604,864691136392785279,1
864691135866576604,864691136578820884,1
864691135866576604,864691136675427975,1
864691135866576604,864691136905560754,1
864691135866576604,864691137021264750,1
864691135866576604,864691137056393846,1
864691135866576604,864691137199828801,1
864691135763795510,864691134966069023,1
864691135763795510,864691135066958404,1
864691135763795510,864691135342585541,1
864691135763795510,864691135430486576,1
864691135763795510,864691135493686111,1
864691135763795510,864691135502885954,1
864691135763795510,864691135857099310,1
864691135763795510,864691135885911920,1
864691135763795510,864691136022214648,1
864691135763795510,864691136107283417,1
864691135763795510,864691136136383883,1
864691135763795510,864691136196338764,1
864691135763795510,864691136373008520,1
864691135763795510,864691136578982164,1
864691135763795510,864691136914414321,1
864691135763795510,864691136991359893,1
864691136953413599,864691135134114976,1
864691136953413599,864691135195825450,1
864691136953413599,864691135346571423,1
864691136953413599,864691135357351375,1
864691136953413599,864691135386963541,1
864691136953413599,864691135518989962,1
864691136953413599,864691135698016410,1
864691136953413599,864691135731889337,1
864691136953413599,864691135765013302,1
864691136953413599,864691135778419901,1
864691136953413599,864691135938629892,1
864691136953413599,864691136195798504,1
864691136953413599,864691136288644291,1
864691136953413599,864691136674744199,1
864691135646481135,864691135214986368,1
864691135646481135,864691135274816017,1
864691135646481135,864691135342958789,1
864691135646481135,864691135717457946,1
864691135646481135,864691135763795510,1
864691135539491442,864691135417045946,1
864691135539491442,864691135455819114,1
864691135539491442,864691135698016410,1
864691135539491442,864691136579408916,1
864691135539491442,864691137198382657,1
864691136239902780,864691134966324767,1
864691136239902780,864691135325487004,1
864691136239902780,864691135340055782,1
864691136239902780,864691135384843738,1
864691136239902780,864691135386963541,1
864691136239902780,864691135398805281,1
864691136239902780,864691135492568551,1
864691136239902780,864691135566168599,1
864691136239902780,864691135582973549,1
864691136239902780,864691135743102827,1
864691136239902780,864691135778572973,1
864691136239902780,864691135782506832,1
864691136239902780,864691135877951571,1
864691136239902780,864691136125433894,1
864691136239902780,864691136438717086,1
864691136239902780,864691136579408916,1
864691136239902780,864691136674495623,1
864691135396115189,864691135750307881,1
864691135990004992,864691135134052512,1
864691135990004992,864691135271081125,1
864691135990004992,864691135280682401,1
864691135990004992,864691135398817569,1
864691135990004992,864691135405733870,1
864691135990004992,864691135465100189,1
864691135990004992,864691135478316200,1
864691135990004992,864691135583277677,1
864691135990004992,864691135686283703,1
864691135990004992,864691135732210873,1
864691135990004992,864691135774294603,1
864691135990004992,864691135782241616,1
864691135990004992,864691135802453858,1
864691135990004992,864691135855890478,1
864691135990004992,864691135938555908,1
864691135990004992,864691135939049988,1
864691135990004992,864691136013367715,1
864691135990004992,864691136034084795,1
864691135990004992,864691136043283030,1
864691135990004992,864691136118370724,1
864691135990004992,864691136137293195,1
864691135990004992,864691136391042167,1
864691135990004992,864691136437631902,1
864691135990004992,864691136618795227,1
864691136299034139,864691134919869706,1
864691136299034139,864691135101595680,1
864691136299034139,864691135124603687,1
864691136299034139,864691135272069285,1
864691136299034139,864691135351096279,1
864691136299034139,864691135572346349,1
864691136299034139,864691135741910164,1
864691136299034139,864691136288644291,1
864691136299034139,864691136314473021,1
864691136101340021,864691134887026938,1
864691136101340021,864691134966114591,1
864691136101340021,864691135136360217,1
864691136101340021,864691135155894884,1
864691136101340021,864691135396940021,1
864691136101340021,864691135398805281,1
864691136101340021,864691135431089968,1
864691136101340021,864691135576881950,1
864691136101340021,864691135577749022,1
864691136101340021,864691135591041291,1
864691136101340021,864691135656579010,1
864691136101340021,864691135778419901,1
864691136101340021,864691135938816260,1
864691136101340021,864691135977666883,1
864691136101340021,864691136330101226,1
864691135686494647,864691135501703746,1
864691135686494647,864691135782544435,1
864691135686494647,864691136089194039,1
864691135686494647,864691136210344892,1
864691135686494647,864691136812081779,1
864691135741619051,864691135743102827,1
864691135741619051,864691135777400237,1
864691136120159768,864691134949263100,1
864691136120159768,864691135360809560,1
864691136120159768,864691135562004193,1
864691136120159768,864691135583277677,1
864691136120159768,864691135955909640,1
864691136120159768,864691135977045871,1
864691136120159768,864691135977309763,1
864691136120159768,864691135977666883,1
864691136120159768,864691136288644291,1
864691136120159768,864691136445557123,1
864691136120159768,864691137199050049,1
864691136288644291,864691135209280633,1
864691136288644291,864691135546339880,1
864691136288644291,864691135583223405,1
864691136288644291,864691135591726603,1
864691136288644291,864691135640297787,1
864691136288644291,864691135656579010,1
864691136288644291,864691135656674242,1
864691136288644291,864691136274655166,1
864691136288644291,864691136336107187,1
864691135955060232,864691136023980601,1
864691136239980604,864691135060727707,1
864691136239980604,864691135102151968,1
864691136239980604,864691135102274592,1
864691136239980604,864691135102381856,1
864691136239980604,864691135124603687,1
864691136239980604,864691135210134905,1
864691136239980604,864691135258642863,1
864691136239980604,864691135325263004,1
864691136239980604,864691135375351369,1
864691136239980604,864691135477670312,1
864691136239980604,864691135584008045,1
864691136239980604,864691135595040043,1
864691136239980604,864691135731679929,1
864691136239980604,864691135732210873,1
864691136239980604,864691135732578745,1
864691136239980604,864691135774294603,1
864691136239980604,864691135779049056,1
864691136239980604,864691135810473245,1
864691136239980604,864691135810905036,1
864691136239980604,864691135938816260,1
864691136239980604,864691135988557315,1
864691136239980604,864691136011768494,1
864691136239980604,864691136034084795,1
864691136239980604,864691136085781356,1
864691136239980604,864691136101340021,1
864691136239980604,864691136119885080,1
864691136239980604,864691136196517452,1
864691136239980604,864691136390788215,1
864691136239980604,864691136484732972,1
864691136239980604,864691136489147922,1
864691136239980604,864691136579408916,1
864691136239980604,864691136596901026,1
864691136239980604,864691136905758130,1
864691136239980604,864691136925029092,1
864691136239980604,864691136953413599,1
864691136239980604,864691136954050527,1
864691136239980604,864691136975144988,1
864691136239980604,864691136976001308,1
864691135817419343,864691135480892614,1
864691135817419343,864691135656579010,1
864691135817419343,864691135725748139,1
864691135817419343,864691136022520056,1
864691136011768494,864691135015652246,1
864691136011768494,864691135124603687,1
864691136011768494,864691135351096279,1
864691136011768494,864691135360482392,1
864691136011768494,864691135476495936,1
864691136011768494,864691135567059223,1
864691136011768494,864691135572346349,1
864691136011768494,864691135656674242,1
864691136011768494,864691135774294603,1
864691136011768494,864691135779049056,1
864691136011768494,864691135782241616,1
864691136011768494,864691135993150913,1
864691136011768494,864691136021865976,1
864691136011768494,864691136033227451,1
864691136011768494,864691136101340021,1
864691136011768494,864691136144674612,1
864691136011768494,864691136674495623,1
864691135430275120,864691135466158917,1
864691135430275120,864691135480892614,1
864691135430275120,864691135567059223,1
864691135430275120,864691135858273326,1
864691135430275120,864691136125457446,1
864691135430275120,864691136144674612,1
864691135124603687,864691135067066948,1
864691135124603687,864691135274816017,1
864691135124603687,864691135294520844,1
864691135124603687,864691135339600102,1
864691135124603687,864691135396940021,1
864691135124603687,864691135441799752,1
864691135124603687,864691135518173395,1
864691135124603687,864691135593133067,1
864691135124603687,864691135619463567,1
864691135124603687,864691135727790911,1
864691135124603687,864691135757040082,1
864691135124603687,864691135774294603,1
864691135124603687,864691135808684573,1
864691135124603687,864691135858273326,1
864691135124603687,864691136034084795,1
864691135124603687,864691136137794941,1
864691135124603687,864691136381301461,1
864691136288598467,864691135258642863,1
864691136288598467,864691135480892614,1
864691136288598467,864691135584504429,1
864691136288598467,864691135585266808,1
864691136288598467,864691135774177531,1
864691136288598467,864691135810492189,1
864691136288598467,864691135868919318,1
864691136288598467,864691135947258916,1
864691136288598467,864691136195798504,1
864691136288598467,864691136453384959,1
864691136742244188,864691135102151968,1
864691136742244188,864691135280682401,1
864691136742244188,864691135384843738,1
864691136742244188,864691135466236229,1
864691136742244188,864691135480892614,1
864691136742244188,864691135611019015,1
864691136742244188,864691135719900721,1
864691136742244188,864691135774294603,1
864691136742244188,864691135843242211,1
864691136742244188,864691135857099310,1
864691136742244188,864691135866576604,1
864691136742244188,864691135941300993,1
864691136742244188,864691136026254649,1
864691136742244188,864691136034084795,1
864691136742244188,864691136085781356,1
864691136742244188,864691136619096795,1
864691136742244188,864691136674495623,1
864691136742244188,864691136905758130,1
864691136742244188,864691136991202453,1
864691135357351375,864691135280682401,1
864691135357351375,864691135396940021,1
864691135357351375,864691135455507818,1
864691135357351375,864691135493686111,1
864691135357351375,864691135717163802,1
864691135357351375,864691135743102827,1
864691135357351375,864691135751110185,1
864691135357351375,864691135774294603,1
864691135357351375,864691136084313196,1
864691135357351375,864691136195834070,1
864691135357351375,864691136364308962,1
864691135357351375,864691136438469534,1
864691135357351375,864691136452609023,1
864691135258509487,864691135210134905,1
864691135258509487,864691135447540882,1
864691135258509487,864691135566168599,1
864691135258509487,864691135725748139,1
864691135258509487,864691135774368763,1
864691135258509487,864691135816693327,1
864691135258509487,864691136033227451,1
864691135258509487,864691136033332155,1
864691135258509487,864691136118370724,1
864691135258509487,864691136392785279,1
864691135258509487,864691136421279639,1
864691135258509487,864691136453419007,1
864691135258509487,864691136914414321,1
864691136523288465,864691135102151968,1
864691136523288465,864691135346571423,1
864691136523288465,864691135360809560,1
864691136523288465,864691135503836253,1
864691136523288465,864691135778132576,1
864691136523288465,864691135849088094,1
864691136523288465,864691135994235841,1
864691136523288465,864691136137794941,1
864691136523288465,864691136378815445,1
864691136523288465,864691136664680926,1
864691136134678667,864691135362104647,1
864691135184104194,864691135164772653,1
864691135184104194,864691135362104647,1
864691135184104194,864691135656579010,1
864691135184104194,864691135731889337,1
864691135184104194,864691135773073147,1
864691135184104194,864691136041575422,1
864691135184104194,864691136136383883,1
864691135184104194,864691136380757461,1
864691135184104194,864691136438585502,1
864691135184104194,864691136674492295,1
864691136903144370,864691135662408944,1
864691136903144370,864691135763795510,1
864691136903144370,864691135764015926,1
864691136903144370,864691135810982860,1
864691136903144370,864691136275031565,1
864691135351096279,864691134966069023,1
864691135351096279,864691135014966262,1
864691135351096279,864691135101595680,1
864691135351096279,864691135388368001,1
864691135351096279,864691135586724220,1
864691135351096279,864691135611140359,1
864691135351096279,864691135656579010,1
864691135351096279,864691135717457946,1
864691135351096279,864691135741998484,1
864691135351096279,864691135750307881,1
864691135351096279,864691136011768494,1
864691135351096279,864691136311059034,1
864691135351096279,864691136424439855,1
864691135351096279,864691136452602367,1
864691135351096279,864691136523288465,1
864691135351096279,864691136927761226,1
864691135351096279,864691136991202453,1
864691135351096279,864691137199828801,1
864691134949263100,864691134966714655,1
864691134949263100,864691135134052512,1
864691134949263100,864691135258642863,1
864691134949263100,864691135272069285,1
864691134949263100,864691135274816017,1
864691134949263100,864691135466236229,1
864691134949263100,864691135476528704,1
864691134949263100,864691135503182685,1
864691134949263100,864691135773209163,1
864691134949263100,864691135954393891,1
864691134949263100,864691136228250961,1
864691134949263100,864691136619096795,1
864691134949263100,864691136905560754,1
864691134949263100,864691136991202453,1
864691134949263100,864691137021264750,1
864691135562004193,864691134949263100,1
864691135562004193,864691134966324767,1
864691135562004193,864691135294520844,1
864691135562004193,864691135336055529,1
864691135562004193,864691135480892614,1
864691135562004193,864691135504168285,1
864691135562004193,864691135576881950,1
864691135562004193,864691135611140359,1
864691135562004193,864691135694415551,1
864691135562004193,864691135778638013,1
864691135562004193,864691135810905036,1
864691135562004193,864691135868210454,1
864691135562004193,864691136010639022,1
864691135562004193,864691136091634487,1
864691135562004193,864691136125433894,1
864691135562004193,864691136228250961,1
864691135562004193,864691136313406781,1
864691135562004193,864691136364308962,1
864691135562004193,864691136424439855,1
864691135562004193,864691136742067804,1
864691135562004193,864691136814442867,1
864691135387988609,864691134991010426,1
864691135387988609,864691135398805281,1
864691135387988609,864691135405626862,1
864691135387988609,864691135518283475,1
864691135387988609,864691135688186080,1
864691135387988609,864691135739587697,1
864691135387988609,864691135760106830,1
864691135387988609,864691135774179147,1
864691135387988609,864691135782241616,1
864691135387988609,864691135976063855,1
864691135387988609,864691136022520056,1
864691135387988609,864691136034011579,1
864691135387988609,864691136177629702,1
864691135387988609,864691136238090767,1
864691135387988609,864691136618795227,1
864691135387988609,864691136914414321,1
864691135583352941,864691135113733529,1
864691135583352941,864691135988742147,1
864691135583352941,864691136363473634,1
864691135583352941,864691136953413599,1
864691135993150913,864691134991010426,1
864691135993150913,864691135258642863,1
864691135993150913,864691135464795710,1
864691135993150913,864691135464928318,1
864691135993150913,864691135732210873,1
864691135993150913,864691135774368763,1
864691135993150913,864691135774389755,1
864691135993150913,864691135928366606,1
864691135993150913,864691136117770660,1
864691135993150913,864691136120658712,1
864691135993150913,864691136228250961,1
864691135993150913,864691136389921911,1
864691135993150913,864691136742244188,1
864691135993150913,864691136814442867,1
864691135993150913,864691136905560754,1
864691135993150913,864691136991202453,1
864691135942924148,864691135113733529,1
864691135942924148,864691135210134905,1
864691135942924148,864691135360809560,1
864691135942924148,864691135448215698,1
864691135942924148,864691135478268840,1
864691135942924148,864691135570791558,1
864691135942924148,864691135717457946,1
864691135942924148,864691135810466333,1
864691135942924148,864691135810905036,1
864691135942924148,864691135954393891,1
864691135942924148,864691136299034139,1
864691135942924148,864691136438717086,1
864691135942924148,864691136524297617,1
864691135942924148,864691136991606421,1
864691135464143934,864691135059143323,1
864691135464143934,864691135117980637,1
864691135464143934,864691136023980601,1
864691135464143934,864691136420195223,1
864691135778288573,864691134919529994,1
864691135778288573,864691135164887853,1
864691135778288573,864691135304641703,1
864691135778288573,864691135325263004,1
864691135778288573,864691135375351369,1
864691135778288573,864691135375484489,1
864691135778288573,864691135477469864,1
864691135778288573,864691135490326074,1
864691135778288573,864691135700814114,1
864691135778288573,864691135802453858,1
864691135778288573,864691135886208112,1
864691135778288573,864691136033227451,1
864691135778288573,864691136041575422,1
864691135778288573,864691136117695908,1
864691135778288573,864691136134678667,1
864691135778288573,864691136298125851,1
864691135778288573,864691136314491965,1
864691135778288573,864691136438469534,1
864691135778288573,864691136604001745,1
864691135778288573,864691136914414321,1
864691135741963627,864691134949081852,1
864691135741963627,864691134966324767,1
864691135741963627,864691135102433056,1
864691135741963627,864691135258509487,1
864691135741963627,864691135360096071,1
864691135741963627,864691135396940021,1
864691135741963627,864691135405733870,1
864691135741963627,864691135466158917,1
864691135741963627,864691135478400936,1
864691135741963627,864691135493149927,1
864691135741963627,864691135504168285,1
864691135741963627,864691135546339880,1
864691135741963627,864691135566168599,1
864691135741963627,864691135570301676,1
864691135741963627,864691135689417440,1
864691135741963627,864691135695146943,1
864691135741963627,864691135717457946,1
864691135741963627,864691135738047620,1
864691135741963627,864691135751110185,1
864691135741963627,864691135774294603,1
864691135741963627,864691135810492189,1
864691135741963627,864691136058745048,1
864691135741963627,864691136125457446,1
864691135741963627,864691136177799686,1
864691135741963627,864691136211371452,1
864691135741963627,864691136238090767,1
864691135741963627,864691136488999186,1
864691135741963627,864691136991202453,1
864691136523033233,864691134919529994,1
864691136390788215,864691135258642863,1
864691136390788215,864691135503182685,1
864691136390788215,864691135504327861,1
864691136390788215,864691135576881950,1
864691136390788215,864691135577651230,1
864691136390788215,864691135782506832,1
864691136390788215,864691136021865976,1
864691136390788215,864691136298045979,1
864691136390788215,864691136381243349,1
864691136390788215,864691136991202453,1
864691135976063855,864691135102433056,1
864691135976063855,864691135136360217,1
864691135976063855,864691135214931072,1
864691135976063855,864691135257669039,1
864691135976063855,864691135258642863,1
864691135976063855,864691135405733870,1
864691135976063855,864691135448698196,1
864691135976063855,864691135465100189,1
864691135976063855,864691135465955397,1
864691135976063855,864691135466236229,1
864691135976063855,864691135477469352,1
864691135976063855,864691135492568551,1
864691135976063855,864691135499707667,1
864691135976063855,864691135504081986,1
864691135976063855,864691135546339880,1
864691135976063855,864691135583223405,1
864691135976063855,864691135583277677,1
864691135976063855,864691135584629613,1
864691135976063855,864691135611019015,1
864691135976063855,864691135611140359,1
864691135976063855,864691135686283703,1
864691135976063855,864691135688186080,1
864691135976063855,864691135694415551,1
864691135976063855,864691135732210873,1
864691135976063855,864691135750958889,1
864691135976063855,864691135782241616,1
864691135976063855,864691135808684573,1
864691135976063855,864691135808925981,1
864691135976063855,864691135810982860,1
864691135976063855,864691135858298670,1
864691135976063855,864691135868210454,1
864691135976063855,864691135941300993,1
864691135976063855,864691135954393891,1
864691135976063855,864691135955909640,1
864691135976063855,864691135977045871,1
864691135976063855,864691136011684526,1
864691135976063855,864691136022520056,1
864691135976063855,864691136041575422,1
864691135976063855,864691136058745048,1
864691135976063855,864691136125457446,1
864691135976063855,864691136137237899,1
864691135976063855,864691136196517452,1
864691135976063855,864691136239902780,1
864691135976063855,864691136313406781,1
864691135976063855,864691136314491965,1
864691135976063855,864691136330407914,1
864691135976063855,864691136373008520,1
864691135976063855,864691136380757461,1
864691135976063855,864691136381301461,1
864691135976063855,864691136420303511,1
864691135976063855,864691136438717086,1
864691135976063855,864691136453384959,1
864691135976063855,864691136453419007,1
864691135976063855,864691136484732972,1
864691135976063855,864691136618795227,1
864691135976063855,864691136674744199,1
864691135976063855,864691136814627955,1
864691135976063855,864691136905758130,1
864691135976063855,864691136927761226,1
864691135976063855,864691136968542926,1
864691135976063855,864691136976001308,1
864691135976063855,864691136991202453,1
864691135976063855,864691137199038273,1
864691135346571423,864691135113733529,1
864691135346571423,864691135115049881,1
864691135346571423,864691135360482392,1
864691135346571423,864691135384843738,1
864691135346571423,864691135464143934,1
864691135346571423,864691135476495936,1
864691135346571423,864691135698016410,1
864691135346571423,864691135741090196,1
864691135346571423,864691135778572973,1
864691135346571423,864691135860969064,1
864691135346571423,864691135885911920,1
864691135346571423,864691136119885080,1
864691135346571423,864691136239980604,1
864691135346571423,864691136311059034,1
864691135346571423,864691136391623039,1
864691135346571423,864691136453384959,1
864691135346571423,864691136725343485,1
864691135346571423,864691136814508659,1
864691135346571423,864691136953413599,1
864691135346571423,864691136967703758,1
864691135499707667,864691134919869706,1
864691135499707667,864691134949263100,1
864691135499707667,864691135157994084,1
864691135499707667,864691135335635177,1
864691135499707667,864691135375351369,1
864691135499707667,864691135375590217,1
864691135499707667,864691135417045946,1
864691135499707667,864691135448698196,1
864691135499707667,864691135465113157,1
864691135499707667,864691135469845388,1
864691135499707667,864691135504203357,1
864691135499707667,864691135619756943,1
864691135499707667,864691135662408944,1
864691135499707667,864691135760106830,1
864691135499707667,864691135774294603,1
864691135499707667,864691135842486243,1
864691135499707667,864691135942924148,1
864691135499707667,864691135977045871,1
864691135499707667,864691136033332155,1
864691135499707667,864691136058745048,1
864691135499707667,864691136195798504,1
864691135499707667,864691136238679567,1
864691135499707667,864691136380718037,1
864691135499707667,864691136424439855,1
864691135499707667,864691136618795227,1
864691135499707667,864691136664127454,1
864691135499707667,864691136674749575,1
864691135499707667,864691136905758130,1
864691135810466333,864691134949221372,1
864691135810466333,864691135067066948,1
864691135810466333,864691135280481697,1
864691135810466333,864691135340055782,1
864691135810466333,864691135480892614,1
864691135810466333,864691135566168599,1
864691135810466333,864691135572346349,1
864691135810466333,864691135655894978,1
864691135810466333,864691135757083346,1
864691135810466333,864691135774294603,1
864691135810466333,864691135779049056,1
864691135810466333,864691135810473245,1
864691135810466333,864691135843242211,1
864691135810466333,864691135977045871,1
864691135810466333,864691136012739747,1
864691135810466333,864691136452609023,1
864691135801604706,864691135468854156,1
864691135801604706,864691135519106442,1
864691135801604706,864691135572385061,1
864691135801604706,864691135724393131,1
864691135801604706,864691135739733140,1
864691135801604706,864691135890141321,1
864691135801604706,864691135911276969,1
864691135801604706,864691135919645872,1
864691135801604706,864691135952121379,1
864691135801604706,864691135975633475,1
864691135801604706,864691136619882637,1
864691135503163202,864691135136360217,1
864691135503163202,864691135210134905,1
864691135503163202,864691135272206865,1
864691135503163202,864691135277186789,1
864691135503163202,864691135280682401,1
864691135503163202,864691135359010904,1
864691135503163202,864691135387690069,1
864691135503163202,864691135388368001,1
864691135503163202,864691135493686111,1
864691135503163202,864691135688186080,1
864691135503163202,864691135779049056,1
864691135503163202,864691135955962888,1
864691135503163202,864691135977045871,1
864691135503163202,864691135989817088,1
864691135503163202,864691136026198585,1
864691135503163202,864691136137834877,1
864691135503163202,864691136176327430,1
864691135503163202,864691136298125851,1
864691135503163202,864691136521831825,1
864691135810773452,864691134949221372,1
864691135810773452,864691134991010426,1
864691135810773452,864691135102151968,1
864691135810773452,864691135304641703,1
864691135810773452,864691135325487004,1
864691135810773452,864691135339729126,1
864691135810773452,864691135396794101,1
864691135810773452,864691135398805281,1
864691135810773452,864691135465113157,1
864691135810773452,864691135466158917,1
864691135810773452,864691135469753426,1
864691135810773452,864691135504168285,1
864691135810773452,864691135562842337,1
864691135810773452,864691135566168599,1
864691135810773452,864691135577644574,1
864691135810773452,864691135698211994,1
864691135810773452,864691135717163802,1
864691135810773452,864691135717457946,1
864691135810773452,864691135774389755,1
864691135810773452,864691135810466333,1
864691135810773452,864691135850033758,1
864691135810773452,864691135868210454,1
864691135810773452,864691136137794941,1
864691135810773452,864691136524297617,1
864691135810773452,864691136604001745,1
864691135810773452,864691136991390869,1
864691135810492189,864691135060727707,1
864691135810492189,864691135102151968,1
864691135810492189,864691135102381856,1
864691135810492189,864691135124146727,1
864691135810492189,864691135155894884,1
864691135810492189,864691135164887853,1
864691135810492189,864691135324623260,1
864691135810492189,864691135375351369,1
864691135810492189,864691135388828033,1
864691135810492189,864691135396940021,1
864691135810492189,864691135465932357,1
864691135810492189,864691135480892614,1
864691135810492189,864691135492568551,1
864691135810492189,864691135567047191,1
864691135810492189,864691135842486243,1
864691135810492189,864691135928366606,1
864691135810492189,864691136033332155,1
864691135810492189,864691136091074615,1
864691135810492189,864691136380266965,1
864691135810492189,864691136389688695,1
864691135810492189,864691136437631902,1
864691135810492189,864691136905560754,1
864691135810492189,864691136912172017,1
864691135810492189,864691136913993713,1
864691135810492189,864691136953873631,1
864691135810492189,864691136991202453,1
864691135810492189,864691137055405174,1
864691135953985800,864691135258642863,1
864691135953985800,864691135362104647,1
864691135953985800,864691135778288573,1
864691135953985800,864691135867644805,1
864691135953985800,864691135977666883,1
864691135342958789,864691134919869706,1
864691135342958789,864691134966714655,1
864691135342958789,864691134991010426,1
864691135342958789,864691135325487004,1
864691135342958789,864691135339103718,1
864691135342958789,864691135448215698,1
864691135342958789,864691135465343045,1
864691135342958789,864691135477469864,1
864691135342958789,864691135499283987,1
864691135342958789,864691135518989962,1
864691135342958789,864691135562410721,1
864691135342958789,864691135578146565,1
864691135342958789,864691135656578242,1
864691135342958789,864691135720638769,1
864691135342958789,864691135731889337,1
864691135342958789,864691135741524587,1
864691135342958789,864691135773208651,1
864691135342958789,864691135774368763,1
864691135342958789,864691135787537348,1
864691135342958789,864691135861093992,1
864691135342958789,864691135886208112,1
864691135342958789,864691136033332155,1
864691135342958789,864691136066069400,1
864691135342958789,864691136125956134,1
864691135342958789,864691136311059034,1
864691135342958789,864691136313406781,1
864691135342958789,864691136389921911,1
864691135342958789,864691136903681458,1
864691135342958789,864691136991202453,1
864691136195834070,864691135257669039,1
864691136195834070,864691135325413788,1
864691136195834070,864691135455507818,1
864691136195834070,864691135566168599,1
864691136195834070,864691135577221406,1
864691136195834070,864691135583277677,1
864691136195834070,864691135750649129,1
864691136195834070,864691135760635214,1
864691136195834070,864691135939008565,1
864691136195834070,864691136010639022,1
864691136195834070,864691136011684526,1
864691136195834070,864691136034084795,1
864691136195834070,864691136392785279,1
864691136195834070,864691136664127454,1
864691136195834070,864691136975624220,1
864691135587371132,864691135280481697,1
864691135587371132,864691135294442678,1
864691135587371132,864691135448303762,1
864691135587371132,864691135466158917,1
864691135587371132,864691135490326074,1
864691135587371132,864691135685087474,1
864691135587371132,864691135774389755,1
864691135587371132,864691135779705021,1
864691135587371132,864691135867644805,1
864691135587371132,864691136006519498,1
864691135587371132,864691136022520056,1
864691135587371132,864691136042982742,1
864691135587371132,864691136144674612,1
864691135587371132,864691136274655166,1
864691135587371132,864691136389921911,1
864691135915343462,864691135257404079,1
864691135915343462,864691135257638575,1
864691135915343462,864691135385422677,1
864691135915343462,864691135429763120,1
864691135915343462,864691135440543560,1
864691135915343462,864691135455123562,1
864691135915343462,864691135462420637,1
864691135915343462,864691135473383730,1
864691135915343462,864691135489836346,1
864691135915343462,864691135502730562,1
864691135915343462,864691135511802576,1
864691135915343462,864691135810773452,1
864691135915343462,864691135851792071,1
864691135915343462,864691135867905302,1
864691135915343462,864691135970206821,1
864691135915343462,864691136275919117,1
864691135915343462,864691136619882637,1
864691135915343462,864691136904761266,1
864691135492568551,864691135214931072,1
864691135492568551,864691135396794101,1
864691135492568551,864691135455400554,1
864691135492568551,864691135476528704,1
864691135492568551,864691135490326074,1
864691135492568551,864691135493149927,1
864691135492568551,864691135493686111,1
864691135492568551,864691135611019015,1
864691135492568551,864691135751110185,1
864691135492568551,864691135760106830,1
864691135492568551,864691135861093992,1
864691135492568551,864691135868916246,1
864691135492568551,864691136011684526,1
864691135492568551,864691136034084795,1
864691135492568551,864691136137293195,1
864691135492568551,864691136373008520,1
864691135492568551,864691136391042167,1
864691135492568551,864691136596901026,1
864691136523335057,864691135209369465,1
864691136523335057,864691135210134905,1
864691136523335057,864691135386963541,1
864691136523335057,864691135540272498,1
864691136523335057,864691135593133067,1
864691136523335057,864691135611140359,1
864691136523335057,864691135619463567,1
864691136523335057,864691135694246079,1
864691136523335057,864691135717457946,1
864691136523335057,864691135839932307,1
864691136523335057,864691135938816260,1
864691136523335057,864691135977134403,1
864691136523335057,864691136101464181,1
864691136523335057,864691136107283417,1
864691136523335057,864691136120658712,1
864691136523335057,864691136239902780,1
864691136523335057,864691136299034139,1
864691136523335057,864691136674744199,1
864691136523335057,864691136967703758,1
864691136523335057,864691136990522517,1
864691135325071004,864691135441799752,1
864691135325071004,864691135466158917,1
864691135325071004,864691135476528704,1
864691135325071004,864691135585266808,1
864691135325071004,864691135750307881,1
864691135325071004,864691135778419901,1
864691135325071004,864691135868919318,1
864691135325071004,864691136011684526,1
864691135325071004,864691136137293195,1
864691135325071004,864691136288598467,1
864691135325071004,864691136314404669,1
864691135325071004,864691136619096795,1
864691135325071004,864691136813937267,1
864691135325071004,864691136814627955,1
864691135325071004,864691136968542926,1
864691135928366606,864691134948788476,1
864691135928366606,864691134950156796,1
864691135928366606,864691135155894884,1
864691135928366606,864691135258642863,1
864691135928366606,864691135362104647,1
864691135928366606,864691135448303762,1
864691135928366606,864691135496440208,1
864691135928366606,864691135656578242,1
864691135928366606,864691135688186080,1
864691135928366606,864691135741780116,1
864691135928366606,864691135774294603,1
864691135928366606,864691135839950227,1
864691135928366606,864691135977666883,1
864691135928366606,864691136011686318,1
864691135928366606,864691136034084795,1
864691135928366606,864691136391042167,1
864691135928366606,864691136419797655,1
864691135928366606,864691136452602367,1
864691135928366606,864691136453384959,1
864691135928366606,864691136991202453,1
864691134965778719,864691135756075981,1
864691134965778719,864691135868957462,1
864691134965778719,864691136022214648,1
864691134965778719,864691136953413599,1
864691135919956656,864691134991010426,1
864691135919956656,864691135164772653,1
864691135919956656,864691135258642863,1
864691135919956656,864691135362104647,1
864691135919956656,864691135546902056,1
864691135919956656,864691135562410721,1
864691135919956656,864691135688186080,1
864691135919956656,864691135738969220,1
864691135919956656,864691135751110185,1
864691135919956656,864691136010651052,1
864691135919956656,864691136011684526,1
864691135919956656,864691136041575422,1
864691135919956656,864691136137237899,1
864691135919956656,864691136144827444,1
864691135919956656,864691136330101226,1
864691135919956656,864691136330407914,1
864691136452447743,864691134948788476,1
864691136452447743,864691135272003237,1
864691136452447743,864691135277186789,1
864691136452447743,864691135277309669,1
864691136452447743,864691135398817569,1
864691136452447743,864691135688186080,1
864691136452447743,864691135739587697,1
864691136452447743,864691135741780116,1
864691136452447743,864691135993150913,1
864691136452447743,864691136389921911,1
864691135360017752,864691135342523057,1
864691135360017752,864691135955962888,1
864691135360017752,864691136137834877,1
864691135360017752,864691136991166101,1
864691135701624699,864691135233242713,1
864691135701624699,864691135517531786,1
864691135701624699,864691135616363211,1
864691135701624699,864691135778187360,1
864691135701624699,864691135927648212,1
864691135701624699,864691135989817088,1
864691135701624699,864691136196127208,1
864691135701624699,864691136521831825,1
864691135280481697,864691135350420951,1
864691135280481697,864691135656579010,1
864691135280481697,864691135716679194,1
864691135280481697,864691136437631902,1
864691135280481697,864691136674495623,1
864691135280481697,864691137021162094,1
864691135341198789,864691135595040043,1
864691135341198789,864691136137834877,1
864691135858273326,864691135342848433,1
864691135858273326,864691135350420951,1
864691135858273326,864691135585266808,1
864691135858273326,864691135853198023,1
864691135858273326,864691135877951571,1
864691135858273326,864691135955962888,1
864691135858273326,864691136025504569,1
864691135858273326,864691136085904236,1
864691135858273326,864691136420303511,1
864691135858273326,864691136445557123,1
864691135858273326,864691136523335057,1
864691135113733529,864691135539491442,1
864691135113733529,864691135698016410,1
864691135113733529,864691136210975676,1
864691135646775791,864691134942472035,1
864691135646775791,864691135015652246,1
864691135646775791,864691135214986368,1
864691135646775791,864691135258642863,1
864691135646775791,864691135277309669,1
864691135646775791,864691135398805281,1
864691135646775791,864691135502885954,1
864691135646775791,864691135567047191,1
864691135646775791,864691135656578242,1
864691135646775791,864691135688186080,1
864691135646775791,864691135774179147,1
864691135646775791,864691135858298670,1
864691135646775791,864691135865648254,1
864691135646775791,864691135928366606,1
864691135646775791,864691135955909640,1
864691135646775791,864691136101464181,1
864691135646775791,864691136144674612,1
864691135646775791,864691136196517452,1
864691135646775791,864691136330101226,1
864691135646775791,864691136373008520,1
864691135646775791,864691136665051614,1
864691135646775791,864691136912172017,1
864691135787537348,864691135214986368,1
864691135787537348,864691135499283987,1
864691135787537348,864691135656674242,1
864691135787537348,864691135765013302,1
864691135787537348,864691135849088094,1
864691135787537348,864691136125433894,1
864691135787537348,864691136311381338,1
864691135787537348,864691137198382657,1
864691135480892614,864691135135019168,1
864691135480892614,864691135271038885,1
864691135480892614,864691135280481697,1
864691135480892614,864691135324623260,1
864691135480892614,864691135343818161,1
864691135480892614,864691135351096279,1
864691135480892614,864691135360809560,1
864691135480892614,864691135466158917,1
864691135480892614,864691135466236229,1
864691135480892614,864691135469753426,1
864691135480892614,864691135577221406,1
864691135480892614,864691135577749022,1
864691135480892614,864691135583223405,1
864691135480892614,864691135584629613,1
864691135480892614,864691135587519868,1
864691135480892614,864691135656578242,1
864691135480892614,864691135689417440,1
864691135480892614,864691135694415551,1
864691135480892614,864691135719900721,1
864691135480892614,864691135732578745,1
864691135480892614,864691135741458324,1
864691135480892614,864691135774294603,1
864691135480892614,864691135774368763,1
864691135480892614,864691135839950227,1
864691135480892614,864691135850033758,1
864691135480892614,864691135875460494,1
864691135480892614,864691135954393891,1
864691135480892614,864691135994235841,1
864691135480892614,864691136040834558,1
864691135480892614,864691136101340021,1
864691135480892614,864691136195798504,1
864691135480892614,864691136196517452,1
864691135480892614,864691136238679567,1
864691135480892614,864691136239980604,1
864691135480892614,864691136274655166,1
864691135480892614,864691136314491965,1
864691135480892614,864691136453419007,1
864691135480892614,864691136976001308,1
864691135480892614,864691137055712630,1
864691135272003237,864691135398805281,1
864691135272003237,864691135503182685,1
864691135272003237,864691135750307881,1
864691135272003237,864691135919956656,1
864691135272003237,864691135970226021,1
864691135272003237,864691136331249642,1
864691135272003237,864691136445215875,1
864691135272003237,864691136665051614,1
864691135336055529,864691134919972106,1
864691135336055529,864691134948788476,1
864691135336055529,864691135060651419,1
864691135336055529,864691135209432185,1
864691135336055529,864691135272069285,1
864691135336055529,864691135276505573,1
864691135336055529,864691135387988609,1
864691135336055529,864691135396794101,1
864691135336055529,864691135499231763,1
864691135336055529,864691135562798817,1
864691135336055529,864691135562975969,1
864691135336055529,864691135577749022,1
864691135336055529,864691135584008045,1
864691135336055529,864691135741910164,1
864691135336055529,864691135779049056,1
864691135336055529,864691135782241616,1
864691135336055529,864691135802453858,1
864691135336055529,864691135886130288,1
864691135336055529,864691135928366606,1
864691135336055529,864691136125457446,1
864691135336055529,864691136195798504,1
864691135336055529,864691136238679567,1
864691135336055529,864691136445215875,1
864691135336055529,864691136725093373,1
864691135336055529,864691136914414321,1
864691135336055529,864691136975144988,1
864691135336055529,864691137199038273,1
864691135493079783,864691135517531786,1
864691135493079783,864691135585046648,1
864691135493079783,864691135801133666,1
864691135493079783,864691135940685057,1
864691135493079783,864691136619882637,1
864691135857993774,864691135476495936,1
864691135857993774,864691135478400936,1
864691135857993774,864691135493620831,1
864691135857993774,864691135585266808,1
864691135857993774,864691135656674242,1
864691135857993774,864691135717457946,1
864691135857993774,864691135779049056,1
864691135857993774,864691135868210454,1
864691135857993774,864691136033227451,1
864691135857993774,864691136425073455,1
864691135857993774,864691136991202453,1
864691135339103718,864691135618505065,1
864691135865648254,864691135360096071,1
864691135865648254,864691135388828033,1
864691135865648254,864691135756075981,1
864691135865648254,864691136674495623,1
864691136010639022,864691134949248508,1
864691136010639022,864691135294480310,1
864691136010639022,864691135360809560,1
864691136010639022,864691135465343045,1
864691136010639022,864691135480892614,1
864691136010639022,864691135492568551,1
864691136010639022,864691135496440208,1
864691136010639022,864691135576881950,1
864691136010639022,864691135656579010,1
864691136010639022,864691135656674242,1
864691136010639022,864691135694246079,1
864691136010639022,864691135698211994,1
864691136010639022,864691135719900721,1
864691136010639022,864691135731679929,1
864691136010639022,864691135751110185,1
864691136010639022,864691135858298670,1
864691136010639022,864691135977654851,1
864691136010639022,864691136026198585,1
864691136010639022,864691136041575422,1
864691136010639022,864691136058745048,1
864691136010639022,864691136196517452,1
864691136010639022,864691136228491601,1
864691136010639022,864691136238090767,1
864691136010639022,864691136419797655,1
864691136010639022,864691136452447743,1
864691136010639022,864691136523288465,1
864691136010639022,864691136619693275,1
864691136010639022,864691136968094158,1
864691135655894978,864691135060882843,1
864691135655894978,864691135480892614,1
864691135655894978,864691135518173395,1
864691135655894978,864691135566168599,1
864691135655894978,864691135569592300,1
864691135655894978,864691135586724220,1
864691135655894978,864691135725748139,1
864691135655894978,864691136125457446,1
864691135655894978,864691136330101226,1
864691135655894978,864691136390474359,1
864691135431654960,864691135258642863,1
864691135431654960,864691135272069285,1
864691135431654960,864691135308553030,1
864691135431654960,864691135566168599,1
864691135431654960,864691135577644574,1
864691135431654960,864691135586240120,1
864691135431654960,864691135591041291,1
864691135431654960,864691135656578242,1
864691135431654960,864691135774294603,1
864691135431654960,864691135774368763,1
864691135431654960,864691135885911920,1
864691135431654960,864691136138131325,1
864691135431654960,864691136177629702,1
864691135431654960,864691136975144988,1
864691135772920651,864691136298045979,1
864691135772920651,864691136991606421,1
864691135848030814,864691135325071004,1
864691135848030814,864691135405337326,1
864691135848030814,864691135566168599,1
864691135848030814,864691136010651052,1
864691135848030814,864691136925601354,1
864691135741780116,864691134991010426,1
864691135741780116,864691135136360217,1
864691135741780116,864691135405626862,1
864691135741780116,864691135465100189,1
864691135741780116,864691135470787666,1
864691135741780116,864691135493686111,1
864691135741780116,864691135503182685,1
864691135741780116,864691135504327861,1
864691135741780116,864691135562975969,1
864691135741780116,864691135577651230,1
864691135741780116,864691135586240120,1
864691135741780116,864691135617152361,1
864691135741780116,864691135694415551,1
864691135741780116,864691135695146943,1
864691135741780116,864691135774368763,1
864691135741780116,864691135774389755,1
864691135741780116,864691135977045871,1
864691135741780116,864691135977666883,1
864691135741780116,864691136041575422,1
864691135741780116,864691136210847932,1
864691135741780116,864691136330407914,1
864691135741780116,864691136596901026,1
864691135741780116,864691136905758130,1
864691137055367798,864691135280481697,1
864691137055367798,864691135455400554,1
864691137055367798,864691135576881950,1
864691137055367798,864691135695146943,1
864691137055367798,864691135756075981,1
864691137055367798,864691136991202453,1
864691135271038885,864691134966324767,1
864691135271038885,864691135362104647,1
864691135271038885,864691135503182685,1
864691135271038885,864691135504327861,1
864691135271038885,864691135518283475,1
864691135271038885,864691135577651230,1
864691135271038885,864691135617152361,1
864691135271038885,864691135774294603,1
864691135271038885,864691135878061395,1
864691135271038885,864691135928366606,1
864691135271038885,864691135977045871,1
864691135271038885,864691136177799686,1
864691135271038885,864691136991202453,1
864691136364308962,864691134942472035,1
864691136364308962,864691135466158917,1
864691136364308962,864691136021865976,1
864691136364308962,864691136022520056,1
864691136364308962,864691136041575422,1
864691136364308962,864691136228250961,1
864691136364308962,864691136336179123,1
864691136364308962,864691136419797655,1
864691136364308962,864691137021264750,1
864691135499283987,864691135386899029,1
864691135499283987,864691135388828033,1
864691135499283987,864691136091074615,1
864691135499283987,864691136330101226,1
864691134942169955,864691135060651419,1
864691134942169955,864691135277186789,1
864691134942169955,864691135294442678,1
864691134942169955,864691135304641703,1
864691134942169955,864691135510191369,1
864691134942169955,864691135571192966,1
864691134942169955,864691135578360837,1
864691134942169955,864691135591041291,1
864691134942169955,864691135594817067,1
864691134942169955,864691135685087474,1
864691134942169955,864691135885911920,1
864691135740860820,864691134989865338,1
864691135740860820,864691135294190518,1
864691135740860820,864691135382556378,1
864691135740860820,864691135646481135,1
864691135740860820,864691135778132576,1
864691135740860820,864691136089194039,1
864691135477839784,864691135853198023,1
864691135477839784,864691135976425327,1
864691136675427975,864691135124146727,1
864691136675427975,864691135195825450,1
864691136675427975,864691135257638575,1
864691136675427975,864691135294442678,1
864691136675427975,864691135325487004,1
864691136675427975,864691135343818161,1
864691136675427975,864691135490326074,1
864691136675427975,864691135503182685,1
864691136675427975,864691135695146943,1
864691136675427975,864691135732210873,1
864691136675427975,864691135739587697,1
864691136675427975,864691135938816260,1
864691136675427975,864691135970226021,1
864691136675427975,864691136022520056,1
864691136675427975,864691136041575422,1
864691136675427975,864691136111559352,1
864691136675427975,864691136137794941,1
864691136675427975,864691136228250961,1
864691136675427975,864691136298125851,1
864691136675427975,864691136331249642,1
864691136675427975,864691136391042167,1
864691136675427975,864691136419797655,1
864691136675427975,864691136437631902,1
864691136675427975,864691136578982164,1
864691136675427975,864691136604001745,1
864691136675427975,864691136664950750,1
864691136675427975,864691137198691137,1
864691134949248508,864691134948788476,1
864691134949248508,864691135102274592,1
864691134949248508,864691135102381856,1
864691134949248508,864691135134016928,1
864691134949248508,864691135210134905,1
864691134949248508,864691135274195217,1
864691134949248508,864691135375484489,1
864691134949248508,864691135409859785,1
864691134949248508,864691135496381840,1
864691134949248508,864691135503182685,1
864691134949248508,864691135585266808,1
864691134949248508,864691135617152361,1
864691134949248508,864691135738969220,1
864691134949248508,864691135742102635,1
864691134949248508,864691135774053371,1
864691134949248508,864691135774389755,1
864691134949248508,864691135779049056,1
864691134949248508,864691135811335116,1
864691134949248508,864691135839932307,1
864691134949248508,864691135855890478,1
864691134949248508,864691135885911920,1
864691134949248508,864691135977134403,1
864691134949248508,864691135977654851,1
864691134949248508,864691135990004992,1
864691134949248508,864691135994235841,1
864691134949248508,864691136137794941,1
864691134949248508,864691136314404669,1
864691134949248508,864691136330101226,1
864691134949248508,864691136331249642,1
864691134949248508,864691136380757461,1
864691134949248508,864691136665051614,1
864691134949248508,864691136927187786,1
864691134949248508,864691136976001308,1
864691134949248508,864691137199828801,1
864691135465100189,864691135184104194,1
864691135465100189,864691135210134905,1
864691135465100189,864691135340055782,1
864691135465100189,864691135396794101,1
864691135465100189,864691135518173395,1
864691135465100189,864691135571192966,1
864691135465100189,864691135611140359,1
864691135465100189,864691135617152361,1
864691135465100189,864691135656674242,1
864691135465100189,864691135717457946,1
864691135465100189,864691135732210873,1
864691135465100189,864691135773073147,1
864691135465100189,864691135778638013,1
864691135465100189,864691135976063855,1
864691135465100189,864691135988557315,1
864691135465100189,864691136006519498,1
864691135465100189,864691136058745048,1
864691135465100189,864691136239460668,1
864691135465100189,864691136239980604,1
864691135465100189,864691136381301461,1
864691135465100189,864691136438717086,1
864691135465100189,864691136742067804,1
864691135465100189,864691136813937267,1
864691135465100189,864691136991202453,1
864691135817195343,864691135102151968,1
864691135817195343,864691135325263004,1
864691135817195343,864691135384344043,1
864691135817195343,864691135405626862,1
864691135817195343,864691135493686111,1
864691135817195343,864691135496440208,1
864691135817195343,864691135585266808,1
864691135817195343,864691135717163802,1
864691135817195343,864691135727790911,1
864691135817195343,864691135738969220,1
864691135817195343,864691135760635214,1
864691135817195343,864691135773073147,1
864691135817195343,864691135816693327,1
864691135817195343,864691135878061395,1
864691135817195343,864691136314491965,1
864691136724880893,864691135233242713,1
864691136389921911,864691135101431072,1
864691136389921911,864691135135019168,1
864691136389921911,864691135157198692,1
864691136389921911,864691135493686111,1
864691136389921911,864691135577644574,1
864691136389921911,864691136026254649,1
864691136389921911,864691136211385020,1
864691136389921911,864691136604001745,1
864691136389921911,864691136991202453,1
864691136389607287,864691135273918993,1
864691136389607287,864691135417045946,1
864691136389607287,864691135684657079,1
864691136389607287,864691135697613077,1
864691136389607287,864691135937286404,1
864691136389607287,864691136275031565,1
864691136389607287,864691136298045979,1
864691136389607287,864691136724880893,1
864691135477469352,864691135214986368,1
864691135477469352,864691135405337326,1
864691135477469352,864691135719900721,1
864691135477469352,864691135778419901,1
864691135477469352,864691135778467517,1
864691135477469352,864691135782544435,1
864691135477469352,864691135857993774,1
864691135477469352,864691136041575422,1
864691135477469352,864691136336179123,1
864691135164772653,864691134966324767,1
864691135164772653,864691135295165196,1
864691135164772653,864691135343818161,1
864691135164772653,864691135430275120,1
864691135164772653,864691135431089968,1
864691135164772653,864691135546339880,1
864691135164772653,864691135566168599,1
864691135164772653,864691135567047191,1
864691135164772653,864691135577816862,1
864691135164772653,864691135725920939,1
864691135164772653,864691135741780116,1
864691135164772653,864691135868210454,1
864691135164772653,864691135977045871,1
864691135164772653,864691136011686318,1
864691135164772653,864691136041575422,1
864691135164772653,864691136091634487,1
864691135164772653,864691136125457446,1
864691135164772653,864691136134678667,1
864691135164772653,864691136228250961,1
864691135164772653,864691136330101226,1
864691135164772653,864691136372759688,1
864691135164772653,864691136389921911,1
864691135164772653,864691136392785279,1
864691135164772653,864691136452609023,1
864691135164772653,864691136453419007,1
864691135164772653,864691136596901026,1
864691135164772653,864691137021264750,1
864691136524297617,864691135209432185,1
864691136298125851,864691135164772653,1
864691136298125851,864691135584504429,1
864691136298125851,864691135655894978,1
864691136298125851,864691135694246079,1
864691136298125851,864691135695146943,1
864691136298125851,864691135774294603,1
864691136298125851,864691135774368763,1
864691136298125851,864691135955962888,1
864691136298125851,864691136238090767,1
864691136298125851,864691136314404669,1
864691136298125851,864691136438717086,1
864691136298125851,864691136453419007,1
864691136298125851,864691136665051614,1
864691136298125851,864691136991202453,1
864691135742756203,864691135101431072,1
864691135742756203,864691135164887853,1
864691135742756203,864691135490326074,1
864691135742756203,864691135496440208,1
864691135742756203,864691135584008045,1
864691135742756203,864691135750307881,1
864691135742756203,864691135750958889,1
864691135742756203,864691135773073147,1
864691135742756203,864691135774389755,1
864691135742756203,864691135868210454,1
864691135742756203,864691136034011579,1
864691135742756203,864691136091634487,1
864691135742756203,864691136125411622,1
864691135742756203,864691136238679567,1
864691135742756203,864691136364308962,1
864691135369002233,864691135357351375,1
864691135369002233,864691135493149927,1
864691135369002233,864691135731679929,1
864691135369002233,864691135878061395,1
864691136665051614,864691135518283475,1
864691136665051614,864691135685087474,1
864691136665051614,864691135756075981,1
864691136665051614,864691135779049056,1
864691136665051614,864691135919956656,1
864691136665051614,864691136022520056,1
864691136665051614,864691136125433894,1
864691136665051614,864691136137293195,1
864691136665051614,864691136195798504,1
864691136665051614,864691136314404669,1
864691136665051614,864691136330101226,1
864691136665051614,864691136331249642,1
864691136665051614,864691136437631902,1
864691136665051614,864691136452602367,1
864691136665051614,864691136619096795,1
864691136665051614,864691136814442867,1
864691136665051614,864691137021264750,1
864691135503836253,864691135134052512,1
864691135503836253,864691135184104194,1
864691135503836253,864691135294442678,1
864691135503836253,864691135325487004,1
864691135503836253,864691135430275120,1
864691135503836253,864691135473383730,1
864691135503836253,864691135583277677,1
864691135503836253,864691135584008045,1
864691135503836253,864691135640297787,1
864691135503836253,864691135656578242,1
864691135503836253,864691135662059248,1
864691135503836253,864691135698211994,1
864691135503836253,864691135700814114,1
864691135503836253,864691135725748139,1
864691135503836253,864691135741930603,1
864691135503836253,864691135743102827,1
864691135503836253,864691135750307881,1
864691135503836253,864691135757040082,1
864691135503836253,864691135954393891,1
864691135503836253,864691135976063855,1
864691135503836253,864691135990004992,1
864691135503836253,864691136034084795,1
864691135503836253,864691136040834558,1
864691135503836253,864691136043283030,1
864691135503836253,864691136058745048,1
864691135503836253,864691136110366904,1
864691135503836253,864691136125433894,1
864691135503836253,864691136125956134,1
864691135503836253,864691136137794941,1
864691135503836253,864691136196265704,1
864691135503836253,864691136299034139,1
864691135503836253,864691136488999186,1
864691135503836253,864691136523216017,1
864691135503836253,864691136675427975,1
864691135503836253,864691136725343485,1
864691135503836253,864691136912172017,1
864691135503836253,864691136927761226,1
864691135503836253,864691136975144988,1
864691135503836253,864691136990522517,1
864691135503836253,864691136991202453,1
864691135119709149,864691134884807418,1
864691135119709149,864691134942472035,1
864691135119709149,864691135067066948,1
864691135119709149,864691135405337326,1
864691135119709149,864691135455400554,1
864691135119709149,864691135470787666,1
864691135119709149,864691135497743635,1
864691135119709149,864691135499707667,1
864691135119709149,864691135583172717,1
864691135119709149,864691135618505065,1
864691135119709149,864691135688186080,1
864691135119709149,864691135727790911,1
864691135119709149,864691135755197133,1
864691135119709149,864691135760106830,1
864691135119709149,864691135779049056,1
864691135119709149,864691135782241616,1
864691135119709149,864691135849088094,1
864691135119709149,864691135857993774,1
864691135119709149,864691135866576604,1
864691135119709149,864691135867644805,1
864691135119709149,864691135885911920,1
864691135119709149,864691135941300993,1
864691135119709149,864691135975633475,1
864691135119709149,864691135988557315,1
864691135119709149,864691135993150913,1
864691135119709149,864691136125411622,1
864691135119709149,864691136330101226,1
864691135119709149,864691136330407914,1
864691135119709149,864691136336107187,1
864691135119709149,864691136596815778,1
864691135119709149,864691136675427975,1
864691135119709149,864691136813937267,1
864691135119709149,864691136991202453,1
864691135119709149,864691137054934902,1
864691135698211994,864691134948788476,1
864691135698211994,864691135155894884,1
864691135698211994,864691135164887853,1
864691135698211994,864691135272069285,1
864691135698211994,864691135566168599,1
864691135698211994,864691135731679929,1
864691135698211994,864691135750649129,1
864691135698211994,864691135751110185,1
864691135698211994,864691135855890478,1
864691135698211994,864691135877825107,1
864691135698211994,864691135996158378,1
864691135698211994,864691136092725684,1
864691135698211994,864691136135963787,1
864691135698211994,864691136137237899,1
864691135698211994,864691136330101226,1
864691135698211994,864691136905560754,1
864691135397982753,864691135464143934,1
864691135397982753,864691135578146565,1
864691135397982753,864691136298045979,1
864691135989817088,864691135477670312,1
864691135989817088,864691135586414716,1
864691135989817088,864691135719761713,1
864691135989817088,864691135727961663,1
864691135989817088,864691135782544435,1
864691135989817088,864691135809608652,1
864691135989817088,864691135851792071,1
864691135989817088,864691135940685057,1
864691135989817088,864691136025184569,1
864691135989817088,864691136227484753,1
864691135989817088,864691136578820884,1
864691135989817088,864691136579408916,1
864691135989817088,864691136724880893,1
864691136021865976,864691134948788476,1
864691136021865976,864691134950156796,1
864691136021865976,864691135324623260,1
864691136021865976,864691135324725404,1
864691136021865976,864691135480892614,1
864691136021865976,864691135493149927,1
864691136021865976,864691135510846217,1
864691136021865976,864691135562842337,1
864691136021865976,864691135577816862,1
864691136021865976,864691135688186080,1
864691136021865976,864691135757083346,1
864691136021865976,864691135773073147,1
864691136021865976,864691135801463650,1
864691136021865976,864691135810492189,1
864691136021865976,864691135865648254,1
864691136021865976,864691135885911920,1
864691136021865976,864691136010639022,1
864691136021865976,864691136196517452,1
864691136021865976,864691136298125851,1
864691136021865976,864691136619693275,1
864691136021865976,864691136664127454,1
864691136021865976,864691136664950750,1
864691136021865976,864691136905560754,1
864691136021865976,864691136954050527,1
864691136953873631,864691135258642863,1
864691136953873631,864691136022520056,1
864691136953873631,864691136578820884,1
864691135257669039,864691135210134905,1
864691135257669039,864691135294190518,1
864691135257669039,864691135396794101,1
864691135257669039,864691135398805281,1
864691135257669039,864691135405626862,1
864691135257669039,864691135441799752,1
864691135257669039,864691135577644574,1
864691135257669039,864691135688186080,1
864691135257669039,864691135727790911,1
864691135257669039,864691135739587697,1
864691135257669039,864691135755197133,1
864691135257669039,864691135774389755,1
864691135257669039,864691135853198023,1
864691135257669039,864691135886130288,1
864691135257669039,864691135947258916,1
864691135257669039,864691135970226021,1
864691135257669039,864691136040834558,1
864691135257669039,864691136084684396,1
864691135257669039,864691136091634487,1
864691135257669039,864691136364308962,1
864691135257669039,864691136419797655,1
864691135257669039,864691136437631902,1
864691135257669039,864691136453419007,1
864691135257669039,864691136524172689,1
864691135257669039,864691136914414321,1
864691135501703746,864691135496440208,1
864691135501703746,864691135779049056,1
864691135501703746,864691136578820884,1
864691136275031565,864691135741659499,1
864691136275031565,864691135952122147,1
864691136275031565,864691136380264149,1
864691135060727707,864691134949221372,1
864691135060727707,864691135101431072,1
864691135060727707,864691135258642863,1
864691135060727707,864691135396794101,1
864691135060727707,864691135540440178,1
864691135060727707,864691135594721579,1
864691135060727707,864691135685087474,1
864691135060727707,864691136275894285,1
864691135060727707,864691136453419007,1
864691134989865338,864691135324623260,1
864691134989865338,864691135416233914,1
864691134989865338,864691135463695429,1
864691134989865338,864691135851792071,1
864691134989865338,864691136194355176,1
864691135430004016,864691135271081125,1
864691135430004016,864691135346571423,1
864691135430004016,864691135539491442,1
864691135430004016,864691136010028974,1
864691135738047620,864691134942169955,1
864691135738047620,864691135060727707,1
864691135738047620,864691135209432185,1
864691135738047620,864691135274195217,1
864691135738047620,864691135455400554,1
864691135738047620,864691135493686111,1
864691135738047620,864691135518989962,1
864691135738047620,864691136011684526,1
864691135738047620,864691136041575422,1
864691134887026938,864691134919972106,1
864691134887026938,864691135102433056,1
864691134887026938,864691135295165196,1
864691134887026938,864691135351096279,1
864691134887026938,864691135360809560,1
864691134887026938,864691135448215698,1
864691134887026938,864691135476495936,1
864691134887026938,864691135546902056,1
864691134887026938,864691135547082280,1
864691134887026938,864691135569592300,1
864691134887026938,864691135583277677,1
864691134887026938,864691135611019015,1
864691134887026938,864691135716679194,1
864691134887026938,864691135719900721,1
864691134887026938,864691135739587697,1
864691134887026938,864691135750958889,1
864691134887026938,864691135774294603,1
864691134887026938,864691135816565839,1
864691134887026938,864691135842486243,1
864691134887026938,864691135886130288,1
864691134887026938,864691136196517452,1
864691134887026938,864691136311059034,1
864691134887026938,864691136330101226,1
864691134887026938,864691136391042167,1
864691134887026938,864691136453384959,1
864691134887026938,864691136488999186,1
864691137056393846,864691134887026938,1
864691137056393846,864691135060651419,1
864691137056393846,864691135060882843,1
864691137056393846,864691135124146727,1
864691137056393846,864691135184104194,1
864691137056393846,864691135396115189,1
864691137056393846,864691135503182685,1
864691137056393846,864691135750307881,1
864691137056393846,864691135842486243,1
864691137056393846,864691135977045871,1
864691137056393846,864691136380757461,1
864691137056393846,864691136914414321,1
864691137056393846,864691136991202453,1
864691135274195217,864691135060727707,1
864691135274195217,864691135155894884,1
864691135274195217,864691135280481697,1
864691135274195217,864691135448303762,1
864691135274195217,864691135470787666,1
864691135274195217,864691135493686111,1
864691135274195217,864691135546902056,1
864691135274195217,864691135562798817,1
864691135274195217,864691135567047191,1
864691135274195217,864691135584504429,1
864691135274195217,864691135594721579,1
864691135274195217,864691135741458324,1
864691135274195217,864691135779705021,1
864691135274195217,864691135939477508,1
864691135274195217,864691136041575422,1
864691135274195217,864691136975144988,1
864691135757040082,864691135136360217,1
864691135757040082,864691135324725404,1
864691135757040082,864691135417045946,1
864691135757040082,864691135503182685,1
864691135757040082,864691135591854347,1
864691135757040082,864691135617440105,1
864691135757040082,864691135656579010,1
864691135757040082,864691135719900721,1
864691135757040082,864691135810982860,1
864691135757040082,864691135976063855,1
864691135757040082,864691135993150913,1
864691135757040082,864691136025184569,1
864691135757040082,864691136117770660,1
864691135757040082,864691136421279639,1
864691135757040082,864691136453384959,1
864691135757040082,864691136674744199,1
864691135757040082,864691136905758130,1
864691135757040082,864691136991390869,1
864691135860969064,864691134886499066,1
864691135860969064,864691134989865338,1
864691135860969064,864691135115049881,1
864691135860969064,864691135578360837,1
864691135860969064,864691135592830731,1
864691135860969064,864691135619317391,1
864691135860969064,864691135640398651,1
864691135860969064,864691135763795510,1
864691135860969064,864691135774389755,1
864691135860969064,864691135858298670,1
864691135860969064,864691135977666883,1
864691135860969064,864691136086088556,1
864691135860969064,864691136905758130,1
864691136043380566,864691134991010426,1
864691136043380566,864691135343818161,1
864691136043380566,864691135540272498,1
864691136043380566,864691135764583990,1
864691136043380566,864691135779049056,1
864691136043380566,864691135782241616,1
864691136043380566,864691135947258916,1
864691136043380566,864691136330101226,1
864691136043380566,864691136664680926,1
864691136043380566,864691136913993713,1
864691136043380566,864691136967703758,1
864691136043380566,864691136990522517,1
864691135689417440,864691134919972106,1
864691135689417440,864691134942472035,1
864691135689417440,864691134966714655,1
864691135689417440,864691135113733529,1
864691135689417440,864691135258642863,1
864691135689417440,864691135469753426,1
864691135689417440,864691135546339880,1
864691135689417440,864691135546902056,1
864691135689417440,864691135577749022,1
864691135689417440,864691135586240120,1
864691135689417440,864691135594721579,1
864691135689417440,864691135646481135,1
864691135689417440,864691135688186080,1
864691135689417440,864691135739689073,1
864691135689417440,864691135741524587,1
864691135689417440,864691135779049056,1
864691135689417440,864691135782506832,1
864691135689417440,864691135941300993,1
864691135689417440,864691135954393891,1
864691135689417440,864691135970226021,1
864691135689417440,864691135976425327,1
864691135689417440,864691136013367715,1
864691135689417440,864691136058745048,1
864691135689417440,864691136125956134,1
864691135689417440,864691136288644291,1
864691135689417440,864691136421279639,1
864691135689417440,864691136742067804,1
864691135689417440,864691136904488114,1
864691135741910164,864691135059845275,1
864691135741910164,864691135339088102,1
864691135741910164,864691135480311494,1
864691135741910164,864691135497743635,1
864691135741910164,864691135510846217,1
864691135741910164,864691136022520056,1
864691135816693327,864691135294190518,1
864691135816693327,864691135417045946,1
864691135816693327,864691135586724220,1
864691135816693327,864691135717275162,1
864691135816693327,864691135732210873,1
864691135816693327,864691135739587697,1
864691135816693327,864691135942924148,1
864691135816693327,864691136453384959,1
864691136742067804,864691135102151968,1
864691136742067804,864691135272003237,1
864691136742067804,864691135272069285,1
864691136742067804,864691135464795710,1
864691136742067804,864691135465932357,1
864691136742067804,864691135518283475,1
864691136742067804,864691135546902056,1
864691136742067804,864691135566168599,1
864691136742067804,864691135656578242,1
864691136742067804,864691135774294603,1
864691136742067804,864691135774368763,1
864691136742067804,864691135782702387,1
864691136742067804,864691135802453858,1
864691136742067804,864691135842486243,1
864691136742067804,864691135919956656,1
864691136742067804,864691135939049988,1
864691136742067804,864691135942924148,1
864691136742067804,864691136021865976,1
864691136742067804,864691136091634487,1
864691136742067804,864691136092725684,1
864691136742067804,864691136111251896,1
864691136742067804,864691136137794941,1
864691136742067804,864691136314491965,1
864691136742067804,864691136437631902,1
864691136742067804,864691136523118481,1
864691136742067804,864691136991202453,1
864691135135019168,864691134942472035,1
864691135135019168,864691134949081852,1
864691135135019168,864691134949263100,1
864691135135019168,864691134991010426,1
864691135135019168,864691135164887853,1
864691135135019168,864691135210134905,1
864691135135019168,864691135277186789,1
864691135135019168,864691135280481697,1
864691135135019168,864691135280682401,1
864691135135019168,864691135295165196,1
864691135135019168,864691135362104647,1
864691135135019168,864691135375351369,1
864691135135019168,864691135430346544,1
864691135135019168,864691135441799752,1
864691135135019168,864691135470787666,1
864691135135019168,864691135476495936,1
864691135135019168,864691135732210873,1
864691135135019168,864691135774179147,1
864691135135019168,864691135774389755,1
864691135135019168,864691135855890478,1
864691135135019168,864691135877951571,1
864691135135019168,864691135941300993,1
864691135135019168,864691136091634487,1
864691135135019168,864691136298125851,1
864691135135019168,864691136381243349,1
864691135135019168,864691136437631902,1
864691135135019168,864691136438717086,1
864691135135019168,864691136453384959,1
864691135135019168,864691136489055762,1
864691135135019168,864691136524172689,1
864691135135019168,864691136596901026,1
864691135135019168,864691136603811281,1
864691135135019168,864691136975144988,1
864691135135019168,864691136991202453,1
864691136381301461,864691134942472035,1
864691136381301461,864691134948788476,1
864691136381301461,864691135060651419,1
864691136381301461,864691135067066948,1
864691136381301461,864691135102151968,1
864691136381301461,864691135102433056,1
864691136381301461,864691135124603687,1
864691136381301461,864691135258642863,1
864691136381301461,864691135294520844,1
864691136381301461,864691135342958789,1
864691136381301461,864691135360482392,1
864691136381301461,864691135368949241,1
864691136381301461,864691135396940021,1
864691136381301461,864691135455400554,1
864691136381301461,864691135478400936,1
864691136381301461,864691135493686111,1
864691136381301461,864691135504327861,1
864691136381301461,864691135576881950,1
864691136381301461,864691135578360837,1
864691136381301461,864691135582973549,1
864691136381301461,864691135584008045,1
864691136381301461,864691135587519868,1
864691136381301461,864691135656579010,1
864691136381301461,864691135731679929,1
864691136381301461,864691135750307881,1
864691136381301461,864691135765013302,1
864691136381301461,864691135774294603,1
864691136381301461,864691135816565839,1
864691136381301461,864691135954393891,1
864691136381301461,864691136101464181,1
864691136381301461,864691136137794941,1
864691136381301461,864691136391623039,1
864691136381301461,864691136488999186,1
864691136381301461,864691136619693275,1
864691136381301461,864691136742067804,1
864691136381301461,864691136814508659,1
864691136381301461,864691136954050527,1
864691136381301461,864691136991390869,1
864691135386963541,864691134942472035,1
864691135386963541,864691134965778719,1
864691135386963541,864691135184104194,1
864691135386963541,864691135195825450,1
864691135386963541,864691135209369465,1
864691135386963541,864691135294442678,1
864691135386963541,864691135397846049,1
864691135386963541,864691135470787666,1
864691135386963541,864691135493149927,1
864691135386963541,864691135504168285,1
864691135386963541,864691135717457946,1
864691135386963541,864691135727961663,1
864691135386963541,864691135764015926,1
864691135386963541,864691135787537348,1
864691135386963541,864691135861093992,1
864691135386963541,864691136026198585,1
864691135386963541,864691136086088556,1
864691135386963541,864691136108378073,1
864691135386963541,864691136110366904,1
864691135386963541,864691136196338764,1
864691135386963541,864691136274546622,1
864691135386963541,864691136372047496,1
864691135386963541,864691136927761226,1
864691135386963541,864691136953677535,1
864691135719900721,864691134919869706,1
864691135719900721,864691134948788476,1
864691135719900721,864691134966714655,1
864691135719900721,864691134991010426,1
864691135719900721,864691135015652246,1
864691135719900721,864691135102274592,1
864691135719900721,864691135164772653,1
864691135719900721,864691135214931072,1
864691135719900721,864691135280682401,1
864691135719900721,864691135398868257,1
864691135719900721,864691135466158917,1
864691135719900721,864691135469753426,1
864691135719900721,864691135474504498,1
864691135719900721,864691135477469352,1
864691135719900721,864691135480892614,1
864691135719900721,864691135504327861,1
864691135719900721,864691135518283475,1
864691135719900721,864691135546902056,1
864691135719900721,864691135562004193,1
864691135719900721,864691135562842337,1
864691135719900721,864691135567059223,1
864691135719900721,864691135576881950,1
864691135719900721,864691135617440105,1
864691135719900721,864691135689417440,1
864691135719900721,864691135694246079,1
864691135719900721,864691135694415551,1
864691135719900721,864691135717271834,1
864691135719900721,864691135751110185,1
864691135719900721,864691135757083346,1
864691135719900721,864691135765006134,1
864691135719900721,864691135810473245,1
864691135719900721,864691135810492189,1
864691135719900721,864691135941300993,1
864691135719900721,864691135955909640,1
864691135719900721,864691136010639022,1
864691135719900721,864691136033227451,1
864691135719900721,864691136043283030,1
864691135719900721,864691136177629702,1
864691135719900721,864691136177799686,1
864691135719900721,864691136239902780,1
864691135719900721,864691136274655166,1
864691135719900721,864691136421279639,1
864691135719900721,864691136445557123,1
864691135719900721,864691136453384959,1
864691135719900721,864691136488446226,1
864691135719900721,864691136953873631,1
864691135719900721,864691136954050527,1
864691136314404669,864691135325071004,1
864691136314404669,864691135441799752,1
864691136314404669,864691135448303762,1
864691136314404669,864691135466158917,1
864691136314404669,864691135503182685,1
864691136314404669,864691135504327861,1
864691136314404669,864691135518989962,1
864691136314404669,864691135688186080,1
864691136314404669,864691135717163802,1
864691136314404669,864691135724393131,1
864691136314404669,864691135839950227,1
864691136314404669,864691135867644805,1
864691136314404669,864691136022520056,1
864691136314404669,864691136298125851,1
864691136314404669,864691136419797655,1
864691136314404669,864691136437631902,1
864691136314404669,864691136445215875,1
864691136314404669,864691136991202453,1
864691135970226021,864691135325263004,1
864691135970226021,864691135441799752,1
864691135970226021,864691135499707667,1
864691135970226021,864691135562842337,1
864691135970226021,864691135584504429,1
864691135970226021,864691135586724220,1
864691135970226021,864691135617152361,1
864691135970226021,864691135741780116,1
864691135970226021,864691135774389755,1
864691135970226021,864691135938816260,1
864691135970226021,864691135939049988,1
864691135970226021,864691136013367715,1
864691135970226021,864691136137794941,1
864691135970226021,864691136238090767,1
864691135970226021,864691136239108156,1
864691135970226021,864691136524172689,1
864691135970226021,864691136674749575,1
864691135970226021,864691136905758130,1
864691135584008045,864691135015652246,1
864691135584008045,864691135102151968,1
864691135584008045,864691135258642863,1
864691135584008045,864691135272069285,1
864691135584008045,864691135274195217,1
864691135584008045,864691135294190518,1
864691135584008045,864691135304641703,1
864691135584008045,864691135340055782,1
864691135584008045,864691135455507818,1
864691135584008045,864691135496440208,1
864691135584008045,864691135503182685,1
864691135584008045,864691135567047191,1
864691135584008045,864691135583277677,1
864691135584008045,864691135585266808,1
864691135584008045,864691135618505065,1
864691135584008045,864691135656579010,1
864691135584008045,864691135743102827,1
864691135584008045,864691135750958889,1
864691135584008045,864691135849088094,1
864691135584008045,864691135886208112,1
864691135584008045,864691135977666883,1
864691135584008045,864691135993150913,1
864691135584008045,864691135994235841,1
864691135584008045,864691136033227451,1
864691135584008045,864691136033332155,1
864691135584008045,864691136043380566,1
864691135584008045,864691136091634487,1
864691135584008045,864691136120663064,1
864691135584008045,864691136137794941,1
864691135584008045,864691136336107187,1
864691135584008045,864691136421279639,1
864691135584008045,864691136437631902,1
864691135584008045,864691136453419007,1
864691135584008045,864691136618795227,1
864691135584008045,864691136968542926,1
864691135584008045,864691136991202453,1
864691135014355094,864691135270320293,1
864691135014355094,864691135273918993,1
864691135014355094,864691135468854156,1
864691135014355094,864691135697613077,1
864691135014355094,864691135807579933,1
864691135014355094,864691135885140848,1
864691135014355094,864691135946676260,1
864691135014355094,864691135989817088,1
864691135014355094,864691136137834877,1
864691135014355094,864691136596815778,1
864691135384285931,864691135060020123,1
864691135384285931,864691135417443514,1
864691135384285931,864691135750307881,1
864691135384285931,864691135760106830,1
864691135384285931,864691135811335116,1
864691135384285931,864691136298111003,1
864691135384285931,864691136991390869,1
864691135324623260,864691135015605910,1
864691135324623260,864691135136360217,1
864691135324623260,864691135280481697,1
864691135324623260,864691135280944545,1
864691135324623260,864691135398817569,1
864691135324623260,864691135465955397,1
864691135324623260,864691135476495936,1
864691135324623260,864691135497743635,1
864691135324623260,864691135518173395,1
864691135324623260,864691135572346349,1
864691135324623260,864691135578146565,1
864691135324623260,864691135817419343,1
864691135324623260,864691135858298670,1
864691135324623260,864691135866576604,1
864691135324623260,864691135868210454,1
864691135324623260,864691135868466710,1
864691135324623260,864691136380757461,1
864691135324623260,864691136596815778,1
864691136125457446,864691134887026938,1
864691136125457446,864691134948788476,1
864691136125457446,864691135102274592,1
864691136125457446,864691135102433056,1
864691136125457446,864691135304641703,1
864691136125457446,864691135325413788,1
864691136125457446,864691135336055529,1
864691136125457446,864691135357351375,1
864691136125457446,864691135396940021,1
864691136125457446,864691135430275120,1
864691136125457446,864691135480311494,1
864691136125457446,864691135480892614,1
864691136125457446,864691135493620831,1
864691136125457446,864691135493686111,1
864691136125457446,864691135519105162,1
864691136125457446,864691135584629613,1
864691136125457446,864691135587519868,1
864691136125457446,864691135662408944,1
864691136125457446,864691135741998484,1
864691136125457446,864691135756075981,1
864691136125457446,864691135810492189,1
864691136125457446,864691135955962888,1
864691136125457446,864691136275894285,1
864691136125457446,864691136438469534,1
864691136125457446,864691136664950750,1
864691136125457446,864691136905458866,1
864691136125457446,864691136953873631,1
864691136125457446,864691136968542926,1
864691136125457446,864691136991202453,1
864691135975824495,864691135209280633,1
864691135975824495,864691135640398651,1
864691135975824495,864691135868957462,1
864691135975824495,864691135878061395,1
864691135975824495,864691136120658712,1
864691135975824495,864691136195798504,1
864691135975824495,864691136309871706,1
864691135595040043,864691135405733870,1
864691135595040043,864691135430486576,1
864691135595040043,864691136420195223,1
864691135497743635,864691135270320293,1
864691135497743635,864691135359010904,1
864691135497743635,864691135367033849,1
864691135497743635,864691135382556378,1
864691135497743635,864691135428676144,1
864691135497743635,864691135501703746,1
864691135497743635,864691135700648226,1
864691135497743635,864691135701624699,1
864691135497743635,864691135852138183,1
864691135497743635,864691135864188286,1
864691135497743635,864691135885140848,1
864691135497743635,864691135946676260,1
864691135497743635,864691135975539779,1
864691135497743635,864691135975633475,1
864691135497743635,864691136108938168,1
864691135497743635,864691136136766845,1
864691135497743635,864691136196127208,1
864691135497743635,864691136334080435,1
864691135497743635,864691136419797655,1
864691135497743635,864691136812081779,1
864691136579408916,864691134886499066,1
864691136579408916,864691134989865338,1
864691136579408916,864691135195825450,1
864691136579408916,864691135271696549,1
864691136579408916,864691135374981320,1
864691136579408916,864691135405733870,1
864691136579408916,864691135430004016,1
864691136579408916,864691135448215698,1
864691136579408916,864691135499707667,1
864691136579408916,864691135566168599,1
864691136579408916,864691135717275162,1
864691136579408916,864691135779020221,1
864691136579408916,864691136110366904,1
864691136579408916,864691136420195223,1
864691136579408916,864691136424439855,1
864691136579408916,864691136924515300,1
864691136579408916,864691136953413599,1
864691136976001308,864691135214986368,1
864691136976001308,864691135398817569,1
864691136976001308,864691135562975969,1
864691136976001308,864691135578360837,1
864691136976001308,864691135656578242,1
864691136976001308,864691135731679929,1
864691136976001308,864691135732578745,1
864691136976001308,864691135774294603,1
864691136976001308,864691135868919318,1
864691136976001308,864691136041575422,1
864691136976001308,864691136043380566,1
864691136976001308,864691136137237899,1
864691136976001308,864691136144674612,1
864691136976001308,864691136177629702,1
864691136976001308,864691136331249642,1
864691136976001308,864691136389688695,1
864691136976001308,864691136453384959,1
864691136976001308,864691136905458866,1
864691136976001308,864691136991359893,1
864691135842486243,864691134991010426,1
864691135842486243,864691135357351375,1
864691135842486243,864691135448303762,1
864691135842486243,864691135469753426,1
864691135842486243,864691135540272498,1
864691135842486243,864691135816693327,1
864691135842486243,864691135857993774,1
864691135842486243,864691135868210454,1
864691135842486243,864691136033227451,1
864691135842486243,864691136091634487,1
864691135842486243,864691136137237899,1
864691135842486243,864691136445215875,1
864691135842486243,864691136453384959,1
864691135842486243,864691136523288465,1
864691135842486243,864691136742067804,1
864691135842486243,864691136914414321,1
864691135343818161,864691135272003237,1
864691135343818161,864691135774053371,1
864691135343818161,864691135892214409,1
864691135343818161,864691136298125851,1
864691135694246079,864691135102274592,1
864691135694246079,864691135135019168,1
864691135694246079,864691135258642863,1
864691135694246079,864691135294190518,1
864691135694246079,864691135325263004,1
864691135694246079,864691135396794101,1
864691135694246079,864691135492568551,1
864691135694246079,864691135732210873,1
864691135694246079,864691135756075981,1
864691135694246079,864691135778419901,1
864691135694246079,864691136390788215,1
864691135694246079,864691136905560754,1
864691135694246079,864691136991202453,1
864691135694246079,864691136991390869,1
864691137198382657,864691135778132576,1
864691135656579010,864691134948788476,1
864691135656579010,864691135101431072,1
864691135656579010,864691135155894884,1
864691135656579010,864691135212492992,1
864691135656579010,864691135272003237,1
864691135656579010,864691135277309669,1
864691135656579010,864691135304641703,1
864691135656579010,864691135396794101,1
864691135656579010,864691135398805281,1
864691135656579010,864691135441799752,1
864691135656579010,864691135448303762,1
864691135656579010,864691135464795710,1
864691135656579010,864691135476528704,1
864691135656579010,864691135493620831,1
864691135656579010,864691135502885954,1
864691135656579010,864691135562410721,1
864691135656579010,864691135584629613,1
864691135656579010,864691135586240120,1
864691135656579010,864691135656578242,1
864691135656579010,864691135739008132,1
864691135656579010,864691135763941174,1
864691135656579010,864691135774179147,1
864691135656579010,864691135774368763,1
864691135656579010,864691136013367715,1
864691135656579010,864691136041575422,1
864691135656579010,864691136288598467,1
864691135656579010,864691136373008520,1
864691135656579010,864691136452447743,1
864691135656579010,864691136742067804,1
864691135656579010,864691136914414321,1
864691136125433894,864691135504315317,1
864691136125433894,864691135539491442,1
864691136125433894,864691135577221406,1
864691136125433894,864691135720638769,1
864691136125433894,864691135727961663,1
864691136125433894,864691135750642473,1
864691136125433894,864691135763795510,1
864691136125433894,864691135773208651,1
864691136125433894,864691135849088094,1
864691136125433894,864691135892214409,1
864691136125433894,864691135927494158,1
864691136125433894,864691135975824495,1
864691136125433894,864691136107283417,1
864691136125433894,864691136144827444,1
864691136125433894,864691136421279639,1
864691135811335116,864691135510191369,1
864691135811335116,864691135566168599,1
864691135811335116,864691135618505065,1
864691135811335116,864691135750307881,1
864691135811335116,864691135977666883,1
864691135811335116,864691137021264750,1
864691136619096795,864691134949263100,1
864691136619096795,864691135280481697,1
864691136619096795,864691135362104647,1
864691136619096795,864691135480892614,1
864691136619096795,864691135492568551,1
864691136619096795,864691135510191369,1
864691136619096795,864691135573276197,1
864691136619096795,864691135885140848,1
864691136619096795,864691135952121379,1
864691136619096795,864691135975633475,1
864691136619096795,864691136023980601,1
864691136619096795,864691136330101226,1
864691136619096795,864691136452609023,1
864691136619096795,864691136905560754,1
864691136619096795,864691136927187786,1
864691135405626862,864691135325263004,1
864691135405626862,864691135739689073,1
864691135405626862,864691135855890478,1
864691135405626862,864691135947258916,1
864691135405626862,864691135970180709,1
864691135405626862,864691136022520056,1
864691135405626862,864691136111559352,1
864691135405626862,864691136968542926,1
864691135405626862,864691137198691137,1
864691135764015926,864691134966114591,1
864691135764015926,864691135059845275,1
864691135764015926,864691135271696549,1
864691135764015926,864691135493686111,1
864691135764015926,864691135497743635,1
864691135764015926,864691135576881950,1
864691135764015926,864691135587532924,1
864691135764015926,864691135591854347,1
864691135764015926,864691136904488114,1
864691135890141321,864691134949248508,1
864691135890141321,864691135066958404,1
864691135890141321,864691135504327861,1
864691135890141321,864691135719900721,1
864691135890141321,864691135738969220,1
864691135890141321,864691135977654851,1
864691135890141321,864691136111559352,1
864691135890141321,864691136125956134,1
864691135890141321,864691136314404669,1
864691135577221406,864691135360346200,1
864691135577221406,864691135469422674,1
864691135577221406,864691135562842337,1
864691135577221406,864691135688186080,1
864691135577221406,864691135694246079,1
864691135577221406,864691135698211994,1
864691135577221406,864691135732210873,1
864691135577221406,864691135801463650,1
864691135577221406,864691136058745048,1
864691135577221406,864691136092725684,1
864691135577221406,864691136905758130,1
864691136991359893,864691135294190518,1
864691136991359893,864691135362104647,1
864691136991359893,864691135388368001,1
864691136991359893,864691135448215698,1
864691136991359893,864691135466236229,1
864691136991359893,864691135510846217,1
864691136991359893,864691135640297787,1
864691136991359893,864691135688186080,1
864691136991359893,864691135751110185,1
864691136991359893,864691135842486243,1
864691136991359893,864691135939049988,1
864691136991359893,864691136010639022,1
864691136991359893,864691136991202453,1
864691135102381856,864691135066958404,1
864691135102381856,864691135136360217,1
864691135102381856,864691135258642863,1
864691135102381856,864691135362104647,1
864691135102381856,864691135388368001,1
864691135102381856,864691135465955397,1
864691135102381856,864691135492568551,1
864691135102381856,864691135562798817,1
864691135102381856,864691135591041291,1
864691135102381856,864691135617152361,1
864691135102381856,864691135688186080,1
864691135102381856,864691135732578745,1
864691135102381856,864691135741524587,1
864691135102381856,864691135939049988,1
864691135102381856,864691135955962888,1
864691135102381856,864691135977666883,1
864691135102381856,864691136022520056,1
864691135102381856,864691136034181307,1
864691135102381856,864691136177629702,1
864691135102381856,864691136437631902,1
864691135102381856,864691136619096795,1
864691135102381856,864691136665051614,1
864691135102381856,864691136905758130,1
864691135102381856,864691136991202453,1
864691135464795710,864691135233242713,1
864691135464795710,864691135398805281,1
864691135464795710,864691135518173395,1
864691135464795710,864691135577651230,1
864691135464795710,864691135591041291,1
864691135464795710,864691135782702387,1
864691135464795710,864691136311059034,1
864691135464795710,864691136991202453,1
864691135802453858,864691134949248508,1
864691135802453858,864691135102274592,1
864691135802453858,864691135258642863,1
864691135802453858,864691135272003237,1
864691135802453858,864691135562975969,1
864691135802453858,864691135861093992,1
864691135802453858,864691135977666883,1
864691135802453858,864691136011684526,1
864691135802453858,864691136419797655,1
864691135388828033,864691137021162094,1
864691137198691137,864691134919972106,1
864691137198691137,864691135155894884,1
864691137198691137,864691135164887853,1
864691137198691137,864691135258642863,1
864691137198691137,864691135294442678,1
864691137198691137,864691135441799752,1
864691137198691137,864691135470787666,1
864691137198691137,864691135490326074,1
864691137198691137,864691135493620831,1
864691137198691137,864691135562975969,1
864691137198691137,864691135577749022,1
864691137198691137,864691135685087474,1
864691137198691137,864691135688186080,1
864691137198691137,864691135774294603,1
864691137198691137,864691135774368763,1
864691137198691137,864691135774389755,1
864691137198691137,864691135778638013,1
864691137198691137,864691135928366606,1
864691137198691137,864691135993150913,1
864691137198691137,864691136042982742,1
864691137198691137,864691136043380566,1
864691137198691137,864691136111251896,1
864691137198691137,864691136137293195,1
864691137198691137,864691136330101226,1
864691137198691137,864691136331249642,1
864691137198691137,864691136389688695,1
864691135591041291,864691135066958404,1
864691135591041291,864691135503182685,1
864691135591041291,864691135566155351,1
864691135591041291,864691135566168599,1
864691135591041291,864691135571192966,1
864691135591041291,864691135688186080,1
864691135591041291,864691135698211994,1
864691135591041291,864691135742756203,1
864691135591041291,864691135868210454,1
864691135591041291,864691135919956656,1
864691135591041291,864691136042982742,1
864691135591041291,864691136195400150,1
864691135591041291,864691136195798504,1
864691135591041291,864691136275031565,1
864691135591041291,864691136330407914,1
864691135591041291,864691136674749575,1
864691135470787666,864691135212492992,1
864691135470787666,864691135277186789,1
864691135470787666,864691135280481697,1
864691135470787666,864691135430346544,1
864691135470787666,864691135468948364,1
864691135470787666,864691135499231763,1
864691135470787666,864691135583172717,1
864691135470787666,864691135732210873,1
864691135470787666,864691135927494158,1
864691135470787666,864691136330101226,1
864691135470787666,864691136424439855,1
864691135470787666,864691136914414321,1
864691136010028974,864691135360017752,1
864691136010028974,864691135504315317,1
864691136010028974,864691135719761713,1
864691136010028974,864691135947258916,1
864691136010028974,864691136903681458,1
864691135124146727,864691135362104647,1
864691135849426270,864691135157198692,1
864691135849426270,864691135756319186,1
864691135849426270,864691136437631902,1
864691135849426270,864691136904488114,1
864691135732210873,864691134948788476,1
864691135732210873,864691135577644574,1
864691135732210873,864691135688186080,1
864691135732210873,864691135774389755,1
864691135732210873,864691135779049056,1
864691135732210873,864691135866576604,1
864691135732210873,864691135867644805,1
864691135732210873,864691135993150913,1
864691135732210873,864691136125956134,1
864691135732210873,864691136390474359,1
864691135209432185,864691134949263100,1
864691135209432185,864691135503182685,1
864691135209432185,864691135617152361,1
864691135209432185,864691135868210454,1
864691135209432185,864691135977666883,1
864691135209432185,864691136022520056,1
864691135209432185,864691136195391208,1
864691135209432185,864691136314491965,1
864691135209432185,864691136330101226,1
864691135209432185,864691136913993713,1
864691136120658712,864691134884807418,1
864691136120658712,864691134886569210,1
864691136120658712,864691134886828794,1
864691136120658712,864691134942472035,1
864691136120658712,864691135257404079,1
864691136120658712,864691135271081125,1
864691136120658712,864691135274195217,1
864691136120658712,864691135387690069,1
864691136120658712,864691135518453642,1
864691136120658712,864691135578103301,1
864691136120658712,864691135585415544,1
864691136120658712,864691135593133067,1
864691136120658712,864691135640398651,1
864691136120658712,864691135654715586,1
864691136120658712,864691135750642473,1
864691136120658712,864691135756319186,1
864691136120658712,864691135809608652,1
864691136120658712,864691135864188286,1
864691136120658712,864691135938816260,1
864691136120658712,864691136330101226,1
864691136120658712,864691136724880893,1
864691136120658712,864691137055367798,1
864691136380264149,864691135082864887,1
864691136380264149,864691135501703746,1
864691136380264149,864691135517531786,1
864691136380264149,864691135585415544,1
864691136380264149,864691135654715586,1
864691136380264149,864691135697613077,1
864691136380264149,864691135952122147,1
864691136380264149,864691135975633475,1
864691135504327861,864691135124146727,1
864691135504327861,864691135362104647,1
864691135504327861,864691135396794101,1
864691135504327861,864691135566168599,1
864691135504327861,864691135617152361,1
864691135504327861,864691135739587697,1
864691135504327861,864691135756075981,1
864691135504327861,864691135773073147,1
864691135504327861,864691135954393891,1
864691135504327861,864691136013367715,1
864691135504327861,864691136330101226,1
864691135504327861,864691136380757461,1
864691135504327861,864691136437631902,1
864691135504327861,864691136484364844,1
864691135504327861,864691136524172689,1
864691135504327861,864691136905560754,1
864691135504327861,864691136991202453,1
864691135502730562,864691135740860820,1
864691135350420951,864691135688186080,1
864691135700409211,864691135778132576,1
864691135700409211,864691135919645872,1
864691135700409211,864691135975539779,1
864691135700409211,864691136194355176,1
864691135700409211,864691136904761266,1
864691136452609023,864691135566168599,1
864691136452609023,864691135577221406,1
864691136452609023,864691135656579010,1
864691136452609023,864691136022520056,1
864691136452609023,864691136125457446,1
864691136452609023,864691137199828801,1
864691135739587697,864691134949263100,1
864691135739587697,864691135102274592,1
864691135739587697,864691135441799752,1
864691135739587697,864691135476495936,1
864691135739587697,864691135490326074,1
864691135739587697,864691135688186080,1
864691135739587697,864691135716679194,1
864691135739587697,864691135743102827,1
864691135739587697,864691135765013302,1
864691135739587697,864691135774179147,1
864691135739587697,864691135842486243,1
864691135739587697,864691135861093992,1
864691135739587697,864691135955962888,1
864691135739587697,864691136011686318,1
864691135739587697,864691136211385020,1
864691135739587697,864691136330407914,1
864691135739587697,864691136391042167,1
864691135739587697,864691136419797655,1
864691135739587697,864691136425073455,1
864691136195400150,864691135258642863,1
864691136195400150,864691135430004016,1
864691136195400150,864691135591041291,1
864691136195400150,864691135616363211,1
864691136195400150,864691135688186080,1
864691136195400150,864691135725842603,1
864691136195400150,864691135741930603,1
864691136195400150,864691135774389755,1
864691136195400150,864691135808925981,1
864691136195400150,864691136238679567,1
864691136195400150,864691136336179123,1
864691136195400150,864691136452609023,1
864691136042982742,864691135465932357,1
864691136042982742,864691135490326074,1
864691136042982742,864691135493620831,1
864691136042982742,864691135591041291,1
864691136042982742,864691135782241616,1
864691136042982742,864691135955962888,1
864691136042982742,864691136419797655,1
864691136042982742,864691136618795227,1
864691136331249642,864691135164887853,1
864691136331249642,864691135277186789,1
864691136331249642,864691135294442678,1
864691136331249642,864691135398805281,1
864691136331249642,864691135464928318,1
864691136331249642,864691135503182685,1
864691136331249642,864691135584008045,1
864691136331249642,864691135584629613,1
864691136331249642,864691135763941174,1
864691136331249642,864691135977666883,1
864691136331249642,864691136042982742,1
864691136331249642,864691136330101226,1
864691136331249642,864691136603811281,1
864691135970206821,864691135304679079,1
864691135970206821,864691135510191369,1
864691135970206821,864691135686414775,1
864691135970206821,864691135755197133,1
864691135970206821,864691136311106650,1
864691135970206821,864691137054934902,1
864691135510846217,864691135417443514,1
864691135510846217,864691135757040082,1
864691135510846217,864691135810492189,1
864691135510846217,864691136058745048,1
864691135510846217,864691136438666398,1
864691135162908461,864691135341198789,1
864691135162908461,864691135385422677,1
864691135162908461,864691135741619051,1
864691135162908461,864691135955060232,1
864691136092725684,864691135209194617,1
864691136092725684,864691135294190518,1
864691136092725684,864691135448698196,1
864691136092725684,864691135470787666,1
864691136092725684,864691135566168599,1
864691136092725684,864691135695042751,1
864691136092725684,864691135698922005,1
864691136092725684,864691135857099310,1
864691136092725684,864691135866576604,1
864691136092725684,864691135988557315,1
864691136092725684,864691135996158378,1
864691136092725684,864691136022520056,1
864691136092725684,864691136137794941,1
864691136092725684,864691136210344892,1
864691136092725684,864691136239902780,1
864691136092725684,864691136330101226,1
864691136092725684,864691136390183696,1
864691136092725684,864691136437631902,1
864691136092725684,864691136991202453,1
864691136119885080,864691135335635177,1
864691136119885080,864691135340055782,1
864691136119885080,864691135342523057,1
864691136119885080,864691135397846049,1
864691136119885080,864691135741524587,1
864691136119885080,864691135751110185,1
864691136119885080,864691135810466333,1
864691136119885080,864691136101464181,1
864691136119885080,864691136118686884,1
864691136119885080,864691136363303138,1
864691136119885080,864691136904488114,1
864691136391623039,864691136578982164,1
864691135417045946,864691135212492992,1
864691135417045946,864691135382556378,1
864691135417045946,864691135397982753,1
864691135417045946,864691135495698832,1
864691135417045946,864691135763495478,1
864691135417045946,864691136010028974,1
864691135417045946,864691136239068732,1
864691135417045946,864691136298045979,1
864691135417045946,864691136578820884,1
864691136453419007,864691135015154934,1
864691136453419007,864691135102433056,1
864691136453419007,864691135135019168,1
864691136453419007,864691135233242713,1
864691136453419007,864691135258642863,1
864691136453419007,864691135272069285,1
864691136453419007,864691135441799752,1
864691136453419007,864691135470787666,1
864691136453419007,864691135569592300,1
864691136453419007,864691135719900721,1
864691136453419007,864691135725842603,1
864691136453419007,864691135868210454,1
864691136453419007,864691135919956656,1
864691136453419007,864691135939477508,1
864691136453419007,864691136033227451,1
864691136453419007,864691136043380566,1
864691136453419007,864691136137794941,1
864691136453419007,864691136211385020,1
864691136453419007,864691136228250961,1
864691136453419007,864691136336039091,1
864691136453419007,864691136437631902,1
864691136453419007,864691136976001308,1
864691136380757461,864691134919972106,1
864691136380757461,864691134950156796,1
864691136380757461,864691135015652246,1
864691136380757461,864691135155894884,1
864691136380757461,864691135405337326,1
864691136380757461,864691135476528704,1
864691136380757461,864691135490326074,1
864691136380757461,864691135502885954,1
864691136380757461,864691135585266808,1
864691136380757461,864691135739689073,1
864691136380757461,864691135774389755,1
864691136380757461,864691135779020221,1
864691136380757461,864691135976425327,1
864691136380757461,864691136092725684,1
864691136380757461,864691136177629702,1
864691136380757461,864691136311059034,1
864691136380757461,864691136389688695,1
864691135852138183,864691134886828794,1
864691135852138183,864691136991202453,1
864691135952122147,864691135059143323,1
864691135952122147,864691135134695328,1
864691135952122147,864691135428676144,1
864691135952122147,864691135585046648,1
864691135952122147,864691135885140848,1
864691135952122147,864691136275919117,1
864691135952122147,864691136724880893,1
864691135587519868,864691134887460346,1
864691135587519868,864691135124146727,1
864691135587519868,864691135210134905,1
864691135587519868,864691135465932357,1
864691135587519868,864691135470787666,1
864691135587519868,864691135480892614,1
864691135587519868,864691135504327861,1
864691135587519868,864691135540440178,1
864691135587519868,864691135562975969,1
864691135587519868,864691135577651230,1
864691135587519868,864691135616048587,1
864691135587519868,864691135817419343,1
864691135587519868,864691135939477508,1
864691135587519868,864691135994226881,1
864691135587519868,864691136288598467,1
864691135587519868,864691136314491965,1
864691135587519868,864691136364308962,1
864691135587519868,864691136437631902,1
864691135587519868,864691136438717086,1
864691135587519868,864691136524172689,1
864691135587519868,864691136603811281,1
864691135587519868,864691136619096795,1
864691135587519868,864691136665051614,1
864691135587519868,864691136742067804,1
864691135587519868,864691136814627955,1
864691135587519868,864691136953873631,1
864691135587519868,864691136976001308,1
864691135476495936,864691134949248508,1
864691135476495936,864691134966710559,1
864691135476495936,864691134991010426,1
864691135476495936,864691135118894813,1
864691135476495936,864691135209369465,1
864691135476495936,864691135258509487,1
864691135476495936,864691135277186789,1
864691135476495936,864691135294520844,1
864691135476495936,864691135342958789,1
864691135476495936,864691135351096279,1
864691135476495936,864691135360346200,1
864691135476495936,864691135396794101,1
864691135476495936,864691135430346544,1
864691135476495936,864691135465955397,1
864691135476495936,864691135469753426,1
864691135476495936,864691135469845388,1
864691135476495936,864691135504168285,1
864691135476495936,864691135562004193,1
864691135476495936,864691135562474977,1
864691135476495936,864691135572385061,1
864691135476495936,864691135577651230,1
864691135476495936,864691135577749022,1
864691135476495936,864691135578360837,1
864691135476495936,864691135583277677,1
864691135476495936,864691135584629613,1
864691135476495936,864691135591726603,1
864691135476495936,864691135593133067,1
864691135476495936,864691135686283703,1
864691135476495936,864691135698211994,1
864691135476495936,864691135724393131,1
864691135476495936,864691135725842603,1
864691135476495936,864691135727961663,1
864691135476495936,864691135750958889,1
864691135476495936,864691135751110185,1
864691135476495936,864691135756075981,1
864691135476495936,864691135774179147,1
864691135476495936,864691135778638013,1
864691135476495936,864691135787537348,1
864691135476495936,864691135842486243,1
864691135476495936,864691135868386070,1
864691135476495936,864691135885911920,1
864691135476495936,864691135892214409,1
864691135476495936,864691135919645872,1
864691135476495936,864691135942924148,1
864691135476495936,864691135947258916,1
864691135476495936,864691135970206821,1
864691135476495936,864691136013367715,1
864691135476495936,864691136026254649,1
864691135476495936,864691136042982742,1
864691135476495936,864691136058745048,1
864691135476495936,864691136091074615,1
864691135476495936,864691136101516661,1
864691135476495936,864691136111559352,1
864691135476495936,864691136118370724,1
864691135476495936,864691136211175612,1
864691135476495936,864691136211385020,1
864691135476495936,864691136330101226,1
864691135476495936,864691136391042167,1
864691135476495936,864691136523288465,1
864691135476495936,864691136523335057,1
864691135476495936,864691136604001745,1
864691135476495936,864691136814508659,1
864691135476495936,864691136913993713,1
864691135476495936,864691136954050527,1
864691135476495936,864691136991359893,1
864691135749995049,864691135134695328,1
864691135749995049,864691135772053835,1
864691135749995049,864691136194355176,1
864691135764583990,864691135214931072,1
864691135764583990,864691135258642863,1
864691135764583990,864691135339600102,1
864691135764583990,864691135343818161,1
864691135764583990,864691135362104647,1
864691135764583990,864691135398805281,1
864691135764583990,864691135405626862,1
864691135764583990,864691135416233914,1
864691135764583990,864691135493149927,1
864691135764583990,864691135493620831,1
864691135764583990,864691135503182685,1
864691135764583990,864691135566168599,1
864691135764583990,864691135654715586,1
864691135764583990,864691135684657079,1
864691135764583990,864691135685087474,1
864691135764583990,864691135694415551,1
864691135764583990,864691135720638769,1
864691135764583990,864691135750307881,1
864691135764583990,864691135861093992,1
864691135764583990,864691135878061395,1
864691135764583990,864691135928366606,1
864691135764583990,864691135955962888,1
864691135764583990,864691135977666883,1
864691135764583990,864691136091634487,1
864691135764583990,864691136118370724,1
864691135764583990,864691136314491965,1
864691135764583990,864691136330101226,1
864691135764583990,864691136381301461,1
864691135764583990,864691136389607287,1
864691135764583990,864691136523216017,1
864691135764583990,864691136665051614,1
864691135764583990,864691136813937267,1
864691135764583990,864691136914414321,1
864691135764583990,864691136991202453,1
864691136298045979,864691135367033849,1
864691136298045979,864691135385422677,1
864691136298045979,864691135416233914,1
864691136298045979,864691135518989962,1
864691136298045979,864691136117770660,1
864691136298045979,864691136275031565,1
864691136298045979,864691136311106650,1
864691135861093992,864691134950156796,1
864691135861093992,864691135060651419,1
864691135861093992,864691135325263004,1
864691135861093992,864691135343818161,1
864691135861093992,864691135405626862,1
864691135861093992,864691135448303762,1
864691135861093992,864691135490326074,1
864691135861093992,864691135617152361,1
864691135861093992,864691135655390658,1
864691135861093992,864691135757083346,1
864691135861093992,864691135774053371,1
864691135861093992,864691135939477508,1
864691135861093992,864691135994235841,1
864691135861093992,864691136013367715,1
864691135861093992,864691136043380566,1
864691135861093992,864691136330101226,1
864691135861093992,864691136437631902,1
864691135861093992,864691136814627955,1
864691136227484753,864691135233242713,1
864691136227484753,864691135782241616,1
864691135490326074,864691135257669039,1
864691135490326074,864691135782156368,1
864691135490326074,864691135839950227,1
864691135490326074,864691136043380566,1
864691135490326074,864691136195400150,1
864691135490326074,864691136195798504,1
864691135490326074,864691136298125851,1
864691135490326074,864691136419797655,1
864691135490326074,864691136438469534,1
864691135490326074,864691136453419007,1
864691135490326074,864691137021264750,1
864691135496440208,864691135102151968,1
864691135496440208,864691135136360217,1
864691135496440208,864691135210134905,1
864691135496440208,864691135294190518,1
864691135496440208,864691135362104647,1
864691135496440208,864691135388368001,1
864691135496440208,864691135469753426,1
864691135496440208,864691135470787666,1
864691135496440208,864691135518283475,1
864691135496440208,864691135576881950,1
864691135496440208,864691135582973549,1
864691135496440208,864691135619756943,1
864691135496440208,864691135725748139,1
864691135496440208,864691135731679929,1
864691135496440208,864691135774053371,1
864691135496440208,864691135885911920,1
864691135496440208,864691135970226021,1
864691135496440208,864691135977666883,1
864691135496440208,864691136022520056,1
864691135496440208,864691136034084795,1
864691135496440208,864691136195798504,1
864691135496440208,864691136274655166,1
864691135496440208,864691136330101226,1
864691135496440208,864691136373008520,1
864691135496440208,864691136389921911,1
864691135496440208,864691136452602367,1
864691135496440208,864691136453419007,1
864691135584629613,864691134948788476,1
864691135584629613,864691135060727707,1
864691135584629613,864691135272003237,1
864691135584629613,864691135294442678,1
864691135584629613,864691135339600102,1
864691135584629613,864691135362104647,1
864691135584629613,864691135577644574,1
864691135584629613,864691135587371132,1
864691135584629613,864691135688186080,1
864691135584629613,864691135725920939,1
864691135584629613,864691135741780116,1
864691135584629613,864691135774294603,1
864691135584629613,864691135774389755,1
864691135584629613,864691135919956656,1
864691135584629613,864691135977666883,1
864691135584629613,864691136011684526,1
864691135584629613,864691136042982742,1
864691135584629613,864691136195798504,1
864691135584629613,864691136437631902,1
864691135584629613,864691136905560754,1
864691136041575422,864691134948788476,1
864691136041575422,864691135455400554,1
864691136041575422,864691135646481135,1
864691136041575422,864691135688186080,1
864691136041575422,864691135695146943,1
864691136041575422,864691135731705273,1
864691136041575422,864691135927647956,1
864691136041575422,864691135937286404,1
864691136041575422,864691136011768494,1
864691136041575422,864691136022520056,1
864691136041575422,864691136136778621,1
864691136041575422,864691136195391208,1
864691136041575422,864691136228250961,1
864691136041575422,864691136330407914,1
864691136041575422,864691136484364844,1
864691136041575422,864691136619882637,1
864691136041575422,864691136674495623,1
864691136438469534,864691135369002233,1
864691136438469534,864691135405626862,1
864691136438469534,864691135562975969,1
864691136438469534,864691135685087474,1
864691136438469534,864691135732210873,1
864691136438469534,864691135741458324,1
864691136438469534,864691135817419343,1
864691136438469534,864691136011686318,1
864691136438469534,864691136091634487,1
864691136438469534,864691136364308962,1
864691136438469534,864691136437631902,1
864691136438469534,864691136618795227,1
864691136135963787,864691135113733529,1
864691136135963787,864691135271463077,1
864691136135963787,864691136025184569,1
864691136135963787,864691136117770660,1
864691136135963787,864691136363473634,1
864691136135963787,864691137198382657,1
864691135273918993,864691135782156368,1
864691135273918993,864691135809608652,1
864691135325487004,864691134942169955,1
864691135325487004,864691135067066948,1
864691135325487004,864691135368949241,1
864691135325487004,864691135396940021,1
864691135325487004,864691135466158917,1
864691135325487004,864691135504327861,1
864691135325487004,864691135562842337,1
864691135325487004,864691135577749022,1
864691135325487004,864691135587532924,1
864691135325487004,864691135688186080,1
864691135325487004,864691135743102827,1
864691135325487004,864691135774053371,1
864691135325487004,864691135808925981,1
864691135325487004,864691135976425327,1
864691135325487004,864691136010639022,1
864691135325487004,864691136195834070,1
864691135325487004,864691136392785279,1
864691135325487004,864691136438469534,1
864691135325487004,864691136488414994,1
864691135325487004,864691136991202453,1
864691135325487004,864691137199828801,1
864691136034084795,864691135504081986,1
864691136034084795,864691135562842337,1
864691136034084795,864691135688186080,1
864691136034084795,864691135689417440,1
864691136034084795,864691135698211994,1
864691136034084795,864691135750307881,1
864691136034084795,864691135839950227,1
864691136034084795,864691135878061395,1
864691136034084795,864691136927187786,1
864691136813937267,864691135257669039,1
864691136813937267,864691135271038885,1
864691136813937267,864691135304641703,1
864691136813937267,864691135362104647,1
864691136813937267,864691135490326074,1
864691136813937267,864691135577749022,1
864691136813937267,864691135584629613,1
864691136813937267,864691135685087474,1
864691136813937267,864691135764583990,1
864691136813937267,864691135774368763,1
864691136813937267,864691135779049056,1
864691136813937267,864691135861093992,1
864691136813937267,864691135947258916,1
864691136813937267,864691136022520056,1
864691136813937267,864691136228250961,1
864691136813937267,864691136298125851,1
864691136813937267,864691136330101226,1
864691136813937267,864691136331249642,1
864691136813937267,864691136380757461,1
864691136813937267,864691136437631902,1
864691136813937267,864691136452602367,1
864691136813937267,864691136991202453,1
864691136812081779,864691135014355094,1
864691136812081779,864691135082864887,1
864691136812081779,864691135233242713,1
864691136812081779,864691135273918993,1
864691136812081779,864691135491204327,1
864691136812081779,864691135572530981,1
864691136812081779,864691135593659947,1
864691136812081779,864691135659358850,1
864691136812081779,864691135700648226,1
864691136812081779,864691136136766845,1
864691136812081779,864691136298045979,1
864691136604001745,864691135101431072,1
864691136604001745,864691135277309669,1
864691136604001745,864691135417478842,1
864691136604001745,864691135469753426,1
864691136604001745,864691135470787666,1
864691136604001745,864691135493686111,1
864691136604001745,864691135496440208,1
864691136604001745,864691135518283475,1
864691136604001745,864691135750307881,1
864691136604001745,864691135839932307,1
864691136604001745,864691136177629702,1
864691136604001745,864691136314404669,1
864691136604001745,864691136437631902,1
864691136604001745,864691136619096795,1
864691136604001745,864691137021264750,1
864691135448303762,864691134942472035,1
864691135448303762,864691135135019168,1
864691135448303762,864691135164887853,1
864691135448303762,864691135257669039,1
864691135448303762,864691135280481697,1
864691135448303762,864691135362104647,1
864691135448303762,864691135465932357,1
864691135448303762,864691135717163802,1
864691135448303762,864691135750307881,1
864691135448303762,864691135868919318,1
864691135448303762,864691135919956656,1
864691135448303762,864691136119885080,1
864691135448303762,864691136144674612,1
864691135448303762,864691136228250961,1
864691135448303762,864691136274655166,1
864691135448303762,864691136331249642,1
864691135448303762,864691136524172689,1
864691135448303762,864691136742067804,1
864691135448303762,864691137198691137,1
864691135662408944,864691134919869706,1
864691135662408944,864691134965778719,1
864691135662408944,864691135060727707,1
864691135662408944,864691135155894884,1
864691135662408944,864691135294442678,1
864691135662408944,864691135398817569,1
864691135662408944,864691135493620831,1
864691135662408944,864691135502885954,1
864691135662408944,864691135540440178,1
864691135662408944,864691135566168599,1
864691135662408944,864691135584629613,1
864691135662408944,864691135778419901,1
864691135662408944,864691135839932307,1
864691135662408944,864691136137293195,1
864691135662408944,864691136177629702,1
864691135662408944,864691136314404669,1
864691135662408944,864691136523033233,1
864691135662408944,864691136603811281,1
864691135662408944,864691137055367798,1
864691135743102827,864691134942169955,1
864691135743102827,864691135233242713,1
864691135743102827,864691135257669039,1
864691135743102827,864691135258642863,1
864691135743102827,864691135430346544,1
864691135743102827,864691135455507818,1
864691135743102827,864691135466158917,1
864691135743102827,864691135518283475,1
864691135743102827,864691135518989962,1
864691135743102827,864691135562975969,1
864691135743102827,864691135577651230,1
864691135743102827,864691135656674242,1
864691135743102827,864691135662408944,1
864691135743102827,864691135685087474,1
864691135743102827,864691135689417440,1
864691135743102827,864691135731679929,1
864691135743102827,864691135750958889,1
864691135743102827,864691135757040082,1
864691135743102827,864691135764015926,1
864691135743102827,864691135774294603,1
864691135743102827,864691135782544435,1
864691135743102827,864691135855890478,1
864691135743102827,864691135861093992,1
864691135743102827,864691135939008565,1
864691135743102827,864691136022520056,1
864691135743102827,864691136040834558,1
864691135743102827,864691136111251896,1
864691135743102827,864691136125433894,1
864691135743102827,864691136195391208,1
864691135743102827,864691136195400150,1
864691135743102827,864691136210344892,1
864691135743102827,864691136228250961,1
864691135743102827,864691136314491965,1
864691135743102827,864691136330407914,1
864691135743102827,864691136373008520,1
864691135743102827,864691136421279639,1
864691135743102827,864691136578820884,1
864691135743102827,864691136664950750,1
864691135743102827,864691136914414321,1
864691135743102827,864691136991202453,1
864691135743102827,864691137021264750,1
864691135455400554,864691135304641703,1
864691135455400554,864691135357351375,1
864691135455400554,864691135493149927,1
864691135455400554,864691135619756943,1
864691135455400554,864691135698211994,1
864691135455400554,864691135738969220,1
864691135455400554,864691135816565839,1
864691135455400554,864691136010639022,1
864691135455400554,864691136023889209,1
864691135455400554,864691136524172689,1
864691135455400554,864691136618795227,1
864691135455400554,864691136968542926,1
864691135738969220,864691135164887853,1
864691135738969220,864691135214986368,1
864691135738969220,864691135258642863,1
864691135738969220,864691135272069285,1
864691135738969220,864691135304641703,1
864691135738969220,864691135466236229,1
864691135738969220,864691135493620831,1
864691135738969220,864691135567047191,1
864691135738969220,864691135577644574,1
864691135738969220,864691135584629613,1
864691135738969220,864691135586724220,1
864691135738969220,864691135688186080,1
864691135738969220,864691135694415551,1
864691135738969220,864691135695146943,1
864691135738969220,864691135739689073,1
864691135738969220,864691135750307881,1
864691135738969220,864691135774389755,1
864691135738969220,864691135802453858,1
864691135738969220,864691135970226021,1
864691135738969220,864691136022520056,1
864691135738969220,864691136137237899,1
864691135738969220,864691136364308962,1
864691135738969220,864691136419797655,1
864691135738969220,864691136674749575,1
864691135738969220,864691136813937267,1
864691135738969220,864691136905560754,1
864691135738969220,864691136968542926,1
864691136674495623,864691135015652246,1
864691136674495623,864691135060651419,1
864691136674495623,864691135136360217,1
864691136674495623,864691135257669039,1
864691136674495623,864691135294442678,1
864691136674495623,864691135362104647,1
864691136674495623,864691135384843738,1
864691136674495623,864691135465932357,1
864691136674495623,864691135490326074,1
864691136674495623,864691135493620831,1
864691136674495623,864691135504327861,1
864691136674495623,864691135562474977,1
864691136674495623,864691135585266808,1
864691136674495623,864691135617152361,1
864691136674495623,864691135892214409,1
864691136674495623,864691136238090767,1
864691136674495623,864691136372039560,1
864691136674495623,864691136665051614,1
864691136674495623,864691136674744199,1
864691136674495623,864691136905560754,1
864691136674495623,864691136968542926,1
864691136239460668,864691135405626862,1
864691136239460668,864691135464795710,1
864691136239460668,864691136228250961,1
864691135408560329,864691135382556378,1
864691135082864887,864691135102274592,1
864691135082864887,864691135157025636,1
864691135082864887,864691135404763374,1
864691135082864887,864691135519106442,1
864691135082864887,864691135778132576,1
864691135082864887,864691135782544435,1
864691135082864887,864691135864188286,1
864691135082864887,864691136194355176,1
864691135082864887,864691136445215875,1
864691135082864887,864691136903681458,1
864691136137237899,864691134942472035,1
864691136137237899,864691135257669039,1
864691136137237899,864691135258642863,1
864691136137237899,864691135304641703,1
864691136137237899,864691135362104647,1
864691136137237899,864691135469753426,1
864691136137237899,864691135584504429,1
864691136137237899,864691135619756943,1
864691136137237899,864691135738969220,1
864691136137237899,864691135750307881,1
864691136137237899,864691135774053371,1
864691136137237899,864691135886208112,1
864691136137237899,864691135919956656,1
864691136137237899,864691135977666883,1
864691136137237899,864691136021865976,1
864691136137237899,864691136177629702,1
864691136137237899,864691136330101226,1
864691136137237899,864691136419797655,1
864691136137237899,864691136742067804,1
864691136137237899,864691136968542926,1
864691136311106650,864691134886828794,1
864691136311106650,864691135134695328,1
864691136311106650,864691135429763120,1
864691136311106650,864691135468854156,1
864691136311106650,864691135654715586,1
864691136311106650,864691135684657079,1
864691136311106650,864691135749141801,1
864691136311106650,864691135763495478,1
864691136311106650,864691135915343462,1
864691136311106650,864691135975539779,1
864691136311106650,864691136089194039,1
864691136311106650,864691136108938168,1
864691136311106650,864691136136778621,1
864691136311106650,864691136137834877,1
864691136311106650,864691136176327430,1
864691136311106650,864691136194355176,1
864691136311106650,864691136227484753,1
864691136311106650,864691136273494206,1
864691136311106650,864691136275919117,1
864691136311106650,864691136309871706,1
864691136311106650,864691136724880893,1
864691135384843738,864691134949081852,1
864691135384843738,864691135157994084,1
864691135384843738,864691135295165196,1
864691135384843738,864691135360096071,1
864691135384843738,864691135362104647,1
864691135384843738,864691135385422677,1
864691135384843738,864691135757040082,1
864691135384843738,864691135868916246,1
864691135384843738,864691136010028974,1
864691135384843738,864691136211175612,1
864691135384843738,864691136239902780,1
864691135384843738,864691136239980604,1
864691135384843738,864691136452447743,1
864691135384843738,864691136904488114,1
864691135101431072,864691135405626862,1
864691135101431072,864691135455123562,1
864691135101431072,864691135502730562,1
864691135101431072,864691135782265424,1
864691135101431072,864691135885140848,1
864691135101431072,864691135937286404,1
864691135101431072,864691136298125851,1
864691135576881950,864691135102151968,1
864691135576881950,864691135102274592,1
864691135576881950,864691135119709149,1
864691135576881950,864691135135019168,1
864691135576881950,864691135258642863,1
864691135576881950,864691135277309669,1
864691135576881950,864691135304641703,1
864691135576881950,864691135343818161,1
864691135576881950,864691135384176619,1
864691135576881950,864691135388828033,1
864691135576881950,864691135492568551,1
864691135576881950,864691135493686111,1
864691135576881950,864691135591041291,1
864691135576881950,864691135757083346,1
864691135576881950,864691135774053371,1
864691135576881950,864691135782506832,1
864691135576881950,864691135801463650,1
864691135576881950,864691135994226881,1
864691135576881950,864691136010639022,1
864691135576881950,864691136011686318,1
864691135576881950,864691136022520056,1
864691135576881950,864691136042982742,1
864691135576881950,864691136085781356,1
864691135576881950,864691136228250961,1
864691135576881950,864691136298125851,1
864691135576881950,864691136373008520,1
864691135576881950,864691136419797655,1
864691135576881950,864691136420279191,1
864691135576881950,864691136437631902,1
864691135576881950,864691136452609023,1
864691135576881950,864691136524172689,1
864691135576881950,864691137055367798,1
864691135816565839,864691135546902056,1
864691135816565839,864691135774294603,1
864691135816565839,864691135774389755,1
864691135816565839,864691135955962888,1
864691135816565839,864691136089194039,1
864691135816565839,864691136111251896,1
864691135816565839,864691136119885080,1
864691135816565839,864691136137794941,1
864691136273494206,864691135134695328,1
864691136273494206,864691135878061395,1
864691136273494206,864691135928366606,1
864691135940685057,864691135937286404,1
864691135940685057,864691136334080435,1
864691134991010426,864691134942472035,1
864691134991010426,864691135060651419,1
864691134991010426,864691135102151968,1
864691134991010426,864691135209432185,1
864691134991010426,864691135271038885,1
864691134991010426,864691135272003237,1
864691134991010426,864691135503182685,1
864691134991010426,864691135567047191,1
864691134991010426,864691135577651230,1
864691134991010426,864691135584629613,1
864691134991010426,864691135586240120,1
864691134991010426,864691135619756943,1
864691134991010426,864691135656578242,1
864691134991010426,864691135741780116,1
864691134991010426,864691135750307881,1
864691134991010426,864691135750958889,1
864691134991010426,864691135773073147,1
864691134991010426,864691135774294603,1
864691134991010426,864691135774389755,1
864691134991010426,864691135839932307,1
864691134991010426,864691135842486243,1
864691134991010426,864691135892214409,1
864691134991010426,864691136011686318,1
864691134991010426,864691136042982742,1
864691134991010426,864691136091634487,1
864691134991010426,864691136118686884,1
864691134991010426,864691136177629702,1
864691134991010426,864691136195798504,1
864691134991010426,864691136381301461,1
864691134991010426,864691136389688695,1
864691134991010426,864691136390788215,1
864691134991010426,864691136437631902,1
864691134991010426,864691136445215875,1
864691134991010426,864691136619693275,1
864691134991010426,864691136674749575,1
864691134991010426,864691136976001308,1
864691135408808649,864691135756075981,1
864691135408808649,864691135774389755,1
864691135408808649,864691136330101226,1
864691135408808649,864691136419797655,1
864691135325263004,864691135102274592,1
864691135325263004,864691135258509487,1
864691135325263004,864691135258642863,1
864691135325263004,864691135396794101,1
864691135325263004,864691135504168285,1
864691135325263004,864691135504327861,1
864691135325263004,864691135655390658,1
864691135325263004,864691135741458324,1
864691135325263004,864691135853088967,1
864691135325263004,864691135947258916,1
864691135325263004,864691135994226881,1
864691135325263004,864691136011686318,1
864691135325263004,864691136043380566,1
864691135325263004,864691136211385020,1
864691135325263004,864691136312150874,1
864691135325263004,864691136314491965,1
864691135325263004,864691136445215875,1
864691135325263004,864691136976001308,1
864691135325263004,864691137198691137,1
864691135578103301,864691135382556378,1
864691135578103301,864691136663528670,1
864691135731705273,864691135270320293,1
864691135731705273,864691136596815778,1
864691135717163802,864691134949221372,1
864691135717163802,864691134950156796,1
864691135717163802,864691134991010426,1
864691135717163802,864691135277186789,1
864691135717163802,864691135362104647,1
864691135717163802,864691135384344043,1
864691135717163802,864691135465932357,1
864691135717163802,864691135566168599,1
864691135717163802,864691135572346349,1
864691135717163802,864691135577644574,1
864691135717163802,864691135585266808,1
864691135717163802,864691135694246079,1
864691135717163802,864691135743102827,1
864691135717163802,864691135919956656,1
864691135717163802,864691136033227451,1
864691135717163802,864691136091634487,1
864691135717163802,864691136125457446,1
864691135717163802,864691136137794941,1
864691135717163802,864691136195798504,1
864691135717163802,864691136228250961,1
864691135717163802,864691136452447743,1
864691135277186789,864691135503182685,1
864691135277186789,864691135727790911,1
864691135277186789,864691135742756203,1
864691135277186789,864691135774389755,1
864691135277186789,864691135937286404,1
864691135277186789,864691135970206821,1
864691135272069285,864691135271696549,1
864691135272069285,864691136228250961,1
864691135272069285,864691136523033233,1
864691134884807418,864691135117980637,1
864691134884807418,864691135382556378,1
864691134884807418,864691135385422677,1
864691134884807418,864691135408560329,1
864691134884807418,864691135578103301,1
864691134884807418,864691135731705273,1
864691134884807418,864691136143696692,1
864691134884807418,864691136239068732,1
864691134884807418,864691136275031565,1
864691134884807418,864691136904761266,1
864691135994235841,864691135257669039,1
864691135994235841,864691135277309669,1
864691135994235841,864691135304641703,1
864691135994235841,864691135346685855,1
864691135994235841,864691135490326074,1
864691135994235841,864691135585266808,1
864691135994235841,864691135695146943,1
864691135994235841,864691135741458324,1
864691135994235841,864691135750307881,1
864691135994235841,864691135928366606,1
864691135994235841,864691136043380566,1
864691135994235841,864691136437631902,1
864691135994235841,864691136674749575,1
864691135994235841,864691136976001308,1
864691136177629702,864691134949221372,1
864691136177629702,864691135258642863,1
864691136177629702,864691135277186789,1
864691136177629702,864691135398805281,1
864691136177629702,864691135441799752,1
864691136177629702,864691135490326074,1
864691136177629702,864691135562975969,1
864691136177629702,864691135685087474,1
864691136177629702,864691135774368763,1
864691136177629702,864691135779049056,1
864691136177629702,864691135782241616,1
864691136177629702,864691135782506832,1
864691136177629702,864691135861093992,1
864691136177629702,864691135878061395,1
864691136177629702,864691135919956656,1
864691136177629702,864691135941300993,1
864691136177629702,864691135970226021,1
864691136177629702,864691135993150913,1
864691136177629702,864691136040834558,1
864691136177629702,864691136043380566,1
864691136177629702,864691136195798504,1
864691136177629702,864691136313406781,1
864691136177629702,864691136314404669,1
864691136177629702,864691136453419007,1
864691136177629702,864691136604001745,1
864691136177629702,864691136905560754,1
864691135463695429,864691135118894813,1
864691135617152361,864691135258642863,1
864691135617152361,864691135339600102,1
864691135617152361,864691135360482392,1
864691135617152361,864691135362104647,1
864691135617152361,864691135408808649,1
864691135617152361,864691135430346544,1
864691135617152361,864691135448698196,1
864691135617152361,864691135469753426,1
864691135617152361,864691135480892614,1
864691135617152361,864691135499707667,1
864691135617152361,864691135518283475,1
864691135617152361,864691135572346349,1
864691135617152361,864691135685087474,1
864691135617152361,864691135725748139,1
864691135617152361,864691135739689073,1
864691135617152361,864691135801463650,1
864691135617152361,864691135810492189,1
864691135617152361,864691135868916246,1
864691135617152361,864691135955962888,1
864691135617152361,864691135977654851,1
864691135617152361,864691136022520056,1
864691135617152361,864691136034011579,1
864691135617152361,864691136137293195,1
864691135617152361,864691136311059034,1
864691135617152361,864691136314473021,1
864691135617152361,864691136380757461,1
864691135617152361,864691136484364844,1
864691135617152361,864691136484732972,1
864691135617152361,864691136664950750,1
864691135617152361,864691136665051614,1
864691135617152361,864691136975144988,1
864691135617152361,864691137021162094,1
864691135617152361,864691137021264750,1
864691135566155351,864691135852138183,1
864691135566155351,864691136389607287,1
864691135271696549,864691134919972106,1
864691135271696549,864691134949221372,1
864691135271696549,864691135277186789,1
864691135271696549,864691135562410721,1
864691135271696549,864691135584008045,1
864691135271696549,864691135738969220,1
864691135271696549,864691135741998484,1
864691135271696549,864691135808684573,1
864691135271696549,864691135868060950,1
864691135271696549,864691136034011579,1
864691135271696549,864691136137293195,1
864691135271696549,864691136330101226,1
864691135271696549,864691136381301461,1
864691135271696549,864691136596901026,1
864691135271696549,864691137056393846,1
864691136914414321,864691134884807418,1
864691136914414321,864691134966324767,1
864691136914414321,864691135015652246,1
864691136914414321,864691135304641703,1
864691136914414321,864691135324623260,1
864691136914414321,864691135325487004,1
864691136914414321,864691135476528704,1
864691136914414321,864691135491204327,1
864691136914414321,864691135504168285,1
864691136914414321,864691135518283475,1
864691136914414321,864691135518453642,1
864691136914414321,864691135585046648,1
864691136914414321,864691135654715586,1
864691136914414321,864691135725748139,1
864691136914414321,864691135741910164,1
864691136914414321,864691135764015926,1
864691136914414321,864691135773073147,1
864691136914414321,864691135810773452,1
864691136914414321,864691135868957462,1
864691136914414321,864691135928366606,1
864691136914414321,864691135941300993,1
864691136914414321,864691135970226021,1
864691136914414321,864691135994226881,1
864691136914414321,864691136022520056,1
864691136914414321,864691136086630764,1
864691136914414321,864691136111251896,1
864691136914414321,864691136125433894,1
864691136914414321,864691136125457446,1
864691136914414321,864691136195391208,1
864691136914414321,864691136211175612,1
864691136914414321,864691136228250961,1
864691136914414321,864691136228491601,1
864691136914414321,864691136421279639,1
864691136914414321,864691136452609023,1
864691136914414321,864691136453419007,1
864691136914414321,864691136813937267,1
864691135773073147,864691134941412707,1
864691135773073147,864691134949248508,1
864691135773073147,864691135135019168,1
864691135773073147,864691135294442678,1
864691135773073147,864691135294520844,1
864691135773073147,864691135493686111,1
864691135773073147,864691135577651230,1
864691135773073147,864691135584008045,1
864691135773073147,864691135731679929,1
864691135773073147,864691135750307881,1
864691135773073147,864691135842486243,1
864691135773073147,864691135938816260,1
864691135773073147,864691136011686318,1
864691135773073147,864691136137237899,1
864691135773073147,864691136177629702,1
864691135773073147,864691136238679567,1
864691135773073147,864691136275894285,1
864691135773073147,864691136330101226,1
864691135773073147,864691136391042167,1
864691135773073147,864691136437631902,1
864691135773073147,864691136453384959,1
864691135773073147,864691136619096795,1
864691135773073147,864691136914414321,1
864691135773073147,864691137056393846,1
864691135304641703,864691135015652246,1
864691135304641703,864691135164772653,1
864691135304641703,864691135277309669,1
864691135304641703,864691135546902056,1
864691135304641703,864691135567047191,1
864691135304641703,864691135619756943,1
864691135304641703,864691135688186080,1
864691135304641703,864691135738969220,1
864691135304641703,864691135763941174,1
864691135304641703,864691135774179147,1
864691135304641703,864691135774389755,1
864691135304641703,864691135842486243,1
864691135304641703,864691135868919318,1
864691135304641703,864691136092725684,1
864691135304641703,864691136137794941,1
864691135304641703,864691136331249642,1
864691135304641703,864691136914414321,1
864691135304641703,864691136968542926,1
864691135304641703,864691136991202453,1
864691135304641703,864691137021264750,1
864691135304641703,864691137198691137,1
864691134950156796,864691134949081852,1
864691134950156796,864691134989865338,1
864691134950156796,864691135060727707,1
864691134950156796,864691135155894884,1
864691134950156796,864691135210134905,1
864691134950156796,864691135277186789,1
864691134950156796,864691135448303762,1
864691134950156796,864691135465343045,1
864691134950156796,864691135469422674,1
864691134950156796,864691135476495936,1
864691134950156796,864691135562975969,1
864691134950156796,864691135566168599,1
864691134950156796,864691135577651230,1
864691134950156796,864691135594721579,1
864691134950156796,864691135689417440,1
864691134950156796,864691135738969220,1
864691134950156796,864691135739587697,1
864691134950156796,864691135742102635,1
864691134950156796,864691135743102827,1
864691134950156796,864691135810492189,1
864691134950156796,864691135810905036,1
864691134950156796,864691135839932307,1
864691134950156796,864691135861093992,1
864691134950156796,864691136022520056,1
864691134950156796,864691136026254649,1
864691134950156796,864691136034084795,1
864691134950156796,864691136043283030,1
864691134950156796,864691136331249642,1
864691134950156796,864691136364308962,1
864691134950156796,864691136991202453,1
864691136023980601,864691135233242713,1
864691136023980601,864691135270320293,1
864691136023980601,864691135566155351,1
864691136023980601,864691135659358850,1
864691135774179147,864691134950156796,1
864691135774179147,864691135015652246,1
864691135774179147,864691135060651419,1
864691135774179147,864691135258642863,1
864691135774179147,864691135274195217,1
864691135774179147,864691135325263004,1
864691135774179147,864691135362104647,1
864691135774179147,864691135469753426,1
864691135774179147,864691135496440208,1
864691135774179147,864691135518283475,1
864691135774179147,864691135540272498,1
864691135774179147,864691135774368763,1
864691135774179147,864691135839950227,1
864691135774179147,864691135853198023,1
864691135774179147,864691136022520056,1
864691135774179147,864691136314491965,1
864691135774179147,864691136330101226,1
864691135774179147,864691136330407914,1
864691135774179147,864691136389688695,1
864691135774179147,864691136421279639,1
864691135774179147,864691136438469534,1
864691135774179147,864691136452447743,1
864691135774179147,864691136603811281,1
864691135774179147,864691136674749575,1
864691135774179147,864691136814442867,1
864691135774179147,864691136976001308,1
864691135577749022,864691134942472035,1
864691135577749022,864691134966324767,1
864691135577749022,864691135060651419,1
864691135577749022,864691135135019168,1
864691135577749022,864691135277186789,1
864691135577749022,864691135294190518,1
864691135577749022,864691135325263004,1
864691135577749022,864691135441799752,1
864691135577749022,864691135469753426,1
864691135577749022,864691135493686111,1
864691135577749022,864691135496440208,1
864691135577749022,864691135504327861,1
864691135577749022,864691135540272498,1
864691135577749022,864691135566168599,1
864691135577749022,864691135577644574,1
864691135577749022,864691135732210873,1
864691135577749022,864691135741780116,1
864691135577749022,864691135928366606,1
864691135577749022,864691135941300993,1
864691135577749022,864691135994226881,1
864691135577749022,864691136022520056,1
864691135577749022,864691136033227451,1
864691135577749022,864691136058745048,1
864691135577749022,864691136086630764,1
864691135577749022,864691136177629702,1
864691135577749022,864691136331249642,1
864691135577749022,864691136364308962,1
864691135577749022,864691136389688695,1
864691135577749022,864691136419797655,1
864691135577749022,864691136437631902,1
864691135577749022,864691136524172689,1
864691135577749022,864691136619096795,1
864691135577749022,864691136674749575,1
864691136603811281,864691134948788476,1
864691136603811281,864691134989865338,1
864691136603811281,864691135102381856,1
864691136603811281,864691135136360217,1
864691136603811281,864691135164772653,1
864691136603811281,864691135257669039,1
864691136603811281,864691135272069285,1
864691136603811281,864691135274195217,1
864691136603811281,864691135277309669,1
864691136603811281,864691135384285931,1
864691136603811281,864691135396940021,1
864691136603811281,864691135448303762,1
864691136603811281,864691135448698196,1
864691136603811281,864691135464795710,1
864691136603811281,864691135466158917,1
864691136603811281,864691135540440178,1
864691136603811281,864691135562410721,1
864691136603811281,864691135577651230,1
864691136603811281,864691135591041291,1
864691136603811281,864691135619756943,1
864691136603811281,864691135646481135,1
864691136603811281,864691135685087474,1
864691136603811281,864691135694246079,1
864691136603811281,864691135741458324,1
864691136603811281,864691135750307881,1
864691136603811281,864691135774294603,1
864691136603811281,864691135786943684,1
864691136603811281,864691135801463650,1
864691136603811281,864691135816693327,1
864691136603811281,864691135886130288,1
864691136603811281,864691135928366606,1
864691136603811281,864691135994235841,1
864691136603811281,864691136022520056,1
864691136603811281,864691136042982742,1
864691136603811281,864691136111251896,1
864691136603811281,864691136125956134,1
864691136603811281,864691136137293195,1
864691136603811281,864691136228250961,1
864691136603811281,864691136364308962,1
864691136603811281,864691136372039560,1
864691136603811281,864691136389921911,1
864691136603811281,864691136437631902,1
864691136603811281,864691136453419007,1
864691136603811281,864691136619096795,1
864691136603811281,864691136674749575,1
864691136603811281,864691136742244188,1
864691136603811281,864691136968542926,1
864691136603811281,864691136991202453,1
864691136603811281,864691137198691137,1
864691135572385061,864691135134695328,1
864691135572385061,864691135417045946,1
864691135572385061,864691135952122147,1
864691135572385061,864691136602371025,1
864691134919972106,864691135210134905,1
864691134919972106,864691135362104647,1
864691134919972106,864691135431089968,1
864691134919972106,864691135493620831,1
864691134919972106,864691135566168599,1
864691134919972106,864691135584504429,1
864691134919972106,864691135685087474,1
864691134919972106,864691135694246079,1
864691134919972106,864691135764583990,1
864691134919972106,864691135774368763,1
864691134919972106,864691135842486243,1
864691134919972106,864691135885911920,1
864691134919972106,864691135977666883,1
864691134919972106,864691136364308962,1
864691134919972106,864691136991359893,1
864691135749141801,864691135731705273,1
864691135749141801,864691135763495478,1
864691135749141801,864691136117770660,1
864691135749141801,864691136228538961,1
864691135015652246,864691135164887853,1
864691135015652246,864691135280682401,1
864691135015652246,864691135384843738,1
864691135015652246,864691135430346544,1
864691135015652246,864691135465343045,1
864691135015652246,864691135493686111,1
864691135015652246,864691135504168285,1
864691135015652246,864691135577651230,1
864691135015652246,864691135688186080,1
864691135015652246,864691135739587697,1
864691135015652246,864691135750307881,1
864691135015652246,864691135774294603,1
864691135015652246,864691136011768494,1
864691135015652246,864691136228250961,1
864691135015652246,864691136330101226,1
864691135015652246,864691136364308962,1
864691135015652246,864691136389921911,1
864691135015652246,864691136603811281,1
864691135015652246,864691136914414321,1
864691135946676260,864691135977666883,1
864691135946676260,864691136108938168,1
864691135946676260,864691136195798504,1
864691135117980637,864691135059143323,1
864691135117980637,864691135749995049,1
864691135117980637,864691135809608652,1
864691135117980637,864691136137834877,1
864691135059143323,864691135385422677,1
864691135059143323,864691136084313196,1
864691135059143323,864691136812081779,1
864691136009893294,864691135209194617,1
864691136009893294,864691135610877191,1
864691136009893294,864691135938629892,1
864691136009893294,864691135952122147,1
864691136009893294,864691136025184569,1
864691136009893294,864691136438426526,1
864691136330407914,864691135209432185,1
864691136330407914,864691135270320293,1
864691136330407914,864691135272069285,1
864691136330407914,864691135360017752,1
864691136330407914,864691135431654960,1
864691136330407914,864691135688186080,1
864691136330407914,864691135750307881,1
864691136330407914,864691135850033758,1
864691136330407914,864691135857099310,1
864691136330407914,864691136022520056,1
864691136330407914,864691136023980601,1
864691136330407914,864691136452602367,1
864691136330407914,864691137021264750,1
864691135493686111,864691134949081852,1
864691135493686111,864691134966324767,1
864691135493686111,864691135164887853,1
864691135493686111,864691135209432185,1
864691135493686111,864691135257669039,1
864691135493686111,864691135258642863,1
864691135493686111,864691135294442678,1
864691135493686111,864691135384344043,1
864691135493686111,864691135466158917,1
864691135493686111,864691135470787666,1
864691135493686111,864691135499283987,1
864691135493686111,864691135503182685,1
864691135493686111,864691135504327861,1
864691135493686111,864691135640297787,1
864691135493686111,864691135739587697,1
864691135493686111,864691135861093992,1
864691135493686111,864691135947258916,1
864691135493686111,864691135955962888,1
864691135493686111,864691135994226881,1
864691135493686111,864691136137237899,1
864691135493686111,864691136330101226,1
864691135493686111,864691136330407914,1
864691135493686111,864691136373008520,1
864691135493686111,864691136452447743,1
864691135493686111,864691136968542926,1
864691135493686111,864691136991202453,1
864691135493686111,864691137021264750,1
864691135493686111,864691137198691137,1
864691136196127208,864691135115049881,1
864691136196127208,864691135273918993,1
864691136196127208,864691135367033849,1
864691136196127208,864691135382556378,1
864691136196127208,864691135502730562,1
864691136196127208,864691135618505065,1
864691136196127208,864691135697613077,1
864691136196127208,864691135700648226,1
864691136196127208,864691135763495478,1
864691136196127208,864691135848030814,1
864691136196127208,864691135851792071,1
864691136196127208,864691136119885080,1
864691136137834877,864691135059143323,1
864691136137834877,864691135059845275,1
864691136137834877,864691135117980637,1
864691136137834877,864691135429763120,1
864691136137834877,864691135473383730,1
864691136137834877,864691135493079783,1
864691136137834877,864691135497743635,1
864691136137834877,864691135659358850,1
864691136137834877,864691135782156368,1
864691136137834877,864691135975633475,1
864691136137834877,864691135989836288,1
864691136137834877,864691136084684396,1
864691136137834877,864691136117770660,1
864691136137834877,864691136118618136,1
864691136137834877,864691136273494206,1
864691136137834877,864691136309871706,1
864691136137834877,864691136311106650,1
864691136137834877,864691136438426526,1
864691136137834877,864691136812081779,1
864691136905560754,864691134949248508,1
864691136905560754,864691135280481697,1
864691136905560754,864691135340055782,1
864691136905560754,864691135362104647,1
864691136905560754,864691135398805281,1
864691136905560754,864691135430346544,1
864691136905560754,864691135479833030,1
864691136905560754,864691135546339880,1
864691136905560754,864691135585266808,1
864691136905560754,864691135586724220,1
864691136905560754,864691135617152361,1
864691136905560754,864691135751110185,1
864691136905560754,864691135756075981,1
864691136905560754,864691135994235841,1
864691136905560754,864691136026198585,1
864691136905560754,864691136195798504,1
864691136905560754,864691136437631902,1
864691136905560754,864691136445557123,1
864691136905560754,864691136618795227,1
864691136905560754,864691136619096795,1
864691136905560754,864691136904488114,1
864691136905560754,864691137021264750,1
864691134886828794,864691136596815778,1
864691136596815778,864691135940685057,1
864691135864188286,864691135519106442,1
864691135864188286,864691135774389755,1
864691136419797655,864691135503182685,1
864691136419797655,864691135778132576,1
864691136419797655,864691135868919318,1
864691136419797655,864691136484364844,1
864691135233242713,864691135059143323,1
864691135233242713,864691135385422677,1
864691135233242713,864691135408560329,1
864691135233242713,864691136991166101,1
864691135778132576,864691134887026938,1
864691135778132576,864691135059143323,1
864691135778132576,864691135117980637,1
864691135778132576,864691135270320293,1
864691135778132576,864691135397982753,1
864691135778132576,864691135466283333,1
864691135778132576,864691135583223405,1
864691135778132576,864691135857099310,1
864691135778132576,864691136137834877,1
864691135778132576,864691136420195223,1
864691135885140848,864691135397846049,1
864691135885140848,864691135578103301,1
864691135885140848,864691135952122147,1
864691135102274592,864691134919972106,1
864691135102274592,864691135015652246,1
864691135102274592,864691135135019168,1
864691135102274592,864691135155894884,1
864691135102274592,864691135164772653,1
864691135102274592,864691135164887853,1
864691135102274592,864691135258642863,1
864691135102274592,864691135294442678,1
864691135102274592,864691135304641703,1
864691135102274592,864691135325263004,1
864691135102274592,864691135360096071,1
864691135102274592,864691135441799752,1
864691135102274592,864691135464928318,1
864691135102274592,864691135466158917,1
864691135102274592,864691135567047191,1
864691135102274592,864691135577644574,1
864691135102274592,864691135584008045,1
864691135102274592,864691135585266808,1
864691135102274592,864691135586724220,1
864691135102274592,864691135619756943,1
864691135102274592,864691135739587697,1
864691135102274592,864691135741930603,1
864691135102274592,864691135750307881,1
864691135102274592,864691135756075981,1
864691135102274592,864691135773073147,1
864691135102274592,864691135774053371,1
864691135102274592,864691135774389755,1
864691135102274592,864691135782241616,1
864691135102274592,864691135885911920,1
864691135102274592,864691135886208112,1
864691135102274592,864691136011686318,1
864691135102274592,864691136040834558,1
864691135102274592,864691136042982742,1
864691135102274592,864691136111251896,1
864691135102274592,864691136111559352,1
864691135102274592,864691136137794941,1
864691135102274592,864691136195798504,1
864691135102274592,864691136331249642,1
864691135102274592,864691136452602367,1
864691135102274592,864691136453419007,1
864691135102274592,864691136488446226,1
864691135102274592,864691136619096795,1
864691135102274592,864691136905560754,1
864691135566168599,864691134887026938,1
864691135566168599,864691135465343045,1
864691135566168599,864691135731679929,1
864691135566168599,864691135750307881,1
864691135566168599,864691135774294603,1
864691135566168599,864691135810905036,1
864691135566168599,864691136228250961,1
864691135566168599,864691136373008520,1
864691135618505065,864691135502902338,1
864691136022520056,864691135015652246,1
864691136022520056,864691135164772653,1
864691136022520056,864691135656674242,1
864691136022520056,864691137021264750,1
864691135503182685,864691134942472035,1
864691135503182685,864691135134016928,1
864691135503182685,864691135725748139,1
864691135503182685,864691135750307881,1
864691135503182685,864691136390788215,1
864691135503182685,864691136391042167,1
864691135503182685,864691136813937267,1
864691135774389755,864691134949248508,1
864691135774389755,864691135479404742,1
864691135774389755,864691135732210873,1
864691135774389755,864691136085781356,1
864691135774389755,864691136137794941,1
864691135774389755,864691136380757461,1
864691135774389755,864691136381243349,1
864691135774389755,864691136905458866,1
864691135688186080,864691135214986368,1
864691135688186080,864691135257669039,1
864691135688186080,864691135304641703,1
864691135688186080,864691135339600102,1
864691135688186080,864691135396115189,1
864691135688186080,864691135591041291,1
864691135688186080,864691135697613077,1
864691135688186080,864691136373008520,1
864691135782544435,864691135367033849,1
864691135782544435,864691135585046648,1
864691135782544435,864691135724393131,1
