pre_neuron_id,post_neuron_id,synapse_size
864691135763941174,864691135619756943,5044.0
864691135763941174,864691135750307881,11860.0
864691135763941174,864691136137293195,9852.0
864691135763941174,864691136330101226,11884.0
864691135763941174,864691137021264750,9400.0
864691135763941174,864691135164772653,44956.0
864691135763941174,864691135927494158,1764.0
864691135763941174,864691136022520056,26276.0
864691135763941174,864691136034084795,3096.0
864691136488446226,864691135774389755,5820.0
864691135694415551,864691134948788476,2908.0
864691135694415551,864691135060651419,13760.0
864691135694415551,864691135398805281,2564.0
864691135694415551,864691135455507818,2992.0
864691135694415551,864691135493149927,3312.0
864691135694415551,864691135496381840,1176.0
864691135694415551,864691135685087474,19504.0
864691135694415551,864691135774053371,10640.0
864691135694415551,864691135774294603,2908.0
864691135694415551,864691135839950227,5340.0
864691135694415551,864691135877825107,10404.0
864691135694415551,864691135939008565,12288.0
864691135694415551,864691135947258916,1612.0
864691135694415551,864691136111559352,26408.0
864691135694415551,864691136195798504,4500.0
864691135694415551,864691136314491965,6552.0
864691135694415551,864691136618795227,14464.0
864691135694415551,864691137055712630,1980.0
864691135694415551,864691135209432185,2388.0
864691135694415551,864691135295165196,1148.0
864691135694415551,864691135325071004,2004.0
864691135694415551,864691135478316200,3356.0
864691135694415551,864691135493620831,8032.0
864691135694415551,864691135493686111,1224.0
864691135694415551,864691135577749022,864.0
864691135694415551,864691135725920939,2208.0
864691135694415551,864691135774389755,4172.0
864691135694415551,864691135858273326,4588.0
864691135694415551,864691135976063855,6492.0
864691135694415551,864691136042982742,36780.0
864691135694415551,864691136238679567,2728.0
864691135694415551,864691136976001308,1556.0
864691135398817569,864691135447540882,6772.0
864691135398817569,864691135585266808,28864.0
864691135398817569,864691136195798504,6252.0
864691135398817569,864691135662408944,3368.0
864691135398817569,864691135774179147,3004.0
864691135398817569,864691136603811281,3476.0
864691134942472035,864691135387690069,8020.0
864691134942472035,864691135502885954,1448.0
864691134942472035,864691135562842337,7572.0
864691134942472035,864691135619756943,15876.0
864691134942472035,864691135741524587,17464.0
864691134942472035,864691135849088094,1712.0
864691134942472035,864691135853198023,35424.0
864691134942472035,864691135885911920,2552.0
864691134942472035,864691136013367715,2520.0
864691134942472035,864691136107283417,3148.0
864691134942472035,864691136211385020,1176.0
864691134942472035,864691136389688695,1576.0
864691134942472035,864691136420195223,400.0
864691134942472035,864691136991202453,5680.0
864691134942472035,864691135397982753,4308.0
864691134942472035,864691135504327861,5424.0
864691134942472035,864691135562798817,11052.0
864691134942472035,864691135566168599,8540.0
864691134942472035,864691135584629613,11572.0
864691134942472035,864691135717163802,4184.0
864691134942472035,864691135732210873,15604.0
864691134942472035,864691135750649129,14364.0
864691134942472035,864691136022520056,4624.0
864691134942472035,864691136092725684,12016.0
864691134942472035,864691136452609023,11800.0
864691136228491601,864691134919869706,13868.0
864691136228491601,864691135102433056,6832.0
864691136228491601,864691135274816017,7824.0
864691136228491601,864691135340055782,17048.0
864691136228491601,864691135384344043,14528.0
864691136228491601,864691135465343045,4116.0
864691136228491601,864691135640297787,14060.0
864691136228491601,864691135727790911,2220.0
864691136228491601,864691135751110185,12316.0
864691136228491601,864691135954393891,5260.0
864691136228491601,864691136033227451,1944.0
864691136228491601,864691136675875719,18132.0
864691136228491601,864691135455400554,5460.0
864691136228491601,864691135743102827,824.0
864691136228491601,864691135810905036,2976.0
864691136228491601,864691136010639022,39684.0
864691136228491601,864691136119885080,5368.0
864691136228491601,864691136137237899,172.0
864691136228491601,864691136523335057,6120.0
864691136228491601,864691136742067804,884.0
864691135468161164,864691135416233914,1160.0
864691135849088094,864691135362104647,14488.0
864691135849088094,864691135479833030,23100.0
864691135849088094,864691135810466333,4652.0
864691135849088094,864691135975824495,3224.0
864691135849088094,864691136967703758,6376.0
864691135849088094,864691136991390869,9812.0
864691135616363211,864691135519106442,30140.0
864691135616363211,864691135610877191,1576.0
864691135616363211,864691135724393131,30276.0
864691135616363211,864691135937286404,2608.0
864691135616363211,864691135952121379,5444.0
864691135616363211,864691136578820884,14712.0
864691135616363211,864691135801604706,5076.0
864691135518989962,864691135430346544,2648.0
864691135518989962,864691135479833030,160.0
864691135518989962,864691135502885954,14876.0
864691135518989962,864691135577644574,3960.0
864691135518989962,864691135656578242,6340.0
864691135518989962,864691135731889337,3760.0
864691135518989962,864691135741524587,10724.0
864691135518989962,864691136013367715,548.0
864691135518989962,864691136389688695,6484.0
864691135518989962,864691136391042167,9204.0
864691135518989962,864691136437631902,9552.0
864691135518989962,864691136602371025,15760.0
864691135518989962,864691135473383730,4236.0
864691135518989962,864691135810308125,5516.0
864691135518989962,864691135849426270,5036.0
864691135877951571,864691135504168285,8932.0
864691135877951571,864691135504203357,1444.0
864691135877951571,864691135757083346,1152.0
864691135877951571,864691136336107187,2524.0
864691135877951571,864691135271038885,8340.0
864691135877951571,864691135342958789,11788.0
864691135877951571,864691135493686111,6832.0
864691135877951571,864691135567059223,4632.0
864691135877951571,864691135584008045,27204.0
864691135877951571,864691135698211994,5584.0
864691135877951571,864691135725748139,3936.0
864691135877951571,864691136452609023,4436.0
864691135877951571,864691136603811281,3928.0
864691136239108156,864691136314491965,2888.0
864691136239108156,864691136675875719,360.0
864691136239108156,864691135493686111,6736.0
864691136210344892,864691135134695328,27580.0
864691136210344892,864691135358995288,29528.0
864691136210344892,864691135517531786,8684.0
864691136210344892,864691135518453642,28672.0
864691136210344892,864691136298045979,11704.0
864691136210344892,864691136311106650,9980.0
864691136006519498,864691135339600102,2732.0
864691136006519498,864691135340055782,4988.0
864691136006519498,864691135375107272,26888.0
864691136006519498,864691135469753426,2948.0
864691136006519498,864691135518173395,3448.0
864691136006519498,864691135540440178,884.0
864691136006519498,864691135727790911,16776.0
864691136006519498,864691135774294603,1356.0
864691136006519498,864691135839932307,25668.0
864691136006519498,864691135839950227,668.0
864691136006519498,864691136034011579,7768.0
864691136006519498,864691136425073455,35872.0
864691136006519498,864691136991202453,4460.0
864691136006519498,864691135258642863,200.0
864691136006519498,864691135271038885,6368.0
864691136006519498,864691135342958789,2796.0
864691136006519498,864691135546902056,2700.0
864691136006519498,864691135919956656,14968.0
864691136006519498,864691136125440038,26432.0
864691136006519498,864691136438717086,27052.0
864691135954393891,864691135340055782,2800.0
864691135954393891,864691135493149927,4464.0
864691135954393891,864691135656674242,2120.0
864691135954393891,864691136006519498,22076.0
864691135954393891,864691136118370724,4216.0
864691135954393891,864691136137794941,1884.0
864691135954393891,864691136425073455,19176.0
864691135954393891,864691136523216017,5348.0
864691135954393891,864691136905758130,2932.0
864691135954393891,864691135258642863,5156.0
864691135954393891,864691135325487004,24264.0
864691135954393891,864691135386963541,14612.0
864691135954393891,864691135576881950,14096.0
864691135954393891,864691135592830731,3504.0
864691135954393891,864691135717457946,268.0
864691135954393891,864691135810466333,16828.0
864691135954393891,864691135857993774,14904.0
864691135954393891,864691135868466710,20432.0
864691135954393891,864691135977309763,4392.0
864691135954393891,864691136380757461,9160.0
864691135954393891,864691136453419007,22768.0
864691135954393891,864691136675427975,3228.0
864691136120663064,864691135209369465,1676.0
864691135294520844,864691134919869706,13008.0
864691135294520844,864691135360482392,2084.0
864691135294520844,864691135455507818,6324.0
864691135294520844,864691135585266808,35696.0
864691135294520844,864691135640398651,5512.0
864691135294520844,864691135750958889,2020.0
864691135294520844,864691135774053371,6148.0
864691135294520844,864691135885911920,2456.0
864691135294520844,864691136011684526,4040.0
864691135294520844,864691136034011579,180.0
864691135294520844,864691136228491601,3768.0
864691135294520844,864691136424439855,9828.0
864691135294520844,864691135258642863,3360.0
864691135294520844,864691135618505065,4140.0
864691135294520844,864691136101340021,25436.0
864691135398805281,864691135466158917,40512.0
864691135398805281,864691135562975969,15588.0
864691135398805281,864691135573276197,20704.0
864691135398805281,864691135583223405,11012.0
864691135398805281,864691136091634487,10140.0
864691135398805281,864691136111559352,10104.0
864691135398805281,864691136330101226,37152.0
864691135398805281,864691136373008520,1104.0
864691135398805281,864691136437631902,53384.0
864691135398805281,864691136484732972,2812.0
864691135398805281,864691136674749575,1496.0
864691135398805281,864691135258642863,10588.0
864691135398805281,864691135503182685,5472.0
864691135398805281,864691135655390658,4880.0
864691135398805281,864691135739587697,22276.0
864691135398805281,864691135865648254,564.0
864691135398805281,864691135866576604,3852.0
864691135398805281,864691136041575422,1396.0
864691135398805281,864691136144674612,5640.0
864691135398805281,864691136177629702,3688.0
864691136275364365,864691135848030814,2792.0
864691135518173395,864691134942472035,36472.0
864691135518173395,864691134966114591,1760.0
864691135518173395,864691135060651419,14812.0
864691135518173395,864691135214931072,1640.0
864691135518173395,864691135294442678,22504.0
864691135518173395,864691135398805281,1792.0
864691135518173395,864691135464928318,5052.0
864691135518173395,864691135465932357,29360.0
864691135518173395,864691135582973549,5760.0
864691135518173395,864691135656674242,7320.0
864691135518173395,864691135839950227,2820.0
864691135518173395,864691135843242211,5108.0
864691135518173395,864691135970180709,12876.0
864691135518173395,864691136040834558,6136.0
864691135518173395,864691136091074615,2756.0
864691135518173395,864691136195798504,2980.0
864691135518173395,864691136274655166,4008.0
864691135518173395,864691136314491965,15800.0
864691135518173395,864691136336107187,4092.0
864691135518173395,864691136618795227,2764.0
864691135518173395,864691136968542926,3556.0
864691135518173395,864691135336055529,3464.0
864691135518173395,864691135577749022,11804.0
864691135518173395,864691135617152361,16428.0
864691135518173395,864691135717457946,9188.0
864691135518173395,864691135858273326,3684.0
864691135518173395,864691135939049988,8980.0
864691135518173395,864691135990004992,3136.0
864691135518173395,864691136137237899,15312.0
864691135518173395,864691136311059034,4384.0
864691135518173395,864691136330407914,52864.0
864691135518173395,864691136372047496,25812.0
864691135518173395,864691136390788215,2892.0
864691135518173395,864691136674744199,7028.0
864691136905758130,864691135362104647,17392.0
864691136905758130,864691135398817569,16808.0
864691136905758130,864691135448215698,3648.0
864691136905758130,864691135572346349,2464.0
864691136905758130,864691135583223405,14004.0
864691136905758130,864691135739689073,19544.0
864691136905758130,864691135843242211,4920.0
864691136905758130,864691135867644805,11140.0
864691136905758130,864691136274655166,2492.0
864691136905758130,864691136664950750,4400.0
864691136905758130,864691135060727707,11220.0
864691136905758130,864691135324623260,16364.0
864691136905758130,864691135386963541,12968.0
864691136905758130,864691135617152361,14096.0
864691136905758130,864691135970226021,2336.0
864691136905758130,864691136010639022,3552.0
864691136905758130,864691136137834877,8956.0
864691136905758130,864691136674744199,7232.0
864691135462420637,864691135134155168,33136.0
864691135462420637,864691135975633475,18944.0
864691135462420637,864691136380264149,2416.0
864691135566945559,864691135571192966,1868.0
864691135274816017,864691134966714655,160.0
864691135274816017,864691135060882843,1052.0
864691135274816017,864691135340055782,2072.0
864691135274816017,864691135640297787,832.0
864691135274816017,864691135977666883,3440.0
864691135274816017,864691136228491601,11596.0
864691135274816017,864691136274655166,324.0
864691135274816017,864691136445557123,16364.0
864691135274816017,864691135351096279,22076.0
864691135274816017,864691135368949241,2752.0
864691135274816017,864691135587519868,6896.0
864691135274816017,864691135741963627,1416.0
864691135274816017,864691136125457446,4144.0
864691135274816017,864691136288644291,22964.0
864691135274816017,864691136311106650,4100.0
864691135274816017,864691136438666398,2176.0
864691135274816017,864691136905560754,336.0
864691135496333968,864691135416233914,4472.0
864691135496333968,864691135511802576,7356.0
864691135496333968,864691135755197133,2572.0
864691135496333968,864691135059143323,2004.0
864691135496333968,864691135463695429,1660.0
864691135496333968,864691135989817088,7648.0
864691135496333968,864691136176327430,9124.0
864691135496333968,864691136227484753,2488.0
864691135496333968,864691136275031565,1596.0
864691135867644805,864691135304679079,4708.0
864691135867644805,864691135582973549,1212.0
864691135867644805,864691135750642473,39468.0
864691135867644805,864691136437631902,25808.0
864691135867644805,864691136618795227,10060.0
864691135867644805,864691136674495623,2256.0
864691136904488114,864691135294480310,16888.0
864691136904488114,864691135480916422,2692.0
864691136904488114,864691135586724220,4244.0
864691136904488114,864691135587532924,3664.0
864691136904488114,864691135593133067,248.0
864691136904488114,864691135849088094,3820.0
864691136904488114,864691136137794941,16828.0
864691136904488114,864691135184104194,5188.0
864691136904488114,864691135272069285,524.0
864691136904488114,864691135476495936,20312.0
864691136904488114,864691135503182685,33912.0
864691136904488114,864691135849426270,2732.0
864691136904488114,864691136022520056,21964.0
864691136904488114,864691136135963787,3348.0
864691136904488114,864691136905560754,3736.0
864691136904488114,864691136991390869,2752.0
864691134966710559,864691135294520844,196.0
864691134966710559,864691135396940021,3792.0
864691134966710559,864691135448215698,19712.0
864691134966710559,864691135480916422,2228.0
864691134966710559,864691135619756943,1160.0
864691134966710559,864691135843242211,7204.0
864691134966710559,864691135858298670,27116.0
864691134966710559,864691135877825107,2256.0
864691134966710559,864691135988557315,21356.0
864691134966710559,864691136136383883,7544.0
864691134966710559,864691136137293195,8592.0
864691134966710559,864691136195798504,3176.0
864691134966710559,864691136196265704,3408.0
864691134966710559,864691136196517452,3268.0
864691134966710559,864691136330101226,20108.0
864691134966710559,864691136363303138,1948.0
864691134966710559,864691136904488114,17916.0
864691134966710559,864691136991202453,33696.0
864691134966710559,864691134887026938,4908.0
864691134966710559,864691134989865338,2512.0
864691134966710559,864691135015652246,4312.0
864691134966710559,864691135157994084,2160.0
864691134966710559,864691135480892614,21932.0
864691134966710559,864691135591041291,4476.0
864691134966710559,864691135749141801,10420.0
864691134966710559,864691135757040082,6616.0
864691134966710559,864691136010639022,6324.0
864691134966710559,864691136021865976,19256.0
864691134966710559,864691136034181307,4908.0
864691134966710559,864691136453419007,27284.0
864691135209194617,864691135857099310,2116.0
864691135209194617,864691135938816260,7340.0
864691135209194617,864691135209280633,160.0
864691135209194617,864691135802453858,20608.0
864691135209194617,864691136010028974,14564.0
864691135209194617,864691136298045979,23292.0
864691135209194617,864691136311106650,1468.0
864691135209194617,864691136975144988,4208.0
864691135431089968,864691135350420951,4248.0
864691135431089968,864691135811335116,13068.0
864691136389688695,864691135060651419,180.0
864691136389688695,864691135164887853,14720.0
864691136389688695,864691135277309669,3760.0
864691136389688695,864691135398817569,4156.0
864691136389688695,864691135540440178,5620.0
864691136389688695,864691135562410721,9192.0
864691136389688695,864691135562842337,16196.0
864691136389688695,864691135567047191,4336.0
864691136389688695,864691135741659499,36204.0
864691136389688695,864691135763941174,3932.0
864691136389688695,864691135839950227,15572.0
864691136389688695,864691135892214409,2248.0
864691136389688695,864691135947258916,3000.0
864691136389688695,864691136111251896,13988.0
864691136389688695,864691136137293195,9164.0
864691136389688695,864691136195798504,3808.0
864691136389688695,864691136991202453,26356.0
864691136389688695,864691135155894884,24620.0
864691136389688695,864691135271038885,3148.0
864691136389688695,864691135280481697,17060.0
864691136389688695,864691135577749022,8820.0
864691136389688695,864691135655390658,32144.0
864691136389688695,864691135741780116,21584.0
864691136389688695,864691135928366606,3676.0
864691136389688695,864691136041575422,22724.0
864691136389688695,864691136084313196,33160.0
864691136389688695,864691136905560754,115916.0
864691136389688695,864691137198691137,3496.0
864691135594817067,864691136022520056,8088.0
864691135725842603,864691134949081852,2888.0
864691135725842603,864691134966714655,17532.0
864691135725842603,864691135102433056,57268.0
864691135725842603,864691135294520844,2028.0
864691135725842603,864691135382556378,10716.0
864691135725842603,864691135384344043,11660.0
864691135725842603,864691135466158917,13076.0
864691135725842603,864691135562410721,16488.0
864691135725842603,864691135562842337,2768.0
864691135725842603,864691135571515270,388.0
864691135725842603,864691135583277677,3844.0
864691135725842603,864691135742102635,2764.0
864691135725842603,864691135750307881,6036.0
864691135725842603,864691135977666883,16580.0
864691135725842603,864691135988557315,11656.0
864691135725842603,864691136111559352,5664.0
864691135725842603,864691136424439855,16156.0
864691135725842603,864691136445557123,7300.0
864691135725842603,864691136488999186,6492.0
864691135725842603,864691136524172689,12672.0
864691135725842603,864691136814508659,2396.0
864691135725842603,864691136975624220,11796.0
864691135725842603,864691137055712630,13732.0
864691135725842603,864691135162908461,22708.0
864691135725842603,864691135304641703,7560.0
864691135725842603,864691135336055529,35580.0
864691135725842603,864691135357351375,12584.0
864691135725842603,864691135492568551,5212.0
864691135725842603,864691135493686111,3320.0
864691135725842603,864691135496440208,10492.0
864691135725842603,864691135562004193,9184.0
864691135725842603,864691135566168599,212.0
864691135725842603,864691135587519868,8156.0
864691135725842603,864691135617440105,2352.0
864691135725842603,864691135757040082,1148.0
864691135725842603,864691136125457446,10316.0
864691135725842603,864691136953873631,8996.0
864691135725842603,864691137056393846,1708.0
864691136380264405,864691135809509917,38316.0
864691136380264405,864691135271696549,1256.0
864691134949081852,864691135015154934,13148.0
864691134949081852,864691135214986368,3872.0
864691134949081852,864691135760635214,19440.0
864691134949081852,864691135858298670,800.0
864691134949081852,864691135868916246,11836.0
864691134949081852,864691135977045871,21700.0
864691134949081852,864691135977666883,3612.0
864691134949081852,864691136107283417,2072.0
864691134949081852,864691136196202472,25420.0
864691134949081852,864691136373008520,6512.0
864691134949081852,864691136453384959,8048.0
864691134949081852,864691136579129876,1136.0
864691134949081852,864691136664950750,10416.0
864691134949081852,864691134887026938,4744.0
864691134949081852,864691134991010426,1820.0
864691134949081852,864691135155894884,2252.0
864691134949081852,864691135274195217,3948.0
864691134949081852,864691135357351375,3464.0
864691134949081852,864691135478316200,3676.0
864691134949081852,864691135480892614,816.0
864691134949081852,864691135576881950,7992.0
864691134949081852,864691135577749022,5088.0
864691134949081852,864691136010639022,6376.0
864691134949081852,864691136021865976,6384.0
864691134949081852,864691136034084795,7292.0
864691134949081852,864691136125433894,3476.0
864691134949081852,864691136125956134,340.0
864691134949081852,864691136177629702,5328.0
864691134949081852,864691136314404669,4268.0
864691134949081852,864691136604001745,4464.0
864691134949081852,864691136991359893,6352.0
864691135122469671,864691135940685057,2608.0
864691135610877191,864691135809608652,3952.0
864691136927761226,864691135572346349,6104.0
864691136927761226,864691135577651230,17056.0
864691136927761226,864691135583277677,15204.0
864691136927761226,864691135686283703,2268.0
864691136927761226,864691135878061395,660.0
864691136927761226,864691136108378073,412.0
864691136927761226,864691136674749575,2992.0
864691136927761226,864691135102381856,2320.0
864691136927761226,864691135184104194,6464.0
864691136927761226,864691135387535957,1792.0
864691136927761226,864691135567059223,13436.0
864691136927761226,864691135587519868,12472.0
864691136927761226,864691135656579010,39104.0
864691136927761226,864691135810466333,3552.0
864691136927761226,864691135994235841,12408.0
864691136927761226,864691136110256824,1224.0
864691136927761226,864691136381301461,408.0
864691135562410721,864691135274816017,4700.0
864691135562410721,864691135466236229,3664.0
864691135562410721,864691135773208651,3056.0
864691135562410721,864691135938816260,3204.0
864691135562410721,864691136011686318,5224.0
864691135562410721,864691135480892614,4452.0
864691135562410721,864691135646775791,27748.0
864691135562410721,864691136177629702,2912.0
864691135562410721,864691136438717086,15288.0
864691135101595680,864691135060882843,20112.0
864691135101595680,864691135294520844,756.0
864691135101595680,864691135495698832,59140.0
864691135101595680,864691135695146943,6240.0
864691135101595680,864691135742102635,1912.0
864691135101595680,864691135774053371,1468.0
864691135101595680,864691135778419901,276.0
864691135101595680,864691135782241616,344.0
864691135101595680,864691135868210454,34636.0
864691135101595680,864691135927381774,8528.0
864691135101595680,864691135955962888,7652.0
864691135101595680,864691135988557315,5160.0
864691135101595680,864691136033332155,7032.0
864691135101595680,864691136091634487,3136.0
864691135101595680,864691136118686884,1464.0
864691135101595680,864691136453384959,11664.0
864691135101595680,864691136968542926,1940.0
864691135101595680,864691136991202453,8092.0
864691135101595680,864691134887460346,9600.0
864691135101595680,864691135102274592,8036.0
864691135101595680,864691135258642863,9548.0
864691135101595680,864691135375351369,30908.0
864691135101595680,864691135470787666,7328.0
864691135101595680,864691135496440208,360.0
864691135101595680,864691135562004193,6752.0
864691135101595680,864691135576881950,7028.0
864691135101595680,864691135577749022,2276.0
864691135101595680,864691135617440105,24732.0
864691135101595680,864691135773073147,3412.0
864691135101595680,864691135778467517,5952.0
864691135101595680,864691135866576604,3260.0
864691135101595680,864691135970226021,200.0
864691135101595680,864691136010639022,9380.0
864691135101595680,864691136238679567,3860.0
864691135101595680,864691136330407914,7144.0
864691135101595680,864691136390474359,2028.0
864691135101595680,864691136953197279,14184.0
864691135101595680,864691136991359893,14452.0
864691135101595680,864691137055367798,2516.0
864691135772053835,864691136812081779,16148.0
864691136373008520,864691135416233914,17324.0
864691136373008520,864691135468161164,14312.0
864691136373008520,864691135518283475,13916.0
864691136373008520,864691135585266808,4076.0
864691136373008520,864691135750958889,2476.0
864691136373008520,864691136228250961,7888.0
864691136373008520,864691136905758130,12596.0
864691136373008520,864691135102274592,17768.0
864691136373008520,864691135135019168,3724.0
864691136373008520,864691135272069285,1728.0
864691136373008520,864691135277186789,6252.0
864691136373008520,864691135688186080,6860.0
864691136373008520,864691135689417440,4044.0
864691136373008520,864691135927647956,1336.0
864691136373008520,864691136452447743,1628.0
864691136373008520,864691136453419007,1172.0
864691135731889337,864691134966324767,1208.0
864691135731889337,864691135448698196,20264.0
864691135731889337,864691135469753426,1500.0
864691135731889337,864691135518989962,3536.0
864691135731889337,864691135577644574,2552.0
864691135731889337,864691135640398651,3724.0
864691135731889337,864691135742102635,6028.0
864691135731889337,864691135850033758,10172.0
864691135731889337,864691136086630764,6612.0
864691135731889337,864691136195798504,4568.0
864691135731889337,864691136968542926,6892.0
864691135731889337,864691135014355094,10348.0
864691135731889337,864691135325487004,1624.0
864691135731889337,864691135375484489,2260.0
864691135731889337,864691135787537348,2396.0
864691135731889337,864691135811335116,2232.0
864691135731889337,864691135993150913,2364.0
864691135731889337,864691136298125851,17528.0
864691135731889337,864691136311059034,3728.0
864691135731889337,864691136311381338,19236.0
864691135731889337,864691136603811281,51520.0
864691135731889337,864691137056393846,988.0
864691134886569210,864691135593133067,1932.0
864691134886569210,864691136904488114,7988.0
864691134886569210,864691135849426270,2684.0
864691134886569210,864691136524297617,5600.0
864691135294480310,864691135339088102,2996.0
864691135294480310,864691135396794101,6888.0
864691135294480310,864691135409859785,1852.0
864691135294480310,864691135480311494,1628.0
864691135294480310,864691135994226881,10772.0
864691135294480310,864691136228250961,2188.0
864691135294480310,864691136330101226,788.0
864691135294480310,864691135386963541,9520.0
864691135294480310,864691135499283987,7832.0
864691135294480310,864691135584629613,13252.0
864691135294480310,864691135725748139,8916.0
864691135294480310,864691135817195343,6856.0
864691135294480310,864691135817419343,192.0
864691135294480310,864691136523335057,1120.0
864691135724393131,864691135585046648,9944.0
864691135724393131,864691136275031565,12220.0
864691135569902316,864691135741659499,1204.0
864691135569902316,864691135772987899,2296.0
864691135569902316,864691136013367715,20704.0
864691135569902316,864691136420195223,15804.0
864691135569902316,864691136578982164,2332.0
864691135569902316,864691135346571423,2208.0
864691135569902316,864691135417045946,940.0
864691135569902316,864691135583352941,244.0
864691135569902316,864691136058745048,1196.0
864691135569902316,864691136125433894,3640.0
864691135569902316,864691136603221201,2412.0
864691135938629892,864691135740865684,4516.0
864691135938629892,864691135741659499,14720.0
864691135938629892,864691135772987899,1224.0
864691135938629892,864691134884807418,8648.0
864691135938629892,864691135339103718,5492.0
864691135938629892,864691135473383730,18144.0
864691135938629892,864691135749141801,1852.0
864691135938629892,864691136391623039,1312.0
864691135774368763,864691135214986368,5788.0
864691135774368763,864691135277309669,288.0
864691135774368763,864691135360096071,3524.0
864691135774368763,864691135585266808,29076.0
864691135774368763,864691135717271834,528.0
864691135774368763,864691135782702387,468.0
864691135774368763,864691136034011579,1748.0
864691135774368763,864691135015652246,3260.0
864691135774368763,864691135258642863,1752.0
864691135774368763,864691135408808649,752.0
864691135774368763,864691135448303762,2116.0
864691135774368763,864691135655390658,808.0
864691135774368763,864691135688186080,21388.0
864691135774368763,864691135810905036,1232.0
864691135774368763,864691136026254649,5136.0
864691135774368763,864691136043380566,2368.0
864691135774368763,864691136419797655,28044.0
864691135774368763,864691136438469534,2492.0
864691135774368763,864691136523288465,10136.0
864691135774368763,864691136813937267,20696.0
864691135774053371,864691135739689073,2112.0
864691135774053371,864691135810473245,4952.0
864691135774053371,864691136137794941,1800.0
864691135774053371,864691134887026938,3432.0
864691135774053371,864691135257669039,204.0
864691135774053371,864691135496440208,6728.0
864691135774053371,864691135662408944,324.0
864691135774053371,864691136010639022,848.0
864691135774053371,864691136125457446,3220.0
864691135774053371,864691136438469534,1048.0
864691135774053371,864691136453419007,18352.0
864691135774053371,864691136905458866,4088.0
864691136524172689,864691135362104647,29248.0
864691136524172689,864691135540272498,4564.0
864691136524172689,864691135546339880,2012.0
864691136524172689,864691135567047191,7592.0
864691136524172689,864691135750307881,3680.0
864691136524172689,864691136111251896,3676.0
864691136524172689,864691136228250961,75900.0
864691136524172689,864691134919972106,2900.0
864691136524172689,864691135258642863,1156.0
864691136524172689,864691135277186789,1320.0
864691136524172689,864691135375351369,3012.0
864691136524172689,864691135496440208,8620.0
864691136524172689,864691135655390658,2208.0
864691136524172689,864691135742756203,1980.0
864691136524172689,864691135774389755,1880.0
864691136524172689,864691136419797655,4664.0
864691136524172689,864691136438717086,2656.0
864691135342541509,864691135360482392,13072.0
864691135342541509,864691135571192966,268.0
864691135342541509,864691135572346349,20160.0
864691135342541509,864691135583223405,6548.0
864691135342541509,864691135585266808,4324.0
864691135342541509,864691135779049056,7588.0
864691135342541509,864691135867644805,3880.0
864691135342541509,864691136111559352,332.0
864691135342541509,864691136195798504,2700.0
864691135342541509,864691136238090767,3384.0
864691135342541509,864691136381243349,22672.0
864691135342541509,864691136619693275,2800.0
864691135342541509,864691135119709149,2388.0
864691135342541509,864691135258642863,1632.0
864691135342541509,864691135469422674,2136.0
864691135342541509,864691135810905036,2316.0
864691135342541509,864691136058745048,4360.0
864691135342541509,864691136125457446,1652.0
864691135342541509,864691136674495623,9600.0
864691135342541509,864691136905560754,12416.0
864691135988742147,864691135102151968,14948.0
864691135988742147,864691135274816017,2556.0
864691135988742147,864691135430346544,3700.0
864691135988742147,864691135586724220,12164.0
864691135988742147,864691135594721579,17968.0
864691135988742147,864691135750307881,4708.0
864691135988742147,864691135765013302,17392.0
864691135988742147,864691135868957462,1836.0
864691135988742147,864691136274655166,4648.0
864691135988742147,864691136991202453,19904.0
864691135988742147,864691135405733870,768.0
864691135988742147,864691135591041291,13192.0
864691135988742147,864691135694246079,12664.0
864691135988742147,864691135773209163,4104.0
864691135988742147,864691136058745048,3684.0
864691135988742147,864691136484364844,24124.0
864691135988742147,864691136674744199,1896.0
864691136274655166,864691135015605910,420.0
864691136274655166,864691135164887853,196.0
864691136274655166,864691135325413788,2056.0
864691136274655166,864691135466236229,1636.0
864691136274655166,864691135496381840,2716.0
864691136274655166,864691135546339880,8800.0
864691136274655166,864691135562474977,1044.0
864691136274655166,864691135562842337,30556.0
864691136274655166,864691135570301676,388.0
864691136274655166,864691135571192966,6068.0
864691136274655166,864691135640297787,3148.0
864691136274655166,864691135750958889,29988.0
864691136274655166,864691135774294603,24332.0
864691136274655166,864691135779049056,3192.0
864691136274655166,864691135782241616,17564.0
864691136274655166,864691135801463650,1872.0
864691136274655166,864691135839932307,3856.0
864691136274655166,864691135877825107,6468.0
864691136274655166,864691136330101226,860.0
864691136274655166,864691136391042167,28276.0
864691136274655166,864691136488414994,8356.0
864691136274655166,864691136618795227,4548.0
864691136274655166,864691136664127454,9564.0
864691136274655166,864691136905758130,1144.0
864691136274655166,864691137055712630,3184.0
864691136274655166,864691137199828801,780.0
864691136274655166,864691134887026938,27544.0
864691136274655166,864691134950156796,28056.0
864691136274655166,864691135060727707,8272.0
864691136274655166,864691135101431072,6844.0
864691136274655166,864691135157994084,520.0
864691136274655166,864691135209432185,1408.0
864691136274655166,864691135274195217,3824.0
864691136274655166,864691135304641703,1616.0
864691136274655166,864691135368949241,8532.0
864691136274655166,864691135448303762,10912.0
864691136274655166,864691135465100189,240.0
864691136274655166,864691135470787666,2568.0
864691136274655166,864691135576881950,3008.0
864691136274655166,864691135586240120,16448.0
864691136274655166,864691135694246079,10872.0
864691136274655166,864691135757040082,3388.0
864691136274655166,864691135773209163,9456.0
864691136274655166,864691135774179147,14424.0
864691136274655166,864691135842486243,3456.0
864691136274655166,864691135976063855,4000.0
864691136274655166,864691136034084795,1296.0
864691136274655166,864691136120658712,6360.0
864691136274655166,864691136314404669,868.0
864691136274655166,864691136596901026,5540.0
864691136274655166,864691136675427975,8996.0
864691136274655166,864691136975144988,8752.0
864691136274655166,864691136991359893,5832.0
864691135878061395,864691135447540882,8756.0
864691135878061395,864691135578360837,5324.0
864691135878061395,864691135750642473,216.0
864691135878061395,864691136101464181,51480.0
864691135977045871,864691135066958404,6524.0
864691135977045871,864691135294520844,7368.0
864691135977045871,864691135325413788,22072.0
864691135977045871,864691135396794101,30400.0
864691135977045871,864691135464928318,23136.0
864691135977045871,864691135499231763,7032.0
864691135977045871,864691135578360837,2864.0
864691135977045871,864691135594721579,22240.0
864691135977045871,864691135685087474,10656.0
864691135977045871,864691135731889337,3560.0
864691135977045871,864691135774294603,21468.0
864691135977045871,864691135778419901,1188.0
864691135977045871,864691135839950227,19324.0
864691135977045871,864691135853198023,23840.0
864691135977045871,864691135955962888,16576.0
864691135977045871,864691135988557315,3060.0
864691135977045871,864691136438585502,12580.0
864691135977045871,864691136488446226,14588.0
864691135977045871,864691136488999186,17304.0
864691135977045871,864691136619693275,5872.0
864691135977045871,864691136991202453,724.0
864691135977045871,864691134886499066,1668.0
864691135977045871,864691135015652246,21588.0
864691135977045871,864691135155894884,3172.0
864691135977045871,864691135271038885,468.0
864691135977045871,864691135343818161,4556.0
864691135977045871,864691135584008045,5300.0
864691135977045871,864691135587371132,5100.0
864691135977045871,864691135591041291,8688.0
864691135977045871,864691135725920939,11948.0
864691135977045871,864691135773073147,3720.0
864691135977045871,864691135886130288,12252.0
864691135977045871,864691136011768494,24276.0
864691135977045871,864691136239902780,9460.0
864691135977045871,864691136298125851,9292.0
864691135977045871,864691136438469534,4972.0
864691135977045871,864691136438717086,1732.0
864691135977045871,864691136976001308,9232.0
864691135939477508,864691135209369465,20592.0
864691135939477508,864691135540272498,23724.0
864691135939477508,864691135695146943,440.0
864691135939477508,864691135774053371,24492.0
864691135939477508,864691135878061395,24712.0
864691135939477508,864691135947258916,17612.0
864691135939477508,864691136091634487,23436.0
864691135939477508,864691136137794941,14348.0
864691135939477508,864691136330101226,3964.0
864691135939477508,864691136968542926,10616.0
864691135939477508,864691136991202453,12552.0
864691135939477508,864691135102274592,2640.0
864691135939477508,864691135258642863,4660.0
864691135939477508,864691135325263004,2804.0
864691135939477508,864691135343818161,14308.0
864691135939477508,864691135405626862,3284.0
864691135939477508,864691135503182685,3548.0
864691135939477508,864691135586240120,508.0
864691135939477508,864691135688186080,35736.0
864691135939477508,864691135739587697,3500.0
864691135939477508,864691135773073147,3648.0
864691135939477508,864691136089194039,2932.0
864691135939477508,864691136364308962,4464.0
864691135939477508,864691137198691137,4400.0
864691136108938168,864691135059845275,764.0
864691136108938168,864691135808684573,21056.0
864691136108938168,864691135977666883,6876.0
864691136108938168,864691136309871706,14016.0
864691136108938168,864691136330101226,3496.0
864691136108938168,864691135059143323,32536.0
864691136108938168,864691135497743635,8796.0
864691136108938168,864691135578103301,41804.0
864691136108938168,864691135684657079,852.0
864691136108938168,864691135700409211,21404.0
864691136108938168,864691136137834877,2168.0
864691136108938168,864691136176327430,4348.0
864691135375888840,864691134966324767,31532.0
864691135375888840,864691134966714655,5736.0
864691135375888840,864691135102151968,3032.0
864691135375888840,864691135214931072,1320.0
864691135375888840,864691135277309669,3404.0
864691135375888840,864691135362104647,436.0
864691135375888840,864691135398868257,788.0
864691135375888840,864691135466158917,1988.0
864691135375888840,864691135466283333,3284.0
864691135375888840,864691135518283475,1540.0
864691135375888840,864691135577651230,3528.0
864691135375888840,864691135583277677,10140.0
864691135375888840,864691135591854347,21560.0
864691135375888840,864691135685087474,6376.0
864691135375888840,864691135774368763,3372.0
864691135375888840,864691135782241616,1516.0
864691135375888840,864691135801463650,3068.0
864691135375888840,864691135850033758,8840.0
864691135375888840,864691135886208112,3080.0
864691135375888840,864691136085781356,2864.0
864691135375888840,864691136314491965,544.0
864691135375888840,864691136330101226,8804.0
864691135375888840,864691136905758130,1448.0
864691135375888840,864691134887026938,2896.0
864691135375888840,864691135102274592,37044.0
864691135375888840,864691135124603687,3244.0
864691135375888840,864691135280481697,9360.0
864691135375888840,864691135324623260,4020.0
864691135375888840,864691135430486576,4748.0
864691135375888840,864691135493620831,23008.0
864691135375888840,864691135503182685,708.0
864691135375888840,864691135504327861,13848.0
864691135375888840,864691135584629613,4964.0
864691135375888840,864691135655894978,536.0
864691135375888840,864691135698211994,6116.0
864691135375888840,864691135810905036,3148.0
864691135375888840,864691135861093992,3212.0
864691135375888840,864691135919956656,6240.0
864691135375888840,864691136034084795,5428.0
864691135375888840,864691136125440038,36468.0
864691135375888840,864691136239980604,7396.0
864691135375888840,864691136380757461,13332.0
864691135375888840,864691136604001745,2644.0
864691135375888840,864691136991359893,476.0
864691135384344043,864691136523216017,1444.0
864691135384344043,864691135258642863,6156.0
864691135384344043,864691135857993774,3976.0
864691135384344043,864691136239980604,6636.0
864691135955909640,864691135362104647,36796.0
864691135955909640,864691135656674242,3384.0
864691135955909640,864691135686283703,1164.0
864691135955909640,864691135954393891,6992.0
864691135955909640,864691135384843738,368.0
864691135955909640,864691135476495936,964.0
864691135940996774,864691136420195223,23116.0
864691136136778621,864691135801463650,7132.0
864691136136778621,864691135885911920,1284.0
864691136136778621,864691136330101226,4104.0
864691136136778621,864691135273918993,4208.0
864691136136778621,864691135689417440,10956.0
864691136136778621,864691135993150913,19028.0
864691136136778621,864691136106969561,1960.0
864691136136778621,864691136195834070,2792.0
864691136136778621,864691136914414321,2756.0
864691136136778621,864691137198691137,212.0
864691134966714655,864691134966114591,5788.0
864691134966714655,864691135214986368,4836.0
864691134966714655,864691135493149927,1596.0
864691134966714655,864691135725842603,656.0
864691134966714655,864691135750958889,3536.0
864691134966714655,864691135801463650,2376.0
864691134966714655,864691136275894285,34844.0
864691134966714655,864691134991010426,31176.0
864691134966714655,864691135336055529,864.0
864691134966714655,864691135357351375,34136.0
864691134966714655,864691135698211994,25772.0
864691134966714655,864691135977309763,4268.0
864691134966714655,864691136134678667,13008.0
864691134966714655,864691136239902780,260.0
864691134966714655,864691137056393846,224.0
864691136445557123,864691134942472035,18692.0
864691136445557123,864691135102433056,2520.0
864691136445557123,864691135274816017,12036.0
864691136445557123,864691135362104647,1072.0
864691136445557123,864691135396794101,2720.0
864691136445557123,864691135396940021,3624.0
864691136445557123,864691135763941174,4436.0
864691136445557123,864691135808684573,2076.0
864691136445557123,864691135867644805,1288.0
864691136445557123,864691135890695049,4800.0
864691136445557123,864691135955962888,2160.0
864691136445557123,864691136110366904,2344.0
864691136445557123,864691136118370724,16548.0
864691136445557123,864691136228491601,6200.0
864691136445557123,864691136453384959,15568.0
864691136445557123,864691136488999186,18824.0
864691136445557123,864691135102381856,5972.0
864691136445557123,864691135124603687,19564.0
864691136445557123,864691135368949241,5208.0
864691136445557123,864691135584629613,21264.0
864691136445557123,864691135656579010,17904.0
864691136445557123,864691135662408944,22140.0
864691136445557123,864691135778467517,32276.0
864691136445557123,864691135866576604,2064.0
864691136445557123,864691136288644291,2476.0
864691135578360837,864691135209194617,8588.0
864691135578360837,864691135732578745,2428.0
864691135578360837,864691135757083346,3344.0
864691135578360837,864691136953413599,3764.0
864691135656674242,864691135977666883,5132.0
864691135656674242,864691136040834558,3808.0
864691135656674242,864691135272003237,6740.0
864691135656674242,864691135503182685,3652.0
864691135656674242,864691136022520056,11988.0
864691135809509917,864691135977666883,11020.0
864691136309871706,864691135491204327,3756.0
864691136309871706,864691135577644574,48424.0
864691136309871706,864691136814442867,908.0
864691136309871706,864691135233242713,8860.0
864691136309871706,864691135778132576,9760.0
864691136309871706,864691135852138183,22212.0
864691136309871706,864691136084313196,10536.0
864691136309871706,864691136812081779,4800.0
864691135591726603,864691136904488114,5720.0
864691136579129876,864691135136360217,2076.0
864691136579129876,864691135209369465,1540.0
864691136579129876,864691135294520844,4988.0
864691136579129876,864691135466158917,6360.0
864691136579129876,864691135469753426,3028.0
864691136579129876,864691135656578242,25376.0
864691136579129876,864691135717271834,5296.0
864691136579129876,864691135732578745,1676.0
864691136579129876,864691135739008132,480.0
864691136579129876,864691135741458324,10404.0
864691136579129876,864691135750958889,6000.0
864691136579129876,864691135751110185,11052.0
864691136579129876,864691135760106830,528.0
864691136579129876,864691135885911920,17040.0
864691136579129876,864691136011684526,5808.0
864691136579129876,864691136086088556,11364.0
864691136579129876,864691136111559352,1784.0
864691136579129876,864691136452602367,6996.0
864691136579129876,864691134989865338,2292.0
864691136579129876,864691135304641703,5244.0
864691136579129876,864691135343818161,9336.0
864691136579129876,864691135405733870,5340.0
864691136579129876,864691135732210873,5632.0
864691136579129876,864691135977309763,19712.0
864691136579129876,864691136101340021,10680.0
864691136579129876,864691136330407914,5252.0
864691136579129876,864691136419797655,548.0
864691136579129876,864691136596901026,7976.0
864691136579129876,864691136991390869,32408.0
864691135757083346,864691135015154934,17328.0
864691135757083346,864691135280944545,1256.0
864691135757083346,864691135294442678,21620.0
864691135757083346,864691135324725404,3184.0
864691135757083346,864691135374981320,14128.0
864691135757083346,864691135496381840,5572.0
864691135757083346,864691135578146565,1756.0
864691135757083346,864691135717275162,2728.0
864691135757083346,864691135839932307,20204.0
864691135757083346,864691135867644805,3536.0
864691135757083346,864691135939008565,5648.0
864691135757083346,864691135977654851,1748.0
864691135757083346,864691136392785279,5296.0
864691135757083346,864691136453384959,3216.0
864691135757083346,864691136904488114,724.0
864691135757083346,864691135102274592,3180.0
864691135757083346,864691135258642863,9244.0
864691135757083346,864691135584629613,21080.0
864691135757083346,864691135919956656,12876.0
864691135757083346,864691136137237899,8500.0
864691135757083346,864691136953413599,12464.0
864691135757083346,864691137056393846,1332.0
864691135728030015,864691135164887853,25312.0
864691135728030015,864691135214986368,4356.0
864691135728030015,864691135375107272,2224.0
864691135728030015,864691135448698196,3340.0
864691135728030015,864691135546339880,2144.0
864691135728030015,864691135572346349,4372.0
864691135728030015,864691135662059248,4300.0
864691135728030015,864691135868386070,3684.0
864691135728030015,864691136314473021,2948.0
864691135728030015,864691136927761226,924.0
864691135728030015,864691135324623260,1044.0
864691135728030015,864691135611140359,1188.0
864691135728030015,864691135810492189,2500.0
864691135728030015,864691135861093992,34160.0
864691135728030015,864691136043380566,26088.0
864691135728030015,864691136239980604,612.0
864691135728030015,864691136675427975,9672.0
864691136137794941,864691135447540882,4740.0
864691136137794941,864691135886208112,1188.0
864691136137794941,864691136391042167,300.0
864691136137794941,864691135567059223,296.0
864691136137794941,864691136390788215,3832.0
864691135755197133,864691135367033849,632.0
864691135755197133,864691135778132576,1936.0
864691135465932357,864691134948788476,6524.0
864691135465932357,864691135060651419,4216.0
864691135465932357,864691135214986368,22736.0
864691135465932357,864691135362104647,15116.0
864691135465932357,864691135398805281,1472.0
864691135465932357,864691135496381840,16384.0
864691135465932357,864691135502885954,18548.0
864691135465932357,864691135577644574,17304.0
864691135465932357,864691135853198023,2144.0
864691135465932357,864691135977666883,468.0
864691135465932357,864691134919972106,12388.0
864691135465932357,864691135135019168,4152.0
864691135465932357,864691135325263004,19464.0
864691135465932357,864691135448303762,37304.0
864691135465932357,864691135464795710,6588.0
864691135465932357,864691135586240120,6688.0
864691135465932357,864691135732210873,4900.0
864691135465932357,864691136177629702,1428.0
864691135465932357,864691136364308962,6332.0
864691135465932357,864691136603811281,14732.0
864691135465932357,864691136742067804,16336.0
864691135465932357,864691136976001308,11684.0
864691134941412707,864691135060651419,336.0
864691134941412707,864691135134052512,7132.0
864691134941412707,864691135695146943,18304.0
864691134941412707,864691135868210454,2500.0
864691134941412707,864691136086630764,12996.0
864691134941412707,864691136391042167,536.0
864691134941412707,864691136452602367,14780.0
864691134941412707,864691136523081105,11832.0
864691134941412707,864691135277186789,5724.0
864691134941412707,864691135357351375,500.0
864691134941412707,864691135360809560,4052.0
864691134941412707,864691135477839784,14612.0
864691134941412707,864691135698211994,2624.0
864691134941412707,864691136364308962,11420.0
864691134941412707,864691136523335057,5976.0
864691135739689073,864691135342541509,9716.0
864691135739689073,864691135763941174,2032.0
864691135739689073,864691135855890478,216.0
864691135739689073,864691135875460494,184.0
864691135739689073,864691136011686318,6336.0
864691135739689073,864691136312150874,13124.0
864691135739689073,864691135015652246,7364.0
864691135739689073,864691135274195217,7908.0
864691135739689073,864691135408808649,2816.0
864691135739689073,864691135774389755,3212.0
864691135739689073,864691135842486243,10836.0
864691135739689073,864691136042982742,37144.0
864691135739689073,864691136389921911,24068.0
864691136314473021,864691135518989962,7712.0
864691136314473021,864691135763495478,10820.0
864691136314473021,864691135977045871,27096.0
864691136314473021,864691136034011579,1632.0
864691136314473021,864691136452602367,2444.0
864691136314473021,864691134884807418,1664.0
864691136314473021,864691135325071004,3648.0
864691136314473021,864691135343818161,2392.0
864691136314473021,864691135546902056,26404.0
864691136314473021,864691135618505065,2496.0
864691136314473021,864691136137834877,15952.0
864691136314473021,864691136389921911,12856.0
864691136314473021,864691136420279191,46996.0
864691136314473021,864691136452609023,2144.0
864691136314473021,864691136975144988,23140.0
864691136314473021,864691136991390869,7056.0
864691135495698832,864691136228250961,9612.0
864691135495698832,864691136991202453,74148.0
864691135495698832,864691135688186080,21052.0
864691135495698832,864691136419797655,6780.0
864691135134695328,864691135270320293,9752.0
864691135134695328,864691135616363211,14448.0
864691135134695328,864691135697613077,19068.0
864691135134695328,864691135719761713,2484.0
864691135134695328,864691135855860782,576.0
864691135134695328,864691136084684396,5492.0
864691135134695328,864691136451224831,45384.0
864691135134695328,864691135273918993,4116.0
864691135134695328,864691135408560329,1236.0
864691135134695328,864691135852138183,13476.0
864691135134695328,864691136009893294,37324.0
864691135134695328,864691136137834877,31280.0
864691135134695328,864691136196127208,2840.0
864691135134695328,864691136228538961,7184.0
864691135134695328,864691136812081779,9900.0
864691135868916246,864691135686283703,4036.0
864691135868916246,864691135877825107,4248.0
864691135868916246,864691136484732972,16084.0
864691135868916246,864691136438717086,1724.0
864691135480916422,864691135066958404,9924.0
864691135480916422,864691135388368001,1632.0
864691135480916422,864691136006519498,1052.0
864691135480916422,864691136023889209,1320.0
864691135480916422,864691136196517452,11112.0
864691135480916422,864691136336179123,6824.0
864691135480916422,864691136954050527,2628.0
864691135480916422,864691134942169955,8712.0
864691135480916422,864691134949263100,16016.0
864691135480916422,864691135272069285,30688.0
864691135480916422,864691135280682401,11732.0
864691135480916422,864691135480892614,27328.0
864691135480916422,864691135689417440,3500.0
864691135480916422,864691136022520056,1948.0
864691135480916422,864691136453419007,212.0
864691135480916422,864691136953677535,10556.0
864691135480916422,864691137055367798,8632.0
864691135480916422,864691137055405174,3152.0
864691136372039560,864691135014966262,2872.0
864691136372039560,864691135750307881,34920.0
864691136372039560,864691135765013302,14936.0
864691136372039560,864691135809509917,7432.0
864691136372039560,864691136052738803,3848.0
864691136372039560,864691135184104194,50024.0
864691136372039560,864691135272069285,28140.0
864691136372039560,864691135384843738,1056.0
864691136372039560,864691135480892614,15016.0
864691136372039560,864691135577221406,1232.0
864691136372039560,864691135617440105,7564.0
864691136372039560,864691135688186080,13064.0
864691135324705692,864691134919869706,14264.0
864691135324705692,864691134966114591,12444.0
864691135324705692,864691135384344043,5664.0
864691135324705692,864691135417478842,6120.0
864691135324705692,864691135465955397,12680.0
864691135324705692,864691135570301676,21580.0
864691135324705692,864691135619756943,2668.0
864691135324705692,864691135695146943,13092.0
864691135324705692,864691135954393891,7404.0
864691135324705692,864691136118370724,176.0
864691135324705692,864691136437631902,5796.0
864691135324705692,864691136912172017,3180.0
864691135324705692,864691135280682401,19392.0
864691135324705692,864691135927494158,1864.0
864691135324705692,864691135928366606,532.0
864691135324705692,864691135942924148,15152.0
864691135324705692,864691135977309763,6732.0
864691135324705692,864691136011768494,16736.0
864691135324705692,864691136058745048,3092.0
864691135324705692,864691136120159768,3156.0
864691135324705692,864691136125433894,25452.0
864691135324705692,864691136239902780,7420.0
864691135324705692,864691136380718037,5180.0
864691135324705692,864691136380757461,2320.0
864691135324705692,864691136523118481,5668.0
864691135927381774,864691135258563503,13324.0
864691135927381774,864691135294520844,6448.0
864691135927381774,864691135396794101,3280.0
864691135927381774,864691135694415551,2732.0
864691135927381774,864691136437631902,10816.0
864691135927381774,864691136211371452,6968.0
864691135751110185,864691135405337326,6092.0
864691135751110185,864691135504203357,1992.0
864691135751110185,864691135577651230,5708.0
864691135751110185,864691135640297787,32476.0
864691135751110185,864691135725842603,392.0
864691135751110185,864691135954393891,27064.0
864691135751110185,864691136330101226,7620.0
864691135751110185,864691136420303511,196.0
864691135751110185,864691136445557123,1004.0
864691135751110185,864691136524172689,1444.0
864691135751110185,864691134991010426,2660.0
864691135751110185,864691135157198692,2452.0
864691135751110185,864691135184104194,14096.0
864691135751110185,864691135387535957,8052.0
864691135751110185,864691135469845388,2396.0
864691135751110185,864691135478316200,2916.0
864691135751110185,864691135592830731,4380.0
864691135751110185,864691135866576604,3736.0
864691135751110185,864691135939049988,616.0
864691135751110185,864691135977309763,5856.0
864691135751110185,864691136041575422,2160.0
864691135751110185,864691136058745048,3660.0
864691135751110185,864691136288644291,9008.0
864691135751110185,864691136330407914,13136.0
864691135751110185,864691136381301461,37584.0
864691135751110185,864691136453419007,30628.0
864691136675875719,864691134942472035,3496.0
864691136675875719,864691135294442678,14400.0
864691136675875719,864691135396794101,3068.0
864691136675875719,864691135441799752,5804.0
864691136675875719,864691135465343045,588.0
864691136675875719,864691135496381840,8344.0
864691136675875719,864691135725842603,1824.0
864691136675875719,864691135727790911,6304.0
864691136675875719,864691135742102635,1452.0
864691136675875719,864691136085904236,820.0
864691136675875719,864691136111251896,7352.0
864691136675875719,864691136391042167,2052.0
864691136675875719,864691136991606421,8716.0
864691136675875719,864691135184104194,5864.0
864691136675875719,864691135271038885,964.0
864691136675875719,864691135274195217,28312.0
864691136675875719,864691135336055529,504.0
864691136675875719,864691135496440208,25964.0
864691136675875719,864691135576881950,2592.0
864691136675875719,864691135584008045,18996.0
864691136675875719,864691135617440105,7508.0
864691136675875719,864691135919956656,7364.0
864691136675875719,864691136101340021,1960.0
864691136675875719,864691136125440038,3820.0
864691136675875719,864691136976001308,1136.0
864691136066631832,864691135359010904,9620.0
864691136066631832,864691135455123562,20424.0
864691136066631832,864691135616363211,8376.0
864691136066631832,864691135975539779,17324.0
864691136066631832,864691135989836288,4364.0
864691136066631832,864691136334080435,17876.0
864691136066631832,864691135497743635,5556.0
864691136066631832,864691135915343462,172.0
864691136066631832,864691135927647956,2040.0
864691136066631832,864691136176327430,1852.0
864691136066631832,864691136273494206,12056.0
864691135271081125,864691136420195223,9540.0
864691135271081125,864691135233242713,11264.0
864691135271081125,864691135539491442,29364.0
864691135271081125,864691135860969064,3076.0
864691135271081125,864691136107486169,5812.0
864691135271081125,864691136210975676,9688.0
864691135271081125,864691137198382657,6428.0
864691136010651052,864691135277309669,12672.0
864691136010651052,864691135362104647,15528.0
864691136010651052,864691135398805281,280.0
864691136010651052,864691135518989962,1240.0
864691136010651052,864691135585266808,57348.0
864691136010651052,864691135593133067,556.0
864691136010651052,864691136111251896,21132.0
864691136010651052,864691136111559352,12160.0
864691136010651052,864691136524172689,4460.0
864691136010651052,864691135258642863,4092.0
864691136010651052,864691135448303762,3152.0
864691136010651052,864691135586240120,2164.0
864691136010651052,864691136438469534,5056.0
864691136010651052,864691136665051614,8712.0
864691136437631902,864691135688186080,1732.0
864691136437631902,864691136991359893,29004.0
864691136312150874,864691134942472035,5348.0
864691136312150874,864691135060651419,10024.0
864691136312150874,864691135210134905,10124.0
864691136312150874,864691135214986368,18792.0
864691136312150874,864691135294480310,3400.0
864691136312150874,864691135409859785,11736.0
864691136312150874,864691135480311494,3108.0
864691136312150874,864691135502885954,8248.0
864691136312150874,864691135540272498,14652.0
864691136312150874,864691135540440178,7484.0
864691136312150874,864691135562842337,24528.0
864691136312150874,864691135562975969,1084.0
864691136312150874,864691135577651230,16532.0
864691136312150874,864691135685087474,6692.0
864691136312150874,864691135732578745,5864.0
864691136312150874,864691135839932307,18004.0
864691136312150874,864691135850033758,5244.0
864691136312150874,864691136034011579,15720.0
864691136312150874,864691136091634487,12232.0
864691136312150874,864691136111251896,2140.0
864691136312150874,864691136211385020,344.0
864691136312150874,864691136330101226,4800.0
864691136312150874,864691136814442867,12708.0
864691136312150874,864691136968542926,1988.0
864691136312150874,864691134991010426,5296.0
864691136312150874,864691135015652246,336.0
864691136312150874,864691135124146727,7172.0
864691136312150874,864691135258642863,41776.0
864691136312150874,864691135274195217,16004.0
864691136312150874,864691135277186789,26908.0
864691136312150874,864691135325263004,2208.0
864691136312150874,864691135490326074,472.0
864691136312150874,864691135496440208,7156.0
864691136312150874,864691135499283987,11304.0
864691136312150874,864691135586240120,2140.0
864691136312150874,864691135738969220,7044.0
864691136312150874,864691135774389755,57936.0
864691136312150874,864691135970226021,6808.0
864691136312150874,864691136042982742,23588.0
864691136312150874,864691136043380566,3500.0
864691136312150874,864691136125956134,416.0
864691136312150874,864691136195400150,4592.0
864691136312150874,864691136331249642,3416.0
864691136312150874,864691136453419007,16572.0
864691136312150874,864691136604001745,15016.0
864691136312150874,864691136675427975,1452.0
864691136312150874,864691136742244188,3552.0
864691136725343485,864691136904488114,172.0
864691136725343485,864691135455701354,4840.0
864691136725343485,864691136298045979,6324.0
864691135698922005,864691135857099310,5520.0
864691135698922005,864691136904488114,2152.0
864691135698922005,864691135927494158,1144.0
864691135698922005,864691136311059034,2720.0
864691136390183696,864691136925601354,49652.0
864691135809608652,864691135719761713,3384.0
864691135809608652,864691135851792071,5220.0
864691135809608652,864691135852138183,9012.0
864691136484732972,864691134966324767,5340.0
864691136484732972,864691135210134905,21288.0
864691136484732972,864691135214986368,4124.0
864691136484732972,864691135362104647,19696.0
864691136484732972,864691135388368001,9476.0
864691136484732972,864691135396794101,7292.0
864691136484732972,864691135441799752,816.0
864691136484732972,864691135493149927,872.0
864691136484732972,864691135518173395,3928.0
864691136484732972,864691135656578242,3192.0
864691136484732972,864691135686283703,4576.0
864691136484732972,864691135731679929,25212.0
864691136484732972,864691135757083346,2444.0
864691136484732972,864691135774368763,6252.0
864691136484732972,864691135782241616,1920.0
864691136484732972,864691135868210454,3772.0
864691136484732972,864691135885911920,14804.0
864691136484732972,864691135941300993,7540.0
864691136484732972,864691135977045871,9244.0
864691136484732972,864691135988557315,11176.0
864691136484732972,864691136033227451,636.0
864691136484732972,864691136196265704,872.0
864691136484732972,864691136330101226,7724.0
864691136484732972,864691136373008520,1728.0
864691136484732972,864691136391042167,5360.0
864691136484732972,864691136445215875,1104.0
864691136484732972,864691136488999186,4604.0
864691136484732972,864691136618795227,7000.0
864691136484732972,864691136674749575,4708.0
864691136484732972,864691136912172017,9016.0
864691136484732972,864691136968542926,1292.0
864691136484732972,864691134949248508,1012.0
864691136484732972,864691135157198692,6336.0
864691136484732972,864691135325071004,836.0
864691136484732972,864691135480892614,3412.0
864691136484732972,864691135698211994,1004.0
864691136484732972,864691135757040082,9212.0
864691136484732972,864691135779705021,1244.0
864691136484732972,864691135861093992,736.0
864691136484732972,864691136010028974,196.0
864691136484732972,864691136144674612,636.0
864691136484732972,864691136381301461,2088.0
864691136484732972,864691136389921911,652.0
864691136484732972,864691136603811281,5392.0
864691136484732972,864691136619096795,3776.0
864691136484732972,864691136742067804,18440.0
864691136484732972,864691136813937267,9764.0
864691136484732972,864691136975144988,7544.0
864691136363303138,864691135015154934,6444.0
864691136363303138,864691135417443514,888.0
864691136363303138,864691135466158917,1660.0
864691136363303138,864691135583223405,11376.0
864691136363303138,864691135662059248,2812.0
864691136363303138,864691135938816260,2880.0
864691136363303138,864691136274655166,5032.0
864691136363303138,864691136373008520,3428.0
864691136363303138,864691136524172689,4396.0
864691136363303138,864691136991202453,6784.0
864691136363303138,864691137199038273,1892.0
864691136363303138,864691134887026938,1832.0
864691136363303138,864691135295165196,1688.0
864691136363303138,864691135465100189,16420.0
864691136363303138,864691135496440208,9412.0
864691136363303138,864691135504327861,4584.0
864691136363303138,864691135990004992,768.0
864691136363303138,864691136453419007,1444.0
864691136363303138,864691136674495623,6196.0
864691136363303138,864691136675427975,13492.0
864691136111559352,864691135277309669,3560.0
864691136111559352,864691135362104647,18196.0
864691136111559352,864691135476528704,6628.0
864691136111559352,864691135685087474,2672.0
864691136111559352,864691135739689073,9888.0
864691136111559352,864691135977666883,3988.0
864691136111559352,864691136437631902,12504.0
864691136111559352,864691135405626862,22028.0
864691136111559352,864691135566168599,15936.0
864691136111559352,864691135584629613,720.0
864691136111559352,864691135861093992,7120.0
864691136111559352,864691136137237899,8220.0
864691136111559352,864691136976001308,35332.0
864691136578820884,864691135385422677,9692.0
864691136578820884,864691136033116347,8704.0
864691136043283030,864691135294442678,1616.0
864691136043283030,864691135362104647,1412.0
864691136043283030,864691135567047191,1796.0
864691136043283030,864691135583277677,2852.0
864691136043283030,864691135662059248,10876.0
864691136043283030,864691135698016410,2904.0
864691136043283030,864691135782506832,6972.0
864691136043283030,864691135850033758,7188.0
864691136043283030,864691135954393891,4068.0
864691136043283030,864691136023889209,544.0
864691136043283030,864691136674749575,5376.0
864691136043283030,864691137055712630,17756.0
864691136043283030,864691135351096279,7372.0
864691136043283030,864691135493686111,988.0
864691136043283030,864691135496440208,13092.0
864691136043283030,864691135503182685,26252.0
864691136043283030,864691135546902056,5620.0
864691136043283030,864691135576881950,2304.0
864691136043283030,864691135774179147,5864.0
864691136043283030,864691136239980604,5524.0
864691136043283030,864691136330407914,3380.0
864691136043283030,864691137198691137,9324.0
864691136275894285,864691135396940021,5360.0
864691136275894285,864691135593133067,5408.0
864691136275894285,864691135727790911,736.0
864691136275894285,864691135750307881,18972.0
864691136275894285,864691135868210454,3420.0
864691136275894285,864691136033332155,12728.0
864691136275894285,864691136596107938,16852.0
864691136275894285,864691134949248508,1604.0
864691136275894285,864691135387535957,4492.0
864691136275894285,864691135405733870,2060.0
864691136275894285,864691135566168599,18808.0
864691136275894285,864691135592830731,16768.0
864691136275894285,864691135717457946,2460.0
864691136275894285,864691135719900721,3768.0
864691136275894285,864691135874914702,13816.0
864691136275894285,864691136026254649,2256.0
864691136275894285,864691136058745048,3468.0
864691136275894285,864691136125457446,3556.0
864691136275894285,864691136134678667,7580.0
864691136275894285,864691136380718037,11176.0
864691136489147922,864691135466158917,1108.0
864691136489147922,864691135572346349,13044.0
864691136489147922,864691135988557315,5972.0
864691136489147922,864691136195798504,428.0
864691136489147922,864691135351096279,5356.0
864691136489147922,864691135369002233,5236.0
864691136489147922,864691135499707667,2992.0
864691136489147922,864691135688186080,13968.0
864691136489147922,864691136484364844,3212.0
864691136489147922,864691136619096795,1028.0
864691135952121379,864691136136766845,716.0
864691136421279639,864691134966710559,13248.0
864691136421279639,864691135258563503,26860.0
864691136421279639,864691135294190518,2120.0
864691136421279639,864691135466236229,9752.0
864691136421279639,864691135518283475,3396.0
864691136421279639,864691135540440178,904.0
864691136421279639,864691135727790911,212.0
864691136421279639,864691136010651052,2556.0
864691136421279639,864691136033227451,5040.0
864691136421279639,864691136040834558,3172.0
864691136421279639,864691136968542926,5120.0
864691136421279639,864691134919972106,2144.0
864691136421279639,864691135257669039,3208.0
864691136421279639,864691135375351369,39036.0
864691136421279639,864691135493686111,64564.0
864691136421279639,864691135584629613,10192.0
864691136421279639,864691135688186080,1884.0
864691136421279639,864691135698211994,5780.0
864691136421279639,864691135742756203,5540.0
864691136421279639,864691135757040082,3864.0
864691136421279639,864691135773073147,1024.0
864691135272206865,864691135134695328,28400.0
864691136118618136,864691135277309669,18776.0
864691136118618136,864691135398817569,2604.0
864691136118618136,864691136445215875,42412.0
864691136118618136,864691136524172689,4760.0
864691136118618136,864691135101431072,31548.0
864691136118618136,864691135277186789,3848.0
864691136118618136,864691135617440105,2012.0
864691136118618136,864691135655390658,19340.0
864691136118618136,864691136177629702,15372.0
864691135572530981,864691135875460494,15508.0
864691135572530981,864691136310966106,516.0
864691135572530981,864691136380264149,184.0
864691135572530981,864691136905458866,13836.0
864691135875460494,864691135868957462,3808.0
864691135875460494,864691137021162094,3500.0
864691135875460494,864691136211371452,11508.0
864691135583277677,864691134966714655,704.0
864691135583277677,864691135214931072,11580.0
864691135583277677,864691135340055782,3540.0
864691135583277677,864691135384344043,16196.0
864691135583277677,864691135474504498,25908.0
864691135583277677,864691135572346349,1468.0
864691135583277677,864691135727790911,9344.0
864691135583277677,864691135750958889,4064.0
864691135583277677,864691136011686318,19536.0
864691135583277677,864691136108378073,3612.0
864691135583277677,864691136118686884,7700.0
864691135583277677,864691136814508659,6892.0
864691135583277677,864691135271696549,9044.0
864691135583277677,864691135295165196,6812.0
864691135583277677,864691135324623260,13456.0
864691135583277677,864691135336055529,7824.0
864691135583277677,864691135360809560,5280.0
864691135583277677,864691135779705021,3916.0
864691135583277677,864691136596901026,14580.0
864691136195798504,864691135258642863,448.0
864691136195798504,864691135271696549,15908.0
864691136195798504,864691136419797655,804.0
864691135468854156,864691135257404079,568.0
864691135468854156,864691135429763120,1364.0
864691135468854156,864691135616363211,2960.0
864691135468854156,864691135937286404,756.0
864691135468854156,864691135952121379,13616.0
864691135468854156,864691136136766845,1952.0
864691135468854156,864691136438426526,3996.0
864691135468854156,864691134886828794,2244.0
864691135468854156,864691135864188286,1696.0
864691135468854156,864691136176327430,5272.0
864691135455507818,864691134966714655,3736.0
864691135455507818,864691135102433056,34104.0
864691135455507818,864691135294190518,9588.0
864691135455507818,864691135360482392,188.0
864691135455507818,864691135431089968,2168.0
864691135455507818,864691135640398651,28040.0
864691135455507818,864691135695146943,20868.0
864691135455507818,864691135725842603,11840.0
864691135455507818,864691135868210454,176.0
864691135455507818,864691136138131325,26748.0
864691135455507818,864691136904488114,24648.0
864691135455507818,864691135102381856,7640.0
864691135455507818,864691135342958789,3800.0
864691135455507818,864691135357351375,5352.0
864691135455507818,864691135431654960,288.0
864691135455507818,864691135465100189,4784.0
864691135455507818,864691135492568551,7080.0
864691135455507818,864691135493686111,13516.0
864691135455507818,864691135719900721,1476.0
864691135455507818,864691135773209163,12928.0
864691135455507818,864691135842486243,5264.0
864691135455507818,864691136058745048,3132.0
864691135455507818,864691136092725684,4008.0
864691135455507818,864691136125433894,18180.0
864691135455507818,864691136195834070,11332.0
864691135455507818,864691136330407914,17892.0
864691135455507818,864691136453419007,2392.0
864691135455507818,864691136596901026,4240.0
864691135466283333,864691135773208651,788.0
864691135466283333,864691135988742147,3204.0
864691135855860782,864691135975539779,3676.0
864691135760106830,864691134942472035,10692.0
864691135760106830,864691135134016928,1328.0
864691135760106830,864691135465113157,3300.0
864691135760106830,864691135504168285,1628.0
864691135760106830,864691135751110185,3172.0
864691135760106830,864691136196517452,312.0
864691135760106830,864691136389688695,10248.0
864691135760106830,864691136391042167,3524.0
864691135760106830,864691136445215875,34156.0
864691135760106830,864691136488999186,248.0
864691135760106830,864691135124603687,1188.0
864691135760106830,864691135324623260,1404.0
864691135760106830,864691135490326074,3716.0
864691135760106830,864691135492568551,884.0
864691135760106830,864691135738047620,2816.0
864691135760106830,864691135738969220,3932.0
864691135760106830,864691135774179147,3656.0
864691135760106830,864691136041575422,17864.0
864691135760106830,864691136524297617,4348.0
864691135447540882,864691135479404742,1056.0
864691135447540882,864691135817419343,1352.0
864691135447540882,864691135865648254,732.0
864691136664950750,864691134949221372,18064.0
864691136664950750,864691135164887853,3360.0
864691136664950750,864691135396794101,5844.0
864691136664950750,864691135465932357,2428.0
864691136664950750,864691135540272498,5852.0
864691136664950750,864691136011686318,1808.0
864691136664950750,864691136091634487,5684.0
864691136664950750,864691136144827444,2588.0
864691136664950750,864691136314491965,4220.0
864691136664950750,864691135101431072,2264.0
864691136664950750,864691135155894884,4276.0
864691136664950750,864691135464795710,3948.0
864691136664950750,864691135504327861,916.0
864691136664950750,864691135576881950,4180.0
864691136664950750,864691135586240120,15232.0
864691136664950750,864691136110256824,4016.0
864691136664950750,864691136298125851,4640.0
864691136372759688,864691134919529994,2288.0
864691136372759688,864691135562410721,3768.0
864691136372759688,864691135760635214,5360.0
864691136372759688,864691137021264750,4760.0
864691136372759688,864691135350420951,8828.0
864691136372759688,864691135688186080,4740.0
864691136372759688,864691135689417440,11856.0
864691136372759688,864691136022520056,7132.0
864691135732578745,864691134966714655,4760.0
864691135732578745,864691135294520844,6364.0
864691135732578745,864691135493149927,9484.0
864691135732578745,864691135695042751,15244.0
864691135732578745,864691135750307881,572.0
864691135732578745,864691135849088094,3340.0
864691135732578745,864691135855890478,2476.0
864691135732578745,864691135877951571,3224.0
864691135732578745,864691136110366904,8980.0
864691135732578745,864691136373008520,2656.0
864691135732578745,864691136437631902,200.0
864691135732578745,864691136618795227,2980.0
864691135732578745,864691135408808649,1212.0
864691135732578745,864691135431654960,1800.0
864691135732578745,864691135502902338,7444.0
864691135732578745,864691135567059223,4936.0
864691135732578745,864691135816693327,2776.0
864691135732578745,864691135842486243,1968.0
864691135732578745,864691136092725684,1700.0
864691135732578745,864691136120658712,4828.0
864691135732578745,864691136311059034,4248.0
864691135732578745,864691136381301461,4832.0
864691135732578745,864691136675427975,2304.0
864691136814442867,864691135441799752,172.0
864691136814442867,864691135476528704,4528.0
864691136445215875,864691135294442678,20244.0
864691136445215875,864691135362104647,3604.0
864691136445215875,864691135562975969,2040.0
864691136445215875,864691135587532924,4968.0
864691136445215875,864691135756075981,56472.0
864691136445215875,864691135892214409,700.0
864691136445215875,864691135947258916,312.0
864691136445215875,864691136330101226,2636.0
864691136445215875,864691136664950750,11964.0
864691136445215875,864691136814442867,2256.0
864691136445215875,864691135060727707,4888.0
864691136445215875,864691135258642863,3668.0
864691136445215875,864691135272003237,1076.0
864691136445215875,864691135325071004,4524.0
864691136445215875,864691135464795710,52020.0
864691136445215875,864691135717457946,13668.0
864691136445215875,864691135732210873,9680.0
864691136445215875,864691135764583990,18392.0
864691136445215875,864691135774389755,69324.0
864691136445215875,864691135842486243,3000.0
864691136445215875,864691135993150913,54092.0
864691136445215875,864691136042982742,1568.0
864691136445215875,864691136144674612,5956.0
864691136445215875,864691136195400150,16072.0
864691136445215875,864691136314404669,20440.0
864691136445215875,864691136331249642,172.0
864691136445215875,864691136390474359,25776.0
864691136445215875,864691136905560754,15164.0
864691134948788476,864691135134016928,6088.0
864691134948788476,864691135304679079,18680.0
864691134948788476,864691135375107272,10352.0
864691134948788476,864691135562842337,5312.0
864691134948788476,864691135853198023,4756.0
864691134948788476,864691135977666883,5124.0
864691134948788476,864691136011686318,1492.0
864691134948788476,864691136330101226,26404.0
864691134948788476,864691136437631902,22420.0
864691134948788476,864691136814627955,6272.0
864691134948788476,864691136991202453,7476.0
864691134948788476,864691135591041291,16172.0
864691134948788476,864691135774389755,25388.0
864691134948788476,864691136021865976,18340.0
864691134948788476,864691136419797655,2304.0
864691134948788476,864691136619096795,4628.0
864691135977654851,864691135066958404,840.0
864691135977654851,864691135386899029,3752.0
864691135977654851,864691135477670312,3920.0
864691135977654851,864691135774294603,5576.0
864691135977654851,864691136108378073,3744.0
864691135977654851,864691136238090767,3308.0
864691135977654851,864691136312150874,752.0
864691135977654851,864691136438585502,4420.0
864691135977654851,864691135492568551,3708.0
864691135977654851,864691135587519868,1028.0
864691135977654851,864691135774389755,6448.0
864691135977654851,864691135816565839,2468.0
864691135977654851,864691136010639022,4976.0
864691135977654851,864691136125433894,4208.0
864691135977654851,864691136438717086,1920.0
864691135977654851,864691136452609023,19212.0
864691135977654851,864691136975144988,7012.0
864691135977654851,864691136991390869,1096.0
864691135270320293,864691136195391208,2356.0
864691136011686318,864691134948788476,164.0
864691136011686318,864691135464928318,1576.0
864691136011686318,864691135465932357,328.0
864691136011686318,864691135774368763,17860.0
864691136011686318,864691135857099310,1512.0
864691136011686318,864691136968542926,13644.0
864691136011686318,864691136364308962,2612.0
864691136011686318,864691136914414321,2772.0
864691136488999186,864691134966324767,3172.0
864691136488999186,864691135577651230,12708.0
864691136488999186,864691135578146565,2200.0
864691136488999186,864691135586724220,22948.0
864691136488999186,864691136025504569,2880.0
864691136488999186,864691136330101226,6764.0
864691136488999186,864691136523216017,2556.0
864691136488999186,864691136618795227,9252.0
864691136488999186,864691136927761226,34212.0
864691136488999186,864691135272069285,33204.0
864691136488999186,864691135357351375,8628.0
864691136488999186,864691135817419343,21436.0
864691136488999186,864691135861093992,2512.0
864691136488999186,864691136523335057,668.0
864691135339088102,864691135466283333,13888.0
864691135339088102,864691135640398651,4344.0
864691135339088102,864691135782156368,10516.0
864691135339088102,864691135809568029,7144.0
864691135339088102,864691135938629892,1196.0
864691135339088102,864691136025184569,1648.0
864691135339088102,864691136066069400,3848.0
864691135339088102,864691136091074615,4792.0
864691135339088102,864691136420195223,24760.0
864691135339088102,864691136453384959,7380.0
864691135339088102,864691135115049881,11504.0
864691135339088102,864691135386963541,2596.0
864691135339088102,864691135480718022,3272.0
864691135339088102,864691135763795510,976.0
864691135339088102,864691135810308125,1232.0
864691135339088102,864691136058745048,1776.0
864691135339088102,864691136101516661,9356.0
864691136336107187,864691135340055782,372.0
864691136336107187,864691135518989962,4444.0
864691136336107187,864691135640398651,4296.0
864691136336107187,864691135728030015,3300.0
864691136336107187,864691135750958889,8148.0
864691136336107187,864691135756075981,3936.0
864691136336107187,864691135760635214,15692.0
864691136336107187,864691135763941174,364.0
864691136336107187,864691136195798504,392.0
864691136336107187,864691136211385020,21068.0
864691136336107187,864691136452602367,6260.0
864691136336107187,864691136905758130,19824.0
864691136336107187,864691134919972106,4792.0
864691136336107187,864691135060727707,5680.0
864691136336107187,864691135271696549,3240.0
864691136336107187,864691135343818161,27380.0
864691136336107187,864691135430486576,39692.0
864691136336107187,864691135490326074,5244.0
864691136336107187,864691135496440208,3520.0
864691136336107187,864691135503836253,4564.0
864691136336107187,864691135619463567,8916.0
864691136336107187,864691135865648254,2256.0
864691136336107187,864691136119885080,13576.0
864691136336107187,864691136177629702,6088.0
864691136336107187,864691136299034139,8848.0
864691136336107187,864691136419797655,26116.0
864691136336107187,864691136665051614,11880.0
864691136336107187,864691136742244188,7048.0
864691136336107187,864691136953677535,16436.0
864691136336107187,864691137198691137,32840.0
864691136196517452,864691135210134905,3616.0
864691136196517452,864691135294442678,6440.0
864691136196517452,864691135294520844,33204.0
864691136196517452,864691135362104647,3544.0
864691136196517452,864691135396794101,17076.0
864691136196517452,864691135448698196,6420.0
864691136196517452,864691135476528704,4524.0
864691136196517452,864691135480916422,7384.0
864691136196517452,864691135640398651,10456.0
864691136196517452,864691135656578242,6560.0
864691136196517452,864691135662059248,836.0
864691136196517452,864691135988742147,2992.0
864691136196517452,864691136033332155,520.0
864691136196517452,864691136034011579,396.0
864691136196517452,864691136452602367,3440.0
864691136196517452,864691136618795227,2128.0
864691136196517452,864691134942169955,5772.0
864691136196517452,864691135157994084,5760.0
864691136196517452,864691135469422674,5096.0
864691136196517452,864691135493620831,4880.0
864691136196517452,864691135743102827,8200.0
864691136196517452,864691135858273326,8788.0
864691136196517452,864691135861093992,21664.0
864691136196517452,864691135866576604,6628.0
864691136196517452,864691135970226021,3652.0
864691136196517452,864691136010639022,31992.0
864691136196517452,864691136299034139,1684.0
864691136196517452,864691136389921911,3204.0
864691136196517452,864691136665051614,540.0
864691135697613077,864691135778132576,3240.0
864691135697613077,864691137054934902,4344.0
864691136136383883,864691135342585541,6360.0
864691136136383883,864691135782156368,2708.0
864691136136383883,864691136010639022,4780.0
864691135763495478,864691135697613077,34096.0
864691135763495478,864691135875460494,5700.0
864691135763495478,864691135059143323,47844.0
864691135763495478,864691135578103301,30228.0
864691135763495478,864691135851792071,2088.0
864691135502885954,864691134942472035,3744.0
864691135502885954,864691135562975969,10148.0
864691135502885954,864691135774053371,10308.0
864691135502885954,864691135774368763,3428.0
864691135502885954,864691136011684526,11680.0
864691135502885954,864691134950156796,3116.0
864691135502885954,864691135774179147,2064.0
864691135502885954,864691136110256824,3520.0
864691135502885954,864691136336039091,2488.0
864691135214986368,864691134949081852,1988.0
864691135214986368,864691135850033758,11676.0
864691135214986368,864691135566168599,3352.0
864691135214986368,864691136419797655,8900.0
864691135741458324,864691134948788476,4712.0
864691135741458324,864691135362104647,2096.0
864691135741458324,864691135763941174,6060.0
864691135741458324,864691135782241616,428.0
864691135741458324,864691135839950227,2868.0
864691135741458324,864691135853198023,4612.0
864691135741458324,864691135938816260,3020.0
864691135741458324,864691136086630764,2824.0
864691135741458324,864691136137794941,19852.0
864691135741458324,864691136196202472,18532.0
864691135741458324,864691136314491965,20140.0
864691135741458324,864691136421279639,584.0
864691135741458324,864691136674749575,2804.0
864691135741458324,864691137021264750,26440.0
864691135741458324,864691135101431072,16452.0
864691135741458324,864691135164772653,5816.0
864691135741458324,864691135258642863,72780.0
864691135741458324,864691135271038885,2628.0
864691135741458324,864691135272069285,30672.0
864691135741458324,864691135325263004,1340.0
864691135741458324,864691135343818161,6644.0
864691135741458324,864691135448303762,17052.0
864691135741458324,864691135476495936,768.0
864691135741458324,864691135566168599,15936.0
864691135741458324,864691135586240120,2064.0
864691135741458324,864691135717163802,1888.0
864691135741458324,864691135993150913,2120.0
864691135741458324,864691136022520056,12588.0
864691135741458324,864691136314404669,1624.0
864691135479833030,864691134886569210,21348.0
864691135479833030,864691135060882843,22960.0
864691135479833030,864691135209369465,10004.0
864691135479833030,864691135409859785,8888.0
864691135479833030,864691135441799752,15520.0
864691135479833030,864691135583277677,2756.0
864691135479833030,864691135728030015,6196.0
864691135479833030,864691135731679929,2308.0
864691135479833030,864691135773208651,3980.0
864691135479833030,864691135940996774,20100.0
864691135479833030,864691136086088556,13096.0
864691135479833030,864691136107283417,9536.0
864691135479833030,864691136392785279,9764.0
864691135479833030,864691134949248508,26748.0
864691135479833030,864691135101431072,7208.0
864691135479833030,864691135617152361,8472.0
864691135479833030,864691136381301461,2932.0
864691135479833030,864691136674744199,2224.0
864691135975633475,864691135455123562,960.0
864691135975633475,864691135778187360,2524.0
864691135975633475,864691135809608652,1176.0
864691135975633475,864691135867905302,584.0
864691135975633475,864691136602371025,5216.0
864691135975633475,864691135082864887,6000.0
864691135975633475,864691136275031565,6668.0
864691135975633475,864691136724880893,180.0
864691136336179123,864691135214986368,304.0
864691136336179123,864691135695146943,10980.0
864691136336179123,864691136372039560,5368.0
864691136336179123,864691136452602367,24384.0
864691136336179123,864691136452447743,444.0
864691136664127454,864691135066958404,3900.0
864691136664127454,864691135214931072,18360.0
864691136664127454,864691135466158917,9868.0
864691136664127454,864691135562975969,20076.0
864691136664127454,864691136026198585,11600.0
864691136664127454,864691136904761266,6668.0
864691136664127454,864691135360017752,4600.0
864691136664127454,864691135430004016,13408.0
864691136664127454,864691135492568551,6908.0
864691136664127454,864691135719900721,5172.0
864691136664127454,864691135742756203,12448.0
864691136664127454,864691135801604706,4728.0
864691136664127454,864691135810905036,3336.0
864691136664127454,864691135885140848,520.0
864691136664127454,864691135886130288,3364.0
864691136664127454,864691135946676260,6112.0
864691136664127454,864691136674744199,2372.0
864691135339600102,864691135562474977,3672.0
864691135339600102,864691135571515270,3368.0
864691135339600102,864691135572346349,588.0
864691135339600102,864691135585266808,3000.0
864691135339600102,864691135750307881,2632.0
864691135339600102,864691135756075981,30796.0
864691135339600102,864691135384843738,2232.0
864691135339600102,864691135810492189,976.0
864691135339600102,864691135817419343,23408.0
864691135339600102,864691135849426270,14760.0
864691135339600102,864691136125440038,10960.0
864691135339600102,864691136674495623,24492.0
864691136033227451,864691135294190518,1580.0
864691136033227451,864691136118370724,4520.0
864691136033227451,864691136228250961,4912.0
864691136033227451,864691136330101226,2444.0
864691136033227451,864691136674749575,848.0
864691136033227451,864691135476495936,7820.0
864691136033227451,864691136022520056,3856.0
864691136033227451,864691136390474359,3340.0
864691136033227451,864691136484364844,3880.0
864691136033227451,864691136742067804,4092.0
864691135853088967,864691134948788476,30460.0
864691135853088967,864691135136360217,3296.0
864691135853088967,864691135572346349,3256.0
864691135853088967,864691135955962888,5204.0
864691135853088967,864691136927187786,1812.0
864691135853088967,864691136927761226,12844.0
864691135853088967,864691135496440208,936.0
864691135853088967,864691135763795510,7016.0
864691135853088967,864691135994235841,12116.0
864691135853088967,864691136011768494,360.0
864691135853088967,864691136195834070,4716.0
864691135465343045,864691134919529994,6848.0
864691135465343045,864691135274816017,4004.0
864691135465343045,864691135324705692,8836.0
864691135465343045,864691135465955397,2580.0
864691135465343045,864691135583277677,12808.0
864691135465343045,864691135760635214,7276.0
864691135465343045,864691135868919318,34968.0
864691135465343045,864691135977654851,5788.0
864691135465343045,864691136330101226,4788.0
864691135465343045,864691136391042167,2196.0
864691135465343045,864691136927761226,15692.0
864691135465343045,864691136991202453,464.0
864691135465343045,864691134989865338,1348.0
864691135465343045,864691135342958789,6148.0
864691135465343045,864691135539491442,10836.0
864691135465343045,864691135810466333,3148.0
864691135465343045,864691136299034139,10304.0
864691135465343045,864691136378815445,13356.0
864691135465343045,864691136905560754,368.0
864691135465343045,864691136953873631,12360.0
864691135640398651,864691135808925981,3804.0
864691135640398651,864691136101516661,3736.0
864691135339729126,864691135210134905,10880.0
864691135339729126,864691135409859785,16844.0
864691135339729126,864691135476528704,4872.0
864691135339729126,864691135577644574,6516.0
864691135339729126,864691135809568029,4788.0
864691135339729126,864691135878061395,29308.0
864691135339729126,864691135938816260,1424.0
864691135339729126,864691136912172017,5528.0
864691135339729126,864691135272003237,13612.0
864691135339729126,864691135816693327,13800.0
864691135339729126,864691136389921911,16388.0
864691135778419901,864691134948788476,23760.0
864691135778419901,864691135274816017,3556.0
864691135778419901,864691135662059248,1112.0
864691135778419901,864691135694415551,2728.0
864691135778419901,864691135750307881,5356.0
864691135778419901,864691135810473245,21116.0
864691135778419901,864691135858298670,896.0
864691135778419901,864691135938816260,736.0
864691135778419901,864691136211385020,3180.0
864691135778419901,864691136228250961,644.0
864691135778419901,864691136330101226,5148.0
864691135778419901,864691136373008520,17448.0
864691135778419901,864691136381243349,7968.0
864691135778419901,864691136424990255,1176.0
864691135778419901,864691136913993713,10828.0
864691135778419901,864691136991202453,16536.0
864691135778419901,864691134942169955,5400.0
864691135778419901,864691135360809560,10260.0
864691135778419901,864691135384285931,2040.0
864691135778419901,864691135455400554,1592.0
864691135778419901,864691135492568551,11328.0
864691135778419901,864691135493686111,5956.0
864691135778419901,864691135503182685,4416.0
864691135778419901,864691135562004193,1084.0
864691135778419901,864691135618505065,1688.0
864691135778419901,864691135810466333,3316.0
864691135778419901,864691136026254649,3324.0
864691135619756943,864691135808684573,12664.0
864691135619756943,864691135939008565,33036.0
864691135619756943,864691135977666883,57616.0
864691135619756943,864691136091634487,32868.0
864691135619756943,864691136195798504,69072.0
864691135619756943,864691136228250961,6592.0
864691135619756943,864691136991202453,1352.0
864691135619756943,864691135928366606,10708.0
864691135619756943,864691136137237899,15620.0
864691135619756943,864691136603811281,52620.0
864691135619756943,864691136914414321,856.0
864691135577816862,864691135015605910,460.0
864691135577816862,864691135060651419,2464.0
864691135577816862,864691135164887853,4680.0
864691135577816862,864691135386899029,10568.0
864691135577816862,864691135430346544,39964.0
864691135577816862,864691135466158917,2356.0
864691135577816862,864691135480916422,33720.0
864691135577816862,864691135518173395,3000.0
864691135577816862,864691135546339880,1876.0
864691135577816862,864691135577651230,3236.0
864691135577816862,864691135583277677,5444.0
864691135577816862,864691135619756943,10244.0
864691135577816862,864691135686283703,10036.0
864691135577816862,864691135858298670,43332.0
864691135577816862,864691135977654851,5020.0
864691135577816862,864691136011684526,776.0
864691135577816862,864691136274546622,26000.0
864691135577816862,864691136424439855,5256.0
864691135577816862,864691136437631902,5016.0
864691135577816862,864691136968542926,1688.0
864691135577816862,864691136991202453,84296.0
864691135577816862,864691135157994084,15260.0
864691135577816862,864691135258642863,34264.0
864691135577816862,864691135324623260,4364.0
864691135577816862,864691135357351375,4840.0
864691135577816862,864691135386963541,1212.0
864691135577816862,864691135430275120,9248.0
864691135577816862,864691135493686111,25300.0
864691135577816862,864691135496440208,296.0
864691135577816862,864691135591041291,8372.0
864691135577816862,864691135619463567,10172.0
864691135577816862,864691135773073147,24080.0
864691135577816862,864691135816693327,1176.0
864691135577816862,864691135842486243,1008.0
864691135577816862,864691135928366606,1596.0
864691135577816862,864691136021865976,8236.0
864691135577816862,864691136125457446,18528.0
864691135577816862,864691136298125851,3776.0
864691135577816862,864691136378815445,1980.0
864691135577816862,864691136438666398,4956.0
864691135577816862,864691136991359893,1000.0
864691135577816862,864691137055405174,52596.0
864691135686283703,864691134966710559,18436.0
864691135686283703,864691135480916422,2432.0
864691135686283703,864691135567047191,2736.0
864691135686283703,864691135577816862,3432.0
864691135686283703,864691135583277677,27988.0
864691135686283703,864691135774294603,5960.0
864691135686283703,864691135779049056,4096.0
864691135686283703,864691135858298670,2048.0
864691135686283703,864691135977045871,3444.0
864691135686283703,864691136110366904,19340.0
864691135686283703,864691136445215875,292.0
864691135686283703,864691136913993713,1092.0
864691135686283703,864691136927761226,496.0
864691135686283703,864691134991010426,21496.0
864691135686283703,864691135115049881,2808.0
864691135686283703,864691135375351369,4564.0
864691135686283703,864691135430275120,11476.0
864691135686283703,864691135480892614,4236.0
864691135686283703,864691135492568551,1288.0
864691135686283703,864691135493686111,2568.0
864691135686283703,864691135503182685,9084.0
864691135686283703,864691135503836253,1484.0
864691135686283703,864691135719900721,6748.0
864691135686283703,864691135842486243,5472.0
864691135686283703,864691136058745048,6840.0
864691135686283703,864691136144674612,21340.0
864691135686283703,864691136419797655,4152.0
864691135686283703,864691136453419007,10476.0
864691135686283703,864691136620914829,2256.0
864691136425073455,864691136274546622,6512.0
864691136425073455,864691136912172017,200.0
864691136425073455,864691136927187786,3860.0
864691136425073455,864691136991202453,3304.0
864691136814508659,864691134966710559,6340.0
864691136814508659,864691135465113157,17836.0
864691136814508659,864691135518283475,33508.0
864691136814508659,864691135646147567,3264.0
864691136814508659,864691135728030015,1668.0
864691136814508659,864691135731679929,864.0
864691136814508659,864691135760635214,32656.0
864691136814508659,864691135779049056,12316.0
864691136814508659,864691135157994084,4176.0
864691136814508659,864691135357351375,8072.0
864691136814508659,864691135368949241,19076.0
864691136814508659,864691135503163202,3860.0
864691136814508659,864691135503836253,2000.0
864691136814508659,864691135646481135,62920.0
864691136814508659,864691135732210873,2792.0
864691136814508659,864691135779705021,5992.0
864691136814508659,864691135857993774,5576.0
864691136814508659,864691135868466710,3576.0
864691136814508659,864691136125457446,3756.0
864691136814508659,864691136603811281,32428.0
864691135877825107,864691135756075981,5864.0
864691135877825107,864691136437631902,2172.0
864691135877825107,864691136419797655,3892.0
864691136108378073,864691134948788476,31760.0
864691136108378073,864691135465343045,1840.0
864691136108378073,864691135466158917,46060.0
864691136108378073,864691135469753426,13076.0
864691136108378073,864691135546339880,3984.0
864691136108378073,864691135570301676,2756.0
864691136108378073,864691135577644574,5652.0
864691136108378073,864691135686283703,2520.0
864691136108378073,864691135717271834,8048.0
864691136108378073,864691135778419901,2984.0
864691136108378073,864691135782241616,4340.0
864691136108378073,864691135885911920,2488.0
864691136108378073,864691135938816260,2068.0
864691136108378073,864691136011686318,3252.0
864691136108378073,864691136137794941,19828.0
864691136108378073,864691136177799686,576.0
864691136108378073,864691136314473021,10240.0
864691136108378073,864691136905758130,1096.0
864691136108378073,864691135584629613,5072.0
864691136108378073,864691135689417440,3728.0
864691136108378073,864691135717163802,2596.0
864691136108378073,864691135757040082,1152.0
864691136108378073,864691135764583990,10400.0
864691136108378073,864691135976063855,1472.0
864691136108378073,864691135994235841,11740.0
864691136108378073,864691136034084795,21336.0
864691136108378073,864691136137237899,25452.0
864691136108378073,864691136288644291,620.0
864691136108378073,864691136390788215,3024.0
864691136674749575,864691134941412707,620.0
864691136674749575,864691135585266808,3224.0
864691136674749575,864691135685087474,3244.0
864691136674749575,864691135774294603,50356.0
864691136674749575,864691135782241616,4460.0
864691136674749575,864691135839932307,3148.0
864691136674749575,864691135977666883,7040.0
864691136674749575,864691136091634487,2052.0
864691136674749575,864691136137794941,33980.0
864691136674749575,864691136309871706,3692.0
864691136674749575,864691136330101226,3564.0
864691136674749575,864691136453384959,2652.0
864691136674749575,864691136664950750,39404.0
864691136674749575,864691136991202453,9900.0
864691136674749575,864691134949248508,5796.0
864691136674749575,864691135464795710,2832.0
864691136674749575,864691135499283987,628.0
864691136674749575,864691135503182685,2780.0
864691136674749575,864691135566168599,4036.0
864691136674749575,864691135774389755,30992.0
864691136674749575,864691135993150913,1564.0
864691136674749575,864691136275031565,23648.0
864691136674749575,864691136381301461,2572.0
864691135779049056,864691135774294603,11740.0
864691135779049056,864691136484732972,15844.0
864691135779049056,864691137021162094,8020.0
864691135779049056,864691135396115189,360.0
864691135779049056,864691135976425327,4080.0
864691135779049056,864691136674495623,8132.0
864691135857099310,864691135763495478,15356.0
864691135857099310,864691135595040043,4100.0
864691135857099310,864691136135963787,14428.0
864691135857099310,864691136364308962,6104.0
864691135857099310,864691136389607287,3012.0
864691135562842337,864691135270320293,25312.0
864691135562842337,864691135573276197,9588.0
864691135562842337,864691135586724220,13504.0
864691135562842337,864691135750958889,7984.0
864691135562842337,864691135977666883,12956.0
864691135562842337,864691135988557315,8104.0
864691135562842337,864691136118686884,4836.0
864691135562842337,864691136125411622,10772.0
864691135562842337,864691136137293195,2576.0
864691135562842337,864691136391042167,1320.0
864691135562842337,864691136421279639,3496.0
864691135562842337,864691136445215875,7432.0
864691135562842337,864691136903681458,6060.0
864691135562842337,864691135272069285,1252.0
864691135562842337,864691135360017752,4244.0
864691135562842337,864691135375351369,9564.0
864691135562842337,864691135463695429,3324.0
864691135562842337,864691135499283987,18872.0
864691135562842337,864691135757040082,4548.0
864691135562842337,864691135778288573,208.0
864691135562842337,864691135842486243,13176.0
864691135562842337,864691136034084795,1884.0
864691135562842337,864691136034181307,18524.0
864691135562842337,864691136124845606,18268.0
864691135562842337,864691136177629702,9692.0
864691135562842337,864691136299034139,49820.0
864691135562842337,864691136453419007,3712.0
864691135562842337,864691136812081779,2232.0
864691135562842337,864691136975144988,14888.0
864691135562842337,864691137055367798,32196.0
864691135342523057,864691134966324767,14476.0
864691135342523057,864691135014966262,8748.0
864691135342523057,864691135731889337,13392.0
864691135342523057,864691136336107187,3640.0
864691135342523057,864691135335635177,29876.0
864691135342523057,864691135618505065,69012.0
864691135067066948,864691135066958404,7992.0
864691135067066948,864691135294442678,4056.0
864691135067066948,864691135469753426,1892.0
864691135067066948,864691135855890478,10352.0
864691135067066948,864691135939008565,2080.0
864691135067066948,864691136912172017,3020.0
864691135067066948,864691135503163202,4196.0
864691135067066948,864691135562004193,900.0
864691135067066948,864691135719900721,2552.0
864691135067066948,864691136022520056,3288.0
864691136118686884,864691134942472035,16764.0
864691136118686884,864691135164887853,5208.0
864691136118686884,864691135277309669,27340.0
864691136118686884,864691135396794101,25016.0
864691136118686884,864691135577651230,6936.0
864691136118686884,864691135662059248,2948.0
864691136118686884,864691135725842603,22584.0
864691136118686884,864691135760635214,4452.0
864691136118686884,864691135779020221,4440.0
864691136118686884,864691135782241616,868.0
864691136118686884,864691135808684573,2428.0
864691136118686884,864691135839950227,12020.0
864691136118686884,864691135853088967,3552.0
864691136118686884,864691135885911920,2772.0
864691136118686884,864691136033227451,4228.0
864691136118686884,864691136118370724,5544.0
864691136118686884,864691136336107187,2364.0
864691136118686884,864691136372039560,1560.0
864691136118686884,864691136421279639,4084.0
864691136118686884,864691136425073455,1360.0
864691136118686884,864691136524172689,4916.0
864691136118686884,864691134991010426,996.0
864691136118686884,864691135102274592,22440.0
864691136118686884,864691135272069285,4148.0
864691136118686884,864691135277186789,180.0
864691136118686884,864691135351096279,3560.0
864691136118686884,864691135503836253,18044.0
864691136118686884,864691135810492189,28620.0
864691136118686884,864691135976063855,8788.0
864691136118686884,864691136043380566,2800.0
864691135577644574,864691134966114591,3260.0
864691135577644574,864691135476528704,25028.0
864691135577644574,864691135731679929,1612.0
864691135577644574,864691135774294603,18868.0
864691135577644574,864691135810473245,16708.0
864691135577644574,864691135878061395,7608.0
864691135577644574,864691136010651052,4740.0
864691135577644574,864691136111559352,3724.0
864691135577644574,864691136437631902,2844.0
864691135577644574,864691135258642863,9432.0
864691135577644574,864691135272003237,24228.0
864691135577644574,864691135493686111,3164.0
864691135577644574,864691135774389755,4560.0
864691135577644574,864691135861093992,4344.0
864691135577644574,864691136022520056,8416.0
864691135577644574,864691136314404669,15200.0
864691135577644574,864691136742067804,1168.0
864691135577644574,864691136813937267,1972.0
864691135477670312,864691135136360217,12872.0
864691135477670312,864691135478400936,6080.0
864691135477670312,864691135731889337,6112.0
864691135477670312,864691135732578745,14056.0
864691135477670312,864691135839932307,2932.0
864691135477670312,864691136013367715,752.0
864691135477670312,864691136107283417,2484.0
864691135477670312,864691136136383883,24936.0
864691135477670312,864691135274195217,1668.0
864691135477670312,864691135375484489,1084.0
864691135477670312,864691135860969064,332.0
864691135477670312,864691135993150913,188.0
864691135477670312,864691136239902780,3168.0
864691135477670312,864691136380266965,1884.0
864691135477670312,864691136603811281,29324.0
864691135886208112,864691134966714655,21408.0
864691135886208112,864691135014966262,5560.0
864691135886208112,864691135102433056,12908.0
864691135886208112,864691135294520844,16536.0
864691135886208112,864691135695146943,43848.0
864691135886208112,864691135760635214,8580.0
864691135886208112,864691135810473245,8260.0
864691135886208112,864691136228250961,7416.0
864691135886208112,864691135272069285,5944.0
864691135886208112,864691135688186080,8460.0
864691135886208112,864691136026254649,5084.0
864691135478400936,864691135276505573,9396.0
864691135478400936,864691135572346349,35124.0
864691135478400936,864691135578146565,25300.0
864691135478400936,864691135686283703,3020.0
864691135478400936,864691135988557315,2764.0
864691135478400936,864691135325487004,1756.0
864691135478400936,864691135357351375,4524.0
864691135478400936,864691135455400554,1544.0
864691135478400936,864691135618505065,3540.0
864691135478400936,864691135689417440,3628.0
864691135478400936,864691135764015926,16596.0
864691135478400936,864691135810466333,15516.0
864691135478400936,864691135868466710,13284.0
864691135360096071,864691135774389755,688.0
864691135774294603,864691135212492992,10672.0
864691135774294603,864691135342523057,336.0
864691135774294603,864691135756075981,5668.0
864691135774294603,864691136239980604,436.0
864691135938816260,864691135136360217,4572.0
864691135938816260,864691135375107272,17108.0
864691135938816260,864691135584504429,2636.0
864691135938816260,864691135640297787,14744.0
864691135938816260,864691135750307881,220.0
864691135938816260,864691135750958889,1512.0
864691135938816260,864691135885911920,33712.0
864691135938816260,864691136228250961,2812.0
864691135938816260,864691135209432185,9160.0
864691135938816260,864691135258642863,3076.0
864691135938816260,864691135274195217,8216.0
864691135938816260,864691135493686111,3516.0
864691135938816260,864691135503182685,12072.0
864691135938816260,864691135774389755,856.0
864691135938816260,864691135970226021,22012.0
864691135938816260,864691136022520056,26168.0
864691135938816260,864691136330407914,34320.0
864691135938816260,864691136914414321,9284.0
864691135807579933,864691135118894813,2256.0
864691135807579933,864691135134695328,8532.0
864691135807579933,864691135468161164,8388.0
864691135807579933,864691135719761713,4344.0
864691135807579933,864691136275919117,60476.0
864691135807579933,864691136452081151,24768.0
864691135807579933,864691135463695429,2744.0
864691135807579933,864691135473383730,11240.0
864691135807579933,864691135701624699,26568.0
864691135807579933,864691135851792071,10948.0
864691135807579933,864691136275031565,13704.0
864691136125411622,864691135136360217,3300.0
864691136125411622,864691135294442678,1724.0
864691136125411622,864691135325413788,7516.0
864691136125411622,864691135386899029,12988.0
864691136125411622,864691135417478842,11936.0
864691136125411622,864691135464928318,1132.0
864691136125411622,864691135469753426,15708.0
864691136125411622,864691136025504569,10068.0
864691136125411622,864691136391042167,13580.0
864691136125411622,864691135101431072,10944.0
864691136125411622,864691135335635177,7604.0
864691136125411622,864691135566168599,4668.0
864691136125411622,864691135742756203,4840.0
864691136125411622,864691135816565839,2920.0
864691136125411622,864691135927494158,11660.0
864691136125411622,864691135970206821,19580.0
864691136125411622,864691136903144370,4116.0
864691136211175612,864691135362104647,5772.0
864691136211175612,864691135868957462,19960.0
864691136211175612,864691135157994084,2440.0
864691136211175612,864691135184104194,1316.0
864691136211175612,864691135384176619,3444.0
864691136211175612,864691135764583990,7844.0
864691135941300993,864691135294442678,1100.0
864691135941300993,864691135562842337,1972.0
864691135941300993,864691135774294603,31332.0
864691135941300993,864691135868957462,3656.0
864691135941300993,864691135939008565,23920.0
864691135941300993,864691136011686318,4944.0
864691135941300993,864691136033332155,2188.0
864691135941300993,864691136211385020,7084.0
864691135941300993,864691136927187786,10812.0
864691135941300993,864691137021264750,8572.0
864691135941300993,864691135280481697,404.0
864691135941300993,864691135477469352,2028.0
864691135941300993,864691135577221406,2352.0
864691135941300993,864691135577749022,14632.0
864691135941300993,864691135774389755,4772.0
864691135941300993,864691136011768494,2472.0
864691135941300993,864691136043380566,15104.0
864691135941300993,864691136380757461,2864.0
864691135941300993,864691136674495623,9924.0
864691135941300993,864691136991359893,3076.0
864691136196265704,864691134966324767,4968.0
864691136196265704,864691135060020123,3096.0
864691136196265704,864691135102151968,5740.0
864691136196265704,864691135102433056,9192.0
864691136196265704,864691135398868257,10508.0
864691136196265704,864691135751110185,4156.0
864691136196265704,864691135763941174,1908.0
864691136196265704,864691135782506832,3632.0
864691136196265704,864691136424439855,11096.0
864691136196265704,864691136437631902,1684.0
864691136196265704,864691136927761226,5188.0
864691136196265704,864691135102274592,10560.0
864691136196265704,864691135304641703,2376.0
864691136196265704,864691135357351375,1152.0
864691136196265704,864691135562004193,19448.0
864691136196265704,864691135576881950,7484.0
864691136196265704,864691135732210873,2692.0
864691136196265704,864691135757040082,1132.0
864691136196265704,864691135928366606,2524.0
864691136196265704,864691136177629702,3768.0
864691136196265704,864691136239902780,276.0
864691136196265704,864691136381301461,7396.0
864691136196265704,864691137198691137,9952.0
864691135387690069,864691135122469671,18168.0
864691135387690069,864691135428676144,956.0
864691135387690069,864691135659358850,18392.0
864691135387690069,864691135782265424,4084.0
864691135387690069,864691135975539779,22396.0
864691135387690069,864691136334080435,25100.0
864691135387690069,864691135739733140,31868.0
864691135136360217,864691134966114591,16588.0
864691135136360217,864691135455819114,10356.0
864691135136360217,864691135465343045,3376.0
864691135136360217,864691135465932357,1584.0
864691135136360217,864691135465955397,7712.0
864691135136360217,864691135611019015,13564.0
864691135136360217,864691135619756943,3072.0
864691135136360217,864691135727790911,11676.0
864691135136360217,864691135977666883,29568.0
864691135136360217,864691136111251896,29024.0
864691135136360217,864691136373008520,3508.0
864691135136360217,864691136991202453,12828.0
864691135136360217,864691134991010426,772.0
864691135136360217,864691135272003237,4408.0
864691135136360217,864691135375351369,11744.0
864691135136360217,864691135655894978,13900.0
864691135136360217,864691135732210873,9088.0
864691135136360217,864691135773073147,3244.0
864691135136360217,864691135946676260,6804.0
864691135136360217,864691136314404669,848.0
864691135136360217,864691137055367798,12832.0
864691136022214648,864691135493149927,3508.0
864691136022214648,864691135578146565,35380.0
864691136022214648,864691135725842603,3884.0
864691136022214648,864691135727790911,1564.0
864691136022214648,864691135977134403,2808.0
864691136022214648,864691136424439855,3352.0
864691136022214648,864691134989865338,29256.0
864691136022214648,864691135480892614,2388.0
864691135277309669,864691135164887853,23944.0
864691135277309669,864691135362104647,6216.0
864691135277309669,864691135465932357,12076.0
864691135277309669,864691135585266808,8440.0
864691135277309669,864691135685087474,15516.0
864691135277309669,864691135756075981,16436.0
864691135277309669,864691136111251896,1932.0
864691135277309669,864691136137794941,6316.0
864691135277309669,864691136314491965,21196.0
864691135277309669,864691136437631902,8568.0
864691135277309669,864691136578820884,2172.0
864691135277309669,864691134919972106,620.0
864691135277309669,864691134991010426,32056.0
864691135277309669,864691135101431072,39572.0
864691135277309669,864691135448303762,7880.0
864691135277309669,864691135493686111,39152.0
864691135277309669,864691135993150913,25224.0
864691135277309669,864691136022520056,7080.0
864691135277309669,864691136299034139,5552.0
864691135277309669,864691136314404669,1052.0
864691135277309669,864691136390474359,564.0
864691135277309669,864691136603811281,6444.0
864691135277309669,864691137055367798,7244.0
864691135778187360,864691135382556378,11180.0
864691135778187360,864691135593659947,21332.0
864691135778187360,864691135755197133,16288.0
864691135778187360,864691135937286404,1076.0
864691135778187360,864691135975633475,18144.0
864691135778187360,864691135059143323,7000.0
864691135778187360,864691136106969561,2332.0
864691135778187360,864691136176327430,4340.0
864691136211385020,864691134886569210,9720.0
864691136211385020,864691135134052512,22892.0
864691136211385020,864691135430346544,8060.0
864691136211385020,864691135583223405,2640.0
864691136211385020,864691136025504569,11632.0
864691136211385020,864691136313406781,6180.0
864691136211385020,864691136330101226,4556.0
864691136211385020,864691137055712630,4616.0
864691136211385020,864691134949248508,4192.0
864691136211385020,864691135749141801,5636.0
864691136211385020,864691135976425327,176.0
864691136211385020,864691135994235841,4540.0
864691136211385020,864691136106969561,8216.0
864691136211385020,864691136314404669,3768.0
864691136451224831,864691135382556378,3316.0
864691136451224831,864691135616363211,6268.0
864691136451224831,864691136927187786,2832.0
864691136451224831,864691135778132576,3704.0
864691135778638013,864691135398805281,188.0
864691135778638013,864691135566945559,816.0
864691135778638013,864691136991202453,10864.0
864691135778638013,864691137199828801,2364.0
864691135778638013,864691135739587697,2048.0
864691135778638013,864691135774179147,6600.0
864691135778638013,864691136603811281,4680.0
864691135750307881,864691135858298670,14692.0
864691135750307881,864691136211175612,4664.0
864691135750307881,864691134966069023,3740.0
864691135750307881,864691135688186080,660.0
864691135750307881,864691136419797655,7864.0
864691135212492992,864691135750307881,4808.0
864691135212492992,864691136033116347,15084.0
864691135386899029,864691135398805281,7344.0
864691135386899029,864691135448215698,4088.0
864691135386899029,864691135466236229,3736.0
864691135386899029,864691135540440178,5216.0
864691135386899029,864691135567047191,23988.0
864691135386899029,864691135591854347,288.0
864691135386899029,864691135725842603,7700.0
864691135386899029,864691135774294603,4092.0
864691135386899029,864691135885911920,10388.0
864691135386899029,864691134991010426,28696.0
864691135386899029,864691135257669039,18732.0
864691135386899029,864691135258642863,36620.0
864691135386899029,864691135455400554,14240.0
864691135386899029,864691135493620831,9648.0
864691135386899029,864691135719900721,12156.0
864691135386899029,864691135741910164,6708.0
864691135386899029,864691135861093992,608.0
864691135386899029,864691136021865976,5096.0
864691135386899029,864691136288644291,2652.0
864691135386899029,864691136438666398,1320.0
864691135659358850,864691135618505065,6484.0
864691135659358850,864691135777400237,10784.0
864691135868919318,864691135280944545,14136.0
864691135868919318,864691135739008132,6484.0
864691135868919318,864691135955962888,4576.0
864691135868919318,864691136010651052,20772.0
864691135868919318,864691135350420951,572.0
864691135868919318,864691135408808649,7368.0
864691135868919318,864691135430275120,12700.0
864691135868919318,864691135774389755,10940.0
864691135868919318,864691135890141321,18788.0
864691135868919318,864691136420279191,21364.0
864691135868919318,864691136953873631,30636.0
864691135782506832,864691134966324767,1964.0
864691135782506832,864691135277309669,4540.0
864691135782506832,864691135398868257,3876.0
864691135782506832,864691135546339880,1548.0
864691135782506832,864691135571192966,1676.0
864691135782506832,864691135685087474,2016.0
864691135782506832,864691135727790911,2356.0
864691135782506832,864691135938816260,4476.0
864691135782506832,864691135954393891,32468.0
864691135782506832,864691135988557315,2820.0
864691135782506832,864691136006519498,4376.0
864691135782506832,864691136011684526,5464.0
864691135782506832,864691136043283030,4184.0
864691135782506832,864691136424990255,12372.0
864691135782506832,864691136524172689,11920.0
864691135782506832,864691136579129876,3784.0
864691135782506832,864691136674749575,952.0
864691135782506832,864691135233242713,3808.0
864691135782506832,864691135272003237,44004.0
864691135782506832,864691135280682401,7204.0
864691135782506832,864691135492568551,6284.0
864691135782506832,864691135757040082,3852.0
864691135782506832,864691135773073147,52724.0
864691135782506832,864691135774389755,3904.0
864691135782506832,864691135928366606,572.0
864691135782506832,864691136120159768,3936.0
864691135782506832,864691136389921911,16032.0
864691135782506832,864691136453419007,15668.0
864691135782506832,864691136604001745,2104.0
864691135782506832,864691136665051614,25200.0
864691135782506832,864691136675427975,6368.0
864691135782506832,864691136742067804,3860.0
864691135782506832,864691136813937267,1784.0
864691135765013302,864691134942472035,14108.0
864691135765013302,864691135583277677,20212.0
864691135765013302,864691135725842603,23460.0
864691135765013302,864691135750958889,1656.0
864691135765013302,864691135810473245,13496.0
864691135765013302,864691135850033758,3020.0
864691135765013302,864691135868210454,6056.0
864691135765013302,864691135994226881,3396.0
864691135765013302,864691136488999186,1596.0
864691135765013302,864691136975624220,16560.0
864691135765013302,864691135015652246,20444.0
864691135765013302,864691135157198692,1448.0
864691135765013302,864691135455400554,15288.0
864691135765013302,864691135493686111,13228.0
864691135765013302,864691135584629613,3356.0
864691135765013302,864691135618505065,1936.0
864691135765013302,864691135765006134,3088.0
864691135765013302,864691136125433894,25244.0
864691135765013302,864691136137237899,17452.0
864691135765013302,864691136298125851,20408.0
864691135765013302,864691136664680926,4200.0
864691135839932307,864691135277309669,6296.0
864691135839932307,864691135476528704,2728.0
864691135839932307,864691135576991518,3440.0
864691135839932307,864691135994226881,944.0
864691135839932307,864691136437631902,1024.0
864691135839932307,864691135655390658,16416.0
864691135839932307,864691136110256824,1532.0
864691135808684573,864691135511802576,17112.0
864691135808684573,864691135858273326,4204.0
864691135808684573,864691135890141321,1868.0
864691135808684573,864691136419797655,41008.0
864691135686414775,864691135618505065,1360.0
864691135686414775,864691136298045979,6496.0
864691135782265424,864691135134155168,760.0
864691135782265424,864691135428676144,2468.0
864691135782265424,864691135700648226,276.0
864691135782265424,864691135867905302,43908.0
864691135782265424,864691136602371025,3996.0
864691135782265424,864691135360017752,21512.0
864691135782265424,864691135572385061,5552.0
864691135782265424,864691135848030814,6020.0
864691135782265424,864691136196127208,32688.0
864691135779020221,864691135504168285,12936.0
864691135779020221,864691135717271834,13004.0
864691135779020221,864691135742189163,1264.0
864691135779020221,864691136314473021,4756.0
864691135779020221,864691136990522517,1032.0
864691135779020221,864691136275031565,20240.0
864691135489836346,864691135502902338,344.0
864691135489836346,864691135731705273,19456.0
864691135489836346,864691136009893294,736.0
864691135489836346,864691136137834877,4460.0
864691135927648212,864691135404763374,37744.0
864691135801163874,864691134942472035,6328.0
864691135801163874,864691136011684526,4288.0
864691135801163874,864691136523216017,9656.0
864691135801163874,864691135164772653,5444.0
864691135801163874,864691135764583990,2460.0
864691135801163874,864691135842486243,3228.0
864691135801163874,864691136177629702,2660.0
864691135801163874,864691136195400150,3696.0
864691135801163874,864691136238679567,5448.0
864691135801163874,864691136390788215,4232.0
864691135801163874,864691136419797655,2580.0
864691135801163874,864691136905458866,268.0
864691135809568029,864691135728030015,2212.0
864691135809568029,864691135808925981,1416.0
864691135809568029,864691135988742147,1916.0
864691135809568029,864691136033332155,3788.0
864691135809568029,864691135469845388,18984.0
864691135809568029,864691136135963787,1892.0
864691135700648226,864691135273918993,3180.0
864691135700648226,864691135802453858,2508.0
864691135801463650,864691135294190518,3132.0
864691135801463650,864691135430346544,9604.0
864691135801463650,864691136195798504,27544.0
864691135801463650,864691136228250961,13844.0
864691135801463650,864691136330101226,1412.0
864691135801463650,864691136389688695,34172.0
864691135801463650,864691136437631902,5504.0
864691135801463650,864691137021264750,3884.0
864691135801463650,864691135258642863,12544.0
864691135801463650,864691135325487004,3300.0
864691135801463650,864691135408808649,10044.0
864691135801463650,864691135738969220,5304.0
864691135801463650,864691135764583990,12696.0
864691135801463650,864691136022520056,40496.0
864691135504203357,864691135294442678,1600.0
864691135504203357,864691135375107272,7660.0
864691135504203357,864691135396940021,2128.0
864691135504203357,864691135465343045,1816.0
864691135504203357,864691135466158917,6200.0
864691135504203357,864691135466236229,5064.0
864691135504203357,864691135493149927,6328.0
864691135504203357,864691135518173395,3780.0
864691135504203357,864691135572346349,5852.0
864691135504203357,864691135578360837,5344.0
864691135504203357,864691135778419901,3408.0
864691135504203357,864691135779020221,11864.0
864691135504203357,864691135868060950,10744.0
864691135504203357,864691135875460494,26176.0
864691135504203357,864691135977045871,232.0
864691135504203357,864691136013367715,2944.0
864691135504203357,864691136118686884,25976.0
864691135504203357,864691136330101226,35360.0
864691135504203357,864691136484732972,5100.0
864691135504203357,864691135157994084,8248.0
864691135504203357,864691135209432185,1796.0
864691135504203357,864691135502902338,2336.0
864691135504203357,864691135618505065,7844.0
864691135504203357,864691135689417440,3680.0
864691135504203357,864691135717457946,17060.0
864691135504203357,864691135732210873,1068.0
864691135504203357,864691135764583990,1824.0
864691135504203357,864691135773073147,9836.0
864691135504203357,864691135810492189,164.0
864691135504203357,864691136011768494,4520.0
864691135504203357,864691136239902780,4328.0
864691135504203357,864691136438666398,884.0
864691135504203357,864691136619096795,44276.0
864691135504203357,864691136991359893,20552.0
864691135989836288,864691135919645872,16544.0
864691136138131325,864691135448698196,27132.0
864691136138131325,864691136137794941,2132.0
864691136138131325,864691136314473021,6780.0
864691136138131325,864691135324623260,23948.0
864691136138131325,864691136135963787,32856.0
864691135741930603,864691134966114591,3700.0
864691135741930603,864691135015605910,8488.0
864691135741930603,864691135102151968,8920.0
864691135741930603,864691135294442678,38632.0
864691135741930603,864691135540272498,23176.0
864691135741930603,864691135656578242,13964.0
864691135741930603,864691135656674242,2728.0
864691135741930603,864691135774368763,7440.0
864691135741930603,864691136111559352,39932.0
864691135741930603,864691136137794941,20128.0
864691135741930603,864691136330101226,24936.0
864691135741930603,864691136453384959,4632.0
864691135741930603,864691136579129876,14104.0
864691135741930603,864691136991202453,41836.0
864691135741930603,864691135060727707,232.0
864691135741930603,864691135184104194,3864.0
864691135741930603,864691135375351369,2524.0
864691135741930603,864691135405626862,3740.0
864691135741930603,864691135455400554,3108.0
864691135741930603,864691135587519868,3492.0
864691135741930603,864691135655390658,25456.0
864691135741930603,864691135764583990,5416.0
864691135741930603,864691135765006134,14504.0
864691135741930603,864691135774389755,31160.0
864691135741930603,864691136137237899,3488.0
864691135741930603,864691136298125851,8348.0
864691135741930603,864691136484364844,10692.0
864691135741930603,864691137198691137,4312.0
864691136110366904,864691136086630764,3112.0
864691136110366904,864691135405733870,11408.0
864691136110366904,864691135503836253,17740.0
864691136110366904,864691135617152361,10028.0
864691136110366904,864691136125433894,3296.0
864691135546339880,864691134948788476,7588.0
864691135546339880,864691135060651419,39488.0
864691135546339880,864691135294442678,3332.0
864691135546339880,864691135409859785,18024.0
864691135546339880,864691135465343045,2456.0
864691135546339880,864691135540440178,2460.0
864691135546339880,864691135577651230,20244.0
864691135546339880,864691135778419901,11984.0
864691135546339880,864691135850033758,8944.0
864691135546339880,864691135855890478,560.0
864691135546339880,864691135868916246,4548.0
864691135546339880,864691135878061395,11900.0
864691135546339880,864691136034011579,8992.0
864691135546339880,864691136211175612,9720.0
864691135546339880,864691136314491965,7360.0
864691135546339880,864691136421279639,2824.0
864691135546339880,864691136814627955,7032.0
864691135546339880,864691134949263100,26048.0
864691135546339880,864691134989865338,31820.0
864691135546339880,864691135209280633,3912.0
864691135546339880,864691135257669039,11784.0
864691135546339880,864691135455400554,12240.0
864691135546339880,864691135470787666,13328.0
864691135546339880,864691135477469352,6940.0
864691135546339880,864691135496440208,3864.0
864691135546339880,864691135577749022,8360.0
864691135546339880,864691136034084795,11732.0
864691135546339880,864691136041575422,7664.0
864691135546339880,864691136134678667,14596.0
864691135546339880,864691136523033233,12808.0
864691135546339880,864691136975144988,4072.0
864691135868210454,864691134966324767,6904.0
864691135868210454,864691135102433056,34668.0
864691135868210454,864691135210134905,9912.0
864691135868210454,864691135214986368,3924.0
864691135868210454,864691135562842337,20484.0
864691135868210454,864691135731679929,9368.0
864691135868210454,864691135741930603,2360.0
864691135868210454,864691135750307881,14116.0
864691135868210454,864691135774368763,3376.0
864691135868210454,864691135955962888,1788.0
864691135868210454,864691135988742147,12276.0
864691135868210454,864691136033227451,3472.0
864691135868210454,864691135015652246,3268.0
864691135868210454,864691135258642863,12552.0
864691135868210454,864691135357351375,3200.0
864691135868210454,864691135493686111,4364.0
864691135868210454,864691135496440208,5960.0
864691135868210454,864691135499707667,3276.0
864691135868210454,864691135774389755,2460.0
864691135868210454,864691135977309763,7660.0
864691135868210454,864691136119885080,5736.0
864691135868210454,864691136390788215,9504.0
864691135868210454,864691136419797655,1212.0
864691136975624220,864691134966714655,7316.0
864691136975624220,864691135102433056,33520.0
864691136975624220,864691135277309669,1316.0
864691136975624220,864691135294520844,13592.0
864691136975624220,864691135731679929,3896.0
864691136975624220,864691135774368763,2840.0
864691136975624220,864691136228491601,764.0
864691136975624220,864691136420303511,15656.0
864691136975624220,864691135368949241,1824.0
864691136975624220,864691135757040082,4268.0
864691136975624220,864691135810466333,13172.0
864691136975624220,864691136381301461,3632.0
864691136975624220,864691136664680926,46476.0
864691136912172017,864691135493620831,4396.0
864691136912172017,864691135584629613,16052.0
864691136912172017,864691135810905036,5264.0
864691136912172017,864691136665051614,3188.0
864691135469753426,864691134966114591,2360.0
864691135469753426,864691135214931072,2884.0
864691135469753426,864691135294442678,4296.0
864691135469753426,864691135466158917,3724.0
864691135469753426,864691135518283475,8428.0
864691135469753426,864691135540440178,2440.0
864691135469753426,864691135727790911,18616.0
864691135469753426,864691135731679929,17868.0
864691135469753426,864691135751110185,4824.0
864691135469753426,864691135765013302,5712.0
864691135469753426,864691136040834558,3568.0
864691135469753426,864691136524172689,7540.0
864691135469753426,864691136991202453,7420.0
864691135469753426,864691134989865338,4104.0
864691135469753426,864691135257669039,3924.0
864691135469753426,864691135271038885,1128.0
864691135469753426,864691135272069285,4240.0
864691135469753426,864691135357351375,3012.0
864691135469753426,864691135368949241,12476.0
864691135469753426,864691135499707667,4008.0
864691135469753426,864691135576881950,4452.0
864691135469753426,864691135694246079,18788.0
864691135469753426,864691135802453858,7304.0
864691135469753426,864691135810905036,18464.0
864691135469753426,864691135890141321,3248.0
864691135469753426,864691136137237899,9128.0
864691135469753426,864691136380718037,14176.0
864691135469753426,864691136438469534,492.0
864691135469753426,864691136914414321,8536.0
864691135469753426,864691136967703758,4232.0
864691136117770660,864691134941412707,24192.0
864691136117770660,864691135802453858,3288.0
864691136117770660,864691137055405174,12776.0
864691136663528670,864691135134695328,7528.0
864691136663528670,864691135257638575,23192.0
864691136663528670,864691135719761713,6444.0
864691136663528670,864691135755197133,636.0
864691136392785279,864691135465932357,12748.0
864691136392785279,864691135570301676,596.0
864691136392785279,864691135868919318,12464.0
864691136392785279,864691135885911920,8420.0
864691136392785279,864691136033227451,1468.0
864691136392785279,864691136211175612,7576.0
864691136392785279,864691135258509487,496.0
864691136392785279,864691135351096279,18980.0
864691136392785279,864691135493686111,14664.0
864691136392785279,864691135503182685,5236.0
864691136392785279,864691136452609023,12932.0
864691135257404079,864691135396794101,11792.0
864691135257404079,864691135397846049,2628.0
864691135257404079,864691135441799752,6296.0
864691135257404079,864691135510191369,11364.0
864691135257404079,864691135725842603,15900.0
864691135257404079,864691135396115189,9780.0
864691135257404079,864691135773073147,2880.0
864691135304679079,864691135210134905,3256.0
864691135304679079,864691135294441654,9244.0
864691135304679079,864691135386899029,7744.0
864691135304679079,864691135518283475,19560.0
864691135304679079,864691135562842337,14152.0
864691135304679079,864691135576991518,2860.0
864691135304679079,864691136011686318,2564.0
864691135304679079,864691136033227451,16392.0
864691135304679079,864691136040834558,756.0
864691135304679079,864691136052738803,4268.0
864691135304679079,864691136085781356,4912.0
864691135304679079,864691136195391208,1972.0
864691135304679079,864691136275894285,24036.0
864691135304679079,864691136313406781,4980.0
864691135304679079,864691136334080435,20660.0
864691135304679079,864691136380264405,364.0
864691135304679079,864691134991010426,428.0
864691135304679079,864691135102381856,21612.0
864691135304679079,864691135375351369,3872.0
864691135304679079,864691135496440208,1068.0
864691135304679079,864691136177629702,1696.0
864691135304679079,864691136330407914,28352.0
864691135741684075,864691135720638769,2496.0
864691135741684075,864691136334080435,27488.0
864691135853198023,864691135977666883,3196.0
864691135853198023,864691135119709149,5140.0
864691135853198023,864691135774389755,2496.0
864691135853198023,864691136380718037,2500.0
864691135853198023,864691136914414321,1448.0
864691136196202472,864691135362104647,22568.0
864691136196202472,864691135518283475,19148.0
864691136196202472,864691135955962888,29868.0
864691136196202472,864691136238090767,12604.0
864691136196202472,864691136814508659,2992.0
864691136196202472,864691136927761226,5512.0
864691136196202472,864691135408808649,14712.0
864691136196202472,864691135480892614,2420.0
864691136196202472,864691135919956656,21780.0
864691136196202472,864691136022520056,2144.0
864691136196202472,864691136034181307,792.0
864691136196202472,864691136438666398,15312.0
864691135868957462,864691135977666883,17660.0
864691135209369465,864691135294441654,1736.0
864691135209369465,864691135396940021,15204.0
864691135209369465,864691135448698196,1336.0
864691135209369465,864691135478400936,2532.0
864691135209369465,864691135578360837,11392.0
864691135209369465,864691135801463650,21596.0
864691135209369465,864691136026198585,1856.0
864691135209369465,864691136125411622,984.0
864691135209369465,864691136274546622,2752.0
864691135209369465,864691136975624220,7368.0
864691135209369465,864691137199828801,7840.0
864691135209369465,864691134949263100,8920.0
864691135209369465,864691135209432185,576.0
864691135209369465,864691135480892614,10072.0
864691135209369465,864691135577221406,5212.0
864691135209369465,864691135617152361,22248.0
864691135209369465,864691135689417440,1704.0
864691135209369465,864691135953985800,3360.0
864691135209369465,864691136034084795,47212.0
864691135209369465,864691136092725684,3744.0
864691135209369465,864691136227484753,380.0
864691135209369465,864691136311106650,10880.0
864691135209369465,864691136674744199,2792.0
864691135510191369,864691134886499066,8608.0
864691135491204327,864691136991202453,11596.0
864691135491204327,864691134949263100,912.0
864691135491204327,864691135503182685,4252.0
864691135491204327,864691136022520056,8280.0
864691135741998484,864691134942472035,33032.0
864691135741998484,864691134966114591,3936.0
864691135741998484,864691135015154934,1272.0
864691135741998484,864691135067066948,8384.0
864691135741998484,864691135209369465,3788.0
864691135741998484,864691135294190518,2044.0
864691135741998484,864691135448215698,7680.0
864691135741998484,864691135448698196,15244.0
864691135741998484,864691135479833030,5896.0
864691135741998484,864691135502885954,15948.0
864691135741998484,864691135562474977,6040.0
864691135741998484,864691135582973549,3260.0
864691135741998484,864691135685087474,2776.0
864691135741998484,864691135694415551,10332.0
864691135741998484,864691135695146943,14640.0
864691135741998484,864691135731679929,13328.0
864691135741998484,864691135732578745,4916.0
864691135741998484,864691135868386070,4872.0
864691135741998484,864691136013367715,3012.0
864691135741998484,864691136026198585,15420.0
864691135741998484,864691136085781356,10212.0
864691135741998484,864691136211385020,5268.0
864691135741998484,864691136391042167,2848.0
864691135741998484,864691136484732972,4136.0
864691135741998484,864691136954028511,992.0
864691135741998484,864691135155894884,28532.0
864691135741998484,864691135304641703,35700.0
864691135741998484,864691135375351369,28372.0
864691135741998484,864691135477469352,4688.0
864691135741998484,864691135480892614,4000.0
864691135741998484,864691135562798817,6428.0
864691135741998484,864691135592830731,3980.0
864691135741998484,864691135688186080,4784.0
864691135741998484,864691135732210873,5176.0
864691135741998484,864691135779705021,11520.0
864691135741998484,864691135816565839,612.0
864691135741998484,864691135890141321,244.0
864691135741998484,864691135994235841,48272.0
864691135741998484,864691136058745048,3336.0
864691135741998484,864691137055405174,2732.0
864691135476528704,864691135164887853,8420.0
864691135476528704,864691135741524587,10728.0
864691135476528704,864691135892214409,892.0
864691135476528704,864691136111251896,6564.0
864691135476528704,864691136195798504,6212.0
864691135476528704,864691136336107187,1904.0
864691135476528704,864691135015652246,7940.0
864691135476528704,864691135325263004,4772.0
864691135476528704,864691135546902056,37196.0
864691135476528704,864691135618505065,23376.0
864691135476528704,864691135738969220,21576.0
864691135476528704,864691135779377341,312.0
864691135476528704,864691136742067804,2072.0
864691136228250961,864691134919529994,7744.0
864691136228250961,864691136372759688,2172.0
864691136228250961,864691136424990255,23784.0
864691136228250961,864691136419797655,820.0
864691136228250961,864691136664680926,3100.0
864691136111251896,864691135214986368,30788.0
864691136111251896,864691135396794101,8304.0
864691136111251896,864691135431089968,1412.0
864691136111251896,864691135756075981,35584.0
864691136111251896,864691135955962888,25648.0
864691136111251896,864691135977666883,4164.0
864691136111251896,864691136011686318,2744.0
864691136111251896,864691136137794941,9980.0
864691136111251896,864691136419797655,9528.0
864691136111251896,864691137198691137,5296.0
864691135491167207,864691135585266808,4996.0
864691135593133067,864691135455819114,4156.0
864691135593133067,864691135469753426,35892.0
864691135593133067,864691135480916422,7440.0
864691135593133067,864691135504203357,7772.0
864691135593133067,864691135583277677,6332.0
864691135593133067,864691135640297787,18600.0
864691135593133067,864691135656578242,24872.0
864691135593133067,864691135741090196,7456.0
864691135593133067,864691135810473245,5148.0
864691135593133067,864691135843242211,5960.0
864691135593133067,864691135867644805,5160.0
864691135593133067,864691135885911920,2092.0
864691135593133067,864691136006519498,1508.0
864691135593133067,864691136137794941,160.0
864691135593133067,864691136196517452,13028.0
864691135593133067,864691136330101226,9656.0
864691135593133067,864691136975300636,2768.0
864691135593133067,864691134886499066,16404.0
864691135593133067,864691135157994084,3520.0
864691135593133067,864691135209432185,10804.0
864691135593133067,864691135346571423,8644.0
864691135593133067,864691135357351375,5572.0
864691135593133067,864691135448303762,4316.0
864691135593133067,864691135455400554,25860.0
864691135593133067,864691135469845388,664.0
864691135593133067,864691135480892614,19348.0
864691135593133067,864691135493686111,25496.0
864691135593133067,864691135504327861,3952.0
864691135593133067,864691135562798817,2708.0
864691135593133067,864691135646775791,536.0
864691135593133067,864691135655894978,10212.0
864691135593133067,864691135810466333,4624.0
864691135593133067,864691135810492189,620.0
864691135593133067,864691136390788215,31116.0
864691135593133067,864691136953197279,4120.0
864691135593133067,864691136991359893,4016.0
864691135593133067,864691137055367798,360.0
864691135593133067,864691137055405174,3252.0
864691135517531786,864691135387690069,2764.0
864691135517531786,864691135463695429,7640.0
864691135517531786,864691136273494206,2944.0
864691135517531786,864691136311106650,548.0
864691135134114976,864691136363473634,5236.0
864691135134114976,864691134886499066,5516.0
864691135134114976,864691135137137433,1904.0
864691135134114976,864691135339103718,18016.0
864691135134114976,864691135430004016,2644.0
864691135134114976,864691135539491442,3368.0
864691135134114976,864691135860969064,2476.0
864691135760635214,864691135742102635,13952.0
864691135760635214,864691135350420951,424.0
864691135576991518,864691135102151968,2260.0
864691135576991518,864691135360346200,252.0
864691135576991518,864691135578360837,2768.0
864691135576991518,864691135988557315,2752.0
864691135576991518,864691136086088556,216.0
864691135576991518,864691136391042167,1036.0
864691135576991518,864691136990522517,7000.0
864691135576991518,864691135546902056,9604.0
864691135576991518,864691135717457946,31856.0
864691135576991518,864691137055367798,7924.0
864691135540440178,864691135849088094,2680.0
864691135540440178,864691136144827444,45728.0
864691135540440178,864691135994235841,1540.0
864691135359010904,864691135358995288,1512.0
864691135102433056,864691135214931072,8620.0
864691135102433056,864691135465343045,2832.0
864691135102433056,864691135519105162,752.0
864691135102433056,864691135562410721,3364.0
864691135102433056,864691135742102635,1808.0
864691135102433056,864691135808684573,1112.0
864691135102433056,864691136013367715,15288.0
864691135102433056,864691136033332155,5148.0
864691135102433056,864691136445557123,1872.0
864691135102433056,864691135258642863,23672.0
864691135102433056,864691135342958789,12112.0
864691135102433056,864691135357351375,26344.0
864691135102433056,864691135360809560,4532.0
864691135102433056,864691135503182685,2492.0
864691135102433056,864691135584008045,772.0
864691135102433056,864691135656579010,15668.0
864691135102433056,864691136299034139,17280.0
864691135102433056,864691136378815445,2472.0
864691135102433056,864691136381301461,40456.0
864691135102433056,864691136453419007,14460.0
864691135102433056,864691136905560754,4520.0
864691136619882637,864691135257404079,532.0
864691136619882637,864691135720638769,3676.0
864691136619882637,864691135801133666,8232.0
864691136619882637,864691134886828794,40104.0
864691136619882637,864691135497743635,10152.0
864691136619882637,864691135578103301,2444.0
864691136619882637,864691135864188286,2332.0
864691136619882637,864691135940685057,2020.0
864691136619882637,864691135952122147,356.0
864691136619882637,864691136273494206,8804.0
864691135740865684,864691135360017752,44828.0
864691135740865684,864691135497743635,3552.0
864691135014966262,864691135304679079,604.0
864691135014966262,864691135455507818,2440.0
864691135014966262,864691135611019015,4116.0
864691135014966262,864691136085904236,9208.0
864691135014966262,864691136330101226,4764.0
864691135014966262,864691136391042167,3148.0
864691135014966262,864691136424990255,3456.0
864691135014966262,864691136489147922,11340.0
864691135014966262,864691135566168599,2336.0
864691135014966262,864691135577221406,992.0
864691135014966262,864691135618505065,500.0
864691135014966262,864691135698211994,2820.0
864691135014966262,864691136239902780,8860.0
864691135014966262,864691136991390869,2616.0
864691135429763120,864691135455819114,26808.0
864691135429763120,864691135741998484,11456.0
864691135429763120,864691135849088094,1428.0
864691135429763120,864691134887026938,5076.0
864691135429763120,864691135157198692,20392.0
864691135429763120,864691135499707667,2828.0
864691135429763120,864691135810466333,9576.0
864691135573276197,864691134949081852,208.0
864691135573276197,864691136196517452,5068.0
864691135573276197,864691136313406781,3236.0
864691135573276197,864691135388828033,4436.0
864691135573276197,864691135499283987,656.0
864691135340055782,864691135656674242,2528.0
864691135340055782,864691135843242211,380.0
864691135340055782,864691135849088094,4304.0
864691135340055782,864691135877825107,3544.0
864691135340055782,864691136420303511,3436.0
864691135340055782,864691136991202453,4448.0
864691135340055782,864691137021264750,41900.0
864691135340055782,864691135124603687,4712.0
864691135340055782,864691135351096279,1628.0
864691135340055782,864691135782544435,3656.0
864691135340055782,864691135994235841,1576.0
864691135340055782,864691136380757461,4908.0
864691136596107938,864691135656674242,14824.0
864691136596107938,864691135695042751,7384.0
864691136596107938,864691135937286404,1760.0
864691136596107938,864691135547082280,6300.0
864691136596107938,864691136010639022,5592.0
864691135258563503,864691135342585541,6740.0
864691135258563503,864691135480916422,1016.0
864691135258563503,864691135495698832,10680.0
864691135258563503,864691135502885954,1112.0
864691135258563503,864691135562842337,1848.0
864691135258563503,864691135717275162,13360.0
864691135258563503,864691135750958889,3376.0
864691135258563503,864691135782241616,420.0
864691135258563503,864691135868060950,1732.0
864691135258563503,864691135868916246,1200.0
864691135258563503,864691135938816260,16452.0
864691135258563503,864691136118686884,744.0
864691135258563503,864691134887026938,312.0
864691135258563503,864691134965778719,9712.0
864691135258563503,864691135157994084,804.0
864691135258563503,864691135360809560,4432.0
864691135258563503,864691135417045946,11900.0
864691135258563503,864691135490326074,9324.0
864691135258563503,864691135595040043,2208.0
864691135258563503,864691135739587697,1996.0
864691135258563503,864691135763795510,736.0
864691135258563503,864691135810492189,9664.0
864691135258563503,864691135942924148,3396.0
864691135258563503,864691136125433894,7404.0
864691135258563503,864691136579408916,2956.0
864691135258563503,864691137055405174,1308.0
864691135977134403,864691135214986368,14228.0
864691135977134403,864691135360482392,3164.0
864691135977134403,864691135468948364,2564.0
864691135977134403,864691136137794941,18776.0
864691135977134403,864691136953197279,1436.0
864691135404763374,864691135724393131,10540.0
864691135441799752,864691135134016928,7360.0
864691135441799752,864691135270320293,7296.0
864691135441799752,864691135465343045,13028.0
864691135441799752,864691135469753426,12004.0
864691135441799752,864691135585266808,1168.0
864691135441799752,864691135619756943,2216.0
864691135441799752,864691135697613077,60700.0
864691135441799752,864691135750307881,16960.0
864691135441799752,864691135809608652,39488.0
864691135441799752,864691136195798504,31928.0
864691135441799752,864691136437631902,29396.0
864691135441799752,864691136602371025,46200.0
864691135441799752,864691136618795227,4576.0
864691135441799752,864691136674749575,744.0
864691135441799752,864691136904761266,5512.0
864691135441799752,864691134884807418,16312.0
864691135441799752,864691135082864887,4328.0
864691135441799752,864691135325071004,34580.0
864691135441799752,864691135325487004,2768.0
864691135441799752,864691135448303762,31980.0
864691135441799752,864691135503182685,101028.0
864691135441799752,864691135577749022,35472.0
864691135441799752,864691135584629613,13012.0
864691135441799752,864691135618505065,27776.0
864691135441799752,864691135684657079,4596.0
864691135441799752,864691135688186080,23668.0
864691135441799752,864691135774389755,644.0
864691135441799752,864691135885140848,15672.0
864691135441799752,864691135952122147,33708.0
864691135441799752,864691135975824495,1712.0
864691135441799752,864691136022520056,71800.0
864691135441799752,864691136089194039,8260.0
864691135441799752,864691136110256824,6420.0
864691135441799752,864691136298045979,23640.0
864691135441799752,864691136314404669,2096.0
864691135441799752,864691136419797655,82480.0
864691135441799752,864691137198691137,8948.0
864691135988557315,864691134966324767,4632.0
864691135988557315,864691134966714655,3088.0
864691135988557315,864691135015605910,1156.0
864691135988557315,864691135101595680,2512.0
864691135988557315,864691135102433056,19904.0
864691135988557315,864691135465343045,25728.0
864691135988557315,864691135695146943,11424.0
864691135988557315,864691135732578745,4308.0
864691135988557315,864691135853088967,8620.0
864691135988557315,864691135868060950,2684.0
864691135988557315,864691135258509487,21196.0
864691135988557315,864691135274195217,20388.0
864691135988557315,864691135277186789,2844.0
864691135988557315,864691135280682401,2136.0
864691135988557315,864691135455400554,6464.0
864691135988557315,864691135493686111,18708.0
864691135988557315,864691135694246079,11776.0
864691135988557315,864691135919956656,2688.0
864691135988557315,864691136021865976,6104.0
864691135988557315,864691136239902780,3444.0
864691135988557315,864691136453419007,19168.0
864691135988557315,864691136905458866,19512.0
864691135060651419,864691135362104647,13864.0
864691135060651419,864691135397846049,1288.0
864691135060651419,864691135448698196,7780.0
864691135060651419,864691135585266808,3436.0
864691135060651419,864691135774294603,4212.0
864691135060651419,864691135853198023,4316.0
864691135060651419,864691136314491965,472.0
864691135060651419,864691136437631902,73888.0
864691135060651419,864691136524172689,3468.0
864691135060651419,864691136814627955,1604.0
864691135060651419,864691136991202453,6920.0
864691135060651419,864691135277186789,1584.0
864691135060651419,864691135280481697,1516.0
864691135060651419,864691135325071004,45324.0
864691135060651419,864691135367033849,2552.0
864691135060651419,864691135464795710,5172.0
864691135060651419,864691135493620831,12032.0
864691135060651419,864691135493686111,3468.0
864691135060651419,864691135504327861,1084.0
864691135060651419,864691135698211994,4688.0
864691135060651419,864691135717163802,4072.0
864691135060651419,864691135719900721,3968.0
864691135060651419,864691135741780116,7500.0
864691135060651419,864691135774389755,2700.0
864691135060651419,864691135939049988,2396.0
864691135060651419,864691136084313196,45724.0
864691135060651419,864691136238679567,1884.0
864691135060651419,864691136380757461,14988.0
864691135060651419,864691136523033233,2600.0
864691135060651419,864691136604001745,7356.0
864691135060651419,864691136619096795,5044.0
864691135060651419,864691136620914829,3652.0
864691135060651419,864691136976001308,4032.0
864691135468948364,864691134942472035,1136.0
864691135468948364,864691135294442678,2932.0
864691135468948364,864691135384344043,4944.0
864691135468948364,864691135417478842,28496.0
864691135468948364,864691135477670312,11488.0
864691135468948364,864691135941300993,28768.0
864691135468948364,864691135977134403,1400.0
864691135468948364,864691135988557315,18948.0
864691135468948364,864691136013367715,7736.0
864691135468948364,864691136373008520,3560.0
864691135468948364,864691136392785279,5380.0
864691135468948364,864691136924515300,14536.0
864691135468948364,864691135155894884,4020.0
864691135468948364,864691135386963541,5992.0
864691135468948364,864691135431654960,11340.0
864691135468948364,864691135455400554,28776.0
864691135468948364,864691135738047620,4640.0
864691135468948364,864691135741780116,8508.0
864691135468948364,864691135757040082,2548.0
864691135468948364,864691135774389755,540.0
864691135468948364,864691136137237899,18448.0
864691135468948364,864691136238679567,31520.0
864691135468948364,864691136311059034,4312.0
864691135468948364,864691136311381338,2788.0
864691135578146565,864691135339088102,2176.0
864691135578146565,864691136905560754,9448.0
864691135060020123,864691134966114591,5024.0
864691135060020123,864691135728030015,11296.0
864691135060020123,864691135742102635,1840.0
864691135060020123,864691135757083346,14612.0
864691135060020123,864691135868210454,5892.0
864691135060020123,864691136013367715,28192.0
864691135060020123,864691135757040082,9840.0
864691135060020123,864691136021865976,2460.0
864691135060020123,864691136058745048,1496.0
864691135060020123,864691136523288465,3340.0
864691135727961663,864691135478400936,9208.0
864691135727961663,864691135480916422,10776.0
864691135727961663,864691135727790911,1308.0
864691135727961663,864691136033332155,4816.0
864691135727961663,864691136420195223,1376.0
864691135727961663,864691134886499066,16472.0
864691135727961663,864691134989865338,6332.0
864691135727961663,864691135102274592,13336.0
864691135727961663,864691135272003237,16112.0
864691135727961663,864691135342958789,6732.0
864691135727961663,864691135343818161,3844.0
864691135727961663,864691135868466710,14532.0
864691135727961663,864691135927494158,1172.0
864691135727961663,864691136101516661,3588.0
864691135727961663,864691136120658712,14492.0
864691135727961663,864691136135963787,7140.0
864691135727961663,864691136331249642,9964.0
864691135727961663,864691136453419007,3272.0
864691135801133666,864691135134155168,25156.0
864691135801133666,864691134886828794,5464.0
864691135750642473,864691134949221372,1128.0
864691135750642473,864691135695146943,2328.0
864691135750642473,864691135717275162,2532.0
864691135750642473,864691137055712630,9884.0
864691135750642473,864691134950156796,27832.0
864691135750642473,864691135387988609,5068.0
864691135750642473,864691135417045946,12656.0
864691135750642473,864691135431654960,656.0
864691135750642473,864691135477839784,1048.0
864691135750642473,864691135619463567,2048.0
864691135750642473,864691135890141321,9064.0
864691135750642473,864691136120658712,2960.0
864691135750642473,864691136298125851,13300.0
864691135750642473,864691136452447743,11448.0
864691135858298670,864691135360482392,6848.0
864691135858298670,864691135591726603,2964.0
864691135858298670,864691135695146943,3520.0
864691135858298670,864691135741458324,35896.0
864691135858298670,864691135750958889,7932.0
864691135858298670,864691135774177531,3968.0
864691135858298670,864691135839932307,8124.0
864691135858298670,864691135955962888,1036.0
864691135858298670,864691136137794941,40156.0
864691135858298670,864691136424439855,2036.0
864691135858298670,864691136445215875,2464.0
864691135858298670,864691136814508659,8792.0
864691135858298670,864691134966069023,1344.0
864691135858298670,864691135157994084,4024.0
864691135858298670,864691135257669039,3112.0
864691135858298670,864691135274195217,2940.0
864691135858298670,864691135280682401,1688.0
864691135858298670,864691135324623260,1728.0
864691135858298670,864691135375590217,5236.0
864691135858298670,864691135566168599,3768.0
864691135858298670,864691135842486243,1640.0
864691135858298670,864691135976063855,8988.0
864691135858298670,864691136195834070,30112.0
864691135858298670,864691136330407914,5580.0
864691135858298670,864691136914414321,3764.0
864691135858298670,864691136975144988,10208.0
864691135858298670,864691136976001308,2604.0
864691135858298670,864691137055367798,6968.0
864691135586724220,864691135567047191,1424.0
864691135586724220,864691135585266808,916.0
864691135586724220,864691135850033758,6356.0
864691135586724220,864691136091634487,13536.0
864691135586724220,864691136137293195,4428.0
864691135586724220,864691136195798504,1728.0
864691135586724220,864691135102381856,4644.0
864691135586724220,864691135258642863,1736.0
864691135586724220,864691135277186789,17520.0
864691135586724220,864691135397982753,5172.0
864691135586724220,864691135431654960,200.0
864691135586724220,864691135547082280,1884.0
864691135586724220,864691135583172717,9396.0
864691135586724220,864691135655390658,2312.0
864691135586724220,864691135774389755,2288.0
864691135586724220,864691135994235841,3560.0
864691136052738803,864691135066958404,4272.0
864691136052738803,864691135134016928,12796.0
864691136052738803,864691135360482392,2128.0
864691136052738803,864691135398868257,18224.0
864691136052738803,864691135409859785,5596.0
864691136052738803,864691135464928318,452.0
864691136052738803,864691135593133067,1728.0
864691136052738803,864691135750958889,464.0
864691136052738803,864691135938816260,20828.0
864691136052738803,864691135977654851,4348.0
864691136052738803,864691136484732972,3024.0
864691136052738803,864691136488999186,468.0
864691136052738803,864691135277186789,776.0
864691136052738803,864691135567059223,1360.0
864691136052738803,864691135591041291,29116.0
864691136052738803,864691135739587697,12468.0
864691136052738803,864691135773209163,2608.0
864691136052738803,864691136137237899,3788.0
864691136052738803,864691136452447743,21472.0
864691136052738803,864691136484364844,17272.0
864691136913993713,864691135294520844,1868.0
864691136913993713,864691135455507818,2256.0
864691136913993713,864691135510191369,584.0
864691136913993713,864691135570301676,524.0
864691136913993713,864691136033332155,6932.0
864691136913993713,864691136424990255,7296.0
864691136913993713,864691136675875719,11944.0
864691136913993713,864691136954050527,540.0
864691136913993713,864691134949263100,9116.0
864691136913993713,864691135124146727,4336.0
864691136913993713,864691135124603687,5608.0
864691136913993713,864691135209432185,11500.0
864691136913993713,864691135258642863,6200.0
864691136913993713,864691135324623260,20224.0
864691136913993713,864691135492568551,14244.0
864691136913993713,864691135503182685,3428.0
864691136913993713,864691135583172717,13628.0
864691136913993713,864691135587519868,576.0
864691136913993713,864691135717457946,10240.0
864691136913993713,864691135719900721,3856.0
864691136913993713,864691135866576604,5432.0
864691136913993713,864691135942924148,11712.0
864691136913993713,864691135976425327,1820.0
864691136913993713,864691136196338764,4260.0
864691136913993713,864691136330407914,13860.0
864691136913993713,864691136523288465,7596.0
864691136913993713,864691136619096795,1988.0
864691136913993713,864691136967703758,26800.0
864691135511802576,864691135209194617,12792.0
864691135511802576,864691135585415544,23196.0
864691135593659947,864691135134695328,14756.0
864691135593659947,864691135387690069,724.0
864691135593659947,864691135455123562,3256.0
864691135593659947,864691135496333968,9000.0
864691135593659947,864691135572530981,3228.0
864691135593659947,864691134886828794,2696.0
864691135593659947,864691135497743635,8132.0
864691135593659947,864691135501703746,2244.0
864691135593659947,864691135731705273,1704.0
864691135593659947,864691135852138183,772.0
864691135593659947,864691136196127208,20076.0
864691135593659947,864691136812081779,5784.0
864691136177799686,864691135067066948,12064.0
864691136177799686,864691135362104647,436.0
864691136177799686,864691135398868257,5612.0
864691136177799686,864691135448215698,18332.0
864691136177799686,864691135585266808,2876.0
864691136177799686,864691135694415551,1916.0
864691136177799686,864691135750958889,2716.0
864691136177799686,864691136137794941,8652.0
864691136177799686,864691136330101226,24632.0
864691136177799686,864691136420303511,1484.0
864691136177799686,864691136905758130,7552.0
864691136177799686,864691136991202453,3692.0
864691136177799686,864691135350420951,12228.0
864691136177799686,864691135477839784,4860.0
864691136177799686,864691135656579010,5712.0
864691135583223405,864691135134016928,1464.0
864691135583223405,864691135465113157,4768.0
864691135583223405,864691135478400936,524.0
864691135583223405,864691135577644574,3604.0
864691135583223405,864691135858298670,5016.0
864691135583223405,864691136091074615,3588.0
864691135583223405,864691136195798504,20328.0
864691135583223405,864691136484732972,11340.0
864691135583223405,864691135304641703,9468.0
864691135583223405,864691135388828033,25064.0
864691135583223405,864691135408808649,9844.0
864691135583223405,864691135569592300,8720.0
864691135583223405,864691135868466710,4816.0
864691135583223405,864691136239460668,1320.0
864691135583223405,864691136330407914,1600.0
864691135583223405,864691136619096795,29660.0
864691136118370724,864691135015605910,9884.0
864691136118370724,864691135480311494,20364.0
864691136118370724,864691135977666883,4308.0
864691136118370724,864691136195798504,9388.0
864691136118370724,864691136421279639,30508.0
864691136118370724,864691136991202453,428.0
864691136118370724,864691137021264750,10528.0
864691136118370724,864691135060727707,2548.0
864691136118370724,864691135688186080,3360.0
864691136118370724,864691135810466333,7184.0
864691136118370724,864691135919956656,3436.0
864691136118370724,864691136239068732,7780.0
864691136118370724,864691136620914829,1344.0
864691136118370724,864691136665051614,35064.0
864691136118370724,864691136953873631,26520.0
864691136144827444,864691135868210454,8840.0
864691136144827444,864691135938816260,7684.0
864691136144827444,864691136010651052,196.0
864691136144827444,864691136011684526,1744.0
864691136144827444,864691136453384959,1552.0
864691136144827444,864691136488446226,25476.0
864691136144827444,864691135015652246,27596.0
864691136144827444,864691135360809560,7020.0
864691136144827444,864691135448303762,2968.0
864691136144827444,864691135688186080,756.0
864691136144827444,864691135717163802,18780.0
864691136144827444,864691135738969220,3332.0
864691136144827444,864691135928366606,3676.0
864691136144827444,864691136022520056,32956.0
864691136144827444,864691136330407914,1824.0
864691136144827444,864691136905458866,7156.0
864691136144827444,864691136914414321,1368.0
864691136144827444,864691137055367798,8944.0
864691136991606421,864691134966714655,2548.0
864691136991606421,864691135102433056,6772.0
864691136991606421,864691135374981320,11676.0
864691136991606421,864691135567047191,30160.0
864691136991606421,864691135731889337,33144.0
864691136991606421,864691135742102635,4836.0
864691136991606421,864691135760106830,3540.0
864691136991606421,864691135774053371,39092.0
864691136991606421,864691135947258916,39272.0
864691136991606421,864691136111559352,47940.0
864691136991606421,864691136120663064,11144.0
864691136991606421,864691136363473634,26920.0
864691136991606421,864691136904488114,24764.0
864691136991606421,864691134919972106,46332.0
864691136991606421,864691135164772653,5900.0
864691136991606421,864691135280682401,9244.0
864691136991606421,864691135304641703,6908.0
864691136991606421,864691135357351375,32936.0
864691136991606421,864691135465100189,19152.0
864691136991606421,864691135503836253,9904.0
864691136991606421,864691135611140359,7380.0
864691136991606421,864691135919956656,10824.0
864691136991606421,864691136010639022,4972.0
864691136991606421,864691136311059034,63148.0
864691136991606421,864691136604001745,37184.0
864691135465955397,864691134919529994,3000.0
864691135465955397,864691135060882843,14016.0
864691135465955397,864691135214931072,3620.0
864691135465955397,864691135362104647,6428.0
864691135465955397,864691135801463650,9848.0
864691135465955397,864691135955962888,24440.0
864691135465955397,864691136195798504,21508.0
864691135465955397,864691135135019168,172.0
864691135465955397,864691135258642863,2596.0
864691135465955397,864691135336055529,7680.0
864691135465955397,864691135496440208,2580.0
864691135465955397,864691135503182685,4848.0
864691135465955397,864691135584008045,9680.0
864691135465955397,864691135617152361,10856.0
864691135465955397,864691135738969220,580.0
864691135465955397,864691135774179147,9008.0
864691135465955397,864691135990004992,8988.0
864691135465955397,864691136022520056,7256.0
864691135465955397,864691136120159768,14924.0
864691135465955397,864691136604001745,6636.0
864691135741524587,864691135518989962,1956.0
864691135741524587,864691134989865338,15328.0
864691135741524587,864691135583172717,492.0
864691135741524587,864691135617152361,2920.0
864691135741524587,864691136125956134,2084.0
864691135360482392,864691135340055782,5460.0
864691135360482392,864691135572346349,4200.0
864691135360482392,864691135757083346,4180.0
864691135360482392,864691135858298670,20296.0
864691135360482392,864691136674749575,4884.0
864691135360482392,864691136924515300,2516.0
864691135360482392,864691135325071004,3248.0
864691135360482392,864691135384843738,14580.0
864691135360482392,864691135592830731,724.0
864691135360482392,864691135857993774,7484.0
864691135360482392,864691135919956656,5424.0
864691135360482392,864691136011768494,19660.0
864691135360482392,864691136034084795,13400.0
864691135360482392,864691136058745048,11524.0
864691135360482392,864691136438717086,956.0
864691135360482392,864691136620914829,328.0
864691136033332155,864691134966714655,2544.0
864691136033332155,864691135214986368,7100.0
864691136033332155,864691135340055782,912.0
864691136033332155,864691135342523057,31476.0
864691136033332155,864691135360482392,9332.0
864691136033332155,864691135386899029,860.0
864691136033332155,864691135396940021,17648.0
864691136033332155,864691135478400936,3892.0
864691136033332155,864691135727790911,24668.0
864691136033332155,864691135742102635,34468.0
864691136033332155,864691135810982860,3372.0
864691136033332155,864691135954393891,8752.0
864691136033332155,864691135988742147,2724.0
864691136033332155,864691136336107187,9220.0
864691136033332155,864691134949248508,2380.0
864691136033332155,864691135155894884,2624.0
864691136033332155,864691135357351375,4236.0
864691136033332155,864691135469845388,188.0
864691136033332155,864691135470787666,2216.0
864691136033332155,864691135476495936,6124.0
864691136033332155,864691135577749022,26272.0
864691136033332155,864691135611140359,21104.0
864691136033332155,864691135738047620,13216.0
864691136033332155,864691135787537348,2268.0
864691136033332155,864691135868466710,3508.0
864691136033332155,864691136125433894,3380.0
864691136033332155,864691136299034139,15108.0
864691136033332155,864691136380757461,11356.0
864691136033332155,864691136453419007,11172.0
864691136033332155,864691136523335057,2544.0
864691136033332155,864691136664680926,3404.0
864691135294441654,864691134966710559,34164.0
864691135294441654,864691135102433056,4908.0
864691135294441654,864691135340055782,3516.0
864691135294441654,864691135431089968,1084.0
864691135294441654,864691135448215698,560.0
864691135294441654,864691135474504498,4892.0
864691135294441654,864691135578360837,536.0
864691135294441654,864691135640297787,6356.0
864691135294441654,864691135686283703,3696.0
864691135294441654,864691135727790911,25040.0
864691135294441654,864691135774053371,3220.0
864691135294441654,864691135808925981,3976.0
864691135294441654,864691135843242211,25488.0
864691135294441654,864691135853088967,9472.0
864691135294441654,864691135868210454,456.0
864691135294441654,864691135885911920,7800.0
864691135294441654,864691136118370724,2440.0
864691135294441654,864691136725093373,33944.0
864691135294441654,864691136913993713,2000.0
864691135294441654,864691136954050527,6496.0
864691135294441654,864691135357351375,5872.0
864691135294441654,864691135430275120,5664.0
864691135294441654,864691135493686111,8056.0
864691135294441654,864691135694246079,2076.0
864691135294441654,864691135810905036,2824.0
864691135294441654,864691136026254649,10980.0
864691135294441654,864691136058745048,992.0
864691135294441654,864691136299034139,1724.0
864691135294441654,864691136381301461,1836.0
864691135294441654,864691136438717086,3700.0
864691135294441654,864691136596901026,5336.0
864691135294441654,864691136905458866,10796.0
864691135294441654,864691136914414321,3732.0
864691135466236229,864691134966710559,39192.0
864691135466236229,864691135164887853,18472.0
864691135466236229,864691135388368001,1672.0
864691135466236229,864691135469753426,48288.0
864691135466236229,864691135727790911,35364.0
864691135466236229,864691135757083346,13252.0
864691135466236229,864691135774368763,2936.0
864691135466236229,864691135810982860,17024.0
864691135466236229,864691135853198023,3652.0
864691135466236229,864691135867644805,20592.0
864691135466236229,864691135885911920,13244.0
864691135466236229,864691135955909640,828.0
864691135466236229,864691135988557315,4532.0
864691135466236229,864691136274655166,10508.0
864691135466236229,864691136905758130,15068.0
864691135466236229,864691136927761226,1632.0
864691135466236229,864691136954050527,9784.0
864691135466236229,864691135480892614,3472.0
864691135466236229,864691135576881950,6916.0
864691135466236229,864691135617440105,23092.0
864691135466236229,864691135688186080,19600.0
864691135466236229,864691135689417440,5376.0
864691135466236229,864691135719900721,17080.0
864691135466236229,864691136058745048,4304.0
864691135466236229,864691136120658712,8484.0
864691135466236229,864691136298125851,12940.0
864691135466236229,864691136604001745,21848.0
864691135594721579,864691135955962888,19340.0
864691135594721579,864691135503182685,6416.0
864691135594721579,864691135774389755,17412.0
864691135324725404,864691135362104647,32416.0
864691135324725404,864691135572346349,1896.0
864691135324725404,864691135739689073,1916.0
864691135324725404,864691135760635214,2820.0
864691135324725404,864691135858298670,3676.0
864691135324725404,864691135954393891,472.0
864691135324725404,864691136488414994,2584.0
864691135324725404,864691135060727707,6512.0
864691135324725404,864691135350420951,4660.0
864691135324725404,864691135562004193,3376.0
864691135324725404,864691136619096795,2652.0
864691135572346349,864691135585266808,32376.0
864691135572346349,864691135586724220,3128.0
864691135572346349,864691135750958889,1268.0
864691135572346349,864691136144827444,3532.0
864691135572346349,864691136484732972,1616.0
864691135572346349,864691136905758130,5880.0
864691135572346349,864691135015652246,512.0
864691135572346349,864691135280481697,2536.0
864691135572346349,864691135510846217,16376.0
864691135572346349,864691135865648254,3904.0
864691135572346349,864691136742067804,13052.0
864691135572346349,864691136914414321,3180.0
864691135294442678,864691135210134905,36508.0
864691135294442678,864691135362104647,18984.0
864691135294442678,864691135656578242,1036.0
864691135294442678,864691135801463650,10452.0
864691135294442678,864691135886208112,3376.0
864691135294442678,864691135939477508,45464.0
864691135294442678,864691136137794941,48056.0
864691135294442678,864691134991010426,596.0
864691135294442678,864691135102381856,2372.0
864691135294442678,864691135732210873,3532.0
864691135294442678,864691135774389755,892.0
864691135294442678,864691135779705021,4464.0
864691135294442678,864691135817419343,7596.0
864691135294442678,864691136288598467,16048.0
864691135294442678,864691136619096795,40164.0
864691136453384959,864691135014966262,15996.0
864691136453384959,864691135102151968,3144.0
864691136453384959,864691135577651230,7700.0
864691136453384959,864691135585266808,3716.0
864691136453384959,864691135782702387,1364.0
864691136453384959,864691135867644805,8008.0
864691136453384959,864691135868210454,2540.0
864691136453384959,864691135938816260,288.0
864691136453384959,864691136111251896,43032.0
864691136453384959,864691136195798504,2756.0
864691136453384959,864691136421279639,3348.0
864691136453384959,864691135274195217,2460.0
864691136453384959,864691135375351369,5280.0
864691136453384959,864691135496440208,7048.0
864691136453384959,864691135587519868,560.0
864691136453384959,864691135688186080,14896.0
864691136453384959,864691136010639022,2828.0
864691136453384959,864691136288644291,3088.0
864691135994226881,864691135476528704,3308.0
864691135994226881,864691135977666883,1220.0
864691135994226881,864691136195798504,11660.0
864691135994226881,864691136437631902,21468.0
864691135994226881,864691135325263004,8796.0
864691135994226881,864691135618505065,1248.0
864691135994226881,864691135928366606,7876.0
864691135994226881,864691136022520056,3516.0
864691136602371025,864691135937286404,6344.0
864691136602371025,864691136275364365,1628.0
864691136602371025,864691135060727707,1128.0
864691136602371025,864691135102381856,3780.0
864691136602371025,864691135117980637,7596.0
864691136602371025,864691135367033849,4180.0
864691136602371025,864691135618505065,13480.0
864691136602371025,864691135774389755,7860.0
864691136602371025,864691136364308962,364.0
864691136602371025,864691136603811281,1652.0
864691136602371025,864691137198691137,10236.0
864691135941708033,864691135468948364,4096.0
864691135941708033,864691135760106830,2648.0
864691135941708033,864691135464143934,1588.0
864691135941708033,864691135942924148,4668.0
864691136954050527,864691135409859785,11860.0
864691136954050527,864691135619317391,2812.0
864691136954050527,864691135685087474,2532.0
864691136954050527,864691135850033758,4904.0
864691136954050527,864691136108378073,2648.0
864691136954050527,864691136110366904,3932.0
864691136954050527,864691136330101226,3452.0
864691136954050527,864691136664127454,8088.0
864691136954050527,864691136991202453,41932.0
864691136954050527,864691135113733529,10112.0
864691136954050527,864691135384843738,6552.0
864691136954050527,864691135478316200,2556.0
864691136954050527,864691135493620831,5372.0
864691136954050527,864691135577749022,24588.0
864691136954050527,864691135689417440,63252.0
864691136954050527,864691135757040082,3612.0
864691136954050527,864691136125457446,8772.0
864691136954050527,864691136239902780,1592.0
864691135571192966,864691134942472035,12268.0
864691135571192966,864691135362104647,8268.0
864691135571192966,864691135430346544,2644.0
864691135571192966,864691135562975969,1524.0
864691135571192966,864691135585266808,2992.0
864691135571192966,864691135739689073,2228.0
864691135571192966,864691135741458324,4356.0
864691135571192966,864691136111251896,52376.0
864691135571192966,864691135499707667,9632.0
864691135134016928,864691135695146943,24480.0
864691135134016928,864691135782241616,600.0
864691135134016928,864691135955962888,11672.0
864691135134016928,864691136013367715,7892.0
864691135134016928,864691136211175612,3476.0
864691135134016928,864691136392785279,16228.0
864691135134016928,864691137021264750,16512.0
864691135134016928,864691135396115189,21012.0
864691135134016928,864691135503182685,36732.0
864691135134016928,864691135566168599,6216.0
864691135134016928,864691136022520056,15524.0
864691135134016928,864691136419797655,27308.0
864691135134016928,864691136452609023,4992.0
864691135731679929,864691134942472035,2828.0
864691135731679929,864691135102433056,8736.0
864691135731679929,864691135779049056,276.0
864691135731679929,864691135258509487,1400.0
864691135731679929,864691135342958789,12072.0
864691135731679929,864691135566168599,2060.0
864691135731679929,864691135773073147,27796.0
864691135731679929,864691135942924148,2148.0
864691135280944545,864691135066958404,1236.0
864691135280944545,864691135448698196,1288.0
864691135280944545,864691135476528704,1040.0
864691135280944545,864691135774053371,7052.0
864691135280944545,864691135977666883,23952.0
864691135280944545,864691136389688695,752.0
864691135280944545,864691135209432185,1060.0
864691135280944545,864691135280481697,14852.0
864691135280944545,864691135688186080,1084.0
864691135280944545,864691135810905036,880.0
864691135280944545,864691135861093992,416.0
864691135280944545,864691136034084795,14676.0
864691135280944545,864691136125433894,3744.0
864691135280944545,864691136524297617,1076.0
864691135493149927,864691134948788476,996.0
864691135493149927,864691134966710559,208.0
864691135493149927,864691135102151968,556.0
864691135493149927,864691135294190518,2272.0
864691135493149927,864691135362104647,16652.0
864691135493149927,864691135386899029,4184.0
864691135493149927,864691135417478842,4888.0
864691135493149927,864691135466236229,1992.0
864691135493149927,864691135577644574,288.0
864691135493149927,864691135583223405,18380.0
864691135493149927,864691135584504429,4368.0
864691135493149927,864691135810982860,10296.0
864691135493149927,864691135858298670,13656.0
864691135493149927,864691135988557315,7388.0
864691135493149927,864691136275894285,488.0
864691135493149927,864691136424439855,7124.0
864691135493149927,864691135124146727,8192.0
864691135493149927,864691135124603687,5044.0
864691135493149927,864691135258642863,1864.0
864691135493149927,864691135496440208,45060.0
864691135493149927,864691135499707667,4900.0
864691135493149927,864691135586240120,9664.0
864691135493149927,864691135698211994,920.0
864691135493149927,864691135719900721,2628.0
864691135493149927,864691135743102827,55676.0
864691135493149927,864691135773073147,2340.0
864691135493149927,864691135842486243,3464.0
864691135493149927,864691135994235841,2168.0
864691135493149927,864691136101340021,3840.0
864691135493149927,864691136381301461,1400.0
864691135518453642,864691135724393131,15248.0
864691135700814114,864691135716679194,764.0
864691135700814114,864691136195798504,1320.0
864691135772987899,864691135408560329,868.0
864691135772987899,864691135700409211,5152.0
864691135772987899,864691136239068732,9384.0
864691135342848433,864691135977654851,5140.0
864691135342848433,864691135977666883,17568.0
864691135342848433,864691136040834558,260.0
864691135342848433,864691136675875719,34048.0
864691135342848433,864691135492568551,2420.0
864691135342848433,864691135725748139,14824.0
864691135342848433,864691135810466333,6700.0
864691135342848433,864691135874914702,7496.0
864691135342848433,864691136196338764,7932.0
864691135015605910,864691135157025636,8980.0
864691135015605910,864691135455507818,4852.0
864691135015605910,864691135480311494,16000.0
864691135015605910,864691135502885954,432.0
864691135015605910,864691135577651230,4252.0
864691135015605910,864691135732578745,800.0
864691135015605910,864691135741930603,6580.0
864691135015605910,864691135763941174,2452.0
864691135015605910,864691135938816260,584.0
864691135015605910,864691135955909640,448.0
864691135015605910,864691135977666883,15276.0
864691135015605910,864691136006519498,16936.0
864691135015605910,864691136033116347,14092.0
864691135015605910,864691136118370724,15160.0
864691135015605910,864691136137794941,35560.0
864691135015605910,864691136195798504,33448.0
864691135015605910,864691136330101226,4948.0
864691135015605910,864691136336107187,7956.0
864691135015605910,864691136578820884,3912.0
864691135015605910,864691136674492295,13140.0
864691135015605910,864691135101431072,3168.0
864691135015605910,864691135274195217,9412.0
864691135015605910,864691135277186789,13708.0
864691135015605910,864691135304641703,53480.0
864691135015605910,864691135493686111,33648.0
864691135015605910,864691135503163202,7624.0
864691135015605910,864691135504327861,24188.0
864691135015605910,864691135566168599,2704.0
864691135015605910,864691135618505065,59228.0
864691135015605910,864691135662408944,8232.0
864691135015605910,864691135816565839,13968.0
864691135015605910,864691135866576604,312.0
864691135015605910,864691136144674612,12116.0
864691135015605910,864691136914414321,25384.0
864691135015605910,864691137056393846,26672.0
864691135695146943,864691135431089968,4320.0
864691135695146943,864691135465343045,2632.0
864691135695146943,864691136195798504,22908.0
864691135695146943,864691136228250961,16808.0
864691135695146943,864691135343818161,12840.0
864691135695146943,864691135562798817,3116.0
864691135695146943,864691135566168599,13084.0
864691135695146943,864691135732210873,2172.0
864691135695146943,864691136010639022,2676.0
864691135695146943,864691136041575422,6016.0
864691135695146943,864691136389921911,30416.0
864691135695146943,864691136914414321,20492.0
864691136927187786,864691135464928318,4152.0
864691136927187786,864691135585266808,6340.0
864691136927187786,864691136195798504,1448.0
864691136927187786,864691136578820884,44204.0
864691136927187786,864691135469845388,2200.0
864691136927187786,864691135510846217,5056.0
864691136927187786,864691135774389755,2852.0
864691136927187786,864691135865648254,2380.0
864691136927187786,864691136664680926,14132.0
864691135396794101,864691135362104647,304.0
864691135396794101,864691135448698196,10188.0
864691135396794101,864691135469753426,6796.0
864691135396794101,864691135741458324,2220.0
864691135396794101,864691135774294603,2812.0
864691135396794101,864691135857099310,412.0
864691135396794101,864691135878061395,3308.0
864691135396794101,864691135955962888,4164.0
864691135396794101,864691136091634487,11332.0
864691135396794101,864691136138131325,2068.0
864691135396794101,864691137021264750,14092.0
864691135396794101,864691134919972106,48972.0
864691135396794101,864691135102274592,9720.0
864691135396794101,864691135184104194,31708.0
864691135396794101,864691135271696549,4600.0
864691135396794101,864691135343818161,5468.0
864691135396794101,864691135496440208,3904.0
864691135396794101,864691135503182685,1764.0
864691135396794101,864691135591041291,432.0
864691135396794101,864691135774389755,6624.0
864691135396794101,864691136022520056,14504.0
864691135396794101,864691136195400150,32556.0
864691135396794101,864691136452447743,2728.0
864691135396794101,864691136813937267,2920.0
864691135919645872,864691135724393131,12656.0
864691135919645872,864691136619882637,2972.0
864691135385422677,864691135233242713,35160.0
864691135727790911,864691135102151968,620.0
864691135727790911,864691135518989962,4404.0
864691135727790911,864691135562842337,6516.0
864691135727790911,864691136118686884,15012.0
864691135727790911,864691136125411622,6232.0
864691135727790911,864691136210344892,180.0
864691135727790911,864691136274655166,2456.0
864691135727790911,864691135277186789,340.0
864691135727790911,864691135280481697,3900.0
864691135727790911,864691135493686111,988.0
864691135727790911,864691135562798817,15568.0
864691135727790911,864691136120159768,12300.0
864691135727790911,864691136177629702,1408.0
864691135727790911,864691136330407914,2772.0
864691136091074615,864691135396940021,16432.0
864691136091074615,864691135465343045,1380.0
864691136091074615,864691135988742147,2004.0
864691136091074615,864691136086088556,6208.0
864691136091074615,864691136107283417,4752.0
864691136091074615,864691136228491601,744.0
864691136091074615,864691136391042167,11376.0
864691136091074615,864691135478316200,608.0
864691136091074615,864691135592830731,3724.0
864691136091074615,864691135810905036,2748.0
864691136091074615,864691136058745048,31292.0
864691136091074615,864691136092725684,10320.0
864691136091074615,864691136120658712,13428.0
864691136091074615,864691136603221201,2436.0
864691136091074615,864691136991390869,3180.0
864691134966324767,864691135474504498,10304.0
864691134966324767,864691135493149927,11376.0
864691134966324767,864691135656674242,780.0
864691134966324767,864691135731679929,2484.0
864691134966324767,864691135782241616,3400.0
864691134966324767,864691135868210454,2280.0
864691134966324767,864691135977045871,6404.0
864691134966324767,864691135977666883,34508.0
864691134966324767,864691136238090767,23244.0
864691134966324767,864691136330101226,35868.0
864691134966324767,864691136619693275,11904.0
864691134966324767,864691135015652246,2840.0
864691134966324767,864691135476495936,2288.0
864691134966324767,864691135477469352,2508.0
864691134966324767,864691135857993774,7408.0
864691134966324767,864691135928366606,29844.0
864691134966324767,864691136010639022,216.0
864691134966324767,864691137056393846,4392.0
864691135786943684,864691135362104647,10120.0
864691135786943684,864691135448215698,10264.0
864691135786943684,864691135571192966,2668.0
864691135786943684,864691135773208651,7944.0
864691135786943684,864691135954393891,6128.0
864691135786943684,864691136814627955,4604.0
864691135786943684,864691135405733870,17472.0
864691135786943684,864691135810492189,19336.0
864691135786943684,864691135942924148,7148.0
864691136034271675,864691135970180709,7544.0
864691135504168285,864691135448698196,8984.0
864691135504168285,864691135466158917,1120.0
864691135504168285,864691135750958889,4068.0
864691135504168285,864691136033332155,4604.0
864691135504168285,864691136196517452,1416.0
864691135504168285,864691136484732972,1864.0
864691135504168285,864691135384285931,2044.0
864691135504168285,864691135592830731,13196.0
864691135504168285,864691135694246079,13740.0
864691135504168285,864691135810492189,1572.0
864691135504168285,864691136058745048,2172.0
864691135504168285,864691136523335057,19064.0
864691135388368001,864691135060651419,1312.0
864691135388368001,864691135102151968,3584.0
864691135388368001,864691135258563503,2896.0
864691135388368001,864691135478400936,3008.0
864691135388368001,864691135619756943,3064.0
864691135388368001,864691135774294603,2232.0
864691135388368001,864691136033227451,8244.0
864691135388368001,864691136228491601,9760.0
864691135388368001,864691136373008520,7424.0
864691135388368001,864691136391042167,2668.0
864691135388368001,864691136437631902,424.0
864691135388368001,864691136904488114,840.0
864691135388368001,864691136927761226,7556.0
864691135388368001,864691135157994084,1412.0
864691135388368001,864691135164772653,6872.0
864691135388368001,864691135546902056,17820.0
864691135388368001,864691135566168599,12864.0
864691135388368001,864691135617152361,2576.0
864691135388368001,864691135688186080,17940.0
864691135388368001,864691135739587697,540.0
864691135388368001,864691135763795510,6980.0
864691135388368001,864691135779705021,3804.0
864691135388368001,864691135810905036,556.0
864691135388368001,864691136195834070,560.0
864691135867905302,864691135616363211,8720.0
864691135867905302,864691135755197133,15000.0
864691135867905302,864691135801133666,5684.0
864691135867905302,864691135493079783,4828.0
864691135867905302,864691135502730562,604.0
864691135867905302,864691135778132576,308.0
864691135867905302,864691136023980601,472.0
864691135867905302,864691136084313196,22924.0
864691136925601354,864691135272206865,3868.0
864691136925601354,864691135382556378,21660.0
864691136925601354,864691136108938168,7144.0
864691136925601354,864691135566155351,17820.0
864691136925601354,864691136009893294,28364.0
864691136925601354,864691136521831825,960.0
864691136391042167,864691134966324767,4220.0
864691136391042167,864691135214986368,14164.0
864691136391042167,864691135342541509,15132.0
864691136391042167,864691135465343045,4328.0
864691136391042167,864691135741458324,3684.0
864691136391042167,864691135750307881,10072.0
864691136391042167,864691135751110185,3088.0
864691136391042167,864691135782506832,256.0
864691136391042167,864691135839932307,1740.0
864691136391042167,864691135970180709,4136.0
864691136391042167,864691135977666883,6452.0
864691136391042167,864691136579129876,168.0
864691136391042167,864691136991202453,3668.0
864691136391042167,864691135277186789,3596.0
864691136391042167,864691135469845388,11004.0
864691136391042167,864691135503182685,119900.0
864691136391042167,864691135546902056,2348.0
864691136391042167,864691135688186080,59296.0
864691136391042167,864691135743102827,1096.0
864691136391042167,864691135774389755,1504.0
864691136391042167,864691136022520056,6376.0
864691136391042167,864691136330407914,1544.0
864691136011684526,864691135060651419,356.0
864691136011684526,864691135362104647,9056.0
864691136011684526,864691135396794101,22884.0
864691136011684526,864691135518283475,1412.0
864691136011684526,864691135970180709,8812.0
864691136011684526,864691136372759688,368.0
864691136011684526,864691134950156796,1776.0
864691136011684526,864691135591041291,1712.0
864691136011684526,864691135732210873,252.0
864691136011684526,864691136042982742,11476.0
864691136011684526,864691136144674612,10408.0
864691136011684526,864691136603811281,5648.0
864691136011684526,864691137198691137,2060.0
864691136275919117,864691135585266808,2468.0
864691136275919117,864691134991010426,780.0
864691136275919117,864691135842486243,10212.0
864691136034011579,864691135164887853,960.0
864691136034011579,864691135455507818,788.0
864691136034011579,864691135469753426,328.0
864691136034011579,864691135741524587,1656.0
864691136034011579,864691135750307881,31488.0
864691136034011579,864691135774368763,764.0
864691136034011579,864691135955962888,36364.0
864691136034011579,864691136195798504,11024.0
864691136034011579,864691135258642863,51904.0
864691136034011579,864691135343818161,2300.0
864691136034011579,864691135562798817,1876.0
864691136034011579,864691135566168599,4452.0
864691136034011579,864691135617152361,6844.0
864691136034011579,864691136177629702,1084.0
864691136034011579,864691136905560754,1696.0
864691137199828801,864691135519105162,9912.0
864691137199828801,864691135927381774,8508.0
864691137199828801,864691136330101226,1736.0
864691137199828801,864691135350420951,176.0
864691137199828801,864691135503182685,27116.0
864691137199828801,864691135587371132,12224.0
864691137199828801,864691135591041291,3028.0
864691135937286404,864691135134155168,592.0
864691135937286404,864691135496333968,16336.0
864691135937286404,864691135572530981,3448.0
864691135937286404,864691135585415544,3532.0
864691135937286404,864691136194355176,3892.0
864691135937286404,864691135749141801,10768.0
864691135937286404,864691135938555908,520.0
864691135937286404,864691136273494206,39844.0
864691135937286404,864691136991166101,25192.0
864691135102151968,864691135015605910,2012.0
864691135102151968,864691135491167207,6140.0
864691135102151968,864691135731889337,5032.0
864691135102151968,864691136904488114,16212.0
864691135102151968,864691135102381856,27744.0
864691135102151968,864691135274195217,7628.0
864691135102151968,864691135688186080,5108.0
864691135102151968,864691135694246079,296.0
864691135102151968,864691135774389755,2096.0
864691135102151968,864691136453419007,32400.0
864691135060882843,864691134949221372,1396.0
864691135060882843,864691135567047191,3764.0
864691135060882843,864691135570301676,2780.0
864691135060882843,864691135741090196,8308.0
864691135060882843,864691135868210454,26540.0
864691135060882843,864691135885911920,3456.0
864691135060882843,864691135954393891,2936.0
864691135060882843,864691136578820884,2732.0
864691135060882843,864691136814627955,656.0
864691135060882843,864691136954028511,2036.0
864691135060882843,864691136011768494,1396.0
864691135060882843,864691136288644291,2924.0
864691135060882843,864691136389921911,10444.0
864691135325413788,864691135465113157,4608.0
864691135325413788,864691135101431072,1884.0
864691135325413788,864691136905560754,7636.0
864691136814627955,864691135060651419,31864.0
864691136814627955,864691135430346544,8416.0
864691136814627955,864691135465343045,9652.0
864691136814627955,864691135469753426,3184.0
864691136814627955,864691135774368763,6148.0
864691136814627955,864691136034011579,12348.0
864691136814627955,864691136228491601,4052.0
864691136814627955,864691136424439855,8076.0
864691136814627955,864691136904488114,2492.0
864691136814627955,864691136927761226,5844.0
864691136814627955,864691136954028511,2828.0
864691136814627955,864691136975300636,5032.0
864691136814627955,864691136991202453,22524.0
864691136814627955,864691137199828801,11780.0
864691136814627955,864691134919972106,10584.0
864691136814627955,864691134949263100,10472.0
864691136814627955,864691135384843738,5488.0
864691136814627955,864691135656579010,2480.0
864691136814627955,864691135970226021,12556.0
864691136814627955,864691135994235841,3100.0
864691136814627955,864691136452609023,15092.0
864691136814627955,864691136968094158,14596.0
864691136814627955,864691136976001308,18748.0
864691134966114591,864691135134052512,2408.0
864691134966114591,864691135465955397,1092.0
864691134966114591,864691135566945559,4420.0
864691134966114591,864691135750307881,7504.0
864691134966114591,864691135396115189,204.0
864691134966114591,864691135503182685,30888.0
864691134966114591,864691135976063855,5128.0
864691136086088556,864691135164887853,4204.0
864691136086088556,864691135270320293,15788.0
864691136086088556,864691135480916422,5248.0
864691136086088556,864691135640398651,6024.0
864691136086088556,864691136420195223,8588.0
864691136086088556,864691135271463077,836.0
864691136086088556,864691135367033849,12740.0
864691136086088556,864691135942924148,3340.0
864691136086088556,864691136125433894,4540.0
864691136086088556,864691136391623039,1648.0
864691136618795227,864691135955962888,2156.0
864691136618795227,864691136330101226,4124.0
864691136618795227,864691135258642863,3972.0
864691136618795227,864691135656579010,5992.0
864691136618795227,864691136022520056,10800.0
864691135276505573,864691135396940021,5956.0
864691135276505573,864691135572530981,3524.0
864691135276505573,864691135808684573,18652.0
864691135276505573,864691135927381774,3560.0
864691135276505573,864691136089194039,3140.0
864691135276505573,864691136310966106,25652.0
864691135503443549,864691135495698832,31304.0
864691135503443549,864691135774177531,8896.0
864691136238090767,864691135362104647,12676.0
864691136238090767,864691135570301676,13584.0
864691136238090767,864691135571192966,4180.0
864691136238090767,864691135585266808,14844.0
864691136238090767,864691135586724220,2848.0
864691136238090767,864691135741998484,2860.0
864691136238090767,864691135977666883,20284.0
864691136238090767,864691136125411622,5260.0
864691136238090767,864691136330101226,15368.0
864691136238090767,864691136372039560,2476.0
864691136238090767,864691136452602367,2000.0
864691136238090767,864691136991202453,7144.0
864691136238090767,864691135135019168,5888.0
864691136238090767,864691135617440105,1872.0
864691136238090767,864691135655894978,5844.0
864691136238090767,864691136101340021,13020.0
864691136238090767,864691136905560754,2232.0
864691135996158378,864691135060651419,5560.0
864691135996158378,864691135276505573,7384.0
864691135996158378,864691135398868257,1220.0
864691135996158378,864691135594817067,352.0
864691135996158378,864691136210847932,12896.0
864691135996158378,864691136445215875,444.0
864691135996158378,864691136968542926,6692.0
864691135996158378,864691135470787666,5492.0
864691135996158378,864691135772920651,6032.0
864691135996158378,864691136364308962,10544.0
864691135015154934,864691135060882843,4920.0
864691135015154934,864691135134052512,7748.0
864691135015154934,864691135214931072,5300.0
864691135015154934,864691135546339880,2224.0
864691135015154934,864691135571192966,16440.0
864691135015154934,864691135586724220,58428.0
864691135015154934,864691135725842603,3568.0
864691135015154934,864691135757083346,2776.0
864691135015154934,864691135977666883,1408.0
864691135015154934,864691135124146727,8684.0
864691135015154934,864691135277186789,26420.0
864691135015154934,864691135476495936,5952.0
864691135015154934,864691135477469352,4428.0
864691135015154934,864691135810492189,20912.0
864691135015154934,864691135977309763,23332.0
864691135015154934,864691136438666398,1924.0
864691135015154934,864691136524297617,21836.0
864691135015154934,864691136905560754,31620.0
864691135571515270,864691135015605910,7180.0
864691135571515270,864691135466158917,768.0
864691135571515270,864691135727790911,4596.0
864691135571515270,864691135868210454,428.0
864691135571515270,864691135868386070,10864.0
864691135571515270,864691135868957462,6576.0
864691135571515270,864691136033227451,5864.0
864691135571515270,864691136137794941,21996.0
864691135571515270,864691136489147922,1596.0
864691135571515270,864691136674749575,4408.0
864691135571515270,864691135157198692,13208.0
864691135571515270,864691135258642863,24864.0
864691135571515270,864691135277186789,6464.0
864691135571515270,864691135325263004,4704.0
864691135571515270,864691135325487004,3104.0
864691135571515270,864691135405626862,212.0
864691135571515270,864691135562004193,3548.0
864691135571515270,864691135567059223,8520.0
864691135571515270,864691135990004992,2532.0
864691135571515270,864691136288644291,8068.0
864691135571515270,864691136380757461,6720.0
864691135571515270,864691136381301461,2256.0
864691135571515270,864691136524297617,18904.0
864691135571515270,864691136976001308,3168.0
864691136107283417,864691134919869706,2940.0
864691136107283417,864691135468948364,3460.0
864691136107283417,864691135576991518,3320.0
864691136107283417,864691135878061395,11184.0
864691136107283417,864691136912172017,17508.0
864691136107283417,864691135346571423,1664.0
864691136107283417,864691135503836253,1556.0
864691136107283417,864691135570791558,12888.0
864691135955962888,864691135431089968,4952.0
864691135955962888,864691135447540882,19976.0
864691135955962888,864691135817419343,9112.0
864691135739008132,864691135577644574,2184.0
864691135739008132,864691135994226881,1692.0
864691135739008132,864691136011684526,13308.0
864691135739008132,864691136137794941,4476.0
864691135739008132,864691135258642863,1048.0
864691135739008132,864691135272003237,4440.0
864691135739008132,864691135774389755,4008.0
864691135397846049,864691136117770660,35404.0
864691135397846049,864691136489147922,2280.0
864691135397846049,864691135117980637,17400.0
864691135397846049,864691135408560329,13920.0
864691135397846049,864691135619463567,6900.0
864691135397846049,864691136380757461,3116.0
864691135397846049,864691136905560754,7352.0
864691135773208651,864691134886569210,9332.0
864691135773208651,864691135294442678,23652.0
864691135773208651,864691135294480310,4392.0
864691135773208651,864691135386899029,4492.0
864691135773208651,864691135578146565,5636.0
864691135773208651,864691135742102635,10024.0
864691135773208651,864691135137137433,3704.0
864691135773208651,864691135274195217,21888.0
864691135773208651,864691135304641703,4208.0
864691135773208651,864691135405733870,6240.0
864691135773208651,864691135469845388,560.0
864691135773208651,864691135782544435,15028.0
864691135773208651,864691135858273326,10168.0
864691135773208651,864691135942924148,8996.0
864691135773208651,864691135976063855,508.0
864691135773208651,864691136101516661,24160.0
864691135773208651,864691136239980604,2288.0
864691135210134905,864691134948788476,2184.0
864691135210134905,864691135342541509,3232.0
864691135210134905,864691135447540882,9036.0
864691135210134905,864691135562975969,22464.0
864691135210134905,864691135577651230,3400.0
864691135210134905,864691135868210454,2988.0
864691135210134905,864691135885911920,18900.0
864691135210134905,864691135886208112,14224.0
864691135210134905,864691135941300993,32864.0
864691135210134905,864691135164772653,22000.0
864691135210134905,864691135258642863,1008.0
864691135210134905,864691135343818161,192.0
864691135210134905,864691135476495936,2996.0
864691135210134905,864691135576881950,16544.0
864691135210134905,864691135591041291,23676.0
864691135210134905,864691136452447743,5300.0
864691135210134905,864691136619096795,29504.0
864691135478268840,864691135499231763,5336.0
864691135478268840,864691135562842337,1260.0
864691135478268840,864691135569902316,3132.0
864691135478268840,864691135619317391,5320.0
864691135478268840,864691136010651052,3856.0
864691135478268840,864691134965778719,41868.0
864691135478268840,864691135417045946,4220.0
864691135478268840,864691135618505065,32432.0
864691135478268840,864691136026254649,1124.0
864691136990522517,864691135067066948,2636.0
864691136990522517,864691135102151968,10028.0
864691136990522517,864691135405337326,2720.0
864691136990522517,864691135578146565,4772.0
864691136990522517,864691135585415544,10292.0
864691136990522517,864691135640398651,4052.0
864691136990522517,864691135697613077,5532.0
864691136990522517,864691135763495478,23428.0
864691136990522517,864691135778419901,10168.0
864691136990522517,864691136137794941,260.0
864691136990522517,864691136373008520,9336.0
864691136990522517,864691135503163202,27240.0
864691136990522517,864691135503836253,2716.0
864691136990522517,864691136619096795,9292.0
864691135646147567,864691134966114591,12048.0
864691135646147567,864691135102151968,11920.0
864691135646147567,864691135102433056,4476.0
864691135646147567,864691135164887853,13384.0
864691135646147567,864691135294520844,4104.0
864691135646147567,864691135466158917,11804.0
864691135646147567,864691135583277677,2648.0
864691135646147567,864691135619756943,3672.0
864691135646147567,864691135756075981,3252.0
864691135646147567,864691135782241616,4316.0
864691135646147567,864691135801463650,17528.0
864691135646147567,864691135977045871,1568.0
864691135646147567,864691136312150874,15500.0
864691135646147567,864691136975624220,1224.0
864691135646147567,864691135336055529,9072.0
864691135646147567,864691135351096279,11696.0
864691135646147567,864691135397982753,4960.0
864691135646147567,864691135493686111,6524.0
864691135646147567,864691135738969220,20396.0
864691135646147567,864691136010639022,8432.0
864691135646147567,864691136041575422,3648.0
864691135885911920,864691134919869706,5164.0
864691135885911920,864691135396794101,416.0
864691135885911920,864691135685087474,312.0
864691135885911920,864691135731679929,21064.0
864691135885911920,864691135774368763,4236.0
864691135885911920,864691135886208112,232.0
864691135885911920,864691135988557315,25440.0
864691135885911920,864691136033227451,264.0
864691135885911920,864691136125411622,1412.0
864691135885911920,864691134991010426,864.0
864691135885911920,864691135493686111,24232.0
864691135885911920,864691135577749022,10024.0
864691135885911920,864691135717163802,3092.0
864691135885911920,864691136034084795,8436.0
864691135885911920,864691136120159768,2260.0
864691135885911920,864691136484364844,11664.0
864691135885911920,864691136619096795,700.0
864691135885911920,864691136674495623,5652.0
864691135885911920,864691136967703758,2376.0
864691135430346544,864691134942472035,19292.0
864691135430346544,864691135476528704,1952.0
864691135430346544,864691135546339880,3000.0
864691135430346544,864691135567047191,11084.0
864691135430346544,864691135619756943,9312.0
864691135430346544,864691135732578745,7476.0
864691135430346544,864691135741458324,25888.0
864691135430346544,864691135765013302,11840.0
864691135430346544,864691135774294603,3112.0
864691135430346544,864691135885911920,8872.0
864691135430346544,864691136228491601,10856.0
864691135430346544,864691136380264405,1208.0
864691135430346544,864691136437631902,5336.0
864691135430346544,864691136975624220,2696.0
864691135430346544,864691135124146727,15600.0
864691135430346544,864691135271696549,5032.0
864691135430346544,864691135272069285,1820.0
864691135430346544,864691135464795710,2124.0
864691135430346544,864691135617152361,29972.0
864691135430346544,864691135976425327,2484.0
864691135430346544,864691136022520056,6932.0
864691135430346544,864691136058745048,1524.0
864691135430346544,864691136137237899,3000.0
864691135134155168,864691135214986368,15920.0
864691135134155168,864691135476528704,2700.0
864691135134155168,864691135566945559,208.0
864691135134155168,864691136011684526,5588.0
864691135134155168,864691136137794941,31436.0
864691135134155168,864691136334080435,5548.0
864691135134155168,864691136524172689,3748.0
864691135134155168,864691134919972106,11104.0
864691135134155168,864691135101431072,7064.0
864691135134155168,864691135272069285,7268.0
864691135134155168,864691135975824495,23944.0
864691135134155168,864691136905458866,1632.0
864691135656578242,864691135466236229,3028.0
864691135656578242,864691135585266808,616.0
864691135656578242,864691135586724220,468.0
864691135656578242,864691135782702387,1744.0
864691135656578242,864691135868386070,3820.0
864691135656578242,864691136137794941,4296.0
864691135656578242,864691136195798504,68920.0
864691135656578242,864691135325263004,4404.0
864691135656578242,864691135503182685,2092.0
864691136578982164,864691135778187360,7980.0
864691136578982164,864691136117770660,20568.0
864691136578982164,864691135480718022,676.0
864691136578982164,864691135778132576,2420.0
864691135695042751,864691135015154934,3892.0
864691135695042751,864691135577816862,348.0
864691135695042751,864691135750958889,3468.0
864691135695042751,864691135786943684,19848.0
864691135695042751,864691135875460494,12408.0
864691135695042751,864691136211175612,7736.0
864691135695042751,864691136380264405,9832.0
864691135695042751,864691135124146727,6348.0
864691135695042751,864691135272069285,260.0
864691135695042751,864691135369002233,14540.0
864691135695042751,864691135688186080,2648.0
864691135695042751,864691135689417440,892.0
864691135695042751,864691136419797655,2752.0
864691135695042751,864691136905458866,656.0
864691135695042751,864691136953873631,1900.0
864691137055712630,864691134949221372,5724.0
864691137055712630,864691135572346349,4128.0
864691137055712630,864691135774294603,2672.0
864691137055712630,864691135779049056,2108.0
864691137055712630,864691135853198023,2316.0
864691137055712630,864691135877825107,22068.0
864691137055712630,864691135977045871,15108.0
864691137055712630,864691135977666883,5192.0
864691137055712630,864691136330101226,3256.0
864691137055712630,864691136991202453,113260.0
864691137055712630,864691135492568551,13096.0
864691137055712630,864691135496440208,3916.0
864691137055712630,864691135503182685,3660.0
864691137055712630,864691136619096795,5452.0
864691135396940021,864691135134114976,11872.0
864691135396940021,864691135339600102,356.0
864691135396940021,864691135388368001,3208.0
864691135396940021,864691135396794101,7428.0
864691135396940021,864691135493149927,1100.0
864691135396940021,864691135572346349,11884.0
864691135396940021,864691135656674242,17812.0
864691135396940021,864691135739689073,5032.0
864691135396940021,864691135742102635,5972.0
864691135396940021,864691135751110185,4856.0
864691135396940021,864691135868919318,5252.0
864691135396940021,864691135954393891,51308.0
864691135396940021,864691136421279639,51552.0
864691135396940021,864691135124603687,3296.0
864691135396940021,864691135357351375,12120.0
864691135396940021,864691135469845388,2028.0
864691135396940021,864691135499707667,788.0
864691135396940021,864691135576881950,1276.0
864691135396940021,864691135656579010,14792.0
864691135396940021,864691135688186080,9944.0
864691135396940021,864691135719900721,2644.0
864691135396940021,864691135764015926,6632.0
864691135396940021,864691135868466710,10436.0
864691135396940021,864691135939049988,11880.0
864691135396940021,864691136058745048,6312.0
864691135396940021,864691136101516661,14780.0
864691135396940021,864691136288644291,20796.0
864691135396940021,864691136330407914,2980.0
864691135396940021,864691136381301461,2276.0
864691135396940021,864691137055405174,15516.0
864691135850033758,864691135455507818,1980.0
864691135850033758,864691136437631902,9620.0
864691135850033758,864691135688186080,15176.0
864691135850033758,864691136022520056,10388.0
864691135850033758,864691136604001745,5940.0
864691135782241616,864691134948788476,6736.0
864691135782241616,864691134949221372,1500.0
864691135782241616,864691135136360217,19828.0
864691135782241616,864691135210134905,180.0
864691135782241616,864691135396794101,456.0
864691135782241616,864691135586724220,420.0
864691135782241616,864691135750958889,5640.0
864691135782241616,864691135839950227,756.0
864691135782241616,864691135885911920,13128.0
864691135782241616,864691135102274592,1496.0
864691135782241616,864691135102381856,4832.0
864691135782241616,864691135503182685,58220.0
864691135782241616,864691135688186080,15212.0
864691135782241616,864691135774389755,2152.0
864691135782241616,864691136041575422,1852.0
864691135782241616,864691136137237899,3032.0
864691135782241616,864691136419797655,71116.0
864691135782241616,864691136438469534,27792.0
864691135782241616,864691136523335057,14632.0
864691135294190518,864691135294442678,6088.0
864691135294190518,864691135616363211,30728.0
864691135294190518,864691135868210454,3244.0
864691135294190518,864691136013367715,3404.0
864691135294190518,864691136136778621,172.0
864691135294190518,864691136596107938,1592.0
864691135294190518,864691135577221406,8340.0
864691135294190518,864691135787537348,2088.0
864691135294190518,864691135816693327,2032.0
864691135294190518,864691136275031565,27436.0
864691136619693275,864691134966714655,3680.0
864691136619693275,864691135060882843,4748.0
864691136619693275,864691135258563503,6796.0
864691136619693275,864691135325413788,2780.0
864691136619693275,864691135339600102,12268.0
864691136619693275,864691135340055782,5884.0
864691136619693275,864691135360096071,7412.0
864691136619693275,864691135476528704,35232.0
864691136619693275,864691135504168285,4776.0
864691136619693275,864691135571192966,11316.0
864691136619693275,864691135586724220,1420.0
864691136619693275,864691135101431072,3328.0
864691136619693275,864691135469845388,2372.0
864691136619693275,864691135774389755,3832.0
864691136619693275,864691136674495623,9400.0
864691135839950227,864691135362104647,3532.0
864691135839950227,864691135396794101,1720.0
864691135839950227,864691135584504429,2348.0
864691135839950227,864691135685087474,18252.0
864691135839950227,864691134919972106,6140.0
864691135839950227,864691135258642863,27932.0
864691135839950227,864691135408808649,31084.0
864691135839950227,864691135493620831,5860.0
864691135839950227,864691135738969220,3100.0
864691135839950227,864691135774179147,2972.0
864691135839950227,864691136438469534,2404.0
864691135839950227,864691136905458866,15584.0
864691135839950227,864691137198691137,648.0
864691136228367697,864691135724393131,3364.0
864691136228367697,864691135855860782,4672.0
864691136228367697,864691135927648212,8436.0
864691136228367697,864691135502730562,936.0
864691135741659499,864691135755197133,3284.0
864691135741659499,864691135586414716,5716.0
864691135741659499,864691135851792071,1020.0
864691135741659499,864691136084313196,25460.0
864691135741659499,864691136124845606,10740.0
864691135741659499,864691136137834877,1628.0
864691135741659499,864691136196127208,1188.0
864691136314491965,864691135741458324,3224.0
864691136314491965,864691135741930603,1524.0
864691136314491965,864691135774053371,236.0
864691136314491965,864691135164772653,14408.0
864691136314491965,864691135576881950,3248.0
864691136314491965,864691135591041291,2976.0
864691136314491965,864691135749141801,17828.0
864691136314491965,864691136084313196,1700.0
864691136314491965,864691136228538961,44832.0
864691136085781356,864691135294442678,4744.0
864691136085781356,864691135466158917,21772.0
864691136085781356,864691135562975969,11412.0
864691136085781356,864691135586724220,2352.0
864691136085781356,864691135593133067,1296.0
864691136085781356,864691135656578242,16492.0
864691136085781356,864691135877825107,3360.0
864691136085781356,864691135938816260,18316.0
864691136085781356,864691135941300993,5248.0
864691136085781356,864691135954393891,1476.0
864691136085781356,864691136011686318,3388.0
864691136085781356,864691136363303138,16956.0
864691136085781356,864691136664127454,1348.0
864691136085781356,864691135102381856,7624.0
864691136085781356,864691135304641703,4580.0
864691136085781356,864691135325263004,1104.0
864691136085781356,864691135430486576,6200.0
864691136085781356,864691135890141321,30888.0
864691136085781356,864691136010639022,3136.0
864691136085781356,864691136041575422,24556.0
864691136085781356,864691136177629702,21068.0
864691136085781356,864691136390788215,42880.0
864691136085781356,864691136604001745,2444.0
864691136085781356,864691136665051614,3560.0
864691136085781356,864691136742067804,16884.0
864691136085781356,864691136976001308,3380.0
864691135587532924,864691134965778719,8716.0
864691135587532924,864691136288644291,3576.0
864691135911276969,864691135720638769,1120.0
864691135911276969,864691135807579933,7704.0
864691135911276969,864691135919645872,3040.0
864691135911276969,864691136108938168,5692.0
864691135911276969,864691135059143323,4068.0
864691135911276969,864691136084313196,32532.0
864691135911276969,864691136228538961,10224.0
864691136420195223,864691135339729894,2188.0
864691136420195223,864691136380264405,2596.0
864691135843242211,864691135066958404,8144.0
864691135843242211,864691135384344043,2176.0
864691135843242211,864691135409859785,17916.0
864691135843242211,864691135504168285,4036.0
864691135843242211,864691135741998484,13972.0
864691135843242211,864691135760106830,3128.0
864691135843242211,864691135763941174,4520.0
864691135843242211,864691135801463650,1364.0
864691135843242211,864691135850033758,12768.0
864691135843242211,864691135853088967,3320.0
864691135843242211,864691135868060950,2476.0
864691135843242211,864691136451224831,1936.0
864691135843242211,864691135209280633,8848.0
864691135843242211,864691135360809560,3564.0
864691135843242211,864691135384176619,7192.0
864691135843242211,864691135384285931,12508.0
864691135843242211,864691135480892614,9472.0
864691135843242211,864691135646481135,14372.0
864691135843242211,864691135689417440,3208.0
864691135843242211,864691135719900721,3668.0
864691135843242211,864691135810773452,6320.0
864691135843242211,864691135858273326,4368.0
864691135843242211,864691136021865976,760.0
864691135843242211,864691136101516661,4968.0
864691135843242211,864691136119885080,6376.0
864691135843242211,864691136227484753,1408.0
864691135843242211,864691136391623039,40272.0
864691135843242211,864691136674495623,1316.0
864691135843242211,864691136991359893,15084.0
864691135810473245,864691135518173395,9204.0
864691135810473245,864691135757083346,4964.0
864691135810473245,864691135765013302,1344.0
864691135810473245,864691135885911920,12472.0
864691135810473245,864691136314491965,7032.0
864691135810473245,864691137021264750,16368.0
864691135810473245,864691135258642863,5760.0
864691135810473245,864691135375351369,388.0
864691135810473245,864691135480892614,2776.0
864691135810473245,864691135492568551,2152.0
864691135810473245,864691135646775791,28100.0
864691135810473245,864691135656579010,3756.0
864691135810473245,864691135719900721,2792.0
864691135810473245,864691135810773452,1404.0
864691135810473245,864691135928366606,7960.0
864691135810473245,864691136674495623,2392.0
864691135810473245,864691136975144988,2620.0
864691136523216017,864691135340055782,11928.0
864691136523216017,864691135571192966,27620.0
864691136523216017,864691135977666883,16648.0
864691136523216017,864691136239108156,460.0
864691136523216017,864691136420303511,6100.0
864691136523216017,864691137021264750,1644.0
864691136523216017,864691135384285931,3520.0
864691136523216017,864691135499283987,4732.0
864691136523216017,864691136967703758,17640.0
864691135448698196,864691135014966262,2516.0
864691135448698196,864691135362104647,3704.0
864691135448698196,864691135686283703,904.0
864691135448698196,864691135157994084,1812.0
864691135448698196,864691135860969064,424.0
864691135448698196,864691137198691137,3404.0
864691135611019015,864691134966710559,2920.0
864691135611019015,864691135258563503,14820.0
864691135611019015,864691135324725404,5396.0
864691135611019015,864691135325413788,19596.0
864691135611019015,864691135430346544,21720.0
864691135611019015,864691135493149927,9260.0
864691135611019015,864691135741458324,30172.0
864691135611019015,864691135858298670,4164.0
864691135611019015,864691135868386070,4648.0
864691135611019015,864691135955962888,4112.0
864691135611019015,864691136195798504,5480.0
864691135611019015,864691136228250961,1660.0
864691135611019015,864691136437631902,2812.0
864691135611019015,864691137199038273,364.0
864691135611019015,864691135102381856,17460.0
864691135611019015,864691135478316200,4136.0
864691135611019015,864691135656579010,16576.0
864691135611019015,864691135810773452,9900.0
864691135611019015,864691136177629702,11416.0
864691135611019015,864691136331249642,1700.0
864691135611019015,864691136453419007,42048.0
864691135611019015,864691136524297617,6228.0
864691135346685855,864691134919869706,1700.0
864691135346685855,864691136991202453,10244.0
864691135346685855,864691135397982753,508.0
864691135346685855,864691135476495936,9016.0
864691135346685855,864691136452447743,2664.0
864691135164887853,864691135209369465,4144.0
864691135164887853,864691135577651230,19200.0
864691135164887853,864691135586724220,11104.0
864691135164887853,864691135640297787,352.0
864691135164887853,864691135760106830,10676.0
864691135164887853,864691135885911920,4480.0
864691135164887853,864691135941300993,10872.0
864691135164887853,864691135975633475,1428.0
864691135164887853,864691135977666883,34596.0
864691135164887853,864691136111559352,24200.0
864691135164887853,864691136118370724,14052.0
864691135164887853,864691136330101226,20740.0
864691135164887853,864691136968542926,29268.0
864691135164887853,864691135059143323,8072.0
864691135164887853,864691135277186789,11288.0
864691135164887853,864691135577749022,3596.0
864691135164887853,864691135694246079,8780.0
864691135164887853,864691135743102827,2612.0
864691135164887853,864691135764583990,22456.0
864691135164887853,864691135774389755,3436.0
864691135164887853,864691136023980601,3388.0
864691135164887853,864691136034181307,29024.0
864691135164887853,864691136596901026,8968.0
864691135164887853,864691136914414321,384.0
864691136084684396,864691135697613077,15720.0
864691135717275162,864691135339729126,12404.0
864691135717275162,864691135374981320,32484.0
864691135717275162,864691135583223405,6508.0
864691135717275162,864691135760106830,4276.0
864691135717275162,864691135849088094,15712.0
864691135717275162,864691135939008565,11860.0
864691135717275162,864691135988557315,652.0
864691135717275162,864691136026198585,5164.0
864691135717275162,864691136033227451,2692.0
864691135717275162,864691136523216017,9364.0
864691135717275162,864691136814627955,776.0
864691135717275162,864691136968542926,3156.0
864691135717275162,864691135469845388,3484.0
864691135717275162,864691135583172717,1408.0
864691135717275162,864691135584008045,2324.0
864691135717275162,864691135750649129,1156.0
864691135717275162,864691136119885080,26556.0
864691135717275162,864691136239460668,12516.0
864691135717275162,864691136239980604,15120.0
864691135640297787,864691135562410721,668.0
864691135640297787,864691135695146943,10128.0
864691135640297787,864691135725842603,4316.0
864691135640297787,864691135750958889,3940.0
864691135640297787,864691135694246079,2016.0
864691135640297787,864691135810492189,2948.0
864691135640297787,864691135942924148,232.0
864691135640297787,864691136058745048,3760.0
864691135640297787,864691136092725684,13580.0
864691135562975969,864691135362104647,29584.0
864691135562975969,864691135398805281,16652.0
864691135562975969,864691135398817569,3860.0
864691135562975969,864691135947258916,10636.0
864691135562975969,864691135994226881,1376.0
864691135562975969,864691136011686318,9152.0
864691135562975969,864691136991202453,5312.0
864691135562975969,864691135164772653,21124.0
864691135562975969,864691135272003237,18508.0
864691135562975969,864691135688186080,4680.0
864691135562975969,864691135717163802,2228.0
864691135562975969,864691135738969220,42436.0
864691135562975969,864691136177629702,1372.0
864691135562975969,864691136331249642,4168.0
864691135480311494,864691135465343045,13380.0
864691135480311494,864691135583223405,6204.0
864691135480311494,864691135751110185,484.0
864691135480311494,864691135782506832,8792.0
864691135480311494,864691135952121379,4628.0
864691135480311494,864691136954028511,1668.0
864691135480311494,864691134966069023,24784.0
864691135480311494,864691135569592300,12588.0
864691135480311494,864691135739733140,21952.0
864691135480311494,864691135842486243,5192.0
864691135480311494,864691135866576604,16664.0
864691135480311494,864691136390474359,3332.0
864691135480311494,864691137054934902,9868.0
864691135750958889,864691134948788476,4556.0
864691135750958889,864691135102151968,7736.0
864691135750958889,864691135164887853,22796.0
864691135750958889,864691135214986368,9244.0
864691135750958889,864691135280944545,3644.0
864691135750958889,864691135294442678,7360.0
864691135750958889,864691135466158917,688.0
864691135750958889,864691135562842337,27880.0
864691135750958889,864691135685087474,2016.0
864691135750958889,864691135732578745,5000.0
864691135750958889,864691135778419901,7660.0
864691135750958889,864691135885911920,13360.0
864691135750958889,864691135927381774,3032.0
864691135750958889,864691136118370724,2760.0
864691135750958889,864691136391042167,7484.0
864691135750958889,864691136990522517,10252.0
864691135750958889,864691134887026938,20444.0
864691135750958889,864691134949248508,224.0
864691135750958889,864691134949263100,28564.0
864691135750958889,864691135015652246,5148.0
864691135750958889,864691135209432185,25156.0
864691135750958889,864691135258642863,1732.0
864691135750958889,864691135325487004,1728.0
864691135750958889,864691135360809560,2296.0
864691135750958889,864691135476495936,6700.0
864691135750958889,864691135739587697,1936.0
864691135750958889,864691135886130288,9152.0
864691135750958889,864691136041575422,3548.0
864691135750958889,864691136125457446,3836.0
864691135750958889,864691136336039091,13648.0
864691135750958889,864691136523288465,3088.0
864691135362104647,864691136968094158,7460.0
864691135360346200,864691134948788476,3276.0
864691135360346200,864691135384344043,1156.0
864691135360346200,864691135465113157,3564.0
864691135360346200,864691135732578745,2288.0
864691135360346200,864691135810982860,9280.0
864691135360346200,864691136195798504,10156.0
864691135360346200,864691136391042167,412.0
864691135360346200,864691136927187786,1104.0
864691135360346200,864691135577221406,15288.0
864691135360346200,864691135592830731,1280.0
864691135360346200,864691135842486243,1492.0
864691135360346200,864691136125433894,2664.0
864691135360346200,864691137055367798,3136.0
864691135360346200,864691137056393846,2824.0
864691135719761713,864691135212492992,3932.0
864691135719761713,864691135853198023,7540.0
864691135518283475,864691134942472035,3580.0
864691135518283475,864691135102151968,26412.0
864691135518283475,864691135164887853,892.0
864691135518283475,864691135209369465,8628.0
864691135518283475,864691135258563503,9324.0
864691135518283475,864691135375888840,2048.0
864691135518283475,864691135396940021,10556.0
864691135518283475,864691135417478842,6996.0
864691135518283475,864691135478400936,5652.0
864691135518283475,864691135582973549,3264.0
864691135518283475,864691135585266808,3152.0
864691135518283475,864691135591854347,3804.0
864691135518283475,864691135640398651,2912.0
864691135518283475,864691135742102635,11532.0
864691135518283475,864691135808925981,8052.0
864691135518283475,864691135892214409,12420.0
864691135518283475,864691135988742147,732.0
864691135518283475,864691136085904236,2168.0
864691135518283475,864691136814627955,9860.0
864691135518283475,864691136904488114,1568.0
864691135518283475,864691135157994084,7428.0
864691135518283475,864691135277186789,484.0
864691135518283475,864691135324623260,2040.0
864691135518283475,864691135570791558,2164.0
864691135518283475,864691136390474359,14768.0
864691135892214409,864691135277309669,15236.0
864691135892214409,864691135562975969,2212.0
864691135892214409,864691135801463650,2068.0
864691135892214409,864691135839932307,4768.0
864691135892214409,864691136010651052,4756.0
864691135892214409,864691136421279639,2932.0
864691135892214409,864691136927761226,1192.0
864691135892214409,864691135155894884,356.0
864691135892214409,864691135257669039,25384.0
864691135892214409,864691135272003237,18672.0
864691135892214409,864691135464795710,412.0
864691135892214409,864691135576881950,57596.0
864691135892214409,864691135698211994,22012.0
864691135892214409,864691135743102827,1516.0
864691135892214409,864691135993150913,2656.0
864691135892214409,864691136311059034,17380.0
864691135892214409,864691136665051614,8712.0
864691135892214409,864691137198691137,1736.0
864691136438585502,864691135462420637,6012.0
864691136438585502,864691135577644574,964.0
864691136438585502,864691135700814114,14612.0
864691136438585502,864691135756075981,30048.0
864691136438585502,864691136137794941,16464.0
864691136438585502,864691136991202453,30840.0
864691136438585502,864691135774389755,17292.0
864691136438585502,864691135861093992,13284.0
864691136438585502,864691136120658712,4496.0
864691136438585502,864691136177629702,6780.0
864691136438585502,864691136227484753,14724.0
864691136438585502,864691136521831825,18932.0
864691136438585502,864691137054934902,12220.0
864691135808925981,864691134919869706,2328.0
864691135808925981,864691134966114591,15556.0
864691135808925981,864691135134052512,1436.0
864691135808925981,864691135386899029,2408.0
864691135808925981,864691135405337326,2372.0
864691135808925981,864691135417478842,9508.0
864691135808925981,864691135465932357,3728.0
864691135808925981,864691135567047191,9036.0
864691135808925981,864691135571192966,1160.0
864691135808925981,864691135572530981,668.0
864691135808925981,864691135577651230,18384.0
864691135808925981,864691136010651052,14716.0
864691135808925981,864691136091634487,9500.0
864691135808925981,864691136336107187,10012.0
864691135808925981,864691136991202453,1820.0
864691135808925981,864691134919972106,40428.0
864691135808925981,864691135015652246,41180.0
864691135808925981,864691135336055529,10136.0
864691135808925981,864691135566155351,22084.0
864691135808925981,864691135586240120,5296.0
864691135808925981,864691135688186080,6284.0
864691135808925981,864691135717457946,5964.0
864691135808925981,864691135764583990,12364.0
864691135808925981,864691136043380566,16980.0
864691135808925981,864691136177629702,3868.0
864691135808925981,864691136390788215,2260.0
864691135808925981,864691136438469534,10296.0
864691135808925981,864691136453419007,10576.0
864691135808925981,864691136620914829,22068.0
864691135808925981,864691136665051614,7892.0
864691135662059248,864691135455507818,3184.0
864691135662059248,864691135760635214,8376.0
864691135662059248,864691135868060950,440.0
864691135662059248,864691136043283030,19276.0
864691135662059248,864691136137794941,11116.0
864691135662059248,864691136195798504,22480.0
864691135662059248,864691136275894285,10300.0
864691135662059248,864691135388828033,5240.0
864691135662059248,864691135503182685,53656.0
864691135662059248,864691135774389755,53220.0
864691135720638769,864691135134155168,3096.0
864691135720638769,864691135517531786,1456.0
864691135720638769,864691135654715586,1280.0
864691135720638769,864691136118618136,5664.0
864691135720638769,864691135572385061,6092.0
864691135720638769,864691136273494206,1836.0
864691134919529994,864691135774294603,856.0
864691134919529994,864691136484364844,172.0
864691135756075981,864691135294190518,5432.0
864691135756075981,864691135339600102,1332.0
864691135756075981,864691135474504498,636.0
864691135756075981,864691135502885954,8008.0
864691135756075981,864691135571192966,26252.0
864691135756075981,864691135578360837,344.0
864691135756075981,864691135774053371,2648.0
864691135756075981,864691135778419901,2556.0
864691135756075981,864691135977654851,2916.0
864691135756075981,864691135977666883,2264.0
864691135756075981,864691136238090767,2496.0
864691135756075981,864691136330101226,7380.0
864691135756075981,864691136484732972,3560.0
864691135756075981,864691135336055529,2880.0
864691135756075981,864691135617152361,3148.0
864691135756075981,864691135618505065,228.0
864691135756075981,864691135849426270,1376.0
864691136438426526,864691135082864887,4080.0
864691136438426526,864691136298045979,20288.0
864691136968542926,864691135294190518,968.0
864691136968542926,864691135375888840,2064.0
864691136968542926,864691135398805281,23116.0
864691136968542926,864691135430346544,5168.0
864691136968542926,864691135585266808,39328.0
864691136968542926,864691135756075981,10488.0
864691136968542926,864691135801463650,34212.0
864691136968542926,864691135839950227,12124.0
864691136968542926,864691136137293195,5176.0
864691136968542926,864691136228250961,516.0
864691136968542926,864691136437631902,5716.0
864691136968542926,864691136524172689,7004.0
864691136968542926,864691135272069285,32908.0
864691136968542926,864691135490326074,2632.0
864691136968542926,864691135618505065,2108.0
864691136968542926,864691135688186080,42816.0
864691136968542926,864691135717163802,16996.0
864691136968542926,864691135738969220,3604.0
864691136968542926,864691136022520056,97552.0
864691136968542926,864691136330407914,51056.0
864691136968542926,864691136419797655,5272.0
864691136968542926,864691136453419007,3556.0
864691136968542926,864691136604001745,1032.0
864691136013367715,864691134966714655,6300.0
864691136013367715,864691135294190518,4004.0
864691136013367715,864691135396794101,8448.0
864691136013367715,864691135496381840,3276.0
864691136013367715,864691135573276197,2648.0
864691136013367715,864691135577651230,1836.0
864691136013367715,864691135587532924,3132.0
864691136013367715,864691135697613077,4000.0
864691136013367715,864691135756075981,2608.0
864691136013367715,864691135849088094,3780.0
864691136013367715,864691135853198023,3988.0
864691136013367715,864691135867905302,2628.0
864691136013367715,864691135947258916,25132.0
864691136013367715,864691135977666883,3032.0
864691136013367715,864691136108938168,23504.0
864691136013367715,864691136137794941,8464.0
864691136013367715,864691136228250961,8744.0
864691136013367715,864691136311529306,2244.0
864691136013367715,864691136903681458,31764.0
864691136013367715,864691136968542926,3732.0
864691136013367715,864691136991202453,7100.0
864691136013367715,864691135360017752,4252.0
864691136013367715,864691135431654960,8624.0
864691136013367715,864691135497743635,3544.0
864691136013367715,864691135503182685,6116.0
864691136013367715,864691135546902056,4344.0
864691136013367715,864691135618505065,3576.0
864691136013367715,864691135688186080,6288.0
864691136013367715,864691135739587697,6548.0
864691136013367715,864691135773073147,36532.0
864691136013367715,864691135774179147,5320.0
864691136013367715,864691135774389755,4644.0
864691136013367715,864691135782544435,3044.0
864691136013367715,864691135810905036,3100.0
864691136013367715,864691135976425327,2176.0
864691136013367715,864691136106969561,12188.0
864691136013367715,864691136144674612,18708.0
864691136013367715,864691136273494206,1968.0
864691136013367715,864691136619096795,2296.0
864691136013367715,864691136914414321,2296.0
864691135855890478,864691135567047191,9364.0
864691135855890478,864691135774294603,2852.0
864691135855890478,864691135779049056,3164.0
864691135855890478,864691135977666883,29328.0
864691135855890478,864691136111251896,5420.0
864691135855890478,864691136330101226,3852.0
864691135855890478,864691136451224831,240.0
864691135855890478,864691136618795227,384.0
864691135855890478,864691136904488114,33920.0
864691135855890478,864691135257669039,2876.0
864691135855890478,864691135501703746,3956.0
864691135855890478,864691135774389755,2312.0
864691135855890478,864691135816565839,2960.0
864691135855890478,864691135861093992,7544.0
864691135855890478,864691136042982742,16676.0
864691135855890478,864691136452447743,11856.0
864691135464928318,864691135398817569,10244.0
864691135464928318,864691135619756943,6056.0
864691135464928318,864691136091634487,18312.0
864691135464928318,864691135584629613,49616.0
864691135464928318,864691135586240120,30980.0
864691135464928318,864691135617152361,164.0
864691135464928318,864691136389921911,1464.0
864691135417478842,864691135102151968,4076.0
864691135417478842,864691135324705692,192.0
864691135417478842,864691135468948364,1736.0
864691135417478842,864691135469753426,4240.0
864691135417478842,864691135503443549,1452.0
864691135417478842,864691135518283475,14416.0
864691135417478842,864691135540272498,2496.0
864691135417478842,864691135540440178,18096.0
864691135417478842,864691135619317391,216.0
864691135417478842,864691135750642473,1868.0
864691135417478842,864691135808925981,4868.0
864691135417478842,864691135977666883,4120.0
864691135417478842,864691136138131325,3756.0
864691135417478842,864691136372759688,2304.0
864691135417478842,864691136424990255,11832.0
864691135417478842,864691136725343485,3348.0
864691135417478842,864691135346571423,2404.0
864691135417478842,864691135357351375,212.0
864691135417478842,864691135396115189,2920.0
864691135417478842,864691135470787666,10240.0
864691135417478842,864691135477469352,2104.0
864691135417478842,864691135490326074,1244.0
864691135417478842,864691135787537348,6744.0
864691135417478842,864691136125433894,1012.0
864691135417478842,864691136211371452,308.0
864691135417478842,864691136330407914,4132.0
864691135417478842,864691136579408916,3704.0
864691135417478842,864691136603811281,35252.0
864691135417478842,864691136813937267,1936.0
864691135059845275,864691135455123562,284.0
864691135059845275,864691135782265424,1644.0
864691135059845275,864691136084684396,21980.0
864691135059845275,864691136143696692,20312.0
864691135059845275,864691135113733529,2164.0
864691135059845275,864691135572385061,19144.0
864691135059845275,864691135955060232,2808.0
864691135059845275,864691136023980601,10440.0
864691135059845275,864691136089194039,2740.0
864691135059845275,864691136227484753,42048.0
864691135059845275,864691136812081779,18580.0
864691136091634487,864691135585266808,31212.0
864691136091634487,864691136330101226,13028.0
864691136091634487,864691136437631902,35260.0
864691136091634487,864691135015652246,5856.0
864691136091634487,864691135155894884,12004.0
864691136091634487,864691135477839784,320.0
864691136091634487,864691135688186080,3600.0
864691136091634487,864691135774389755,3456.0
864691136091634487,864691136298125851,2956.0
864691136091634487,864691136331249642,1180.0
864691135416233914,864691135578146565,920.0
864691135416233914,864691135937286404,168.0
864691135416233914,864691135566168599,3200.0
864691136904761266,864691135340055782,2092.0
864691136904761266,864691135382556378,75880.0
864691136904761266,864691135857099310,18112.0
864691136904761266,864691136108938168,26828.0
864691136904761266,864691136111251896,22828.0
864691136904761266,864691135124146727,2432.0
864691136904761266,864691135233242713,3488.0
864691136904761266,864691135493079783,604.0
864691136904761266,864691135688186080,32020.0
864691136904761266,864691135739587697,5916.0
864691136904761266,864691135817195343,7460.0
864691136904761266,864691135852138183,16320.0
864691136904761266,864691135885140848,2952.0
864691136904761266,864691136177629702,17680.0
864691135540272498,864691135271081125,1148.0
864691135540272498,864691135396794101,836.0
864691135540272498,864691135656578242,2924.0
864691135540272498,864691135739689073,372.0
864691135540272498,864691135763941174,3128.0
864691135540272498,864691136674749575,5852.0
864691135540272498,864691135060727707,6648.0
864691135540272498,864691135272069285,3288.0
864691135540272498,864691135325263004,5472.0
864691135540272498,864691135455400554,16152.0
864691135540272498,864691135866576604,18332.0
864691135540272498,864691135886130288,2556.0
864691135540272498,864691136331249642,3480.0
864691135540272498,864691136364308962,2516.0
864691135540272498,864691136603811281,2516.0
864691135975539779,864691135358995288,66252.0
864691135975539779,864691135387690069,3968.0
864691135975539779,864691135404763374,2324.0
864691135975539779,864691135491167207,1628.0
864691135975539779,864691135491204327,41832.0
864691135975539779,864691135517531786,2436.0
864691135975539779,864691135659358850,22648.0
864691135975539779,864691135697613077,22116.0
864691135975539779,864691135750307881,10400.0
864691135975539779,864691135937286404,5804.0
864691135975539779,864691136136766845,24508.0
864691135975539779,864691136452081151,3716.0
864691135975539779,864691135335635177,5320.0
864691135975539779,864691135463695429,2324.0
864691135975539779,864691135497743635,8748.0
864691135975539779,864691135801604706,24012.0
864691135975539779,864691136124845606,3544.0
864691135975539779,864691136310966106,3220.0
864691136924515300,864691135585266808,1748.0
864691136924515300,864691135503182685,4040.0
864691136924515300,864691135617152361,5524.0
864691135567047191,864691135060882843,4268.0
864691135567047191,864691135102151968,15252.0
864691135567047191,864691135164887853,16076.0
864691135567047191,864691135277309669,15240.0
864691135567047191,864691135396794101,1312.0
864691135567047191,864691135619756943,4644.0
864691135567047191,864691135750307881,26164.0
864691135567047191,864691135774368763,14448.0
864691135567047191,864691135779049056,8044.0
864691135567047191,864691135839932307,17908.0
864691135567047191,864691135839950227,2368.0
864691135567047191,864691135955962888,4836.0
864691135567047191,864691136033227451,26752.0
864691135567047191,864691136091634487,4104.0
864691135567047191,864691136111251896,2544.0
864691135567047191,864691136118686884,3304.0
864691135567047191,864691136195798504,1396.0
864691135567047191,864691136330101226,37960.0
864691135567047191,864691136389688695,7912.0
864691135567047191,864691135258642863,6560.0
864691135567047191,864691135325263004,30880.0
864691135567047191,864691135584629613,25096.0
864691135567047191,864691135694246079,2900.0
864691135567047191,864691135861093992,36596.0
864691135567047191,864691136453419007,9876.0
864691135567047191,864691136604001745,1724.0
864691135567047191,864691136674495623,11296.0
864691135567047191,864691136991390869,2560.0
864691136194355176,864691135134695328,7692.0
864691135939008565,864691135398805281,8824.0
864691135939008565,864691135567047191,2764.0
864691135939008565,864691135774294603,30740.0
864691135939008565,864691135850033758,6672.0
864691135939008565,864691135892214409,2848.0
864691135939008565,864691135955909640,9904.0
864691135939008565,864691136011684526,200.0
864691135939008565,864691137021264750,22496.0
864691135939008565,864691135493620831,5448.0
864691135939008565,864691135717163802,3980.0
864691135939008565,864691135774179147,3768.0
864691135939008565,864691135874914702,2660.0
864691135591854347,864691135468948364,3436.0
864691135591854347,864691135587532924,704.0
864691135591854347,864691136904488114,3584.0
864691136991202453,864691134919529994,2316.0
864691136991202453,864691135430346544,22968.0
864691136991202453,864691136011684526,2356.0
864691136991202453,864691136033116347,6544.0
864691136991202453,864691136927187786,2228.0
864691136991202453,864691136298125851,4580.0
864691136991202453,864691136452609023,11692.0
864691135496339088,864691135493079783,2160.0
864691135496339088,864691135572385061,33760.0
864691136143696692,864691136066069400,516.0
864691135947258916,864691135102151968,7072.0
864691135947258916,864691135441799752,7548.0
864691135947258916,864691135727790911,876.0
864691135947258916,864691135741458324,1620.0
864691135947258916,864691134950156796,8760.0
864691135947258916,864691135257669039,928.0
864691135947258916,864691135375590217,7136.0
864691135947258916,864691135464795710,8584.0
864691135947258916,864691136022520056,16544.0
864691135947258916,864691136041575422,1652.0
864691135947258916,864691136364308962,2388.0
864691135947258916,864691136976001308,5532.0
864691135577651230,864691135346685855,2220.0
864691135577651230,864691135384344043,24320.0
864691135577651230,864691135441799752,7012.0
864691135577651230,864691135571192966,17952.0
864691135577651230,864691135571515270,27072.0
864691135577651230,864691136674749575,12932.0
864691135577651230,864691135119709149,21264.0
864691135577651230,864691135277186789,6868.0
864691135577651230,864691135584008045,2120.0
864691135577651230,864691135738969220,19300.0
864691135577651230,864691135773073147,244.0
864691135577651230,864691135928366606,1912.0
864691135577651230,864691136420279191,8820.0
864691135577651230,864691136452447743,26900.0
864691135577651230,864691137198691137,972.0
864691136137293195,864691135060651419,212.0
864691136137293195,864691135591726603,10044.0
864691136137293195,864691135727790911,1288.0
864691136137293195,864691135868210454,4332.0
864691136137293195,864691135939008565,280.0
864691136137293195,864691136373008520,7692.0
864691136137293195,864691135257669039,15136.0
864691136137293195,864691135688186080,12124.0
864691136137293195,864691136380757461,4132.0
864691136137293195,864691136419797655,23852.0
864691135977666883,864691135280944545,196.0
864691135977666883,864691135447540882,304.0
864691135977666883,864691136437631902,368.0
864691135977666883,864691136927187786,16220.0
864691135977666883,864691137021162094,2376.0
864691135466158917,864691134966114591,14876.0
864691135466158917,864691135134016928,232.0
864691135466158917,864691135214986368,548.0
864691135466158917,864691135274816017,172.0
864691135466158917,864691135476528704,8136.0
864691135466158917,864691135941300993,200.0
864691135466158917,864691135954393891,7144.0
864691135466158917,864691135280682401,13484.0
864691135466158917,864691135584008045,844.0
864691135466158917,864691135698211994,3196.0
864691135466158917,864691135719900721,22904.0
864691135466158917,864691135874914702,27740.0
864691135466158917,864691136022520056,12704.0
864691135466158917,864691136137237899,1032.0
864691137021264750,864691137021162094,1276.0
864691137021264750,864691136419797655,632.0
864691136424990255,864691134919529994,4464.0
864691136424990255,864691135816565839,20264.0
864691136452081151,864691135720638769,3312.0
864691136452081151,864691136143696692,6820.0
864691135890695049,864691135562474977,2072.0
864691135890695049,864691135583223405,1256.0
864691135890695049,864691135808684573,2004.0
864691135890695049,864691135209432185,1192.0
864691136489055762,864691135212492992,2116.0
864691136489055762,864691135258563503,3196.0
864691136489055762,864691135466158917,3452.0
864691136489055762,864691135727790911,2360.0
864691136489055762,864691135742102635,3344.0
864691136489055762,864691135757083346,500.0
864691136489055762,864691135810473245,26324.0
864691136489055762,864691136085781356,4396.0
864691136489055762,864691136274655166,11448.0
864691136489055762,864691136424439855,12000.0
864691136489055762,864691136990522517,1568.0
864691136489055762,864691134966069023,17808.0
864691136489055762,864691135480892614,12072.0
864691136489055762,864691135773209163,31320.0
864691136489055762,864691135816693327,3920.0
864691136489055762,864691135976063855,2512.0
864691136489055762,864691136596901026,17568.0
864691136489055762,864691136742067804,8012.0
864691136489055762,864691136905560754,19412.0
864691136489055762,864691137055367798,7736.0
864691135417443514,864691135339600102,18116.0
864691135417443514,864691135480916422,9576.0
864691135417443514,864691135619317391,1936.0
864691135417443514,864691135717275162,3420.0
864691135417443514,864691135853198023,3960.0
864691135417443514,864691136111251896,2172.0
864691135417443514,864691136453384959,4060.0
864691135417443514,864691137199828801,16072.0
864691135417443514,864691135272003237,22644.0
864691135417443514,864691135272069285,4352.0
864691135417443514,864691135325487004,10416.0
864691135417443514,864691135343818161,12780.0
864691135417443514,864691135503182685,65228.0
864691135417443514,864691135688186080,6176.0
864691135417443514,864691136022520056,26116.0
864691135417443514,864691136120159768,3228.0
864691135685087474,864691135584504429,3508.0
864691135685087474,864691135727790911,1060.0
864691135685087474,864691135750307881,22196.0
864691135685087474,864691135774368763,3060.0
864691135685087474,864691135839932307,9160.0
864691135685087474,864691135839950227,30712.0
864691135685087474,864691135938816260,18732.0
864691135685087474,864691136330101226,1968.0
864691135685087474,864691136488999186,1572.0
864691135685087474,864691136664950750,5252.0
864691135685087474,864691136991202453,908.0
864691135685087474,864691137021264750,15384.0
864691135685087474,864691134919972106,4748.0
864691135685087474,864691135304641703,364.0
864691135685087474,864691135503163202,6536.0
864691135685087474,864691135584629613,14468.0
864691135685087474,864691135688186080,11968.0
864691135685087474,864691135738969220,2292.0
864691135685087474,864691136022520056,5304.0
864691135685087474,864691136288598467,1172.0
864691135685087474,864691136331249642,18632.0
864691135685087474,864691136419797655,42936.0
864691135685087474,864691136604001745,2588.0
864691135685087474,864691136619096795,5656.0
864691135685087474,864691136991390869,4900.0
864691135685087474,864691137198691137,23200.0
864691136954028511,864691135725842603,968.0
864691136954028511,864691136390183696,1284.0
864691135455123562,864691135975539779,10100.0
864691135455123562,864691135503182685,2616.0
864691135455123562,864691136196127208,41272.0
864691137199050049,864691135656674242,20120.0
864691137199050049,864691135757083346,12456.0
864691137199050049,864691136043283030,13988.0
864691137199050049,864691136618795227,3140.0
864691137199050049,864691136975624220,18920.0
864691137199050049,864691135157198692,10652.0
864691137199050049,864691135874914702,3328.0
864691137199050049,864691135976063855,1168.0
864691135409859785,864691135277309669,2676.0
864691135409859785,864691135577644574,7452.0
864691135409859785,864691135578360837,3580.0
864691135409859785,864691135584504429,9116.0
864691135409859785,864691135741458324,36488.0
864691135409859785,864691136144827444,2032.0
864691135409859785,864691136211175612,6880.0
864691135409859785,864691136389688695,11832.0
864691135409859785,864691136391042167,12616.0
864691135409859785,864691135102274592,10212.0
864691135409859785,864691135164772653,3432.0
864691135409859785,864691135396115189,4644.0
864691135409859785,864691135469845388,5460.0
864691135409859785,864691135946676260,2652.0
864691135409859785,864691135975824495,5556.0
864691135409859785,864691135993150913,22032.0
864691135409859785,864691136042982742,1988.0
864691135409859785,864691136453419007,14620.0
864691135409859785,864691136905560754,1748.0
864691136330101226,864691135362104647,160.0
864691136330101226,864691135695042751,3148.0
864691136330101226,864691135760635214,1292.0
864691136330101226,864691135774294603,4488.0
864691136330101226,864691135369002233,3968.0
864691136330101226,864691135732210873,224.0
864691136330101226,864691136523033233,1092.0
864691136330101226,864691136664680926,16100.0
864691136381243349,864691135294442678,8864.0
864691136381243349,864691135518283475,7596.0
864691136381243349,864691135540272498,24604.0
864691136381243349,864691135572346349,3860.0
864691136381243349,864691135577651230,14532.0
864691136381243349,864691135755197133,6456.0
864691136381243349,864691135763941174,18084.0
864691136381243349,864691135778572973,3308.0
864691136381243349,864691135877825107,3872.0
864691136381243349,864691136091634487,3200.0
864691136381243349,864691136238090767,28320.0
864691136381243349,864691136484732972,4500.0
864691136381243349,864691135384843738,3624.0
864691136381243349,864691135386963541,4524.0
864691136381243349,864691135469845388,1284.0
864691136381243349,864691135504315317,344.0
864691136381243349,864691135732210873,1892.0
864691136381243349,864691136380757461,6332.0
864691136381243349,864691136453419007,1932.0
864691136381243349,864691136665051614,5416.0
864691136488414994,864691135102151968,16660.0
864691136085904236,864691135431089968,3020.0
864691136085904236,864691135448215698,4600.0
864691136085904236,864691135572346349,19016.0
864691136085904236,864691135750958889,268.0
864691136085904236,864691135782241616,43084.0
864691136085904236,864691135808925981,2372.0
864691136085904236,864691135858298670,19744.0
864691136085904236,864691135885911920,3304.0
864691136085904236,864691135955962888,1432.0
864691136085904236,864691136033227451,12464.0
864691136085904236,864691136137794941,1012.0
864691136085904236,864691136425073455,19764.0
864691136085904236,864691136991202453,12328.0
864691136085904236,864691134991010426,11340.0
864691136085904236,864691135015652246,1244.0
864691136085904236,864691135272003237,24168.0
864691136085904236,864691135842486243,9388.0
864691136085904236,864691135939049988,4588.0
864691136085904236,864691136523118481,1656.0
864691136085904236,864691136524297617,2212.0
864691136026198585,864691135398805281,4096.0
864691136026198585,864691135577651230,1876.0
864691136026198585,864691135640398651,7852.0
864691136026198585,864691135757083346,1988.0
864691136026198585,864691135868957462,3732.0
864691136026198585,864691135955962888,1324.0
864691136026198585,864691135977045871,10568.0
864691136026198585,864691136380264405,45260.0
864691136026198585,864691136975300636,2356.0
864691136026198585,864691135325071004,3564.0
864691136026198585,864691135496440208,524.0
864691136026198585,864691135611140359,3976.0
864691136026198585,864691136011768494,9092.0
864691136026198585,864691136137237899,10184.0
864691136026198585,864691136239460668,1932.0
864691136026198585,864691136438666398,4804.0
864691136026198585,864691136742244188,4004.0
864691136313406781,864691134919869706,5820.0
864691136313406781,864691135210134905,2880.0
864691136313406781,864691135294442678,2688.0
864691136313406781,864691135398805281,9984.0
864691136313406781,864691135398817569,3400.0
864691136313406781,864691135465932357,4412.0
864691136313406781,864691135502885954,4324.0
864691136313406781,864691135582973549,6932.0
864691136313406781,864691135584504429,7748.0
864691136313406781,864691135640297787,2496.0
864691136313406781,864691135756075981,4948.0
864691136313406781,864691135757083346,5416.0
864691136313406781,864691135810982860,2068.0
864691136313406781,864691135977654851,22088.0
864691136313406781,864691136034011579,18012.0
864691136313406781,864691136330101226,2512.0
864691136313406781,864691136390183696,3324.0
864691136313406781,864691136954050527,6836.0
864691136313406781,864691135124603687,2444.0
864691136313406781,864691135155894884,39480.0
864691136313406781,864691135384843738,4480.0
864691136313406781,864691135465100189,284.0
864691136313406781,864691135618505065,2064.0
864691136313406781,864691135688186080,8552.0
864691136313406781,864691135779705021,14304.0
864691136313406781,864691135866576604,6980.0
864691136313406781,864691135976063855,8784.0
864691136313406781,864691136239902780,5520.0
864691136313406781,864691136596901026,2276.0
864691135398868257,864691135294442678,1316.0
864691135398868257,864691135340055782,13996.0
864691135398868257,864691135591726603,9736.0
864691135398868257,864691135741524587,6472.0
864691135398868257,864691135839950227,3068.0
864691135398868257,864691135939477508,596.0
864691135398868257,864691136314491965,2580.0
864691135398868257,864691136389688695,3104.0
864691135398868257,864691136814442867,3632.0
864691135398868257,864691136968542926,788.0
864691135398868257,864691135417045946,8796.0
864691135398868257,864691135455400554,5184.0
864691135398868257,864691135480892614,2172.0
864691135398868257,864691135562798817,3000.0
864691135398868257,864691136604001745,2260.0
864691135398868257,864691136674744199,8964.0
864691135398868257,864691136742067804,24952.0
864691135398868257,864691136905560754,33340.0
864691135398868257,864691137056393846,5616.0
864691135398868257,864691137198691137,5584.0
864691135582973549,864691135066958404,10808.0
864691135582973549,864691135214986368,308.0
864691135582973549,864691135339088102,3552.0
864691135582973549,864691135448215698,22384.0
864691135582973549,864691135466158917,5432.0
864691135582973549,864691135468948364,3508.0
864691135582973549,864691135469753426,9912.0
864691135582973549,864691135562474977,12352.0
864691135582973549,864691135576991518,660.0
864691135582973549,864691135593133067,3940.0
864691135582973549,864691135695146943,208.0
864691135582973549,864691135731889337,13284.0
864691135582973549,864691135750958889,10228.0
864691135582973549,864691135774294603,15808.0
864691135582973549,864691135938816260,7748.0
864691135582973549,864691135954393891,6540.0
864691135582973549,864691135977045871,672.0
864691135582973549,864691136091074615,3124.0
864691135582973549,864691136990522517,11580.0
864691135582973549,864691135102381856,7372.0
864691135582973549,864691135124146727,8624.0
864691135582973549,864691135124603687,17392.0
864691135582973549,864691135271038885,8236.0
864691135582973549,864691135277186789,1120.0
864691135582973549,864691135339103718,3668.0
864691135582973549,864691135455701354,22764.0
864691135582973549,864691135492568551,12764.0
864691135582973549,864691135496440208,19592.0
864691135582973549,864691135858273326,2840.0
864691135582973549,864691135927494158,21884.0
864691135582973549,864691136125457446,16844.0
864691135582973549,864691136288644291,3028.0
864691135582973549,864691136523335057,29884.0
864691135582973549,864691137056393846,11180.0
864691135504081986,864691135342585541,18484.0
864691135504081986,864691135774053371,176.0
864691135504081986,864691136137794941,808.0
864691135504081986,864691135164772653,224.0
864691135504081986,864691135455400554,3532.0
864691135504081986,864691135717163802,10472.0
864691135504081986,864691135861093992,17728.0
864691135504081986,864691136314404669,2140.0
864691135504081986,864691136438469534,15180.0
864691135504081986,864691136976001308,220.0
864691136363473634,864691136228250961,692.0
864691136363473634,864691136905203378,8316.0
864691136363473634,864691136927761226,4060.0
864691136363473634,864691135102381856,15332.0
864691136363473634,864691135346571423,1952.0
864691136363473634,864691135591041291,1372.0
864691136363473634,864691135595040043,260.0
864691136363473634,864691135656579010,14316.0
864691136363473634,864691135773209163,900.0
864691136363473634,864691135787537348,10228.0
864691136363473634,864691136125433894,11940.0
864691136363473634,864691136603221201,1292.0
864691135214931072,864691135465932357,3188.0
864691135214931072,864691135465955397,3892.0
864691135214931072,864691135493149927,11988.0
864691135214931072,864691135567047191,6260.0
864691135214931072,864691135686283703,5052.0
864691135214931072,864691135739689073,3704.0
864691135214931072,864691135742102635,2852.0
864691135214931072,864691135886208112,264.0
864691135214931072,864691136040834558,3476.0
864691135214931072,864691136108378073,18608.0
864691135214931072,864691136196265704,23680.0
864691135214931072,864691136196517452,3680.0
864691135214931072,864691136228491601,35972.0
864691135214931072,864691136239108156,21556.0
864691135214931072,864691136391042167,39804.0
864691135214931072,864691135102274592,12536.0
864691135214931072,864691135271038885,28860.0
864691135214931072,864691135470787666,532.0
864691135214931072,864691135646481135,2632.0
864691135214931072,864691135688186080,6264.0
864691135214931072,864691135719900721,2008.0
864691135214931072,864691135861093992,20468.0
864691135214931072,864691136041575422,22824.0
864691135214931072,864691136330407914,596.0
864691135214931072,864691136331249642,7216.0
864691135214931072,864691136452609023,5268.0
864691135214931072,864691136604001745,1016.0
864691135214931072,864691137056393846,24056.0
864691135499231763,864691135102433056,4564.0
864691135499231763,864691135339600102,10768.0
864691135499231763,864691136314473021,3024.0
864691135499231763,864691136391042167,6624.0
864691135499231763,864691134887026938,8316.0
864691135499231763,864691135384843738,2208.0
864691135499231763,864691135587519868,2304.0
864691135499231763,864691135719900721,4388.0
864691135499231763,864691135810492189,1300.0
864691135499231763,864691135990004992,416.0
864691135839248787,864691135503182685,14204.0
864691135716679194,864691135342848433,14316.0
864691135716679194,864691135448215698,2500.0
864691135716679194,864691135751110185,8980.0
864691135716679194,864691135809509917,1412.0
864691135716679194,864691135858298670,34524.0
864691135716679194,864691135868916246,5832.0
864691135716679194,864691136437631902,9228.0
864691135716679194,864691137199050049,23012.0
864691135716679194,864691135351096279,10332.0
864691135716679194,864691135479404742,5724.0
864691135716679194,864691135480892614,12248.0
864691135716679194,864691135719900721,7856.0
864691135716679194,864691135810905036,11188.0
864691135716679194,864691135977309763,17028.0
864691135716679194,864691136968094158,364.0
864691135756319186,864691135210134905,15596.0
864691135756319186,864691135519105162,2120.0
864691135756319186,864691136363473634,4204.0
864691135756319186,864691136674492295,2508.0
864691135756319186,864691135430275120,2036.0
864691135756319186,864691135503163202,3228.0
864691135756319186,864691135977309763,8540.0
864691135619317391,864691135102151968,7180.0
864691135619317391,864691135324725404,11768.0
864691135619317391,864691135339729126,3416.0
864691135619317391,864691135340055782,2604.0
864691135619317391,864691135409859785,8444.0
864691135619317391,864691135479833030,2336.0
864691135619317391,864691135546339880,25336.0
864691135619317391,864691135774368763,6256.0
864691135619317391,864691135810473245,1144.0
864691135619317391,864691136238090767,6176.0
864691135619317391,864691136452602367,6100.0
864691135619317391,864691136664127454,1236.0
864691135619317391,864691134949248508,8852.0
864691135619317391,864691135272003237,10180.0
864691135619317391,864691135688186080,27060.0
864691135619317391,864691135810492189,352.0
864691135619317391,864691136523288465,6084.0
864691136725093373,864691135753932237,1548.0
864691136725093373,864691136523118481,2784.0
864691135585266808,864691135340055782,21440.0
864691135585266808,864691135750307881,4184.0
864691135585266808,864691135272069285,772.0
864691136424439855,864691134966324767,5100.0
864691136424439855,864691134966714655,3372.0
864691136424439855,864691135164887853,12472.0
864691136424439855,864691135386899029,408.0
864691136424439855,864691135398805281,5968.0
864691136424439855,864691135417443514,10576.0
864691136424439855,864691135417478842,5316.0
864691136424439855,864691135493149927,2768.0
864691136424439855,864691135495698832,11336.0
864691136424439855,864691135619756943,12244.0
864691136424439855,864691135760106830,340.0
864691136424439855,864691135801163874,10240.0
864691136424439855,864691135810473245,4712.0
864691136424439855,864691136314491965,1664.0
864691136424439855,864691136618795227,2828.0
864691136424439855,864691135184104194,5848.0
864691136424439855,864691135455400554,1868.0
864691136424439855,864691135496440208,2044.0
864691136424439855,864691135576881950,5440.0
864691136424439855,864691135587371132,4808.0
864691136424439855,864691135757040082,704.0
864691136424439855,864691136058745048,9268.0
864691136424439855,864691136523288465,11536.0
864691136424439855,864691136604001745,3196.0
864691136424439855,864691136742067804,9248.0
864691136424439855,864691136914414321,6124.0
864691135455819114,864691135210134905,9652.0
864691135455819114,864691135274816017,8168.0
864691135455819114,864691135593133067,16708.0
864691135455819114,864691135725842603,11724.0
864691135455819114,864691135727790911,14408.0
864691135455819114,864691135774053371,440.0
864691135455819114,864691135877951571,10920.0
864691135455819114,864691135885911920,3080.0
864691135455819114,864691135955909640,28944.0
864691135455819114,864691135977045871,2004.0
864691135455819114,864691136085781356,5184.0
864691135455819114,864691136091074615,25428.0
864691135455819114,864691136238090767,18772.0
864691135455819114,864691136438585502,4896.0
864691135455819114,864691136814627955,6732.0
864691135455819114,864691137199828801,3520.0
864691135455819114,864691135209432185,5164.0
864691135455819114,864691135257669039,4124.0
864691135455819114,864691135587371132,1688.0
864691135455819114,864691135698211994,4772.0
864691135455819114,864691135757040082,2852.0
864691135455819114,864691135774179147,10372.0
864691135455819114,864691135861093992,6412.0
864691135455819114,864691135976063855,2816.0
864691135455819114,864691135976425327,23028.0
864691135455819114,864691136120159768,13552.0
864691135455819114,864691136137237899,10136.0
864691135455819114,864691136390788215,5156.0
864691135455819114,864691136484364844,18652.0
864691135455819114,864691136742067804,11112.0
864691135455819114,864691136991359893,15580.0
864691136117695908,864691135782156368,52272.0
864691136117695908,864691135857099310,1816.0
864691136117695908,864691135539491442,20652.0
864691137199038273,864691135977666883,34308.0
864691137199038273,864691136618795227,23384.0
864691137199038273,864691136904488114,1892.0
864691137199038273,864691135157994084,1816.0
864691137199038273,864691135195825450,876.0
864691137199038273,864691135324623260,3192.0
864691137199038273,864691136742067804,12364.0
864691137199038273,864691136914414321,1268.0
864691135970180709,864691136524172689,5600.0
864691135970180709,864691136991202453,5644.0
864691135970180709,864691135448303762,7064.0
864691136975300636,864691135101595680,2696.0
864691136975300636,864691135417443514,2152.0
864691136905203378,864691135468948364,12388.0
864691136905203378,864691135809568029,12084.0
864691136025504569,864691135066958404,10448.0
864691136025504569,864691135466158917,28820.0
864691136025504569,864691135496381840,10660.0
864691136025504569,864691135519105162,2324.0
864691136025504569,864691135546339880,4080.0
864691136025504569,864691135567047191,24900.0
864691136025504569,864691135619756943,3052.0
864691136025504569,864691135662059248,18724.0
864691136025504569,864691135741458324,17580.0
864691136025504569,864691135774294603,20428.0
864691136025504569,864691135778638013,6616.0
864691136025504569,864691135938816260,4052.0
864691136025504569,864691135955962888,908.0
864691136025504569,864691135977045871,39504.0
864691136025504569,864691136111251896,8840.0
864691136025504569,864691136125411622,12400.0
864691136025504569,864691136196202472,6060.0
864691136025504569,864691136210847932,12824.0
864691136025504569,864691136330101226,1780.0
864691136025504569,864691136391042167,5284.0
864691136025504569,864691135015652246,2800.0
864691136025504569,864691135135019168,25164.0
864691136025504569,864691135258509487,2460.0
864691136025504569,864691135277186789,3796.0
864691136025504569,864691135490326074,1512.0
864691136025504569,864691135492568551,21516.0
864691136025504569,864691135562798817,13252.0
864691136025504569,864691135586240120,12992.0
864691136025504569,864691135655894978,624.0
864691136025504569,864691135732210873,9688.0
864691136025504569,864691135741780116,8940.0
864691136025504569,864691135874914702,12720.0
864691136025504569,864691135919956656,5140.0
864691136025504569,864691136043380566,13060.0
864691136025504569,864691136380757461,2832.0
864691136025504569,864691136389921911,7576.0
864691136025504569,864691136390788215,24404.0
864691135778572973,864691135504203357,1288.0
864691135778572973,864691136110366904,9788.0
864691135778572973,864691136674492295,2588.0
864691135778572973,864691135375590217,7480.0
864691135778572973,864691135942924148,1980.0
864691134919869706,864691135340055782,2876.0
864691134919869706,864691135360346200,13376.0
864691134919869706,864691136025504569,6308.0
864691134919869706,864691136033227451,1848.0
864691134919869706,864691136211175612,7532.0
864691134919869706,864691135336055529,448.0
864691134919869706,864691135368949241,5860.0
864691134919869706,864691135384285931,5420.0
864691134919869706,864691135503836253,6924.0
864691134919869706,864691135719900721,2772.0
864691134919869706,864691135750649129,7108.0
864691134919869706,864691135763795510,6072.0
864691134919869706,864691135939049988,280.0
864691134919869706,864691136010639022,14624.0
864691136523081105,864691135066958404,11528.0
864691136523081105,864691135258563503,6924.0
864691136523081105,864691135324725404,7316.0
864691136523081105,864691135448698196,3072.0
864691136523081105,864691135686283703,7492.0
864691136523081105,864691135732578745,4304.0
864691136523081105,864691135757083346,19460.0
864691136523081105,864691135850033758,5020.0
864691136523081105,864691135955909640,38372.0
864691136523081105,864691135977654851,11916.0
864691136523081105,864691136013367715,288.0
864691136523081105,864691136330101226,12976.0
864691136523081105,864691136437631902,5672.0
864691136523081105,864691135257669039,12608.0
864691136523081105,864691135258642863,3760.0
864691136523081105,864691135477839784,8916.0
864691136523081105,864691135499707667,5452.0
864691136523081105,864691135503182685,8864.0
864691136523081105,864691135688186080,43304.0
864691136523081105,864691136022520056,23492.0
864691136523081105,864691136905560754,41248.0
864691136274546622,864691136117770660,23820.0
864691136274546622,864691136336107187,8900.0
864691136274546622,864691136489055762,2704.0
864691136274546622,864691136228538961,3656.0
864691136274546622,864691136311381338,3080.0
864691136274546622,864691136991390869,4096.0
864691135698016410,864691135209194617,27572.0
864691135698016410,864691135468948364,49596.0
864691135698016410,864691134886499066,2316.0
864691135698016410,864691135195825450,3384.0
864691135698016410,864691135417045946,27136.0
864691135698016410,864691136135963787,6728.0
864691135698016410,864691136603221201,3976.0
864691135742102635,864691134966714655,14420.0
864691135742102635,864691135101595680,280.0
864691135742102635,864691135384344043,1000.0
864691135742102635,864691135577651230,352.0
864691135742102635,864691135731889337,4900.0
864691135742102635,864691135779020221,3240.0
864691135742102635,864691136033227451,3640.0
864691135742102635,864691134942169955,292.0
864691135742102635,864691134949263100,5548.0
864691135742102635,864691135119709149,5232.0
864691135742102635,864691135257669039,11148.0
864691135742102635,864691135277186789,3128.0
864691135742102635,864691135325487004,592.0
864691135742102635,864691135504327861,856.0
864691135742102635,864691135587519868,5612.0
864691135742102635,864691135725748139,20960.0
864691135742102635,864691135742756203,212.0
864691135742102635,864691135750649129,1888.0
864691135742102635,864691135865648254,5540.0
864691135742102635,864691136026254649,612.0
864691135742102635,864691136101340021,5252.0
864691135616048587,864691135375107272,2376.0
864691135616048587,864691135686283703,2128.0
864691135616048587,864691135731679929,6036.0
864691135616048587,864691135756319186,1156.0
864691135616048587,864691135774177531,3556.0
864691135616048587,864691135867644805,24564.0
864691135616048587,864691135955962888,2616.0
864691135616048587,864691136420303511,11776.0
864691135616048587,864691136904488114,2492.0
864691135616048587,864691136913993713,7152.0
864691135616048587,864691134949248508,6204.0
864691136023889209,864691134966324767,2176.0
864691136023889209,864691135102433056,6712.0
864691136023889209,864691135362104647,22300.0
864691136023889209,864691135511802576,11212.0
864691136023889209,864691135724393131,26344.0
864691136023889209,864691135750307881,31456.0
864691136023889209,864691135750958889,3096.0
864691136023889209,864691135757083346,6156.0
864691136023889209,864691135779049056,9708.0
864691136023889209,864691135867644805,21136.0
864691136023889209,864691135919645872,1776.0
864691136023889209,864691136026198585,6136.0
864691136023889209,864691136111559352,12924.0
864691136023889209,864691136336107187,1668.0
864691136023889209,864691136968542926,16564.0
864691136023889209,864691136991202453,17396.0
864691136023889209,864691137199050049,14128.0
864691136023889209,864691135082864887,1980.0
864691136023889209,864691135102274592,6760.0
864691136023889209,864691135157994084,8804.0
864691136023889209,864691135490326074,6744.0
864691136023889209,864691135493686111,6416.0
864691136023889209,864691135584629613,6680.0
864691136023889209,864691135689417440,5984.0
864691136023889209,864691135719900721,1776.0
864691136023889209,864691135777400237,25608.0
864691136023889209,864691135810905036,2924.0
864691136023889209,864691135990004992,13500.0
864691136023889209,864691136041575422,2520.0
864691136023889209,864691136438666398,15112.0
864691135753932237,864691134966114591,488.0
864691135753932237,864691134966324767,24248.0
864691135753932237,864691135101595680,4156.0
864691135753932237,864691135339088102,2504.0
864691135753932237,864691136013367715,4384.0
864691135753932237,864691136107283417,1996.0
864691135753932237,864691135336055529,9052.0
864691135753932237,864691135492568551,3544.0
864691135753932237,864691135618505065,1452.0
864691135753932237,864691135655894978,10524.0
864691135753932237,864691135732210873,2684.0
864691135753932237,864691136120658712,36504.0
864691135753932237,864691136523118481,20036.0
864691135753932237,864691136975144988,3580.0
864691136040834558,864691135518283475,4496.0
864691136040834558,864691136025504569,3372.0
864691136040834558,864691135350420951,3648.0
864691135465113157,864691134919869706,2140.0
864691135465113157,864691135374981320,5588.0
864691135465113157,864691135868957462,2792.0
864691135465113157,864691135351096279,2168.0
864691135465113157,864691135357351375,2904.0
864691135465113157,864691135787537348,26600.0
864691135465113157,864691135994235841,5512.0
864691135465113157,864691136092725684,2472.0
864691135465113157,864691136238679567,1760.0
864691135465113157,864691136299034139,2868.0
864691135465113157,864691136438717086,15292.0
864691135465113157,864691136523335057,4024.0
864691135584504429,864691135210134905,11232.0
864691135584504429,864691135362104647,3844.0
864691135584504429,864691135398817569,5644.0
864691135584504429,864691135502885954,6124.0
864691135584504429,864691135587532924,3520.0
864691135584504429,864691135774294603,3388.0
864691135584504429,864691135868386070,10652.0
864691135584504429,864691136814627955,2936.0
864691135584504429,864691135386963541,1068.0
864691135584504429,864691135431654960,2300.0
864691135584504429,864691135774389755,2140.0
864691135584504429,864691136438717086,1008.0
864691135584504429,864691136453419007,168.0
864691135584504429,864691136742067804,8892.0
864691135496381840,864691134919529994,15676.0
864691135496381840,864691134948788476,23768.0
864691135496381840,864691135164887853,11620.0
864691135496381840,864691135294442678,456.0
864691135496381840,864691135362104647,31692.0
864691135496381840,864691135585266808,3252.0
864691135496381840,864691135774294603,1600.0
864691135496381840,864691136137794941,10096.0
864691135496381840,864691136228250961,3808.0
864691135496381840,864691135272003237,9848.0
864691135339729894,864691135941708033,11644.0
864691135339729894,864691135646481135,3716.0
864691135339729894,864691135860969064,3296.0
864691135339729894,864691136120658712,2412.0
864691134949221372,864691134966710559,3016.0
864691134949221372,864691135362104647,42088.0
864691134949221372,864691135750307881,11236.0
864691134949221372,864691135853088967,3656.0
864691134949221372,864691135868916246,512.0
864691134949221372,864691135977666883,224.0
864691134949221372,864691136991202453,1872.0
864691134949221372,864691134949248508,2896.0
864691134949221372,864691135655894978,8792.0
864691134949221372,864691135773073147,8812.0
864691134949221372,864691135993150913,23160.0
864691134949221372,864691136453419007,11272.0
864691134949221372,864691137056393846,4160.0
864691135717271834,864691135339600102,5004.0
864691135717271834,864691135448698196,3680.0
864691135717271834,864691135573276197,2160.0
864691135717271834,864691136211175612,412.0
864691135717271834,864691136238090767,12156.0
864691135717271834,864691136314491965,25712.0
864691135717271834,864691135135019168,2776.0
864691135717271834,864691135325263004,28180.0
864691135717271834,864691135493686111,12276.0
864691135717271834,864691135546902056,1164.0
864691135717271834,864691135566168599,4404.0
864691135717271834,864691135587371132,3724.0
864691135717271834,864691135694246079,13364.0
864691135717271834,864691135732210873,23144.0
864691135717271834,864691135886130288,6884.0
864691135717271834,864691135928366606,240.0
864691135717271834,864691135990004992,12400.0
864691135717271834,864691136101340021,5800.0
864691135717271834,864691136144674612,10980.0
864691135717271834,864691136336039091,15248.0
864691135717271834,864691136380718037,3048.0
864691135717271834,864691136604001745,1980.0
864691135717271834,864691136742067804,56632.0
864691135717271834,864691136967703758,2644.0
864691135717271834,864691137055367798,5972.0
864691135868060950,864691135134052512,6920.0
864691135868060950,864691135209432185,3324.0
864691135868060950,864691135816565839,22876.0
864691135868060950,864691136523118481,2896.0
864691135868060950,864691136991390869,252.0
864691136452602367,864691135801163874,9900.0
864691136452602367,864691135839950227,1092.0
864691136452602367,864691135566168599,30476.0
864691136210847932,864691135662059248,4208.0
864691136210847932,864691136025504569,8252.0
864691136210847932,864691135258509487,10192.0
864691136210847932,864691135503182685,7044.0
864691136210847932,864691135688186080,2604.0
864691135375107272,864691134966710559,16876.0
864691135375107272,864691135134052512,8640.0
864691135375107272,864691135562474977,19636.0
864691135375107272,864691135571192966,1008.0
864691135375107272,864691135369002233,10556.0
864691135375107272,864691135455400554,25816.0
864691135375107272,864691135510846217,6532.0
864691135375107272,864691135976425327,2544.0
864691135375107272,864691136390788215,1940.0
864691135375107272,864691136523118481,2204.0
864691135474504498,864691135375107272,6288.0
864691135474504498,864691135469753426,12644.0
864691135474504498,864691135518283475,18216.0
864691135474504498,864691135808925981,1024.0
864691135474504498,864691136424439855,4028.0
864691135474504498,864691134919972106,8752.0
864691135474504498,864691135357351375,2612.0
864691135474504498,864691135480892614,2124.0
864691135474504498,864691135584629613,1148.0
864691135474504498,864691135811335116,20172.0
864691135134052512,864691135518283475,9288.0
864691135134052512,864691135741458324,77568.0
864691135134052512,864691136011686318,11100.0
864691135134052512,864691136927187786,5200.0
864691135134052512,864691135577221406,3064.0
864691135134052512,864691135927494158,324.0
864691135134052512,864691135977309763,28764.0
864691136311529306,864691135977134403,14384.0
864691136311529306,864691134887460346,2172.0
864691136311529306,864691135346571423,6892.0
864691136311529306,864691135927494158,2368.0
864691135448215698,864691134886569210,7908.0
864691135448215698,864691135294441654,336.0
864691135448215698,864691135398868257,2516.0
864691135448215698,864691135455507818,1664.0
864691135448215698,864691135591854347,24196.0
864691135448215698,864691135751110185,2988.0
864691135448215698,864691135849088094,4184.0
864691135448215698,864691135885911920,172.0
864691135448215698,864691136011686318,3440.0
864691135448215698,864691136091634487,2584.0
864691135448215698,864691136619693275,16972.0
864691135448215698,864691136954050527,4592.0
864691135448215698,864691136975624220,4880.0
864691135448215698,864691134950156796,27624.0
864691135448215698,864691135164772653,408.0
864691135448215698,864691135325487004,10392.0
864691135448215698,864691135577749022,4872.0
864691135448215698,864691135719900721,2636.0
864691135448215698,864691135738969220,300.0
864691135448215698,864691135773073147,6912.0
864691135448215698,864691136011768494,2104.0
864691135448215698,864691136177629702,1004.0
864691135448215698,864691136438469534,39904.0
864691135448215698,864691137198691137,3128.0
864691135868386070,864691134886569210,3016.0
864691135868386070,864691134948788476,3244.0
864691135868386070,864691134966324767,21572.0
864691135868386070,864691135465113157,5716.0
864691135868386070,864691135466236229,1052.0
864691135868386070,864691135469753426,7808.0
864691135868386070,864691135518173395,4956.0
864691135868386070,864691135540440178,9500.0
864691135868386070,864691135562842337,25560.0
864691135868386070,864691135562975969,932.0
864691135868386070,864691135573276197,284.0
864691135868386070,864691135685087474,1824.0
864691135868386070,864691135731679929,12672.0
864691135868386070,864691135750307881,7600.0
864691135868386070,864691135810473245,2784.0
864691135868386070,864691135892214409,23836.0
864691135868386070,864691135977666883,2400.0
864691135868386070,864691136363303138,19356.0
864691135868386070,864691136927187786,2192.0
864691135868386070,864691136968542926,1680.0
864691135868386070,864691134991010426,1428.0
864691135868386070,864691135124603687,2504.0
864691135868386070,864691135304641703,4288.0
864691135868386070,864691135569592300,1112.0
864691135868386070,864691135576881950,6908.0
864691135868386070,864691135577749022,3984.0
864691135868386070,864691135587371132,14736.0
864691135868386070,864691135591041291,30748.0
864691135868386070,864691135646775791,25892.0
864691135868386070,864691135738969220,2692.0
864691135868386070,864691135742756203,24096.0
864691135868386070,864691135942924148,2668.0
864691135868386070,864691136021865976,3592.0
864691135868386070,864691136041575422,2172.0
864691135868386070,864691136119885080,1632.0
864691135868386070,864691136125956134,1028.0
864691135868386070,864691136298125851,1384.0
864691135868386070,864691136330407914,596.0
864691135868386070,864691136390474359,15196.0
864691135868386070,864691136452447743,5572.0
864691135868386070,864691136524297617,2584.0
864691135868386070,864691136619096795,4268.0
864691135868386070,864691136742244188,7492.0
864691135868386070,864691136967703758,824.0
864691135868386070,864691136976001308,2944.0
864691135868386070,864691137198691137,1536.0
864691135570301676,864691135102433056,6336.0
864691135570301676,864691135214931072,13528.0
864691135570301676,864691135304679079,1500.0
864691135570301676,864691135466158917,17948.0
864691135570301676,864691135583223405,492.0
864691135570301676,864691135695146943,25848.0
864691135570301676,864691135750642473,284.0
864691135570301676,864691135782506832,2008.0
864691135570301676,864691135954393891,26932.0
864691135570301676,864691136336179123,13848.0
864691135570301676,864691136424439855,1620.0
864691135570301676,864691136675875719,14756.0
864691135570301676,864691136975624220,4448.0
864691135570301676,864691137199050049,20636.0
864691135570301676,864691134942169955,23248.0
864691135570301676,864691135492568551,4480.0
864691135570301676,864691135592830731,12268.0
864691135570301676,864691135810905036,4968.0
864691135570301676,864691135858273326,6084.0
864691135570301676,864691136523335057,1848.0
864691135810982860,864691134941412707,13368.0
864691135810982860,864691135015605910,34316.0
864691135810982860,864691135102151968,35604.0
864691135810982860,864691135294442678,1764.0
864691135810982860,864691135339088102,3952.0
864691135810982860,864691135388368001,19176.0
864691135810982860,864691135466283333,3568.0
864691135810982860,864691135493149927,904.0
864691135810982860,864691135518283475,13380.0
864691135810982860,864691135656578242,1456.0
864691135810982860,864691135741458324,1872.0
864691135810982860,864691135810473245,3052.0
864691135810982860,864691135839932307,12292.0
864691135810982860,864691135858298670,4380.0
864691135810982860,864691135954393891,5740.0
864691135810982860,864691135955909640,4740.0
864691135810982860,864691135994226881,2180.0
864691135810982860,864691136424439855,21280.0
864691135810982860,864691136445215875,2396.0
864691135810982860,864691136664127454,18480.0
864691135810982860,864691136674749575,8224.0
864691135810982860,864691136912172017,4776.0
864691135810982860,864691136990522517,19824.0
864691135810982860,864691135102381856,836.0
864691135810982860,864691135257669039,29620.0
864691135810982860,864691135271696549,10004.0
864691135810982860,864691135408808649,35620.0
864691135810982860,864691135455701354,19332.0
864691135810982860,864691135480892614,5732.0
864691135810982860,864691135717457946,9628.0
864691135810982860,864691135719900721,5264.0
864691135810982860,864691135772920651,10568.0
864691135810982860,864691135810905036,5064.0
864691135810982860,864691135816693327,5752.0
864691135810982860,864691136120159768,3936.0
864691135810982860,864691136196338764,3064.0
864691135810982860,864691136288598467,456.0
864691135810982860,864691136311381338,7936.0
864691135810982860,864691136452447743,33576.0
864691135810982860,864691136742067804,5500.0
864691135810982860,864691136975144988,5724.0
864691135066958404,864691135280944545,3460.0
864691135066958404,864691135374981320,2088.0
864691135066958404,864691135466236229,1984.0
864691135066958404,864691135480916422,7040.0
864691135066958404,864691135518989962,2156.0
864691135066958404,864691135757083346,3868.0
864691135066958404,864691135760106830,2188.0
864691135066958404,864691135810982860,10528.0
864691135066958404,864691135853088967,2316.0
864691135066958404,864691135988557315,3796.0
864691135066958404,864691136011686318,2384.0
864691135066958404,864691136488414994,18168.0
864691135066958404,864691134989865338,7280.0
864691135066958404,864691135257669039,22088.0
864691135066958404,864691135584629613,5664.0
864691135066958404,864691135689417440,3084.0
864691135066958404,864691135698211994,2600.0
864691135066958404,864691135719900721,36652.0
864691135066958404,864691135778288573,2520.0
864691135066958404,864691135919956656,5300.0
864691135066958404,864691136195834070,480.0
864691136012739747,864691135164887853,9552.0
864691136012739747,864691135214986368,2584.0
864691136012739747,864691135409859785,14344.0
864691136012739747,864691135448215698,2936.0
864691136012739747,864691135455507818,2728.0
864691136012739747,864691135465343045,17660.0
864691136012739747,864691135646147567,992.0
864691136012739747,864691135686283703,14076.0
864691136012739747,864691135757083346,812.0
864691136012739747,864691135760106830,3704.0
864691136012739747,864691135774294603,1968.0
864691136012739747,864691135858298670,4868.0
864691136012739747,864691135938816260,19944.0
864691136012739747,864691135280481697,4000.0
864691136012739747,864691135405733870,4780.0
864691136012739747,864691135480892614,18980.0
864691136012739747,864691135503182685,32192.0
864691136012739747,864691135504327861,2660.0
864691136012739747,864691136381301461,2720.0
864691136012739747,864691136452609023,5100.0
864691135477469864,864691135387690069,3144.0
864691135477469864,864691136228250961,2480.0
864691135477469864,864691135271463077,888.0
864691135477469864,864691136380264149,10580.0
864691135742189163,864691135102151968,48456.0
864691135742189163,864691135340055782,5928.0
864691135742189163,864691135375888840,4428.0
864691135742189163,864691135466158917,3060.0
864691135742189163,864691135578146565,616.0
864691135742189163,864691135583277677,488.0
864691135742189163,864691135685087474,38132.0
864691135742189163,864691135757083346,2596.0
864691135742189163,864691135878061395,1856.0
864691135742189163,864691136043283030,7904.0
864691135742189163,864691136196265704,18424.0
864691135742189163,864691134991010426,9896.0
864691135742189163,864691135325487004,8836.0
864691135742189163,864691135810466333,3424.0
864691135742189163,864691135858273326,6728.0
864691135742189163,864691136137237899,2768.0
864691135742189163,864691136438469534,15080.0
864691135742189163,864691136453419007,15864.0
864691135742189163,864691136976001308,12836.0
864691135405337326,864691135468161164,13236.0
864691135405337326,864691135937286404,2644.0
864691135405337326,864691135938629892,500.0
864691135405337326,864691136013367715,8624.0
864691135405337326,864691136194355176,13180.0
864691135405337326,864691136425073455,9040.0
864691135405337326,864691135566168599,8148.0
864691135405337326,864691135749141801,4372.0
864691135741090196,864691134886569210,3088.0
864691135741090196,864691135493149927,2408.0
864691135741090196,864691136336107187,9988.0
864691135741090196,864691135113733529,1908.0
864691135741090196,864691135157994084,20520.0
864691135741090196,864691135750649129,4788.0
864691135741090196,864691136196338764,2528.0
864691135741090196,864691136452609023,5224.0
864691135741090196,864691136953413599,4252.0
864691135741090196,864691137055405174,14576.0
864691135782702387,864691135728030015,3360.0
864691135782702387,864691135741930603,19880.0
864691135782702387,864691135878061395,38256.0
864691135782702387,864691135938816260,5884.0
864691135782702387,864691136125411622,13188.0
864691135782702387,864691136195798504,19120.0
864691135782702387,864691136425073455,9824.0
864691135782702387,864691135102381856,2884.0
864691135782702387,864691135258642863,32416.0
864691135782702387,864691135499707667,2140.0
864691135782702387,864691135576881950,5968.0
864691135782702387,864691135732210873,2532.0
864691135782702387,864691135741963627,2836.0
864691135782702387,864691135787537348,3552.0
864691135782702387,864691135816565839,4660.0
864691135782702387,864691135993150913,11864.0
864691135782702387,864691136022520056,7728.0
864691135782702387,864691136976001308,3164.0
864691136086630764,864691136314473021,628.0
864691136086630764,864691135566168599,2704.0
864691136086630764,864691135688186080,9208.0
864691136086630764,864691135773073147,2304.0
864691136086630764,864691136089194039,4448.0
864691136086630764,864691136380757461,2108.0
864691136086630764,864691136419797655,9536.0
864691135374981320,864691135868210454,4908.0
864691135374981320,864691135875460494,13200.0
864691135374981320,864691136033227451,2032.0
864691135374981320,864691136196517452,4272.0
864691135374981320,864691136912172017,14312.0
864691135374981320,864691135357351375,4264.0
864691135374981320,864691136120658712,6724.0
864691135562474977,864691135360482392,2424.0
864691135562474977,864691135362104647,2332.0
864691135562474977,864691135502885954,4252.0
864691135562474977,864691135571192966,9228.0
864691135562474977,864691135885911920,3976.0
864691135562474977,864691136025504569,2220.0
864691135562474977,864691136239108156,10688.0
864691135562474977,864691137199038273,8528.0
864691135562474977,864691135102381856,2148.0
864691135562474977,864691135257669039,380.0
864691135562474977,864691135861093992,15804.0
864691135562474977,864691135993150913,6036.0
864691135562474977,864691136137237899,1620.0
864691135562474977,864691136336039091,28284.0
864691136420303511,864691135430346544,444.0
864691136420303511,864691135849088094,12584.0
864691136420303511,864691135941300993,7388.0
864691136420303511,864691136040834558,4400.0
864691136420303511,864691136618795227,1168.0
864691136420303511,864691136912172017,6788.0
864691136420303511,864691135082864887,12100.0
864691136420303511,864691135617440105,1672.0
864691136420303511,864691135757040082,3732.0
864691136420303511,864691135774389755,1196.0
864691136420303511,864691135817195343,2888.0
864691135342585541,864691135270320293,18624.0
864691135342585541,864691135360096071,8064.0
864691135342585541,864691135409859785,6740.0
864691135342585541,864691135441799752,52588.0
864691135342585541,864691136489055762,164.0
864691135342585541,864691136905758130,16268.0
864691135342585541,864691135476495936,2480.0
864691135342585541,864691135583172717,5644.0
864691135342585541,864691135584008045,6212.0
864691135342585541,864691135617152361,11496.0
864691135342585541,864691135927494158,204.0
864691135342585541,864691135976063855,1028.0
864691135342585541,864691135976105839,6764.0
864691135342585541,864691136101516661,16592.0
864691135342585541,864691136119885080,20588.0
864691135342585541,864691136991359893,4008.0
864691136674492295,864691135731889337,3080.0
864691136674492295,864691135741090196,720.0
864691136674492295,864691134886499066,10004.0
864691136674492295,864691135503836253,3188.0
864691136674492295,864691135868466710,872.0
864691136674492295,864691136579408916,696.0
864691136674492295,864691137055405174,6316.0
864691135335635177,864691135731889337,316.0
864691135335635177,864691135763495478,21928.0
864691135335635177,864691135885911920,4680.0
864691135335635177,864691135274195217,3992.0
864691135335635177,864691135802453858,7480.0
864691136084313196,864691135572530981,8108.0
864691136084313196,864691135778419901,12432.0
864691135810905036,864691134919869706,436.0
864691135810905036,864691134966714655,7520.0
864691135810905036,864691135384344043,288.0
864691135810905036,864691135417478842,10508.0
864691135810905036,864691135493149927,5596.0
864691135810905036,864691135572346349,3236.0
864691135810905036,864691135662059248,15224.0
864691135810905036,864691135750958889,18656.0
864691135810905036,864691135801163874,14984.0
864691135810905036,864691135839950227,14852.0
864691135810905036,864691135886208112,14656.0
864691135810905036,864691135938816260,6320.0
864691135810905036,864691136025504569,3436.0
864691135810905036,864691136111559352,11288.0
864691135810905036,864691136228250961,2348.0
864691135810905036,864691136275894285,260.0
864691135810905036,864691136314491965,2272.0
864691135810905036,864691136330101226,2788.0
864691135810905036,864691136420303511,632.0
864691135810905036,864691135277186789,4048.0
864691135810905036,864691135375351369,3240.0
864691135810905036,864691135493686111,2724.0
864691135810905036,864691135577221406,9436.0
864691135810905036,864691135587371132,2704.0
864691135810905036,864691135694246079,4832.0
864691135810905036,864691135719900721,12692.0
864691135810905036,864691135757040082,9280.0
864691135810905036,864691135774179147,1880.0
864691135810905036,864691135919956656,368.0
864691135810905036,864691136298125851,9504.0
864691135810905036,864691136419797655,1100.0
864691135886130288,864691134966324767,7016.0
864691135886130288,864691135214986368,856.0
864691135886130288,864691135339600102,7560.0
864691135886130288,864691135584504429,3308.0
864691135886130288,864691135778419901,5244.0
864691135886130288,864691135941300993,2884.0
864691135886130288,864691135977666883,17656.0
864691135886130288,864691136196517452,5904.0
864691135886130288,864691136437631902,960.0
864691135886130288,864691136523216017,1656.0
864691135886130288,864691136991202453,20812.0
864691135886130288,864691134919972106,2456.0
864691135886130288,864691135102274592,7032.0
864691135886130288,864691135258642863,6460.0
864691135886130288,864691135274195217,13068.0
864691135886130288,864691135343818161,4972.0
864691135886130288,864691135493686111,2940.0
864691135886130288,864691135688186080,9972.0
864691135886130288,864691135689417440,2904.0
864691135886130288,864691135774179147,3952.0
864691135886130288,864691135866576604,960.0
864691135886130288,864691136177629702,1012.0
864691135886130288,864691136381301461,3904.0
864691135886130288,864691136523288465,692.0
864691135115049881,864691135857099310,5276.0
864691135115049881,864691137198382657,2016.0
864691135927494158,864691135717275162,3556.0
864691135927494158,864691135779049056,1608.0
864691135927494158,864691136336107187,3796.0
864691135927494158,864691136489055762,12032.0
864691135619463567,864691135134052512,24904.0
864691135619463567,864691135274816017,1072.0
864691135619463567,864691135277309669,4916.0
864691135619463567,864691135562410721,3416.0
864691135619463567,864691135868919318,8448.0
864691135619463567,864691136578820884,9308.0
864691135619463567,864691136674749575,392.0
864691135619463567,864691137199828801,5688.0
864691135619463567,864691135324623260,37360.0
864691135619463567,864691135343818161,976.0
864691135619463567,864691135357351375,1740.0
864691135619463567,864691135567059223,2788.0
864691135619463567,864691135732210873,3660.0
864691135619463567,864691135993150913,3388.0
864691135619463567,864691136125433894,3328.0
864691135619463567,864691136299034139,3012.0
864691135619463567,864691136364308962,3540.0
864691135619463567,864691136914414321,8260.0
864691135779377341,864691135066958404,1652.0
864691135779377341,864691135362104647,9244.0
864691135779377341,864691135375888840,5844.0
864691135779377341,864691135466158917,11888.0
864691135779377341,864691135518989962,25012.0
864691135779377341,864691135584504429,10468.0
864691135779377341,864691135586724220,12600.0
864691135779377341,864691135750307881,42992.0
864691135779377341,864691135810473245,160.0
864691135779377341,864691136523216017,2668.0
864691135779377341,864691134991010426,49140.0
864691135779377341,864691135015652246,248.0
864691135779377341,864691135280481697,25628.0
864691135779377341,864691136380718037,13084.0
864691135779705021,864691135102151968,1252.0
864691135779705021,864691135294441654,1224.0
864691135779705021,864691135466158917,4396.0
864691135779705021,864691135518283475,4208.0
864691135779705021,864691135546339880,1040.0
864691135779705021,864691135594721579,2272.0
864691135779705021,864691135727790911,5028.0
864691135779705021,864691135954393891,364.0
864691135779705021,864691135955962888,21816.0
864691135779705021,864691135977045871,3208.0
864691135779705021,864691135977654851,8924.0
864691135779705021,864691136011686318,1588.0
864691135779705021,864691136111251896,4524.0
864691135779705021,864691136211385020,7376.0
864691135779705021,864691136437631902,18892.0
864691135779705021,864691136905758130,11268.0
864691135779705021,864691136927187786,26288.0
864691135779705021,864691136991202453,7696.0
864691135779705021,864691135015652246,3488.0
864691135779705021,864691135135019168,1424.0
864691135779705021,864691135280481697,18944.0
864691135779705021,864691135492568551,4364.0
864691135779705021,864691135503163202,3576.0
864691135779705021,864691135584629613,3896.0
864691135779705021,864691135617152361,1624.0
864691135779705021,864691135689417440,6548.0
864691135779705021,864691135741780116,2564.0
864691135779705021,864691135773073147,272.0
864691135779705021,864691135990004992,8160.0
864691135779705021,864691136034084795,3296.0
864691135779705021,864691136391623039,26756.0
864691135779705021,864691136619096795,31196.0
864691135779705021,864691136905458866,1076.0
864691136125956134,864691135102433056,196.0
864691136125956134,864691135214931072,6368.0
864691136125956134,864691135480311494,15696.0
864691136125956134,864691135725842603,3732.0
864691136125956134,864691136118370724,1424.0
864691136125956134,864691136991202453,1544.0
864691136125956134,864691135503182685,14268.0
864691136125956134,864691135725920939,444.0
864691136125956134,864691136022520056,416.0
864691136125956134,864691136125433894,1732.0
864691136372047496,864691135741090196,10996.0
864691136372047496,864691135367033849,5056.0
864691136372047496,864691136084313196,38640.0
864691136372047496,864691136579408916,1112.0
864691136380266965,864691135569902316,1224.0
864691136380266965,864691135778572973,11760.0
864691136380266965,864691136136383883,4636.0
864691136380266965,864691134989865338,2440.0
864691136034181307,864691134966710559,1616.0
864691136034181307,864691135067066948,3432.0
864691136034181307,864691135750307881,26732.0
864691136034181307,864691135750958889,344.0
864691136034181307,864691135955909640,10100.0
864691136034181307,864691135977666883,1284.0
864691136034181307,864691136195798504,9484.0
864691136034181307,864691136211385020,3616.0
864691136034181307,864691135060727707,8844.0
864691136034181307,864691135257669039,2016.0
864691136034181307,864691135272069285,4348.0
864691136034181307,864691135324623260,13180.0
864691136034181307,864691135455400554,900.0
864691136034181307,864691135688186080,42176.0
864691136034181307,864691135689417440,11204.0
864691136034181307,864691135811335116,1084.0
864691136034181307,864691136022520056,15500.0
864691136034181307,864691136211371452,1592.0
864691136034181307,864691136331249642,25428.0
864691136034181307,864691136953873631,3736.0
864691135271463077,864691135570791558,3068.0
864691135271463077,864691135764015926,2908.0
864691135430486576,864691135582973549,3164.0
864691135430486576,864691136110366904,3852.0
864691135430486576,864691135375590217,384.0
864691135430486576,864691136664680926,2108.0
864691136196338764,864691135466283333,4064.0
864691136196338764,864691135477670312,428.0
864691136196338764,864691135117980637,13216.0
864691136196338764,864691135209280633,1424.0
864691136196338764,864691135595040043,1368.0
864691136196338764,864691135740860820,16164.0
864691135295165196,864691135583277677,1312.0
864691135295165196,864691135774294603,2528.0
864691135295165196,864691135954393891,4740.0
864691135295165196,864691136912172017,444.0
864691135295165196,864691136954050527,2688.0
864691135295165196,864691136991202453,3816.0
864691135295165196,864691135280481697,9748.0
864691135295165196,864691135465100189,600.0
864691135295165196,864691135469845388,2068.0
864691135295165196,864691135698211994,10200.0
864691135295165196,864691135719900721,1900.0
864691135295165196,864691136058745048,4364.0
864691135295165196,864691136125457446,6664.0
864691135295165196,864691136239980604,656.0
864691135295165196,864691136484364844,12580.0
864691135939049988,864691135015605910,5996.0
864691135939049988,864691135136360217,3400.0
864691135939049988,864691135214986368,1484.0
864691135939049988,864691135405337326,1076.0
864691135939049988,864691135464928318,1484.0
864691135939049988,864691135465343045,15824.0
864691135939049988,864691135567047191,10300.0
864691135939049988,864691135578360837,2360.0
864691135939049988,864691135583277677,172.0
864691135939049988,864691135741458324,5392.0
864691135939049988,864691135741930603,3324.0
864691135939049988,864691135977666883,23236.0
864691135939049988,864691136026198585,2084.0
864691135939049988,864691136091634487,944.0
864691135939049988,864691136195798504,34696.0
864691135939049988,864691136330101226,10068.0
864691135939049988,864691136991202453,34324.0
864691135939049988,864691134991010426,3076.0
864691135939049988,864691135342958789,18044.0
864691135939049988,864691135388828033,7752.0
864691135939049988,864691135587519868,6340.0
864691135939049988,864691135698211994,13276.0
864691135939049988,864691136177629702,4208.0
864691135939049988,864691136239902780,172.0
864691135939049988,864691136330407914,2468.0
864691135939049988,864691136524297617,16764.0
864691135157198692,864691135466158917,17796.0
864691135157198692,864691135518283475,1912.0
864691135157198692,864691135562410721,16452.0
864691135157198692,864691135656578242,5852.0
864691135157198692,864691135778419901,2248.0
864691135157198692,864691135809509917,14340.0
864691135157198692,864691135868060950,3112.0
864691135157198692,864691135938816260,1292.0
864691135157198692,864691135939477508,6048.0
864691135157198692,864691135947258916,9584.0
864691135157198692,864691135955909640,8728.0
864691135157198692,864691135977666883,1708.0
864691135157198692,864691136111559352,1312.0
864691135157198692,864691136238090767,7404.0
864691135157198692,864691136438585502,4256.0
864691135157198692,864691136664127454,6116.0
864691135157198692,864691135157994084,17288.0
864691135157198692,864691135209432185,20512.0
864691135157198692,864691135274195217,18072.0
864691135157198692,864691135384843738,2972.0
864691135157198692,864691135388828033,5948.0
864691135157198692,864691135480892614,13364.0
864691135157198692,864691135496440208,6072.0
864691135157198692,864691135688186080,8604.0
864691135157198692,864691135719900721,4568.0
864691135157198692,864691135774179147,10748.0
864691135157198692,864691135779705021,7952.0
864691135157198692,864691135874914702,7112.0
864691135157198692,864691135919956656,19192.0
864691135157198692,864691135976425327,5368.0
864691135157198692,864691135990004992,13956.0
864691135157198692,864691136041575422,19996.0
864691134886499066,864691135015605910,21440.0
864691134886499066,864691135477670312,1828.0
864691134886499066,864691135741090196,11488.0
864691134886499066,864691135809568029,3524.0
864691134886499066,864691135941708033,1996.0
864691134886499066,864691136052738803,12872.0
864691134886499066,864691136110366904,3096.0
864691134886499066,864691136674492295,3896.0
864691134886499066,864691136924515300,16444.0
864691134886499066,864691135124603687,2084.0
864691134886499066,864691136010639022,3028.0
864691134886499066,864691136011768494,18684.0
864691134886499066,864691136125433894,904.0
864691134886499066,864691136953413599,14284.0
864691134886499066,864691137055405174,5288.0
864691134966069023,864691134919529994,3912.0
864691134966069023,864691135388368001,13476.0
864691134966069023,864691135478400936,1300.0
864691134966069023,864691135732578745,3328.0
864691134966069023,864691135765013302,6728.0
864691134966069023,864691136006519498,6992.0
864691134966069023,864691136011686318,11764.0
864691134966069023,864691136314491965,720.0
864691134966069023,864691136484732972,1672.0
864691134966069023,864691135015652246,3012.0
864691134966069023,864691135346571423,4644.0
864691134966069023,864691135430486576,8744.0
864691134966069023,864691135478316200,2464.0
864691134966069023,864691135774389755,9940.0
864691134966069023,864691135810492189,9736.0
864691134966069023,864691135861093992,22524.0
864691134966069023,864691135866576604,1356.0
864691134966069023,864691135990004992,496.0
864691134966069023,864691137056393846,3112.0
864691136953677535,864691135464928318,14524.0
864691136953677535,864691135495698832,14632.0
864691136953677535,864691135569902316,12076.0
864691136953677535,864691135640398651,2100.0
864691136953677535,864691135719761713,7648.0
864691136953677535,864691135741090196,4324.0
864691136953677535,864691135801463650,11300.0
864691136953677535,864691135839950227,5096.0
864691136953677535,864691136137293195,24892.0
864691136953677535,864691136314491965,13140.0
864691136953677535,864691136445215875,23212.0
864691136953677535,864691136912172017,4216.0
864691136953677535,864691134989865338,6076.0
864691136953677535,864691135619463567,4308.0
864691136953677535,864691135743102827,6328.0
864691136953677535,864691135942924148,3972.0
864691136953677535,864691136311381338,4100.0
864691136058745048,864691135060020123,17928.0
864691136058745048,864691135164887853,11684.0
864691136058745048,864691135274816017,2532.0
864691136058745048,864691135339088102,2832.0
864691136058745048,864691135374981320,8588.0
864691136058745048,864691135388368001,1528.0
864691136058745048,864691135409859785,3756.0
864691136058745048,864691135448215698,1584.0
864691136058745048,864691135466158917,17052.0
864691136058745048,864691135502885954,3256.0
864691136058745048,864691135504168285,2164.0
864691136058745048,864691135546339880,17232.0
864691136058745048,864691135562842337,2800.0
864691136058745048,864691135593133067,1408.0
864691136058745048,864691135727961663,364.0
864691136058745048,864691135728030015,3820.0
864691136058745048,864691135732578745,4776.0
864691136058745048,864691135763941174,904.0
864691136058745048,864691135778419901,17824.0
864691136058745048,864691135778638013,1968.0
864691136058745048,864691135782702387,7396.0
864691136058745048,864691135868919318,18612.0
864691136058745048,864691135885911920,14568.0
864691136058745048,864691135947258916,4356.0
864691136058745048,864691135954393891,1872.0
864691136058745048,864691135977666883,10900.0
864691136058745048,864691136011684526,6860.0
864691136058745048,864691136026198585,3548.0
864691136058745048,864691136111251896,8244.0
864691136058745048,864691136118370724,18208.0
864691136058745048,864691136211175612,7964.0
864691136058745048,864691136228250961,3776.0
864691136058745048,864691136238090767,2380.0
864691136058745048,864691136380264405,15392.0
864691136058745048,864691136453384959,5048.0
864691136058745048,864691136664950750,28392.0
864691136058745048,864691136674749575,6284.0
864691136058745048,864691136990522517,3408.0
864691136058745048,864691134949263100,4476.0
864691136058745048,864691135157994084,3924.0
864691136058745048,864691135164772653,18948.0
864691136058745048,864691135209432185,2600.0
864691136058745048,864691135325071004,20260.0
864691136058745048,864691135325263004,516.0
864691136058745048,864691135325487004,10232.0
864691136058745048,864691135405733870,17996.0
864691136058745048,864691135455400554,32352.0
864691136058745048,864691135503182685,9716.0
864691136058745048,864691135504327861,1516.0
864691136058745048,864691135577749022,30876.0
864691136058745048,864691135587371132,11172.0
864691136058745048,864691135698211994,7116.0
864691136058745048,864691135741780116,4000.0
864691136058745048,864691135741963627,3256.0
864691136058745048,864691135757040082,3636.0
864691136058745048,864691135765006134,772.0
864691136058745048,864691135816693327,24536.0
864691136058745048,864691135942924148,1924.0
864691136058745048,864691136010639022,15320.0
864691136058745048,864691136026254649,6232.0
864691136058745048,864691136042982742,3104.0
864691136058745048,864691136299034139,2704.0
864691136058745048,864691136314404669,2288.0
864691136058745048,864691136330407914,6572.0
864691136058745048,864691136336039091,9632.0
864691136058745048,864691136596901026,7088.0
864691136058745048,864691136604001745,4564.0
864691136058745048,864691136968094158,16136.0
864691136058745048,864691137055367798,4152.0
864691136210975676,864691135362104647,2068.0
864691136210975676,864691135448698196,3104.0
864691136210975676,864691135496381840,2748.0
864691136210975676,864691135518453642,1832.0
864691136210975676,864691135850033758,18136.0
864691136210975676,864691136084684396,6004.0
864691136210975676,864691136111251896,17704.0
864691136210975676,864691136309871706,7392.0
864691136210975676,864691135342958789,8780.0
864691136210975676,864691135387535957,4444.0
864691136210975676,864691135749995049,1460.0
864691136210975676,864691135810308125,13652.0
864691136210975676,864691136084313196,25564.0
864691136210975676,864691136523335057,2992.0
864691136210975676,864691136742067804,20420.0
864691136210975676,864691136925029092,1956.0
864691136210975676,864691137198382657,3932.0
864691135455701354,864691135502885954,35772.0
864691135455701354,864691135578146565,1016.0
864691135455701354,864691135741524587,22984.0
864691135455701354,864691136107283417,2248.0
864691135455701354,864691136452602367,10840.0
864691135455701354,864691136523216017,3860.0
864691135455701354,864691136991606421,8420.0
864691135455701354,864691135595040043,2652.0
864691135455701354,864691136137237899,13692.0
864691135455701354,864691136953677535,4976.0
864691135375484489,864691135294190518,11300.0
864691135375484489,864691136373008520,23072.0
864691135375484489,864691135469845388,18896.0
864691135375484489,864691135503836253,3292.0
864691135375484489,864691136119885080,432.0
864691135375484489,864691136523033233,33940.0
864691136238679567,864691135339088102,6708.0
864691136238679567,864691135741930603,3776.0
864691136238679567,864691135809608652,39568.0
864691136238679567,864691135858298670,17772.0
864691136238679567,864691135955962888,5388.0
864691136238679567,864691135977666883,29280.0
864691136238679567,864691137021162094,20612.0
864691136238679567,864691134949248508,15196.0
864691136238679567,864691135502730562,5880.0
864691136238679567,864691135719900721,3852.0
864691136238679567,864691135886130288,4356.0
864691136238679567,864691136022520056,27696.0
864691136238679567,864691136330407914,13888.0
864691136228538961,864691135772987899,288.0
864691136228538961,864691135233242713,2904.0
864691135586414716,864691135491204327,9512.0
864691135586414716,864691135919645872,25996.0
864691135586414716,864691136596815778,35072.0
864691135258642863,864691135465955397,9860.0
864691135258642863,864691135585266808,232.0
864691135258642863,864691136927187786,416.0
864691135258642863,864691135124146727,6772.0
864691135258642863,864691135184104194,2804.0
864691135258642863,864691135865648254,172.0
864691135938555908,864691135763495478,2348.0
864691135938555908,864691135857099310,5172.0
864691136523118481,864691134966714655,8956.0
864691136523118481,864691135102433056,16844.0
864691136523118481,864691135417478842,21936.0
864691136523118481,864691135562474977,7848.0
864691136523118481,864691135640297787,6264.0
864691136523118481,864691135988557315,13928.0
864691136523118481,864691136814627955,1396.0
864691136523118481,864691135184104194,1992.0
864691136523118481,864691135357351375,7552.0
864691136523118481,864691135455400554,10024.0
864691136523118481,864691135562004193,6300.0
864691136523118481,864691135617440105,7944.0
864691136523118481,864691135655390658,756.0
864691136523118481,864691136381301461,4744.0
864691136523118481,864691136675427975,4704.0
864691136239068732,864691135270320293,1984.0
864691136239068732,864691135569902316,3312.0
864691136239068732,864691136674492295,7248.0
864691136239068732,864691135195825450,30024.0
864691136239068732,864691135408560329,8108.0
864691136239068732,864691135430486576,19064.0
864691136239068732,864691135938555908,208.0
864691136239068732,864691135989817088,22408.0
864691136239068732,864691136101516661,21832.0
864691136239068732,864691136137834877,24880.0
864691136239068732,864691137198382657,10608.0
864691135384176619,864691135388368001,3164.0
864691135384176619,864691136136383883,2148.0
864691135384176619,864691135782544435,31648.0
864691135384176619,864691136084313196,11772.0
864691135592830731,864691135274816017,2060.0
864691135592830731,864691135374981320,2272.0
864691135592830731,864691135448215698,5612.0
864691135592830731,864691135571192966,20324.0
864691135592830731,864691135577644574,12428.0
864691135592830731,864691135750958889,11604.0
864691135592830731,864691135855890478,21924.0
864691135592830731,864691135877825107,6640.0
864691135592830731,864691135885911920,2168.0
864691135592830731,864691135941708033,2328.0
864691135592830731,864691135954393891,11596.0
864691135592830731,864691136137293195,5616.0
864691135592830731,864691136421279639,224.0
864691135592830731,864691137055712630,1456.0
864691135592830731,864691135184104194,2796.0
864691135592830731,864691135258642863,5340.0
864691135592830731,864691135569592300,9892.0
864691135592830731,864691135717457946,5276.0
864691135592830731,864691136381301461,5876.0
864691135547082280,864691135572346349,13740.0
864691136390474359,864691134942472035,2704.0
864691136390474359,864691135102151968,38012.0
864691136390474359,864691135164887853,3876.0
864691136390474359,864691135210134905,4228.0
864691136390474359,864691135214986368,28788.0
864691136390474359,864691135540272498,7208.0
864691136390474359,864691135562842337,3328.0
864691136390474359,864691135573276197,3900.0
864691136390474359,864691135577651230,3648.0
864691136390474359,864691135839932307,18428.0
864691136390474359,864691135988557315,616.0
864691136390474359,864691136144827444,5260.0
864691136390474359,864691136445215875,19472.0
864691136390474359,864691136596107938,3420.0
864691136390474359,864691136674749575,2852.0
864691136390474359,864691135258642863,19972.0
864691136390474359,864691135274195217,9236.0
864691136390474359,864691135325263004,13840.0
864691136390474359,864691135351096279,3196.0
864691136390474359,864691135503182685,42632.0
864691136390474359,864691135732210873,9760.0
864691136390474359,864691136034181307,11436.0
864691136390474359,864691136331249642,3772.0
864691136390474359,864691136389921911,10400.0
864691136390474359,864691136453419007,26616.0
864691136390474359,864691136675427975,15660.0
864691136390474359,864691136742067804,232.0
864691136390474359,864691136991359893,3988.0
864691136101464181,864691135209194617,4420.0
864691136101464181,864691135502885954,368.0
864691136101464181,864691135587532924,6816.0
864691136101464181,864691135685087474,19216.0
864691136101464181,864691135801463650,21216.0
864691136101464181,864691135955909640,4308.0
864691136101464181,864691136445215875,28604.0
864691136101464181,864691136814442867,4956.0
864691136101464181,864691134949248508,2912.0
864691136101464181,864691135257669039,864.0
864691136101464181,864691135325263004,2416.0
864691136101464181,864691135336055529,3900.0
864691136101464181,864691135388828033,3880.0
864691136101464181,864691135417045946,12432.0
864691136101464181,864691135689417440,21216.0
864691136101464181,864691135993150913,9552.0
864691136101464181,864691136674495623,2900.0
864691135810308125,864691135878061395,3972.0
864691135810308125,864691135115049881,12912.0
864691135810308125,864691135778132576,15332.0
864691135473383730,864691135134695328,16296.0
864691135473383730,864691136578820884,18612.0
864691135473383730,864691135162908461,7112.0
864691136484364844,864691135388368001,16804.0
864691136484364844,864691135572346349,2640.0
864691136484364844,864691135858298670,1800.0
864691136484364844,864691135954393891,10980.0
864691136484364844,864691136033332155,2324.0
864691136484364844,864691136954050527,1924.0
864691136484364844,864691135719900721,2336.0
864691136484364844,864691135865648254,12264.0
864691136211371452,864691135102151968,4112.0
864691136211371452,864691135362104647,204.0
864691136211371452,864691135388368001,3528.0
864691136211371452,864691135686283703,5164.0
864691136211371452,864691135695146943,6916.0
864691136211371452,864691135732578745,9392.0
864691136211371452,864691135739008132,12632.0
864691136211371452,864691135760106830,2528.0
864691136211371452,864691135867644805,4380.0
864691136211371452,864691135885911920,14976.0
864691136211371452,864691135941300993,4932.0
864691136211371452,864691135954393891,10928.0
864691136211371452,864691136040834558,6156.0
864691136211371452,864691136975624220,7548.0
864691136211371452,864691137199828801,2664.0
864691136211371452,864691134949248508,10076.0
864691136211371452,864691134989865338,14824.0
864691136211371452,864691135184104194,936.0
864691136211371452,864691135375351369,5548.0
864691136211371452,864691135469845388,2068.0
864691136211371452,864691135584008045,14408.0
864691136211371452,864691135757040082,7020.0
864691136211371452,864691135857993774,3056.0
864691136211371452,864691136010639022,5608.0
864691136211371452,864691136330407914,3008.0
864691136211371452,864691136453419007,40068.0
864691136211371452,864691136968094158,14332.0
864691136311381338,864691135477469864,7676.0
864691136311381338,864691135576991518,6608.0
864691136311381338,864691134886499066,13788.0
864691136311381338,864691135750649129,9944.0
864691135976105839,864691135271081125,2916.0
864691135976105839,864691135504203357,21400.0
864691135976105839,864691135742189163,19552.0
864691135976105839,864691134886499066,28784.0
864691135976105839,864691135339103718,3144.0
864691135976105839,864691135455701354,184.0
864691135976105839,864691135464143934,2464.0
864691135976105839,864691135583172717,888.0
864691135976105839,864691135741619051,7172.0
864691135976105839,864691136124845606,2348.0
864691136378815445,864691135134114976,11048.0
864691136378815445,864691135294441654,5220.0
864691136378815445,864691135294520844,5784.0
864691136378815445,864691135593133067,2532.0
864691136378815445,864691135616048587,3488.0
864691136378815445,864691135773208651,7700.0
864691136378815445,864691135941708033,3112.0
864691136378815445,864691136013367715,28996.0
864691136378815445,864691136274655166,1048.0
864691136378815445,864691136330101226,1992.0
864691136378815445,864691136424439855,9608.0
864691136378815445,864691136618795227,2260.0
864691136378815445,864691135324623260,3072.0
864691136378815445,864691135577749022,4764.0
864691136378815445,864691135587371132,11524.0
864691136378815445,864691135595040043,3692.0
864691136378815445,864691135765006134,2004.0
864691136378815445,864691135939049988,9252.0
864691136378815445,864691136034084795,1808.0
864691136378815445,864691136438469534,1216.0
864691136620914829,864691135294442678,520.0
864691136620914829,864691135384344043,1196.0
864691136620914829,864691135465932357,1560.0
864691136620914829,864691135540440178,5420.0
864691136620914829,864691135619756943,3436.0
864691136620914829,864691135750958889,2476.0
864691136620914829,864691135801463650,1700.0
864691136620914829,864691136010651052,18184.0
864691136620914829,864691136034011579,2312.0
864691136620914829,864691136091634487,4116.0
864691136620914829,864691136136383883,7280.0
864691136620914829,864691135102274592,2772.0
864691136620914829,864691135464795710,3552.0
864691136620914829,864691135480892614,1776.0
864691136620914829,864691135504327861,836.0
864691136620914829,864691135617152361,3684.0
864691136620914829,864691135694246079,2396.0
864691136620914829,864691135861093992,13228.0
864691136620914829,864691136177629702,3028.0
864691136620914829,864691136742067804,4872.0
864691136620914829,864691136742244188,3744.0
864691135765006134,864691134941412707,24768.0
864691135765006134,864691135742102635,2432.0
864691135765006134,864691136391042167,944.0
864691135765006134,864691135101431072,520.0
864691135765006134,864691135258642863,4188.0
864691135765006134,864691135357351375,5300.0
864691135765006134,864691135503182685,8248.0
864691135765006134,864691135694246079,3680.0
864691135765006134,864691136041575422,4140.0
864691135765006134,864691136238679567,1036.0
864691135375590217,864691135102151968,248.0
864691135375590217,864691135477670312,680.0
864691135375590217,864691135496381840,13312.0
864691135375590217,864691135567047191,7332.0
864691135375590217,864691135572346349,3252.0
864691135375590217,864691135577644574,520.0
864691135375590217,864691135756075981,3100.0
864691135375590217,864691135849088094,7332.0
864691135375590217,864691135850033758,2024.0
864691135375590217,864691135938816260,2684.0
864691135375590217,864691136011684526,2984.0
864691135375590217,864691136363473634,1420.0
864691135375590217,864691136905758130,4976.0
864691135375590217,864691136991202453,27692.0
864691135375590217,864691135157994084,508.0
864691135375590217,864691135257669039,3332.0
864691135375590217,864691135280481697,8148.0
864691135375590217,864691135280682401,1648.0
864691135375590217,864691135324623260,7008.0
864691135375590217,864691135464795710,33628.0
864691135375590217,864691135476495936,3908.0
864691135375590217,864691135490326074,6128.0
864691135375590217,864691135577749022,1852.0
864691135375590217,864691135583352941,18596.0
864691135375590217,864691135765006134,8736.0
864691135375590217,864691135886130288,3540.0
864691135375590217,864691135970226021,4412.0
864691135375590217,864691136905560754,11296.0
864691135375590217,864691136953677535,1916.0
864691135375590217,864691136976001308,1656.0
864691135375590217,864691136991390869,2292.0
864691136967703758,864691134949221372,1004.0
864691136967703758,864691135164887853,1752.0
864691136967703758,864691135340055782,2860.0
864691136967703758,864691135375107272,4256.0
864691136967703758,864691135572346349,1916.0
864691136967703758,864691135750307881,17252.0
864691136967703758,864691135779049056,85084.0
864691136967703758,864691135868957462,11140.0
864691136967703758,864691135970180709,34988.0
864691136967703758,864691136033227451,14892.0
864691136967703758,864691136108378073,1352.0
864691136967703758,864691136137794941,5940.0
864691136967703758,864691136619693275,21148.0
864691136967703758,864691136904488114,1996.0
864691136967703758,864691136991202453,3972.0
864691136967703758,864691135082864887,16780.0
864691136967703758,864691135124146727,2292.0
864691136967703758,864691135496440208,2696.0
864691136967703758,864691135503182685,3788.0
864691136967703758,864691135577749022,928.0
864691136967703758,864691135584008045,16960.0
864691136967703758,864691135656579010,16944.0
864691136967703758,864691135689417440,6488.0
864691136967703758,864691135717457946,3788.0
864691136967703758,864691135773073147,13804.0
864691136967703758,864691135774179147,3900.0
864691136967703758,864691135774389755,28392.0
864691136967703758,864691136026254649,10036.0
864691136967703758,864691136089194039,1956.0
864691136967703758,864691136239460668,12440.0
864691136967703758,864691136299034139,9816.0
864691136967703758,864691136311106650,23764.0
864691136967703758,864691136314404669,8568.0
864691136967703758,864691136380757461,8468.0
864691136967703758,864691136675427975,3500.0
864691136967703758,864691137056393846,1028.0
864691136106969561,864691135719761713,188.0
864691136106969561,864691135059143323,3196.0
864691136106969561,864691135787537348,3212.0
864691136106969561,864691136084313196,70060.0
864691135750649129,864691135102433056,9024.0
864691135750649129,864691135455507818,17116.0
864691135750649129,864691135504168285,3548.0
864691135750649129,864691135510191369,11464.0
864691135750649129,864691135577644574,27200.0
864691135750649129,864691135578146565,7432.0
864691135750649129,864691135591726603,11004.0
864691135750649129,864691135591854347,6124.0
864691135750649129,864691135640297787,364.0
864691135750649129,864691135739689073,14540.0
864691135750649129,864691135779049056,8664.0
864691135750649129,864691135939477508,2824.0
864691135750649129,864691136195798504,1708.0
864691135750649129,864691136373008520,14744.0
864691135750649129,864691136904488114,5352.0
864691135750649129,864691134989865338,3600.0
864691135750649129,864691135164772653,11192.0
864691135750649129,864691135280682401,17504.0
864691135750649129,864691135295165196,7476.0
864691135750649129,864691135357351375,9856.0
864691135750649129,864691135503836253,16928.0
864691135750649129,864691135787537348,1832.0
864691135750649129,864691135868466710,1868.0
864691135750649129,864691135915343462,1292.0
864691135750649129,864691135942924148,4440.0
864691135750649129,864691135977309763,11448.0
864691135750649129,864691136195834070,2564.0
864691135750649129,864691136299034139,3796.0
864691135750649129,864691136331249642,13068.0
864691135750649129,864691136523118481,8632.0
864691135750649129,864691136579408916,4120.0
864691135195825450,864691136107486169,30256.0
864691136125440038,864691135102151968,38276.0
864691136125440038,864691135360482392,3000.0
864691136125440038,864691135398805281,12396.0
864691136125440038,864691135476528704,18880.0
864691136125440038,864691135584504429,10092.0
864691136125440038,864691135741930603,9476.0
864691136125440038,864691135810473245,4256.0
864691136125440038,864691135977666883,34716.0
864691136125440038,864691135988557315,10152.0
864691136125440038,864691136314491965,3768.0
864691136125440038,864691136488414994,23884.0
864691136125440038,864691136524172689,3972.0
864691136125440038,864691135135019168,15692.0
864691136125440038,864691135257669039,3900.0
864691136125440038,864691135280682401,3932.0
864691136125440038,864691135387988609,2308.0
864691136125440038,864691135465100189,14248.0
864691136125440038,864691135493686111,15048.0
864691136125440038,864691135503163202,28860.0
864691136125440038,864691135503182685,2240.0
864691136125440038,864691135586240120,756.0
864691136125440038,864691135810905036,348.0
864691136125440038,864691135857993774,9172.0
864691136125440038,864691136288644291,53872.0
864691136125440038,864691136438717086,10008.0
864691136125440038,864691136523118481,14300.0
864691136125440038,864691136604001745,21024.0
864691136125440038,864691136742244188,9172.0
864691136125440038,864691136905458866,4532.0
864691136125440038,864691136991359893,1756.0
864691135583172717,864691135576991518,6764.0
864691135583172717,864691135853088967,2276.0
864691135583172717,864691136033332155,3988.0
864691135583172717,864691136228250961,1828.0
864691135583172717,864691136618795227,8084.0
864691135583172717,864691136725343485,2512.0
864691135583172717,864691135431654960,2572.0
864691135583172717,864691135717457946,3808.0
864691135977309763,864691134919869706,17192.0
864691135977309763,864691135060882843,1936.0
864691135977309763,864691135742102635,12592.0
864691135977309763,864691135853088967,1472.0
864691135977309763,864691136040834558,10132.0
864691135977309763,864691136043283030,4240.0
864691135977309763,864691136905203378,4656.0
864691135977309763,864691136913993713,2760.0
864691135977309763,864691137021264750,18568.0
864691135977309763,864691135119709149,8380.0
864691135977309763,864691135280682401,5964.0
864691135977309763,864691135324623260,2644.0
864691135977309763,864691135465100189,2540.0
864691135977309763,864691136275031565,7720.0
864691136603221201,864691135339088102,13912.0
864691136603221201,864691135587532924,1080.0
864691136603221201,864691135308553030,11176.0
864691136603221201,864691135499283987,2508.0
864691136603221201,864691135583352941,13848.0
864691135586240120,864691135448215698,3224.0
864691135586240120,864691135540440178,12116.0
864691135586240120,864691135751110185,200.0
864691135586240120,864691136137293195,18740.0
864691135586240120,864691136228250961,5580.0
864691135586240120,864691136437631902,42204.0
864691135586240120,864691136488999186,11408.0
864691135586240120,864691136814508659,6820.0
864691135586240120,864691134949248508,14712.0
864691135586240120,864691135157994084,8544.0
864691135586240120,864691135272069285,5844.0
864691135586240120,864691135618505065,13040.0
864691135586240120,864691135698211994,16828.0
864691135586240120,864691135842486243,4596.0
864691135586240120,864691136034084795,2560.0
864691135586240120,864691136238679567,17232.0
864691135586240120,864691136239980604,5044.0
864691136674744199,864691134941412707,2296.0
864691136674744199,864691135214986368,2200.0
864691136674744199,864691135340055782,1892.0
864691136674744199,864691135465343045,5924.0
864691136674744199,864691135466158917,3280.0
864691136674744199,864691135619756943,3404.0
864691136674744199,864691135741458324,12564.0
864691136674744199,864691135774368763,2196.0
864691136674744199,864691135801163874,17816.0
864691136674744199,864691135885911920,508.0
864691136674744199,864691136110366904,4872.0
864691136674744199,864691136195798504,22896.0
864691136674744199,864691136523081105,5304.0
864691136674744199,864691136905758130,20760.0
864691136674744199,864691134949263100,1524.0
864691136674744199,864691135343818161,17068.0
864691136674744199,864691135357351375,9712.0
864691136674744199,864691135492568551,7652.0
864691136674744199,864691135499707667,368.0
864691136674744199,864691135562004193,16372.0
864691136674744199,864691135646481135,2108.0
864691136674744199,864691135646775791,29336.0
864691136674744199,864691135732210873,13468.0
864691136674744199,864691135741963627,3588.0
864691136674744199,864691135774389755,1504.0
864691136674744199,864691135817419343,796.0
864691136674744199,864691136120658712,5308.0
864691136674744199,864691136137237899,2092.0
864691136674744199,864691136177629702,12328.0
864691136674744199,864691136453419007,2140.0
864691136674744199,864691136665051614,12168.0
864691135469422674,864691135491204327,2624.0
864691135469422674,864691135576991518,12312.0
864691135469422674,864691135686414775,3140.0
864691135469422674,864691135857099310,15548.0
864691135469422674,864691136091634487,1020.0
864691135469422674,864691136108938168,4392.0
864691135469422674,864691136137794941,42664.0
864691135469422674,864691136195391208,15160.0
864691135469422674,864691136211385020,2672.0
864691135469422674,864691136372759688,13924.0
864691135469422674,864691136663528670,26132.0
864691135469422674,864691135258642863,4728.0
864691135469422674,864691135503182685,6904.0
864691135469422674,864691135587371132,1720.0
864691135469422674,864691135774179147,5064.0
864691135469422674,864691135994235841,16396.0
864691135469422674,864691136026254649,640.0
864691135469422674,864691136953677535,16592.0
864691135375351369,864691135101595680,6440.0
864691135375351369,864691135640297787,1980.0
864691135375351369,864691135732578745,3184.0
864691135375351369,864691135741998484,384.0
864691135375351369,864691135774294603,24104.0
864691135375351369,864691135779049056,98396.0
864691135375351369,864691135858298670,6060.0
864691135375351369,864691136010651052,5528.0
864691135375351369,864691136118370724,36508.0
864691135375351369,864691135272003237,7048.0
864691135375351369,864691135280481697,4492.0
864691135375351369,864691135476495936,644.0
864691135375351369,864691135576881950,2260.0
864691135375351369,864691135741780116,6768.0
864691135375351369,864691135866576604,1016.0
864691135375351369,864691135928366606,1652.0
864691135375351369,864691136041575422,17004.0
864691135375351369,864691137055367798,12064.0
864691136925029092,864691135455123562,8296.0
864691136925029092,864691135468161164,2532.0
864691136925029092,864691135468948364,2588.0
864691136925029092,864691135772920651,5084.0
864691136925029092,864691136228538961,29896.0
864691136925029092,864691136391623039,10552.0
864691136968094158,864691135066958404,2196.0
864691136968094158,864691135362104647,4032.0
864691136968094158,864691135448215698,2584.0
864691136968094158,864691135573276197,1576.0
864691136968094158,864691135731679929,1580.0
864691136968094158,864691135954393891,4160.0
864691136968094158,864691135405733870,2956.0
864691136968094158,864691135469845388,15200.0
864691136968094158,864691135611140359,2608.0
864691136968094158,864691135857993774,1744.0
864691135655390658,864691134942472035,37772.0
864691135655390658,864691135015605910,37796.0
864691135655390658,864691135362104647,3964.0
864691135655390658,864691135388368001,1400.0
864691135655390658,864691135611019015,22460.0
864691135655390658,864691135739008132,2916.0
864691135655390658,864691135774294603,13964.0
864691135655390658,864691136034011579,5284.0
864691135655390658,864691136195798504,10796.0
864691135655390658,864691136524172689,20260.0
864691135655390658,864691136991202453,22828.0
864691135655390658,864691135102274592,10912.0
864691135655390658,864691135164772653,17504.0
864691135655390658,864691135492568551,5648.0
864691135655390658,864691135493620831,17216.0
864691135655390658,864691135546902056,15904.0
864691135655390658,864691135584629613,7544.0
864691135655390658,864691135617152361,1052.0
864691135655390658,864691135739587697,11996.0
864691135868466710,864691135476528704,784.0
864691135868466710,864691135480916422,6288.0
864691135868466710,864691135493149927,4188.0
864691135868466710,864691135562975969,2892.0
864691135868466710,864691135656674242,4160.0
864691135868466710,864691135731679929,392.0
864691135868466710,864691135773208651,4044.0
864691135868466710,864691136033332155,3780.0
864691135868466710,864691136373008520,1008.0
864691135868466710,864691134949248508,7012.0
864691135868466710,864691134965778719,5476.0
864691135868466710,864691135763795510,3364.0
864691135868466710,864691135810492189,5632.0
864691135868466710,864691135842486243,7536.0
864691135868466710,864691136058745048,3756.0
864691135868466710,864691136311059034,4276.0
864691135868466710,864691136991359893,8336.0
864691136107486169,864691135136360217,5540.0
864691136107486169,864691135732578745,1776.0
864691136107486169,864691135868060950,2028.0
864691136107486169,864691135977666883,4564.0
864691136107486169,864691136195798504,31060.0
864691136107486169,864691136314473021,2652.0
864691136107486169,864691136903681458,15416.0
864691136107486169,864691135810466333,4692.0
864691136107486169,864691136674744199,1484.0
864691135368949241,864691134966324767,11332.0
864691135368949241,864691135136360217,11408.0
864691135368949241,864691135276505573,2864.0
864691135368949241,864691135499231763,2892.0
864691135368949241,864691135504081986,644.0
864691135368949241,864691135750307881,1200.0
864691135368949241,864691135808684573,9744.0
864691135368949241,864691135977666883,1232.0
864691135368949241,864691135988557315,5144.0
864691135368949241,864691136011686318,23844.0
864691135368949241,864691136025504569,3692.0
864691135368949241,864691136392785279,7100.0
864691135368949241,864691136579129876,9232.0
864691135368949241,864691136975624220,2712.0
864691135368949241,864691135325487004,10348.0
864691135368949241,864691135351096279,952.0
864691135368949241,864691135387535957,4644.0
864691135368949241,864691135503182685,6028.0
864691135368949241,864691135774389755,3400.0
864691135368949241,864691135858273326,5768.0
864691135368949241,864691136125457446,6012.0
864691135368949241,864691136452609023,5168.0
864691135368949241,864691136991359893,756.0
864691135617440105,864691135210134905,6492.0
864691135617440105,864691135779049056,5968.0
864691135617440105,864691135858298670,1832.0
864691135617440105,864691136125411622,23820.0
864691135617440105,864691137199050049,6828.0
864691135617440105,864691135350420951,11860.0
864691135617440105,864691135430275120,12476.0
864691135617440105,864691135478316200,5488.0
864691135617440105,864691136288644291,22832.0
864691135387535957,864691135396794101,3220.0
864691135387535957,864691135464928318,28804.0
864691135387535957,864691135465113157,11724.0
864691135387535957,864691135577644574,19740.0
864691135387535957,864691135611019015,992.0
864691135387535957,864691135750958889,10608.0
864691135387535957,864691135774368763,4436.0
864691135387535957,864691135779049056,8016.0
864691135387535957,864691135782506832,13576.0
864691135387535957,864691135977666883,660.0
864691135387535957,864691136330101226,12924.0
864691135387535957,864691136373008520,3416.0
864691135387535957,864691135015652246,420.0
864691135387535957,864691135102381856,23880.0
864691135387535957,864691135258642863,8812.0
864691135387535957,864691135272003237,16396.0
864691135387535957,864691135325487004,12888.0
864691135387535957,864691135591041291,3964.0
864691135387535957,864691135646775791,1452.0
864691135387535957,864691135732210873,6304.0
864691135387535957,864691135774389755,38424.0
864691135387535957,864691135919956656,7004.0
864691135387535957,864691136195400150,17532.0
864691135387535957,864691136298125851,2568.0
864691135387535957,864691136524297617,18132.0
864691135387535957,864691136665051614,32460.0
864691135611140359,864691135375107272,3452.0
864691135611140359,864691135504168285,10076.0
864691135611140359,864691135716679194,17764.0
864691135611140359,864691135855890478,12124.0
864691135611140359,864691135954393891,14520.0
864691135611140359,864691136013367715,1168.0
864691135611140359,864691136025504569,3416.0
864691135611140359,864691136275894285,7592.0
864691135611140359,864691136664950750,9556.0
864691135611140359,864691134887026938,3148.0
864691135611140359,864691135480892614,2808.0
864691135611140359,864691135617440105,3264.0
864691135611140359,864691135719900721,3116.0
864691135611140359,864691135725920939,3168.0
864691135611140359,864691136058745048,5412.0
864691135611140359,864691136288644291,5196.0
864691135611140359,864691136967703758,3064.0
864691135360809560,864691134941412707,1776.0
864691135360809560,864691134948788476,23864.0
864691135360809560,864691134949081852,3708.0
864691135360809560,864691135015154934,4140.0
864691135360809560,864691135210134905,1952.0
864691135360809560,864691135342848433,4484.0
864691135360809560,864691135375888840,4612.0
864691135360809560,864691135396940021,1252.0
864691135360809560,864691135398805281,9272.0
864691135360809560,864691135577644574,59144.0
864691135360809560,864691135583277677,15284.0
864691135360809560,864691135685087474,6516.0
864691135360809560,864691135778419901,17696.0
864691135360809560,864691135939477508,3276.0
864691135360809560,864691135977666883,17104.0
864691135360809560,864691136091074615,13272.0
864691135360809560,864691136336179123,15292.0
864691135360809560,864691136975624220,5012.0
864691135360809560,864691135304641703,12996.0
864691135360809560,864691135655894978,2592.0
864691135360809560,864691135750649129,15016.0
864691135360809560,864691135757040082,8332.0
864691135360809560,864691135810466333,3020.0
864691135360809560,864691136010639022,2168.0
864691135360809560,864691136125457446,5092.0
864691135360809560,864691136524297617,16976.0
864691135360809560,864691136603811281,796.0
864691136991390869,864691135359010904,14604.0
864691136991390869,864691135751110185,968.0
864691136991390869,864691135772053835,4352.0
864691136991390869,864691135875460494,21124.0
864691136991390869,864691136309871706,5580.0
864691136991390869,864691135273918993,3060.0
864691136991390869,864691135497743635,6984.0
864691136991390869,864691135617152361,12876.0
864691136991390869,864691135952122147,1272.0
864691136991390869,864691135989817088,5472.0
864691136991390869,864691136137834877,26612.0
864691136991390869,864691136914414321,5756.0
864691135874914702,864691135342848433,2236.0
864691135874914702,864691135774368763,2544.0
864691135874914702,864691136125411622,2280.0
864691135874914702,864691135817195343,12684.0
864691135502902338,864691135258642863,4968.0
864691135502902338,864691136135963787,15380.0
864691135976425327,864691137021162094,2184.0
864691135976425327,864691136310966106,2788.0
864691135725920939,864691134966714655,13464.0
864691135725920939,864691135694415551,1728.0
864691135725920939,864691135760635214,5156.0
864691135725920939,864691136025504569,15872.0
864691135725920939,864691136238090767,6276.0
864691135725920939,864691136445557123,2388.0
864691135725920939,864691136489147922,5004.0
864691135725920939,864691135351096279,3096.0
864691135725920939,864691135480892614,3044.0
864691135725920939,864691135493686111,27536.0
864691135725920939,864691135562798817,3740.0
864691135137137433,864691136125433894,26236.0
864691135209280633,864691135209194617,10380.0
864691135209280633,864691135210134905,4592.0
864691135209280633,864691135466283333,280.0
864691135209280633,864691135518989962,9448.0
864691135209280633,864691135741524587,2920.0
864691135209280633,864691135778572973,19140.0
864691135209280633,864691135843242211,9864.0
864691135209280633,864691136091074615,3228.0
864691135209280633,864691136138131325,12368.0
864691135209280633,864691136438585502,2736.0
864691135209280633,864691136578982164,5848.0
864691135209280633,864691136904488114,2292.0
864691135209280633,864691135157994084,6864.0
864691135209280633,864691135408808649,10648.0
864691135209280633,864691135816693327,1940.0
864691135209280633,864691136119885080,30964.0
864691135209280633,864691136125433894,4044.0
864691135570791558,864691135272206865,22516.0
864691135570791558,864691135342585541,2960.0
864691135570791558,864691135382556378,4480.0
864691135570791558,864691135409859785,8868.0
864691135570791558,864691135546339880,7600.0
864691135570791558,864691135585415544,26988.0
864691135570791558,864691136579129876,4200.0
864691135570791558,864691135388828033,7252.0
864691135570791558,864691135480892614,4132.0
864691135570791558,864691135587519868,5816.0
864691135570791558,864691135595040043,19764.0
864691135570791558,864691136022520056,31128.0
864691135570791558,864691136120658712,44924.0
864691135570791558,864691136674495623,10496.0
864691136311059034,864691135362104647,15960.0
864691136311059034,864691135562975969,4656.0
864691136311059034,864691135586724220,5364.0
864691136311059034,864691135742102635,4624.0
864691136311059034,864691135885911920,2068.0
864691136311059034,864691136111559352,6400.0
864691136311059034,864691136137794941,7424.0
864691136311059034,864691136138131325,248.0
864691136311059034,864691136330101226,6736.0
864691136311059034,864691135325071004,22504.0
864691136311059034,864691135496440208,3448.0
864691136311059034,864691135546902056,11160.0
864691135717457946,864691135271081125,15236.0
864691135717457946,864691135294520844,1672.0
864691135717457946,864691135339088102,3480.0
864691135717457946,864691135388368001,1364.0
864691135717457946,864691135448215698,3784.0
864691135717457946,864691135469753426,992.0
864691135717457946,864691135477670312,19064.0
864691135717457946,864691135493149927,5752.0
864691135717457946,864691135504168285,3260.0
864691135717457946,864691135504203357,284.0
864691135717457946,864691135583223405,3804.0
864691135717457946,864691135741458324,4176.0
864691135717457946,864691135741998484,12848.0
864691135717457946,864691135778572973,2488.0
864691135717457946,864691135786943684,1184.0
864691135717457946,864691135839950227,22792.0
864691135717457946,864691135853198023,488.0
864691135717457946,864691135868210454,1844.0
864691135717457946,864691135988557315,6292.0
864691135717457946,864691136025504569,3920.0
864691135717457946,864691136111559352,2428.0
864691135717457946,864691136228250961,8308.0
864691135717457946,864691136438585502,20780.0
864691135717457946,864691136990522517,1972.0
864691135717457946,864691136991202453,4088.0
864691135717457946,864691137021264750,2436.0
864691135717457946,864691137199828801,2360.0
864691135717457946,864691134989865338,32980.0
864691135717457946,864691134991010426,600.0
864691135717457946,864691135102274592,15432.0
864691135717457946,864691135277186789,1700.0
864691135717457946,864691135384176619,8060.0
864691135717457946,864691135384285931,2896.0
864691135717457946,864691135384843738,8296.0
864691135717457946,864691135386963541,10192.0
864691135717457946,864691135387988609,4696.0
864691135717457946,864691135577749022,3160.0
864691135717457946,864691135584008045,8736.0
864691135717457946,864691135595040043,45888.0
864691135717457946,864691135688186080,7604.0
864691135717457946,864691135717163802,18628.0
864691135717457946,864691135763795510,2420.0
864691135717457946,864691135858273326,3256.0
864691135717457946,864691135919956656,3040.0
864691135717457946,864691135994235841,26788.0
864691135717457946,864691136058745048,4244.0
864691135717457946,864691136107486169,20632.0
864691135717457946,864691136195834070,6912.0
864691135717457946,864691136311059034,164.0
864691135717457946,864691136314404669,35212.0
864691135717457946,864691136380757461,14660.0
864691135717457946,864691136419797655,96768.0
864691135717457946,864691137198691137,912.0
864691135778467517,864691136111251896,25200.0
864691135778467517,864691136195798504,6736.0
864691135778467517,864691136330101226,160.0
864691135778467517,864691135336055529,12148.0
864691135778467517,864691135397982753,8176.0
864691135778467517,864691136034084795,180.0
864691134887460346,864691135911276969,13712.0
864691134887460346,864691135717457946,2340.0
864691134887460346,864691135731705273,15168.0
864691135569592300,864691134942472035,1444.0
864691135569592300,864691135339729894,4140.0
864691135569592300,864691135782506832,2536.0
864691135569592300,864691135843242211,14552.0
864691135569592300,864691136091634487,12512.0
864691135569592300,864691136392785279,3784.0
864691135569592300,864691136814508659,19016.0
864691135569592300,864691136968542926,22076.0
864691135569592300,864691136991202453,13504.0
864691135569592300,864691134919972106,520.0
864691135569592300,864691134991010426,332.0
864691135569592300,864691135015652246,9364.0
864691135569592300,864691135304641703,3568.0
864691135569592300,864691135325071004,3296.0
864691135569592300,864691135343818161,25704.0
864691135569592300,864691135430275120,2704.0
864691135569592300,864691135493686111,24688.0
864691135569592300,864691135503182685,10280.0
864691135569592300,864691135503836253,17028.0
864691135569592300,864691135504327861,24488.0
864691135569592300,864691135567059223,4312.0
864691135569592300,864691135587519868,11680.0
864691135569592300,864691135774179147,37528.0
864691135569592300,864691135810492189,8856.0
864691135569592300,864691135816693327,7904.0
864691135569592300,864691135942924148,4540.0
864691135569592300,864691136137237899,14760.0
864691135569592300,864691136177629702,11220.0
864691135569592300,864691136381301461,748.0
864691135569592300,864691137055367798,1268.0
864691136101516661,864691135210134905,13244.0
864691136101516661,864691135577644574,3280.0
864691136101516661,864691135686283703,5328.0
864691136101516661,864691135731679929,3376.0
864691136101516661,864691136991606421,7208.0
864691136101516661,864691135386963541,17900.0
864691136101516661,864691135857993774,9196.0
864691135562798817,864691135496381840,6192.0
864691135562798817,864691135517531786,38388.0
864691135562798817,864691135567047191,1140.0
864691135562798817,864691135656578242,21688.0
864691135562798817,864691135727790911,540.0
864691135562798817,864691135741458324,32828.0
864691135562798817,864691135977666883,10464.0
864691135562798817,864691136814442867,1196.0
864691135562798817,864691137055712630,10700.0
864691135562798817,864691135583172717,3076.0
864691135562798817,864691135655390658,6004.0
864691135562798817,864691135684657079,21612.0
864691135562798817,864691135739587697,1892.0
864691135562798817,864691135740860820,2216.0
864691135562798817,864691135749141801,40104.0
864691135562798817,864691135787537348,1296.0
864691135562798817,864691135816565839,11224.0
864691135562798817,864691135842486243,3692.0
864691135562798817,864691135977309763,9732.0
864691135562798817,864691136022520056,17876.0
864691135562798817,864691136119885080,2484.0
864691135562798817,864691136389921911,1792.0
864691135567059223,864691134942472035,3860.0
864691135567059223,864691135060651419,13720.0
864691135567059223,864691135448698196,15660.0
864691135567059223,864691135504168285,3196.0
864691135567059223,864691135577651230,9152.0
864691135567059223,864691136110366904,1140.0
864691135567059223,864691136524172689,22176.0
864691135567059223,864691136927761226,20052.0
864691135567059223,864691135015652246,1248.0
864691135567059223,864691135384843738,4812.0
864691135567059223,864691135405733870,2368.0
864691135567059223,864691135698211994,9616.0
864691135567059223,864691135919956656,13740.0
864691135567059223,864691135994235841,652.0
864691135567059223,864691136239980604,1156.0
864691135567059223,864691136453419007,8768.0
864691135567059223,864691136523335057,4604.0
864691136975144988,864691135496381840,20188.0
864691136975144988,864691135567047191,3056.0
864691136975144988,864691135685087474,4888.0
864691136975144988,864691135741930603,2920.0
864691136975144988,864691136137794941,21520.0
864691136975144988,864691136195798504,19532.0
864691136975144988,864691136991202453,14268.0
864691136975144988,864691135455400554,1328.0
864691136975144988,864691135499283987,11748.0
864691136975144988,864691136742067804,14164.0
864691135773209163,864691134942472035,21236.0
864691135773209163,864691134948788476,25280.0
864691135773209163,864691134966714655,18472.0
864691135773209163,864691135060882843,10820.0
864691135773209163,864691135214931072,2408.0
864691135773209163,864691135340055782,1600.0
864691135773209163,864691135448215698,5200.0
864691135773209163,864691135570301676,2284.0
864691135773209163,864691135586724220,15252.0
864691135773209163,864691135619756943,8100.0
864691135773209163,864691135731679929,10324.0
864691135773209163,864691135773208651,192.0
864691135773209163,864691135774053371,8612.0
864691135773209163,864691135779049056,4512.0
864691135773209163,864691135977654851,2744.0
864691135773209163,864691136125411622,21880.0
864691135773209163,864691136618795227,8452.0
864691135773209163,864691136904488114,15096.0
864691135773209163,864691137199050049,3420.0
864691135773209163,864691135272003237,3652.0
864691135773209163,864691135351096279,12376.0
864691135773209163,864691135469845388,2848.0
864691135773209163,864691135496440208,8180.0
864691135773209163,864691135504327861,5436.0
864691135773209163,864691135546902056,19488.0
864691135773209163,864691135617152361,24780.0
864691135773209163,864691135849426270,9728.0
864691135773209163,864691135874914702,14264.0
864691135773209163,864691136010028974,12340.0
864691135773209163,864691136125440038,8500.0
864691135773209163,864691136125457446,1860.0
864691135773209163,864691136336039091,2864.0
864691135773209163,864691136452609023,20120.0
864691135773209163,864691136603811281,10948.0
864691135773209163,864691136675427975,10424.0
864691135773209163,864691136742244188,4052.0
864691136298111003,864691135339729894,2380.0
864691136298111003,864691135732578745,22492.0
864691136298111003,864691136091074615,17700.0
864691136298111003,864691136420195223,12184.0
864691136298111003,864691134989865338,12732.0
864691136298111003,864691135570502278,3416.0
864691136298111003,864691135583352941,8844.0
864691136298111003,864691135975824495,2216.0
864691135478316200,864691134948788476,8640.0
864691135478316200,864691135101595680,3360.0
864691135478316200,864691135134052512,1940.0
864691135478316200,864691135209369465,2108.0
864691135478316200,864691135388368001,2756.0
864691135478316200,864691135583223405,2980.0
864691135478316200,864691135640297787,3672.0
864691135478316200,864691135741458324,2020.0
864691135478316200,864691136373008520,21704.0
864691135478316200,864691136664127454,8504.0
864691135478316200,864691135335635177,6680.0
864691135478316200,864691135384285931,9328.0
864691135478316200,864691135465100189,184.0
864691135478316200,864691135717457946,2132.0
864691135478316200,864691135719900721,2676.0
864691135478316200,864691135990004992,10656.0
864691135478316200,864691136058745048,232.0
864691135478316200,864691136438717086,648.0
864691135478316200,864691136453419007,21188.0
864691135478316200,864691136596901026,2136.0
864691135478316200,864691136991390869,7616.0
864691135440543560,864691136663528670,2600.0
864691135440543560,864691136275031565,3880.0
864691135570502278,864691135280481697,5476.0
864691135570502278,864691135802453858,3612.0
864691135725748139,864691135214986368,7932.0
864691135725748139,864691135325413788,6716.0
864691135725748139,864691135448698196,700.0
864691135725748139,864691135465343045,4328.0
864691135725748139,864691135546339880,1892.0
864691135725748139,864691135662059248,8408.0
864691135725748139,864691135750958889,3832.0
864691135725748139,864691135774294603,10888.0
864691135725748139,864691135782702387,332.0
864691135725748139,864691135868210454,1928.0
864691135725748139,864691135939477508,4176.0
864691135725748139,864691136012739747,3732.0
864691135725748139,864691136085781356,14824.0
864691135725748139,864691135503182685,72416.0
864691135725748139,864691135646775791,2280.0
864691135725748139,864691135719900721,1292.0
864691135725748139,864691135738047620,2112.0
864691135725748139,864691135810773452,352.0
864691135725748139,864691135866576604,3928.0
864691135725748139,864691136619096795,1784.0
864691135725748139,864691136665051614,3812.0
864691135725748139,864691136674495623,5056.0
864691135725748139,864691136813937267,816.0
864691135725748139,864691136975144988,7924.0
864691135479404742,864691135750307881,8976.0
864691135479404742,864691135779049056,8096.0
864691135479404742,864691135809509917,3416.0
864691135479404742,864691135875460494,6492.0
864691135479404742,864691135977666883,22632.0
864691135479404742,864691136137794941,7444.0
864691135479404742,864691136228250961,6992.0
864691135479404742,864691136991202453,11528.0
864691135479404742,864691135617152361,10220.0
864691135479404742,864691135618505065,7540.0
864691135479404742,864691135662408944,5924.0
864691135479404742,864691135688186080,2156.0
864691135479404742,864691136022520056,1664.0
864691135479404742,864691136134678667,8196.0
864691135479404742,864691136664680926,6252.0
864691135469845388,864691135340055782,4268.0
864691135469845388,864691135396940021,15600.0
864691135469845388,864691135572346349,3728.0
864691135469845388,864691135656674242,14716.0
864691135469845388,864691135732578745,2492.0
864691135469845388,864691135782506832,284.0
864691135469845388,864691136033227451,3312.0
864691135469845388,864691136136383883,9780.0
864691135469845388,864691136452602367,6192.0
864691135469845388,864691136674492295,16168.0
864691135469845388,864691136905758130,1568.0
864691135469845388,864691136913993713,2124.0
864691135469845388,864691136991202453,3888.0
864691135469845388,864691134949263100,13960.0
864691135469845388,864691134965778719,8544.0
864691135469845388,864691135102381856,49208.0
864691135469845388,864691135271463077,2948.0
864691135469845388,864691135465100189,22944.0
864691135469845388,864691135547082280,6424.0
864691135469845388,864691135857993774,3944.0
864691135469845388,864691136378815445,1880.0
864691136953197279,864691135886208112,4056.0
864691136953197279,864691136117770660,3672.0
864691136953197279,864691134989865338,8940.0
864691136953197279,864691135102381856,6468.0
864691136953197279,864691135346571423,17660.0
864691136953197279,864691135619463567,2624.0
864691136953197279,864691136119885080,9168.0
864691136953197279,864691136311059034,4760.0
864691136953197279,864691136579408916,2944.0
864691135405733870,864691134966710559,628.0
864691135405733870,864691135209194617,24124.0
864691135405733870,864691135210134905,23736.0
864691135405733870,864691135339088102,5828.0
864691135405733870,864691135360346200,4732.0
864691135405733870,864691135374981320,13616.0
864691135405733870,864691135409859785,6424.0
864691135405733870,864691135430346544,312.0
864691135405733870,864691135562842337,2612.0
864691135405733870,864691135685087474,12956.0
864691135405733870,864691135739689073,4052.0
864691135405733870,864691135741998484,2660.0
864691135405733870,864691135757083346,1424.0
864691135405733870,864691135760106830,2836.0
864691135405733870,864691135782241616,8020.0
864691135405733870,864691135782702387,14476.0
864691135405733870,864691135850033758,1488.0
864691135405733870,864691135977654851,9176.0
864691135405733870,864691136011686318,5020.0
864691135405733870,864691136026198585,508.0
864691135405733870,864691136111251896,1628.0
864691135405733870,864691136421279639,19360.0
864691135405733870,864691136445215875,21888.0
864691135405733870,864691136453384959,4156.0
864691135405733870,864691136524172689,16200.0
864691135405733870,864691137199828801,1864.0
864691135405733870,864691135351096279,5712.0
864691135405733870,864691135431654960,6228.0
864691135405733870,864691135478316200,468.0
864691135405733870,864691135504327861,62692.0
864691135405733870,864691135546902056,6548.0
864691135405733870,864691135591041291,10896.0
864691135405733870,864691135688186080,29316.0
864691135405733870,864691135725748139,3984.0
864691135405733870,864691135810492189,228.0
864691135405733870,864691135866576604,776.0
864691135405733870,864691135970226021,4464.0
864691135405733870,864691136311059034,25220.0
864691135405733870,864691136674495623,10072.0
864691135405733870,864691136675427975,3764.0
864691135405733870,864691137055405174,1512.0
864691136144674612,864691134966114591,1320.0
864691136144674612,864691135134052512,2984.0
864691136144674612,864691135136360217,15276.0
864691136144674612,864691135375888840,10400.0
864691136144674612,864691135502885954,3972.0
864691136144674612,864691135546339880,1672.0
864691136144674612,864691135656578242,13900.0
864691136144674612,864691135750307881,26372.0
864691136144674612,864691135774053371,17632.0
864691136144674612,864691135782241616,18348.0
864691136144674612,864691135801463650,4112.0
864691136144674612,864691135809509917,5188.0
864691136144674612,864691135850033758,14352.0
864691136144674612,864691135937286404,5436.0
864691136144674612,864691135977666883,27456.0
864691136144674612,864691136010651052,5604.0
864691136144674612,864691136111251896,2388.0
864691136144674612,864691136210344892,7396.0
864691136144674612,864691136211385020,12484.0
864691136144674612,864691136228491601,1708.0
864691136144674612,864691136330101226,5960.0
864691136144674612,864691136373008520,356.0
864691136144674612,864691136619882637,552.0
864691136144674612,864691136991202453,15308.0
864691136144674612,864691134991010426,18692.0
864691136144674612,864691135258642863,9936.0
864691136144674612,864691135325263004,2308.0
864691136144674612,864691135325487004,33740.0
864691136144674612,864691135470787666,7612.0
864691136144674612,864691135480892614,2468.0
864691136144674612,864691135493686111,25032.0
864691136144674612,864691135503182685,74884.0
864691136144674612,864691135546902056,3488.0
864691136144674612,864691135577749022,5844.0
864691136144674612,864691135739587697,2244.0
864691136144674612,864691135741780116,6656.0
864691136144674612,864691135741910164,2384.0
864691136144674612,864691136026254649,1984.0
864691136144674612,864691136812081779,968.0
864691136144674612,864691136813937267,8904.0
864691136144674612,864691136953873631,7164.0
864691136664680926,864691135362104647,4428.0
864691136664680926,864691135868919318,5468.0
864691136110256824,864691135360096071,42872.0
864691136110256824,864691135585266808,8532.0
864691135157994084,864691135339088102,3224.0
864691135157994084,864691135567047191,14476.0
864691135157994084,864691135656578242,8172.0
864691135157994084,864691135810982860,952.0
864691135157994084,864691135875460494,1756.0
864691135157994084,864691136006519498,6828.0
864691135157994084,864691135503836253,1924.0
864691135157994084,864691135546902056,26656.0
864691135157994084,864691135576881950,3696.0
864691135157994084,864691135719900721,1028.0
864691135157994084,864691135816565839,20880.0
864691135157994084,864691135928366606,16688.0
864691135157994084,864691136664680926,956.0
864691136521831825,864691135164887853,14872.0
864691136521831825,864691135489836346,16488.0
864691136521831825,864691135496339088,10324.0
864691136521831825,864691135498992403,2644.0
864691136521831825,864691135562975969,7456.0
864691136521831825,864691135577651230,9044.0
864691136521831825,864691135720638769,6688.0
864691136521831825,864691135755197133,22112.0
864691136521831825,864691135850033758,7460.0
864691136521831825,864691135853088967,9412.0
864691136521831825,864691135855890478,14760.0
864691136521831825,864691135939008565,7668.0
864691136521831825,864691135947258916,10432.0
864691136521831825,864691136120663064,28360.0
864691136521831825,864691136275919117,19300.0
864691136521831825,864691136314491965,30340.0
864691136521831825,864691136451224831,13380.0
864691136521831825,864691136596107938,22052.0
864691136521831825,864691134886828794,7628.0
864691136521831825,864691134942169955,6892.0
864691136521831825,864691134950156796,5532.0
864691136521831825,864691135059143323,3712.0
864691136521831825,864691135448303762,41560.0
864691136521831825,864691135455400554,11188.0
864691136521831825,864691135591041291,6020.0
864691136521831825,864691135848030814,23060.0
864691136521831825,864691135952122147,2080.0
864691136521831825,864691136195400150,2996.0
864691136521831825,864691136523033233,12480.0
864691136521831825,864691136665051614,2220.0
864691135546902056,864691135358995288,2620.0
864691135546902056,864691135387690069,1116.0
864691135546902056,864691135685087474,109932.0
864691135546902056,864691135763941174,1440.0
864691135546902056,864691135782241616,6384.0
864691135546902056,864691135868210454,652.0
864691135546902056,864691135938816260,2020.0
864691135546902056,864691135977666883,9036.0
864691135546902056,864691135257669039,7452.0
864691135546902056,864691135503182685,14472.0
864691135546902056,864691135698211994,5124.0
864691135546902056,864691135738969220,5020.0
864691135546902056,864691136022520056,29864.0
864691135546902056,864691136042982742,33388.0
864691135546902056,864691136419797655,19512.0
864691135546902056,864691136812081779,1556.0
864691135546902056,864691136967703758,3224.0
864691136438717086,864691135619756943,4972.0
864691136438717086,864691135685087474,3956.0
864691136438717086,864691135774294603,488.0
864691136438717086,864691136137293195,1616.0
864691136438717086,864691136675875719,22784.0
864691136438717086,864691134887460346,17228.0
864691136438717086,864691135155894884,26716.0
864691136438717086,864691135386963541,3336.0
864691136438717086,864691135492568551,1012.0
864691136438717086,864691135774389755,1688.0
864691136438717086,864691135990004992,3544.0
864691136438717086,864691136288644291,1888.0
864691136438717086,864691136380757461,9120.0
864691135308553030,864691135779020221,11936.0
864691135308553030,864691136274546622,15060.0
864691136596901026,864691134966324767,8984.0
864691136596901026,864691135164887853,1768.0
864691136596901026,864691135466236229,2368.0
864691136596901026,864691135480916422,5720.0
864691136596901026,864691135493149927,5404.0
864691136596901026,864691135685087474,20788.0
864691136596901026,864691135739008132,3700.0
864691136596901026,864691135739689073,5892.0
864691136596901026,864691135742102635,2764.0
864691136596901026,864691135774294603,9332.0
864691136596901026,864691135782241616,13900.0
864691136596901026,864691135939008565,2528.0
864691136596901026,864691135977045871,272.0
864691136596901026,864691136111251896,920.0
864691136596901026,864691136424439855,3384.0
864691136596901026,864691136991202453,2860.0
864691136596901026,864691135448303762,800.0
864691136596901026,864691135493686111,5384.0
864691136596901026,864691135503163202,2660.0
864691136596901026,864691135562798817,4956.0
864691136596901026,864691135732210873,672.0
864691136596901026,864691135738969220,26468.0
864691136596901026,864691135774179147,9020.0
864691136596901026,864691135857993774,7600.0
864691136596901026,864691136120658712,5516.0
864691136596901026,864691136239980604,7480.0
864691136596901026,864691136742067804,996.0
864691136596901026,864691136813937267,9188.0
864691136596901026,864691137055367798,18620.0
864691136336039091,864691134886569210,10552.0
864691136336039091,864691134966114591,1772.0
864691136336039091,864691135015154934,10824.0
864691136336039091,864691135342848433,1056.0
864691136336039091,864691135362104647,44088.0
864691136336039091,864691135465955397,5176.0
864691136336039091,864691135728030015,580.0
864691136336039091,864691135760635214,11780.0
864691136336039091,864691135839932307,4164.0
864691136336039091,864691135868060950,1192.0
864691136336039091,864691135877825107,3240.0
864691136336039091,864691135994226881,13188.0
864691136336039091,864691136091634487,2196.0
864691136336039091,864691136238090767,26408.0
864691136336039091,864691136725093373,7320.0
864691136336039091,864691136991202453,59900.0
864691136336039091,864691134991010426,420.0
864691136336039091,864691135209432185,760.0
864691136336039091,864691135258642863,5084.0
864691136336039091,864691135504327861,2028.0
864691136336039091,864691135810492189,5812.0
864691136336039091,864691135953985800,4448.0
864691136336039091,864691136101340021,3060.0
864691136336039091,864691136137237899,1020.0
864691135927647956,864691135359010904,3444.0
864691135155894884,864691135214986368,23152.0
864691135155894884,864691135362104647,13612.0
864691135155894884,864691135586724220,14268.0
864691135155894884,864691135594721579,14424.0
864691135155894884,864691135619756943,7848.0
864691135155894884,864691135739008132,2912.0
864691135155894884,864691135750307881,19652.0
864691135155894884,864691135774368763,16480.0
864691135155894884,864691135868919318,2184.0
864691135155894884,864691135938816260,12768.0
864691135155894884,864691135955962888,7436.0
864691135155894884,864691135977666883,14488.0
864691135155894884,864691136034011579,10552.0
864691135155894884,864691136389688695,16908.0
864691135155894884,864691135060727707,1060.0
864691135155894884,864691135591041291,3072.0
864691135155894884,864691135688186080,9404.0
864691135155894884,864691135774389755,1888.0
864691135155894884,864691136042982742,348.0
864691135155894884,864691136419797655,4992.0
864691135155894884,864691136967703758,22176.0
864691135480718022,864691135115049881,1432.0
864691135280682401,864691134966324767,12264.0
864691135280682401,864691134966710559,11792.0
864691135280682401,864691135102433056,2320.0
864691135280682401,864691135374981320,19772.0
864691135280682401,864691135409859785,1840.0
864691135280682401,864691135448215698,5328.0
864691135280682401,864691135480916422,15956.0
864691135280682401,864691135593133067,6552.0
864691135280682401,864691135686283703,920.0
864691135280682401,864691135809509917,204.0
864691135280682401,864691135955909640,628.0
864691135280682401,864691136086088556,4372.0
864691135280682401,864691136177799686,1240.0
864691135280682401,864691137021264750,28212.0
864691135280682401,864691135295165196,10548.0
864691135280682401,864691135324623260,2328.0
864691135280682401,864691135325487004,7228.0
864691135280682401,864691135357351375,18688.0
864691135280682401,864691135465100189,452.0
864691135280682401,864691135688186080,6916.0
864691135280682401,864691135719900721,16000.0
864691135280682401,864691135757040082,1616.0
864691135280682401,864691135773073147,16696.0
864691135280682401,864691136010639022,4276.0
864691135280682401,864691136058745048,4196.0
864691136380718037,864691135060882843,13348.0
864691136380718037,864691136085781356,15236.0
864691136380718037,864691136903681458,5632.0
864691136380718037,864691136991202453,788.0
864691136380718037,864691136120159768,15080.0
864691136026254649,864691134919869706,1120.0
864691136026254649,864691135717275162,964.0
864691136026254649,864691135810473245,2656.0
864691136026254649,864691136085781356,5444.0
864691136026254649,864691136313406781,10160.0
864691136026254649,864691136438585502,2052.0
864691136026254649,864691136445557123,2668.0
864691136026254649,864691136968542926,13572.0
864691136026254649,864691136991202453,3688.0
864691136026254649,864691135470787666,2428.0
864691136026254649,864691135576881950,3936.0
864691136026254649,864691135586240120,1924.0
864691136026254649,864691135738047620,216.0
864691136026254649,864691135817419343,14576.0
864691136026254649,864691136177629702,2372.0
864691136026254649,864691136390788215,3520.0
864691136026254649,864691136619096795,4308.0
864691137055405174,864691135271081125,1880.0
864691137055405174,864691135339729894,10768.0
864691137055405174,864691135342523057,3168.0
864691137055405174,864691135468161164,22436.0
864691137055405174,864691135495698832,9392.0
864691137055405174,864691135562842337,26400.0
864691137055405174,864691135610877191,1084.0
864691137055405174,864691135741090196,35004.0
864691137055405174,864691135778572973,11036.0
864691137055405174,864691135849088094,4092.0
864691137055405174,864691135868210454,6380.0
864691137055405174,864691135875460494,28576.0
864691137055405174,864691136211385020,16120.0
864691137055405174,864691136275919117,31704.0
864691137055405174,864691136674492295,3176.0
864691137055405174,864691136814627955,2720.0
864691137055405174,864691135271463077,1368.0
864691137055405174,864691135325487004,12128.0
864691137055405174,864691135725748139,16320.0
864691137055405174,864691135868466710,9708.0
864691137055405174,864691136058745048,3940.0
864691137055405174,864691136196338764,1500.0
864691137055405174,864691136953413599,3404.0
864691136438666398,864691134942472035,16156.0
864691136438666398,864691135015605910,2920.0
864691136438666398,864691135210134905,2352.0
864691136438666398,864691135476528704,29244.0
864691136438666398,864691135518173395,1636.0
864691136438666398,864691135577651230,3748.0
864691136438666398,864691135810473245,16776.0
864691136438666398,864691135939477508,15772.0
864691136438666398,864691136137293195,700.0
864691136438666398,864691136314473021,4364.0
864691136438666398,864691136421279639,6900.0
864691136438666398,864691135342958789,4192.0
864691136438666398,864691135357351375,2896.0
864691136438666398,864691135503182685,12380.0
864691136438666398,864691135591041291,15464.0
864691136438666398,864691135741910164,10860.0
864691135493620831,864691135504081986,6076.0
864691135493620831,864691136195798504,1828.0
864691135493620831,864691136275894285,9344.0
864691135493620831,864691136437631902,3720.0
864691135493620831,864691136010639022,1936.0
864691135493620831,864691136101516661,4208.0
864691135493620831,864691136239980604,260.0
864691135493620831,864691136419797655,8596.0
864691136905458866,864691135573276197,22752.0
864691136905458866,864691135619317391,3564.0
864691136905458866,864691135977666883,2152.0
864691136905458866,864691136336107187,16228.0
864691136420279191,864691135577644574,16084.0
864691136420279191,864691135868916246,12344.0
864691135866576604,864691135214931072,580.0
864691135866576604,864691135465343045,900.0
864691135866576604,864691135750958889,1540.0
864691135866576604,864691135885911920,2612.0
864691135866576604,864691135977666883,3248.0
864691135866576604,864691136006519498,1320.0
864691135866576604,864691136033332155,30252.0
864691135866576604,864691136043283030,10708.0
864691135866576604,864691136137794941,8416.0
864691135866576604,864691136195798504,3140.0
864691135866576604,864691136196202472,964.0
864691135866576604,864691136392785279,9308.0
864691135866576604,864691136578820884,5844.0
864691135866576604,864691137021264750,316.0
864691135866576604,864691137199828801,5224.0
864691135866576604,864691135119709149,10952.0
864691135866576604,864691135375351369,2816.0
864691135866576604,864691135503182685,23836.0
864691135866576604,864691136022520056,7464.0
864691135866576604,864691136089194039,19200.0
864691135866576604,864691136288644291,2540.0
864691135866576604,864691136675427975,32144.0
864691135866576604,864691136905560754,5820.0
864691135866576604,864691137056393846,208.0
864691135763795510,864691135066958404,6320.0
864691135763795510,864691135342585541,3016.0
864691135763795510,864691135502885954,4172.0
864691135763795510,864691135857099310,15952.0
864691135763795510,864691135885911920,6876.0
864691135763795510,864691136022214648,11404.0
864691135763795510,864691136107283417,536.0
864691135763795510,864691136136383883,20484.0
864691135763795510,864691136373008520,5876.0
864691135763795510,864691136578982164,5872.0
864691135763795510,864691134966069023,3212.0
864691135763795510,864691135430486576,15388.0
864691135763795510,864691135493686111,3068.0
864691135763795510,864691136196338764,3116.0
864691135763795510,864691136914414321,39128.0
864691135763795510,864691136991359893,1564.0
864691136953413599,864691135134114976,13784.0
864691136953413599,864691135518989962,16372.0
864691136953413599,864691135698016410,3084.0
864691136953413599,864691135731889337,32324.0
864691136953413599,864691135765013302,12032.0
864691136953413599,864691135778419901,5572.0
864691136953413599,864691135938629892,2064.0
864691136953413599,864691136195798504,1272.0
864691136953413599,864691135195825450,14300.0
864691136953413599,864691135346571423,2264.0
864691136953413599,864691135357351375,604.0
864691136953413599,864691135386963541,9312.0
864691136953413599,864691136288644291,38092.0
864691136953413599,864691136674744199,2996.0
864691135646481135,864691135214986368,2268.0
864691135646481135,864691135274816017,1456.0
864691135646481135,864691135342958789,12196.0
864691135646481135,864691135717457946,7288.0
864691135646481135,864691135763795510,4964.0
864691135539491442,864691135455819114,4844.0
864691135539491442,864691135698016410,15808.0
864691135539491442,864691135417045946,2076.0
864691135539491442,864691136579408916,4204.0
864691135539491442,864691137198382657,5412.0
864691136239902780,864691134966324767,6376.0
864691136239902780,864691135340055782,3480.0
864691136239902780,864691135398805281,13272.0
864691136239902780,864691135582973549,1356.0
864691136239902780,864691135778572973,2992.0
864691136239902780,864691135782506832,11376.0
864691136239902780,864691135877951571,38060.0
864691136239902780,864691135325487004,1004.0
864691136239902780,864691135384843738,4152.0
864691136239902780,864691135386963541,4372.0
864691136239902780,864691135492568551,368.0
864691136239902780,864691135566168599,16224.0
864691136239902780,864691135743102827,4176.0
864691136239902780,864691136125433894,10692.0
864691136239902780,864691136438717086,3424.0
864691136239902780,864691136579408916,1504.0
864691136239902780,864691136674495623,12616.0
864691135396115189,864691135750307881,164.0
864691135990004992,864691135134052512,3908.0
864691135990004992,864691135271081125,15868.0
864691135990004992,864691135398817569,284.0
864691135990004992,864691135583277677,276.0
864691135990004992,864691135686283703,4504.0
864691135990004992,864691135774294603,1972.0
864691135990004992,864691135782241616,8660.0
864691135990004992,864691135855890478,2592.0
864691135990004992,864691136013367715,2416.0
864691135990004992,864691136043283030,10476.0
864691135990004992,864691136118370724,2672.0
864691135990004992,864691136137293195,20188.0
864691135990004992,864691136391042167,3600.0
864691135990004992,864691136437631902,17452.0
864691135990004992,864691136618795227,14888.0
864691135990004992,864691135280682401,2876.0
864691135990004992,864691135405733870,18940.0
864691135990004992,864691135465100189,704.0
864691135990004992,864691135478316200,9536.0
864691135990004992,864691135732210873,1600.0
864691135990004992,864691135802453858,2324.0
864691135990004992,864691135938555908,3328.0
864691135990004992,864691135939049988,6872.0
864691135990004992,864691136034084795,4656.0
864691136299034139,864691134919869706,1756.0
864691136299034139,864691135101595680,3412.0
864691136299034139,864691135572346349,4196.0
864691136299034139,864691136314473021,5392.0
864691136299034139,864691135124603687,7472.0
864691136299034139,864691135272069285,9000.0
864691136299034139,864691135351096279,256.0
864691136299034139,864691135741910164,21092.0
864691136299034139,864691136288644291,6724.0
864691136101340021,864691134966114591,15824.0
864691136101340021,864691135136360217,4840.0
864691136101340021,864691135396940021,9632.0
864691136101340021,864691135398805281,9340.0
864691136101340021,864691135431089968,5776.0
864691136101340021,864691135778419901,176.0
864691136101340021,864691135938816260,2252.0
864691136101340021,864691135977666883,5108.0
864691136101340021,864691136330101226,12580.0
864691136101340021,864691134887026938,2592.0
864691136101340021,864691135155894884,1260.0
864691136101340021,864691135576881950,4880.0
864691136101340021,864691135577749022,4524.0
864691136101340021,864691135591041291,4088.0
864691136101340021,864691135656579010,2956.0
864691135686494647,864691136210344892,1892.0
864691135686494647,864691135501703746,6240.0
864691135686494647,864691135782544435,25112.0
864691135686494647,864691136089194039,18760.0
864691135686494647,864691136812081779,2760.0
864691135741619051,864691135743102827,4540.0
864691135741619051,864691135777400237,5784.0
864691136120159768,864691135583277677,1188.0
864691136120159768,864691135955909640,13392.0
864691136120159768,864691135977045871,860.0
864691136120159768,864691135977666883,15376.0
864691136120159768,864691136445557123,25704.0
864691136120159768,864691137199050049,6652.0
864691136120159768,864691134949263100,3468.0
864691136120159768,864691135360809560,2240.0
864691136120159768,864691135562004193,4408.0
864691136120159768,864691135977309763,19592.0
864691136120159768,864691136288644291,1984.0
864691136288644291,864691135546339880,5092.0
864691136288644291,864691135583223405,2544.0
864691136288644291,864691135591726603,2880.0
864691136288644291,864691135640297787,5012.0
864691136288644291,864691135656674242,8448.0
864691136288644291,864691136274655166,2812.0
864691136288644291,864691136336107187,8040.0
864691136288644291,864691135209280633,3332.0
864691136288644291,864691135656579010,7356.0
864691135955060232,864691136023980601,2328.0
864691136239980604,864691135102151968,16956.0
864691136239980604,864691135210134905,6836.0
864691136239980604,864691135477670312,11732.0
864691136239980604,864691135731679929,7008.0
864691136239980604,864691135732578745,3728.0
864691136239980604,864691135774294603,3940.0
864691136239980604,864691135779049056,6600.0
864691136239980604,864691135810473245,2772.0
864691136239980604,864691135938816260,3160.0
864691136239980604,864691135988557315,3464.0
864691136239980604,864691136085781356,12332.0
864691136239980604,864691136196517452,25488.0
864691136239980604,864691136484732972,13968.0
864691136239980604,864691136489147922,11972.0
864691136239980604,864691136905758130,932.0
864691136239980604,864691136954050527,4740.0
864691136239980604,864691135060727707,1368.0
864691136239980604,864691135102274592,17572.0
864691136239980604,864691135102381856,2928.0
864691136239980604,864691135124603687,9468.0
864691136239980604,864691135258642863,2420.0
864691136239980604,864691135325263004,5688.0
864691136239980604,864691135375351369,3012.0
864691136239980604,864691135584008045,272.0
864691136239980604,864691135595040043,13236.0
864691136239980604,864691135732210873,9572.0
864691136239980604,864691135810905036,1776.0
864691136239980604,864691136011768494,15832.0
864691136239980604,864691136034084795,3148.0
864691136239980604,864691136101340021,576.0
864691136239980604,864691136119885080,2724.0
864691136239980604,864691136390788215,9988.0
864691136239980604,864691136579408916,16260.0
864691136239980604,864691136596901026,28616.0
864691136239980604,864691136925029092,12760.0
864691136239980604,864691136953413599,1956.0
864691136239980604,864691136975144988,5404.0
864691136239980604,864691136976001308,2396.0
864691135817419343,864691135480892614,4476.0
864691135817419343,864691135656579010,1024.0
864691135817419343,864691135725748139,4132.0
864691135817419343,864691136022520056,2076.0
864691136011768494,864691135360482392,6416.0
864691136011768494,864691135572346349,12468.0
864691136011768494,864691135656674242,940.0
864691136011768494,864691135774294603,13800.0
864691136011768494,864691135779049056,548.0
864691136011768494,864691135782241616,368.0
864691136011768494,864691136033227451,3668.0
864691136011768494,864691135015652246,1980.0
864691136011768494,864691135124603687,392.0
864691136011768494,864691135351096279,4496.0
864691136011768494,864691135476495936,1780.0
864691136011768494,864691135567059223,11368.0
864691136011768494,864691135993150913,704.0
864691136011768494,864691136021865976,4648.0
864691136011768494,864691136101340021,7512.0
864691136011768494,864691136144674612,5292.0
864691136011768494,864691136674495623,62940.0
864691135430275120,864691135466158917,1292.0
864691135430275120,864691135480892614,3552.0
864691135430275120,864691135567059223,5084.0
864691135430275120,864691135858273326,2356.0
864691135430275120,864691136125457446,11596.0
864691135430275120,864691136144674612,2896.0
864691135124603687,864691135067066948,1648.0
864691135124603687,864691135274816017,6364.0
864691135124603687,864691135294520844,3060.0
864691135124603687,864691135339600102,3020.0
864691135124603687,864691135396940021,3904.0
864691135124603687,864691135441799752,16516.0
864691135124603687,864691135518173395,3564.0
864691135124603687,864691135593133067,1452.0
864691135124603687,864691135727790911,29028.0
864691135124603687,864691135774294603,55760.0
864691135124603687,864691135808684573,1356.0
864691135124603687,864691136137794941,8872.0
864691135124603687,864691135619463567,4592.0
864691135124603687,864691135757040082,1868.0
864691135124603687,864691135858273326,2892.0
864691135124603687,864691136034084795,13872.0
864691135124603687,864691136381301461,6768.0
864691136288598467,864691135584504429,2288.0
864691136288598467,864691135585266808,36548.0
864691136288598467,864691135774177531,30348.0
864691136288598467,864691135868919318,3328.0
864691136288598467,864691135947258916,13428.0
864691136288598467,864691136195798504,15292.0
864691136288598467,864691136453384959,16176.0
864691136288598467,864691135258642863,8220.0
864691136288598467,864691135480892614,2184.0
864691136288598467,864691135810492189,2940.0
864691136742244188,864691135102151968,14492.0
864691136742244188,864691135466236229,2252.0
864691136742244188,864691135611019015,7832.0
864691136742244188,864691135774294603,17624.0
864691136742244188,864691135843242211,4152.0
864691136742244188,864691135857099310,16484.0
864691136742244188,864691135941300993,14360.0
864691136742244188,864691136085781356,8372.0
864691136742244188,864691136905758130,4188.0
864691136742244188,864691136991202453,12992.0
864691136742244188,864691135280682401,1836.0
864691136742244188,864691135384843738,5376.0
864691136742244188,864691135480892614,3424.0
864691136742244188,864691135719900721,2944.0
864691136742244188,864691135866576604,12116.0
864691136742244188,864691136026254649,9104.0
864691136742244188,864691136034084795,26252.0
864691136742244188,864691136619096795,36432.0
864691136742244188,864691136674495623,21408.0
864691135357351375,864691135396940021,10280.0
864691135357351375,864691135455507818,1460.0
864691135357351375,864691135751110185,4712.0
864691135357351375,864691135774294603,20708.0
864691135357351375,864691135280682401,4820.0
864691135357351375,864691135493686111,1256.0
864691135357351375,864691135717163802,212.0
864691135357351375,864691135743102827,2984.0
864691135357351375,864691136084313196,15752.0
864691135357351375,864691136195834070,10680.0
864691135357351375,864691136364308962,2316.0
864691135357351375,864691136438469534,3356.0
864691135357351375,864691136452609023,2880.0
864691135258509487,864691135210134905,8320.0
864691135258509487,864691135447540882,248.0
864691135258509487,864691135774368763,3700.0
864691135258509487,864691136033227451,5544.0
864691135258509487,864691136033332155,15100.0
864691135258509487,864691136118370724,5332.0
864691135258509487,864691136392785279,14364.0
864691135258509487,864691136421279639,1172.0
864691135258509487,864691135566168599,24812.0
864691135258509487,864691135725748139,10016.0
864691135258509487,864691135816693327,456.0
864691135258509487,864691136453419007,5520.0
864691135258509487,864691136914414321,3396.0
864691136523288465,864691135102151968,7076.0
864691136523288465,864691135849088094,5972.0
864691136523288465,864691136137794941,368.0
864691136523288465,864691135346571423,2904.0
864691136523288465,864691135360809560,3568.0
864691136523288465,864691135503836253,1076.0
864691136523288465,864691135778132576,596.0
864691136523288465,864691135994235841,2392.0
864691136523288465,864691136378815445,5136.0
864691136523288465,864691136664680926,7568.0
864691136134678667,864691135362104647,28888.0
864691135184104194,864691135362104647,1976.0
864691135184104194,864691135731889337,1120.0
864691135184104194,864691136136383883,5348.0
864691135184104194,864691136438585502,17416.0
864691135184104194,864691136674492295,268.0
864691135184104194,864691135164772653,20776.0
864691135184104194,864691135656579010,14440.0
864691135184104194,864691135773073147,33948.0
864691135184104194,864691136041575422,520.0
864691135184104194,864691136380757461,2044.0
864691136903144370,864691135810982860,7764.0
864691136903144370,864691135662408944,1176.0
864691136903144370,864691135763795510,420.0
864691136903144370,864691135764015926,14216.0
864691136903144370,864691136275031565,3788.0
864691135351096279,864691135014966262,1336.0
864691135351096279,864691135101595680,18112.0
864691135351096279,864691135388368001,3480.0
864691135351096279,864691135586724220,3360.0
864691135351096279,864691135741998484,3108.0
864691135351096279,864691135750307881,8160.0
864691135351096279,864691136424439855,14860.0
864691135351096279,864691136452602367,8860.0
864691135351096279,864691136927761226,3096.0
864691135351096279,864691136991202453,3896.0
864691135351096279,864691137199828801,14012.0
864691135351096279,864691134966069023,7276.0
864691135351096279,864691135611140359,2360.0
864691135351096279,864691135656579010,2220.0
864691135351096279,864691135717457946,2416.0
864691135351096279,864691136011768494,2612.0
864691135351096279,864691136311059034,20888.0
864691135351096279,864691136523288465,2888.0
864691134949263100,864691134966714655,12552.0
864691134949263100,864691135134052512,4144.0
864691134949263100,864691135274816017,3984.0
864691134949263100,864691135466236229,7892.0
864691134949263100,864691135476528704,5480.0
864691134949263100,864691135954393891,2240.0
864691134949263100,864691136228250961,3444.0
864691134949263100,864691136991202453,5576.0
864691134949263100,864691137021264750,12876.0
864691134949263100,864691135258642863,6944.0
864691134949263100,864691135272069285,3216.0
864691134949263100,864691135503182685,7324.0
864691134949263100,864691135773209163,17720.0
864691134949263100,864691136619096795,18592.0
864691134949263100,864691136905560754,39828.0
864691135562004193,864691134966324767,4292.0
864691135562004193,864691135294520844,8368.0
864691135562004193,864691135504168285,380.0
864691135562004193,864691135694415551,16692.0
864691135562004193,864691135778638013,19420.0
864691135562004193,864691135868210454,42672.0
864691135562004193,864691136091634487,4576.0
864691135562004193,864691136228250961,1576.0
864691135562004193,864691136313406781,6960.0
864691135562004193,864691136424439855,17024.0
864691135562004193,864691136814442867,4204.0
864691135562004193,864691134949263100,308.0
864691135562004193,864691135336055529,12404.0
864691135562004193,864691135480892614,3660.0
864691135562004193,864691135576881950,3472.0
864691135562004193,864691135611140359,2896.0
864691135562004193,864691135810905036,2528.0
864691135562004193,864691136010639022,5524.0
864691135562004193,864691136125433894,1040.0
864691135562004193,864691136364308962,440.0
864691135562004193,864691136742067804,2164.0
864691135387988609,864691135398805281,3416.0
864691135387988609,864691135518283475,3504.0
864691135387988609,864691135760106830,11124.0
864691135387988609,864691135782241616,6716.0
864691135387988609,864691136034011579,6768.0
864691135387988609,864691136238090767,15004.0
864691135387988609,864691136618795227,3400.0
864691135387988609,864691134991010426,3928.0
864691135387988609,864691135405626862,2552.0
864691135387988609,864691135688186080,28020.0
864691135387988609,864691135739587697,16260.0
864691135387988609,864691135774179147,8448.0
864691135387988609,864691135976063855,1460.0
864691135387988609,864691136022520056,28912.0
864691135387988609,864691136177629702,31120.0
864691135387988609,864691136914414321,9148.0
864691135583352941,864691135988742147,236.0
864691135583352941,864691136363473634,1108.0
864691135583352941,864691135113733529,3660.0
864691135583352941,864691136953413599,2632.0
864691135993150913,864691135464928318,16948.0
864691135993150913,864691135774368763,3604.0
864691135993150913,864691136117770660,9376.0
864691135993150913,864691136228250961,4976.0
864691135993150913,864691136814442867,2900.0
864691135993150913,864691136991202453,21724.0
864691135993150913,864691134991010426,5060.0
864691135993150913,864691135258642863,14668.0
864691135993150913,864691135464795710,6504.0
864691135993150913,864691135732210873,64244.0
864691135993150913,864691135774389755,48556.0
864691135993150913,864691135928366606,4624.0
864691135993150913,864691136120658712,9916.0
864691135993150913,864691136389921911,3340.0
864691135993150913,864691136742244188,16864.0
864691135993150913,864691136905560754,14696.0
864691135942924148,864691135210134905,5996.0
864691135942924148,864691135448215698,5152.0
864691135942924148,864691135478268840,3052.0
864691135942924148,864691135954393891,2220.0
864691135942924148,864691136991606421,768.0
864691135942924148,864691135113733529,3876.0
864691135942924148,864691135360809560,25836.0
864691135942924148,864691135570791558,8148.0
864691135942924148,864691135717457946,3304.0
864691135942924148,864691135810466333,6852.0
864691135942924148,864691135810905036,3004.0
864691135942924148,864691136299034139,3780.0
864691135942924148,864691136438717086,5492.0
864691135942924148,864691136524297617,3044.0
864691135464143934,864691136420195223,11208.0
864691135464143934,864691135059143323,18328.0
864691135464143934,864691135117980637,24744.0
864691135464143934,864691136023980601,60280.0
864691135778288573,864691134919529994,21468.0
864691135778288573,864691135164887853,4372.0
864691135778288573,864691135477469864,10876.0
864691135778288573,864691135700814114,15940.0
864691135778288573,864691135886208112,19348.0
864691135778288573,864691136033227451,4152.0
864691135778288573,864691136117695908,9204.0
864691135778288573,864691136314491965,4120.0
864691135778288573,864691135304641703,11728.0
864691135778288573,864691135325263004,4084.0
864691135778288573,864691135375351369,14388.0
864691135778288573,864691135375484489,10108.0
864691135778288573,864691135490326074,22132.0
864691135778288573,864691135802453858,23696.0
864691135778288573,864691136041575422,10456.0
864691135778288573,864691136134678667,19080.0
864691135778288573,864691136298125851,2484.0
864691135778288573,864691136438469534,1744.0
864691135778288573,864691136604001745,2912.0
864691135778288573,864691136914414321,2072.0
864691135741963627,864691134949081852,3740.0
864691135741963627,864691134966324767,3532.0
864691135741963627,864691135102433056,2464.0
864691135741963627,864691135360096071,20184.0
864691135741963627,864691135396940021,9060.0
864691135741963627,864691135466158917,1764.0
864691135741963627,864691135478400936,3880.0
864691135741963627,864691135493149927,660.0
864691135741963627,864691135504168285,19288.0
864691135741963627,864691135546339880,2664.0
864691135741963627,864691135570301676,192.0
864691135741963627,864691135695146943,2684.0
864691135741963627,864691135751110185,2052.0
864691135741963627,864691135774294603,31996.0
864691135741963627,864691136177799686,1644.0
864691135741963627,864691136238090767,3680.0
864691135741963627,864691136488999186,20832.0
864691135741963627,864691136991202453,18424.0
864691135741963627,864691135258509487,1200.0
864691135741963627,864691135405733870,468.0
864691135741963627,864691135566168599,7644.0
864691135741963627,864691135689417440,168.0
864691135741963627,864691135717457946,2588.0
864691135741963627,864691135738047620,3332.0
864691135741963627,864691135810492189,3428.0
864691135741963627,864691136058745048,7088.0
864691135741963627,864691136125457446,1308.0
864691135741963627,864691136211371452,12596.0
864691136523033233,864691134919529994,1148.0
864691136390788215,864691135577651230,13220.0
864691136390788215,864691135782506832,2272.0
864691136390788215,864691136381243349,4452.0
864691136390788215,864691136991202453,8836.0
864691136390788215,864691135258642863,1140.0
864691136390788215,864691135503182685,8960.0
864691136390788215,864691135504327861,20640.0
864691136390788215,864691135576881950,4312.0
864691136390788215,864691136021865976,12688.0
864691136390788215,864691136298045979,3040.0
864691135976063855,864691135102433056,2844.0
864691135976063855,864691135136360217,4080.0
864691135976063855,864691135214931072,11848.0
864691135976063855,864691135448698196,5956.0
864691135976063855,864691135465955397,16424.0
864691135976063855,864691135466236229,2408.0
864691135976063855,864691135504081986,2488.0
864691135976063855,864691135546339880,188.0
864691135976063855,864691135583223405,3972.0
864691135976063855,864691135583277677,608.0
864691135976063855,864691135611019015,10860.0
864691135976063855,864691135686283703,5176.0
864691135976063855,864691135694415551,9432.0
864691135976063855,864691135750958889,5484.0
864691135976063855,864691135782241616,3448.0
864691135976063855,864691135808684573,2124.0
864691135976063855,864691135808925981,4104.0
864691135976063855,864691135810982860,2964.0
864691135976063855,864691135858298670,5388.0
864691135976063855,864691135868210454,16496.0
864691135976063855,864691135941300993,6496.0
864691135976063855,864691135954393891,272.0
864691135976063855,864691135955909640,444.0
864691135976063855,864691135977045871,3592.0
864691135976063855,864691136011684526,2216.0
864691135976063855,864691136196517452,30380.0
864691135976063855,864691136313406781,10652.0
864691135976063855,864691136314491965,6984.0
864691135976063855,864691136373008520,1036.0
864691135976063855,864691136420303511,26888.0
864691135976063855,864691136453384959,6596.0
864691135976063855,864691136484732972,11876.0
864691135976063855,864691136618795227,30220.0
864691135976063855,864691136814627955,2132.0
864691135976063855,864691136905758130,2416.0
864691135976063855,864691136927761226,1440.0
864691135976063855,864691136968542926,4964.0
864691135976063855,864691136991202453,2136.0
864691135976063855,864691137199038273,2352.0
864691135976063855,864691135257669039,7948.0
864691135976063855,864691135258642863,35268.0
864691135976063855,864691135405733870,3808.0
864691135976063855,864691135465100189,164.0
864691135976063855,864691135477469352,3660.0
864691135976063855,864691135492568551,13780.0
864691135976063855,864691135499707667,4280.0
864691135976063855,864691135584629613,1564.0
864691135976063855,864691135611140359,19528.0
864691135976063855,864691135688186080,11212.0
864691135976063855,864691135732210873,2672.0
864691135976063855,864691136022520056,8188.0
864691135976063855,864691136041575422,6108.0
864691135976063855,864691136058745048,4252.0
864691135976063855,864691136125457446,2884.0
864691135976063855,864691136137237899,19416.0
864691135976063855,864691136239902780,4636.0
864691135976063855,864691136330407914,2824.0
864691135976063855,864691136380757461,11332.0
864691135976063855,864691136381301461,18832.0
864691135976063855,864691136438717086,4000.0
864691135976063855,864691136453419007,3432.0
864691135976063855,864691136674744199,5808.0
864691135976063855,864691136976001308,3056.0
864691135346571423,864691135360482392,6100.0
864691135346571423,864691135698016410,2028.0
864691135346571423,864691135741090196,1812.0
864691135346571423,864691135778572973,23492.0
864691135346571423,864691135885911920,1132.0
864691135346571423,864691136453384959,3640.0
864691135346571423,864691136725343485,19156.0
864691135346571423,864691136814508659,1820.0
864691135346571423,864691135113733529,2852.0
864691135346571423,864691135115049881,1164.0
864691135346571423,864691135384843738,3480.0
864691135346571423,864691135464143934,1848.0
864691135346571423,864691135476495936,6452.0
864691135346571423,864691135860969064,1768.0
864691135346571423,864691136119885080,13072.0
864691135346571423,864691136239980604,5032.0
864691135346571423,864691136311059034,19860.0
864691135346571423,864691136391623039,9136.0
864691135346571423,864691136953413599,5064.0
864691135346571423,864691136967703758,828.0
864691135499707667,864691134919869706,2272.0
864691135499707667,864691135448698196,756.0
864691135499707667,864691135465113157,300.0
864691135499707667,864691135504203357,3712.0
864691135499707667,864691135619756943,392.0
864691135499707667,864691135760106830,2552.0
864691135499707667,864691135774294603,2836.0
864691135499707667,864691135977045871,2336.0
864691135499707667,864691136033332155,888.0
864691135499707667,864691136195798504,41936.0
864691135499707667,864691136424439855,6972.0
864691135499707667,864691136618795227,4276.0
864691135499707667,864691136664127454,1592.0
864691135499707667,864691136674749575,16772.0
864691135499707667,864691136905758130,15748.0
864691135499707667,864691134949263100,4584.0
864691135499707667,864691135157994084,6868.0
864691135499707667,864691135335635177,5820.0
864691135499707667,864691135375351369,3720.0
864691135499707667,864691135375590217,3376.0
864691135499707667,864691135417045946,3240.0
864691135499707667,864691135469845388,3188.0
864691135499707667,864691135662408944,5288.0
864691135499707667,864691135842486243,16380.0
864691135499707667,864691135942924148,3608.0
864691135499707667,864691136058745048,2960.0
864691135499707667,864691136238679567,24392.0
864691135499707667,864691136380718037,9176.0
864691135810466333,864691134949221372,4464.0
864691135810466333,864691135067066948,4220.0
864691135810466333,864691135340055782,1008.0
864691135810466333,864691135572346349,3832.0
864691135810466333,864691135757083346,6084.0
864691135810466333,864691135774294603,1352.0
864691135810466333,864691135779049056,756.0
864691135810466333,864691135810473245,4252.0
864691135810466333,864691135843242211,972.0
864691135810466333,864691135977045871,3720.0
864691135810466333,864691136012739747,8824.0
864691135810466333,864691135280481697,24372.0
864691135810466333,864691135480892614,15928.0
864691135810466333,864691135566168599,2520.0
864691135810466333,864691135655894978,8912.0
864691135810466333,864691136452609023,9264.0
864691135801604706,864691135468854156,5072.0
864691135801604706,864691135519106442,23976.0
864691135801604706,864691135724393131,6932.0
864691135801604706,864691135911276969,4452.0
864691135801604706,864691135919645872,17104.0
864691135801604706,864691135952121379,52188.0
864691135801604706,864691135975633475,2432.0
864691135801604706,864691136619882637,29536.0
864691135801604706,864691135572385061,26264.0
864691135801604706,864691135739733140,17724.0
864691135801604706,864691135890141321,14916.0
864691135503163202,864691135136360217,18204.0
864691135503163202,864691135210134905,1496.0
864691135503163202,864691135272206865,14504.0
864691135503163202,864691135359010904,5440.0
864691135503163202,864691135387690069,36396.0
864691135503163202,864691135388368001,200.0
864691135503163202,864691135779049056,6424.0
864691135503163202,864691135955962888,18968.0
864691135503163202,864691135977045871,3332.0
864691135503163202,864691136026198585,10068.0
864691135503163202,864691135277186789,32252.0
864691135503163202,864691135280682401,4688.0
864691135503163202,864691135493686111,35672.0
864691135503163202,864691135688186080,2648.0
864691135503163202,864691135989817088,17440.0
864691135503163202,864691136137834877,2764.0
864691135503163202,864691136176327430,17072.0
864691135503163202,864691136298125851,7316.0
864691135503163202,864691136521831825,3096.0
864691135810773452,864691134949221372,9068.0
864691135810773452,864691135102151968,33964.0
864691135810773452,864691135339729126,5596.0
864691135810773452,864691135396794101,9144.0
864691135810773452,864691135398805281,10564.0
864691135810773452,864691135465113157,1924.0
864691135810773452,864691135466158917,2580.0
864691135810773452,864691135469753426,43180.0
864691135810773452,864691135504168285,5608.0
864691135810773452,864691135562842337,27296.0
864691135810773452,864691135577644574,548.0
864691135810773452,864691135850033758,13984.0
864691135810773452,864691135868210454,1872.0
864691135810773452,864691136137794941,41524.0
864691135810773452,864691134991010426,2112.0
864691135810773452,864691135304641703,10716.0
864691135810773452,864691135325487004,18216.0
864691135810773452,864691135566168599,35792.0
864691135810773452,864691135698211994,3904.0
864691135810773452,864691135717163802,4820.0
864691135810773452,864691135717457946,6800.0
864691135810773452,864691135774389755,25800.0
864691135810773452,864691135810466333,14712.0
864691135810773452,864691136524297617,3760.0
864691135810773452,864691136604001745,6072.0
864691135810773452,864691136991390869,1404.0
864691135810492189,864691135102151968,5016.0
864691135810492189,864691135164887853,2604.0
864691135810492189,864691135396940021,1064.0
864691135810492189,864691135465932357,4928.0
864691135810492189,864691135567047191,264.0
864691135810492189,864691136033332155,5996.0
864691135810492189,864691136091074615,396.0
864691135810492189,864691136389688695,4912.0
864691135810492189,864691136437631902,1012.0
864691135810492189,864691136912172017,9332.0
864691135810492189,864691136913993713,2404.0
864691135810492189,864691136991202453,3356.0
864691135810492189,864691135060727707,61688.0
864691135810492189,864691135102381856,9524.0
864691135810492189,864691135124146727,30056.0
864691135810492189,864691135155894884,37180.0
864691135810492189,864691135324623260,9548.0
864691135810492189,864691135375351369,8972.0
864691135810492189,864691135388828033,11044.0
864691135810492189,864691135480892614,1308.0
864691135810492189,864691135492568551,13952.0
864691135810492189,864691135842486243,1608.0
864691135810492189,864691135928366606,7144.0
864691135810492189,864691136380266965,5272.0
864691135810492189,864691136905560754,23084.0
864691135810492189,864691136953873631,16724.0
864691135810492189,864691137055405174,744.0
864691135953985800,864691135362104647,16028.0
864691135953985800,864691135867644805,17308.0
864691135953985800,864691135977666883,3028.0
864691135953985800,864691135258642863,15156.0
864691135953985800,864691135778288573,1688.0
864691135342958789,864691134919869706,20480.0
864691135342958789,864691134966714655,2756.0
864691135342958789,864691135448215698,1272.0
864691135342958789,864691135465343045,6380.0
864691135342958789,864691135477469864,18088.0
864691135342958789,864691135518989962,10288.0
864691135342958789,864691135562410721,12560.0
864691135342958789,864691135578146565,2648.0
864691135342958789,864691135656578242,268.0
864691135342958789,864691135720638769,1996.0
864691135342958789,864691135731889337,5692.0
864691135342958789,864691135741524587,10060.0
864691135342958789,864691135773208651,37476.0
864691135342958789,864691135774368763,804.0
864691135342958789,864691135886208112,4800.0
864691135342958789,864691136033332155,1748.0
864691135342958789,864691136066069400,26328.0
864691135342958789,864691136313406781,1996.0
864691135342958789,864691136903681458,18784.0
864691135342958789,864691136991202453,5924.0
864691135342958789,864691134991010426,4836.0
864691135342958789,864691135325487004,25452.0
864691135342958789,864691135339103718,10640.0
864691135342958789,864691135499283987,5980.0
864691135342958789,864691135787537348,5484.0
864691135342958789,864691135861093992,1328.0
864691135342958789,864691136125956134,4600.0
864691135342958789,864691136311059034,12188.0
864691135342958789,864691136389921911,14604.0
864691136195834070,864691135325413788,2148.0
864691136195834070,864691135455507818,16568.0
864691136195834070,864691135583277677,1720.0
864691136195834070,864691135760635214,736.0
864691136195834070,864691135939008565,58072.0
864691136195834070,864691136011684526,3496.0
864691136195834070,864691136392785279,1764.0
864691136195834070,864691136664127454,1684.0
864691136195834070,864691136975624220,1992.0
864691136195834070,864691135257669039,2492.0
864691136195834070,864691135566168599,6844.0
864691136195834070,864691135577221406,4688.0
864691136195834070,864691135750649129,2436.0
864691136195834070,864691136010639022,23348.0
864691136195834070,864691136034084795,4248.0
864691135587371132,864691135294442678,3436.0
864691135587371132,864691135466158917,844.0
864691135587371132,864691135685087474,1092.0
864691135587371132,864691135867644805,476.0
864691135587371132,864691136006519498,628.0
864691135587371132,864691136274655166,1596.0
864691135587371132,864691135280481697,24864.0
864691135587371132,864691135448303762,18372.0
864691135587371132,864691135490326074,2536.0
864691135587371132,864691135774389755,3428.0
864691135587371132,864691135779705021,2784.0
864691135587371132,864691136022520056,8752.0
864691135587371132,864691136042982742,1732.0
864691135587371132,864691136144674612,6352.0
864691135587371132,864691136389921911,2880.0
864691135915343462,864691135257404079,2864.0
864691135915343462,864691135257638575,1732.0
864691135915343462,864691135385422677,28488.0
864691135915343462,864691135429763120,17920.0
864691135915343462,864691135455123562,2756.0
864691135915343462,864691135462420637,608.0
864691135915343462,864691135489836346,12504.0
864691135915343462,864691135511802576,9100.0
864691135915343462,864691135867905302,7292.0
864691135915343462,864691136275919117,4912.0
864691135915343462,864691136619882637,1024.0
864691135915343462,864691136904761266,8292.0
864691135915343462,864691135440543560,956.0
864691135915343462,864691135473383730,8740.0
864691135915343462,864691135502730562,2460.0
864691135915343462,864691135810773452,29012.0
864691135915343462,864691135851792071,9096.0
864691135915343462,864691135970206821,1996.0
864691135492568551,864691135214931072,16484.0
864691135492568551,864691135396794101,4472.0
864691135492568551,864691135476528704,15136.0
864691135492568551,864691135493149927,2156.0
864691135492568551,864691135611019015,23008.0
864691135492568551,864691135751110185,3496.0
864691135492568551,864691135760106830,5744.0
864691135492568551,864691135868916246,4520.0
864691135492568551,864691136011684526,15988.0
864691135492568551,864691136137293195,34368.0
864691135492568551,864691136373008520,33020.0
864691135492568551,864691136391042167,4556.0
864691135492568551,864691135455400554,8920.0
864691135492568551,864691135490326074,21460.0
864691135492568551,864691135493686111,3404.0
864691135492568551,864691135861093992,1056.0
864691135492568551,864691136034084795,7672.0
864691135492568551,864691136596901026,9096.0
864691136523335057,864691135209369465,1936.0
864691136523335057,864691135210134905,2000.0
864691136523335057,864691135540272498,18712.0
864691136523335057,864691135593133067,3896.0
864691136523335057,864691135839932307,3132.0
864691136523335057,864691135938816260,2476.0
864691136523335057,864691135977134403,4476.0
864691136523335057,864691136107283417,1400.0
864691136523335057,864691136990522517,1612.0
864691136523335057,864691135386963541,1568.0
864691136523335057,864691135611140359,3684.0
864691136523335057,864691135619463567,2864.0
864691136523335057,864691135694246079,3096.0
864691136523335057,864691135717457946,4680.0
864691136523335057,864691136101464181,9172.0
864691136523335057,864691136120658712,504.0
864691136523335057,864691136239902780,4176.0
864691136523335057,864691136299034139,1576.0
864691136523335057,864691136674744199,1984.0
864691136523335057,864691136967703758,4104.0
864691135325071004,864691135441799752,14948.0
864691135325071004,864691135466158917,1556.0
864691135325071004,864691135476528704,47048.0
864691135325071004,864691135585266808,10928.0
864691135325071004,864691135750307881,13452.0
864691135325071004,864691135778419901,3844.0
864691135325071004,864691135868919318,520.0
864691135325071004,864691136011684526,4628.0
864691135325071004,864691136137293195,4780.0
864691135325071004,864691136814627955,4784.0
864691135325071004,864691136968542926,4088.0
864691135325071004,864691136288598467,1200.0
864691135325071004,864691136314404669,7776.0
864691135325071004,864691136619096795,2280.0
864691135325071004,864691136813937267,7908.0
864691135928366606,864691134948788476,4560.0
864691135928366606,864691135362104647,2592.0
864691135928366606,864691135656578242,1596.0
864691135928366606,864691135774294603,51376.0
864691135928366606,864691135839950227,5740.0
864691135928366606,864691135977666883,17144.0
864691135928366606,864691136011686318,8348.0
864691135928366606,864691136391042167,4440.0
864691135928366606,864691136452602367,13140.0
864691135928366606,864691136453384959,1504.0
864691135928366606,864691136991202453,1176.0
864691135928366606,864691134950156796,7104.0
864691135928366606,864691135155894884,5944.0
864691135928366606,864691135258642863,1904.0
864691135928366606,864691135448303762,28040.0
864691135928366606,864691135496440208,17708.0
864691135928366606,864691135688186080,1308.0
864691135928366606,864691135741780116,6504.0
864691135928366606,864691136034084795,8024.0
864691135928366606,864691136419797655,5160.0
864691134965778719,864691135756075981,8440.0
864691134965778719,864691135868957462,456.0
864691134965778719,864691136022214648,1328.0
864691134965778719,864691136953413599,25736.0
864691135919956656,864691135362104647,44852.0
864691135919956656,864691135562410721,5324.0
864691135919956656,864691135751110185,4956.0
864691135919956656,864691136010651052,13376.0
864691135919956656,864691136011684526,5004.0
864691135919956656,864691136144827444,17008.0
864691135919956656,864691136330101226,112632.0
864691135919956656,864691134991010426,2128.0
864691135919956656,864691135164772653,1876.0
864691135919956656,864691135258642863,168.0
864691135919956656,864691135546902056,6968.0
864691135919956656,864691135688186080,5236.0
864691135919956656,864691135738969220,5676.0
864691135919956656,864691136041575422,13840.0
864691135919956656,864691136137237899,2220.0
864691135919956656,864691136330407914,24548.0
864691136452447743,864691134948788476,4940.0
864691136452447743,864691135277309669,4584.0
864691136452447743,864691135398817569,444.0
864691136452447743,864691135272003237,23124.0
864691136452447743,864691135277186789,11312.0
864691136452447743,864691135688186080,7356.0
864691136452447743,864691135739587697,17204.0
864691136452447743,864691135741780116,5840.0
864691136452447743,864691135993150913,34932.0
864691136452447743,864691136389921911,5416.0
864691135360017752,864691135342523057,1184.0
864691135360017752,864691135955962888,940.0
864691135360017752,864691136137834877,3624.0
864691135360017752,864691136991166101,32536.0
864691135701624699,864691135517531786,17360.0
864691135701624699,864691135616363211,5916.0
864691135701624699,864691135778187360,3488.0
864691135701624699,864691135927648212,42416.0
864691135701624699,864691135233242713,3136.0
864691135701624699,864691135989817088,33096.0
864691135701624699,864691136196127208,7824.0
864691135701624699,864691136521831825,5744.0
864691135280481697,864691135716679194,168.0
864691135280481697,864691136437631902,2148.0
864691135280481697,864691137021162094,2772.0
864691135280481697,864691135350420951,4928.0
864691135280481697,864691135656579010,5936.0
864691135280481697,864691136674495623,600.0
864691135341198789,864691135595040043,10972.0
864691135341198789,864691136137834877,6584.0
864691135858273326,864691135342848433,23612.0
864691135858273326,864691135585266808,5500.0
864691135858273326,864691135853198023,2224.0
864691135858273326,864691135877951571,5948.0
864691135858273326,864691135955962888,33372.0
864691135858273326,864691136025504569,1432.0
864691135858273326,864691136085904236,3772.0
864691135858273326,864691136420303511,10280.0
864691135858273326,864691136445557123,1748.0
864691135858273326,864691135350420951,18000.0
864691135858273326,864691136523335057,51652.0
864691135113733529,864691135698016410,3632.0
864691135113733529,864691135539491442,2428.0
864691135113733529,864691136210975676,2384.0
864691135646775791,864691134942472035,3728.0
864691135646775791,864691135214986368,17780.0
864691135646775791,864691135277309669,4632.0
864691135646775791,864691135398805281,33016.0
864691135646775791,864691135502885954,432.0
864691135646775791,864691135567047191,28592.0
864691135646775791,864691135656578242,3280.0
864691135646775791,864691135858298670,6896.0
864691135646775791,864691135955909640,14696.0
864691135646775791,864691136196517452,5616.0
864691135646775791,864691136330101226,68104.0
864691135646775791,864691136373008520,24728.0
864691135646775791,864691136912172017,2428.0
864691135646775791,864691135015652246,9352.0
864691135646775791,864691135258642863,19104.0
864691135646775791,864691135688186080,20148.0
864691135646775791,864691135774179147,4340.0
864691135646775791,864691135865648254,32832.0
864691135646775791,864691135928366606,5976.0
864691135646775791,864691136101464181,21880.0
864691135646775791,864691136144674612,10464.0
864691135646775791,864691136665051614,11756.0
864691135787537348,864691135214986368,1828.0
864691135787537348,864691135656674242,2888.0
864691135787537348,864691135765013302,5796.0
864691135787537348,864691135849088094,10372.0
864691135787537348,864691135499283987,4432.0
864691135787537348,864691136125433894,3236.0
864691135787537348,864691136311381338,3152.0
864691135787537348,864691137198382657,10004.0
864691135480892614,864691135466158917,2628.0
864691135480892614,864691135466236229,4136.0
864691135480892614,864691135469753426,2692.0
864691135480892614,864691135583223405,3288.0
864691135480892614,864691135656578242,1852.0
864691135480892614,864691135694415551,21140.0
864691135480892614,864691135732578745,2520.0
864691135480892614,864691135741458324,5984.0
864691135480892614,864691135774294603,14872.0
864691135480892614,864691135774368763,2436.0
864691135480892614,864691135839950227,6104.0
864691135480892614,864691135850033758,7620.0
864691135480892614,864691135875460494,10680.0
864691135480892614,864691135954393891,764.0
864691135480892614,864691136040834558,368.0
864691135480892614,864691136195798504,10736.0
864691135480892614,864691136196517452,7612.0
864691135480892614,864691136274655166,600.0
864691135480892614,864691136314491965,8748.0
864691135480892614,864691137055712630,28104.0
864691135480892614,864691135135019168,17216.0
864691135480892614,864691135271038885,7984.0
864691135480892614,864691135280481697,4632.0
864691135480892614,864691135324623260,4060.0
864691135480892614,864691135343818161,668.0
864691135480892614,864691135351096279,1644.0
864691135480892614,864691135360809560,2100.0
864691135480892614,864691135577221406,9688.0
864691135480892614,864691135577749022,18692.0
864691135480892614,864691135584629613,19456.0
864691135480892614,864691135587519868,5048.0
864691135480892614,864691135689417440,7476.0
864691135480892614,864691135719900721,7780.0
864691135480892614,864691135994235841,2504.0
864691135480892614,864691136101340021,15060.0
864691135480892614,864691136238679567,12940.0
864691135480892614,864691136239980604,13896.0
864691135480892614,864691136453419007,11896.0
864691135480892614,864691136976001308,1860.0
864691135272003237,864691135398805281,576.0
864691135272003237,864691135750307881,536.0
864691135272003237,864691136445215875,2936.0
864691135272003237,864691135503182685,3936.0
864691135272003237,864691135919956656,10604.0
864691135272003237,864691135970226021,3712.0
864691135272003237,864691136331249642,1460.0
864691135272003237,864691136665051614,34444.0
864691135336055529,864691134948788476,4980.0
864691135336055529,864691135060651419,4224.0
864691135336055529,864691135276505573,3380.0
864691135336055529,864691135396794101,11240.0
864691135336055529,864691135499231763,7156.0
864691135336055529,864691135562975969,31676.0
864691135336055529,864691135779049056,30624.0
864691135336055529,864691135782241616,4000.0
864691135336055529,864691136195798504,3828.0
864691135336055529,864691136445215875,15168.0
864691135336055529,864691136725093373,11976.0
864691135336055529,864691137199038273,3096.0
864691135336055529,864691134919972106,20728.0
864691135336055529,864691135209432185,7644.0
864691135336055529,864691135272069285,5828.0
864691135336055529,864691135387988609,15432.0
864691135336055529,864691135562798817,1212.0
864691135336055529,864691135577749022,54836.0
864691135336055529,864691135584008045,21284.0
864691135336055529,864691135741910164,6748.0
864691135336055529,864691135802453858,12328.0
864691135336055529,864691135886130288,16168.0
864691135336055529,864691135928366606,1576.0
864691135336055529,864691136125457446,27884.0
864691135336055529,864691136238679567,14716.0
864691135336055529,864691136914414321,3200.0
864691135336055529,864691136975144988,15464.0
864691135493079783,864691135517531786,2476.0
864691135493079783,864691135585046648,7120.0
864691135493079783,864691135801133666,11984.0
864691135493079783,864691136619882637,38044.0
864691135493079783,864691135940685057,4968.0
864691135857993774,864691135478400936,3436.0
864691135857993774,864691135585266808,5648.0
864691135857993774,864691135656674242,21736.0
864691135857993774,864691135779049056,3868.0
864691135857993774,864691135868210454,3748.0
864691135857993774,864691136033227451,2824.0
864691135857993774,864691136425073455,5432.0
864691135857993774,864691136991202453,16332.0
864691135857993774,864691135476495936,22504.0
864691135857993774,864691135493620831,6884.0
864691135857993774,864691135717457946,2232.0
864691135339103718,864691135618505065,8776.0
864691135865648254,864691135360096071,4096.0
864691135865648254,864691135756075981,6548.0
864691135865648254,864691135388828033,5780.0
864691135865648254,864691136674495623,11944.0
864691136010639022,864691135294480310,4568.0
864691136010639022,864691135465343045,8216.0
864691136010639022,864691135656674242,6384.0
864691136010639022,864691135731679929,4212.0
864691136010639022,864691135751110185,1636.0
864691136010639022,864691135858298670,20072.0
864691136010639022,864691135977654851,10048.0
864691136010639022,864691136026198585,8816.0
864691136010639022,864691136196517452,3248.0
864691136010639022,864691136228491601,2032.0
864691136010639022,864691136238090767,12060.0
864691136010639022,864691136619693275,8176.0
864691136010639022,864691134949248508,7108.0
864691136010639022,864691135360809560,284.0
864691136010639022,864691135480892614,17020.0
864691136010639022,864691135492568551,7144.0
864691136010639022,864691135496440208,11976.0
864691136010639022,864691135576881950,1572.0
864691136010639022,864691135656579010,3124.0
864691136010639022,864691135694246079,7768.0
864691136010639022,864691135698211994,6412.0
864691136010639022,864691135719900721,19300.0
864691136010639022,864691136041575422,3208.0
864691136010639022,864691136058745048,8840.0
864691136010639022,864691136419797655,17216.0
864691136010639022,864691136452447743,16784.0
864691136010639022,864691136523288465,2732.0
864691136010639022,864691136968094158,224.0
864691135655894978,864691135060882843,4364.0
864691135655894978,864691135518173395,2628.0
864691135655894978,864691135586724220,2108.0
864691135655894978,864691136330101226,32108.0
864691135655894978,864691135480892614,22560.0
864691135655894978,864691135566168599,6012.0
864691135655894978,864691135569592300,3164.0
864691135655894978,864691135725748139,1892.0
864691135655894978,864691136125457446,820.0
864691135655894978,864691136390474359,660.0
864691135431654960,864691135577644574,784.0
864691135431654960,864691135656578242,31940.0
864691135431654960,864691135774294603,9648.0
864691135431654960,864691135774368763,2284.0
864691135431654960,864691135885911920,2416.0
864691135431654960,864691136138131325,944.0
864691135431654960,864691135258642863,42348.0
864691135431654960,864691135272069285,5144.0
864691135431654960,864691135308553030,10452.0
864691135431654960,864691135566168599,5708.0
864691135431654960,864691135586240120,3252.0
864691135431654960,864691135591041291,16672.0
864691135431654960,864691136177629702,7312.0
864691135431654960,864691136975144988,8848.0
864691135772920651,864691136991606421,6188.0
864691135772920651,864691136298045979,5684.0
864691135848030814,864691135405337326,16864.0
864691135848030814,864691136010651052,960.0
864691135848030814,864691136925601354,2680.0
864691135848030814,864691135325071004,3536.0
864691135848030814,864691135566168599,3204.0
864691135741780116,864691135136360217,2480.0
864691135741780116,864691135562975969,25364.0
864691135741780116,864691135577651230,3268.0
864691135741780116,864691135694415551,23476.0
864691135741780116,864691135695146943,11892.0
864691135741780116,864691135774368763,4836.0
864691135741780116,864691135977045871,12748.0
864691135741780116,864691135977666883,17124.0
864691135741780116,864691136210847932,14572.0
864691135741780116,864691136905758130,4176.0
864691135741780116,864691134991010426,31796.0
864691135741780116,864691135405626862,2964.0
864691135741780116,864691135465100189,5952.0
864691135741780116,864691135470787666,368.0
864691135741780116,864691135493686111,23852.0
864691135741780116,864691135503182685,19600.0
864691135741780116,864691135504327861,10048.0
864691135741780116,864691135586240120,5156.0
864691135741780116,864691135617152361,8232.0
864691135741780116,864691135774389755,7188.0
864691135741780116,864691136041575422,4076.0
864691135741780116,864691136330407914,11144.0
864691135741780116,864691136596901026,18928.0
864691137055367798,864691135695146943,6340.0
864691137055367798,864691135756075981,752.0
864691137055367798,864691136991202453,81472.0
864691137055367798,864691135280481697,27880.0
864691137055367798,864691135455400554,2148.0
864691137055367798,864691135576881950,2036.0
864691135271038885,864691134966324767,13288.0
864691135271038885,864691135362104647,18784.0
864691135271038885,864691135518283475,14308.0
864691135271038885,864691135577651230,37728.0
864691135271038885,864691135774294603,6964.0
864691135271038885,864691135878061395,59216.0
864691135271038885,864691135977045871,6380.0
864691135271038885,864691136177799686,3124.0
864691135271038885,864691136991202453,6436.0
864691135271038885,864691135503182685,964.0
864691135271038885,864691135504327861,41616.0
864691135271038885,864691135617152361,6888.0
864691135271038885,864691135928366606,916.0
864691136364308962,864691134942472035,1064.0
864691136364308962,864691135466158917,1672.0
864691136364308962,864691136228250961,3204.0
864691136364308962,864691136336179123,13764.0
864691136364308962,864691137021264750,1520.0
864691136364308962,864691136021865976,7496.0
864691136364308962,864691136022520056,5564.0
864691136364308962,864691136041575422,11860.0
864691136364308962,864691136419797655,1544.0
864691135499283987,864691135386899029,7844.0
864691135499283987,864691136091074615,13104.0
864691135499283987,864691136330101226,5536.0
864691135499283987,864691135388828033,18668.0
864691134942169955,864691135060651419,60052.0
864691134942169955,864691135294442678,15856.0
864691134942169955,864691135510191369,7352.0
864691134942169955,864691135571192966,14448.0
864691134942169955,864691135578360837,27612.0
864691134942169955,864691135594817067,7616.0
864691134942169955,864691135685087474,872.0
864691134942169955,864691135885911920,2668.0
864691134942169955,864691135277186789,4440.0
864691134942169955,864691135304641703,2832.0
864691134942169955,864691135591041291,9564.0
864691135740860820,864691135294190518,33632.0
864691135740860820,864691135382556378,1764.0
864691135740860820,864691134989865338,3768.0
864691135740860820,864691135646481135,4240.0
864691135740860820,864691135778132576,988.0
864691135740860820,864691136089194039,1008.0
864691135477839784,864691135853198023,4156.0
864691135477839784,864691135976425327,32980.0
864691136675427975,864691135257638575,21264.0
864691136675427975,864691135294442678,7552.0
864691136675427975,864691135695146943,14152.0
864691136675427975,864691135938816260,2996.0
864691136675427975,864691136111559352,11668.0
864691136675427975,864691136137794941,5700.0
864691136675427975,864691136228250961,34188.0
864691136675427975,864691136391042167,14840.0
864691136675427975,864691136437631902,25512.0
864691136675427975,864691136578982164,1600.0
864691136675427975,864691136664950750,3224.0
864691136675427975,864691135124146727,19472.0
864691136675427975,864691135195825450,10168.0
864691136675427975,864691135325487004,6292.0
864691136675427975,864691135343818161,4020.0
864691136675427975,864691135490326074,1472.0
864691136675427975,864691135503182685,1860.0
864691136675427975,864691135732210873,5464.0
864691136675427975,864691135739587697,30608.0
864691136675427975,864691135970226021,3876.0
864691136675427975,864691136022520056,34444.0
864691136675427975,864691136041575422,21556.0
864691136675427975,864691136298125851,13984.0
864691136675427975,864691136331249642,308.0
864691136675427975,864691136419797655,17520.0
864691136675427975,864691136604001745,7012.0
864691136675427975,864691137198691137,1416.0
864691134949248508,864691134948788476,27232.0
864691134949248508,864691135134016928,13500.0
864691134949248508,864691135210134905,1368.0
864691134949248508,864691135409859785,3308.0
864691134949248508,864691135496381840,3208.0
864691134949248508,864691135585266808,388.0
864691134949248508,864691135742102635,3476.0
864691134949248508,864691135774053371,240.0
864691134949248508,864691135779049056,17520.0
864691134949248508,864691135839932307,16628.0
864691134949248508,864691135855890478,11532.0
864691134949248508,864691135885911920,2472.0
864691134949248508,864691135977134403,1172.0
864691134949248508,864691135977654851,2072.0
864691134949248508,864691136137794941,1264.0
864691134949248508,864691136330101226,26056.0
864691134949248508,864691136927187786,15680.0
864691134949248508,864691137199828801,15156.0
864691134949248508,864691135102274592,6504.0
864691134949248508,864691135102381856,2368.0
864691134949248508,864691135274195217,1064.0
864691134949248508,864691135375484489,948.0
864691134949248508,864691135503182685,5272.0
864691134949248508,864691135617152361,7692.0
864691134949248508,864691135738969220,14836.0
864691134949248508,864691135774389755,4092.0
864691134949248508,864691135811335116,2600.0
864691134949248508,864691135990004992,200.0
864691134949248508,864691135994235841,3284.0
864691134949248508,864691136314404669,6340.0
864691134949248508,864691136331249642,12344.0
864691134949248508,864691136380757461,4964.0
864691134949248508,864691136665051614,10680.0
864691134949248508,864691136976001308,2412.0
864691135465100189,864691135210134905,14736.0
864691135465100189,864691135340055782,12064.0
864691135465100189,864691135396794101,12052.0
864691135465100189,864691135518173395,2956.0
864691135465100189,864691135571192966,6520.0
864691135465100189,864691135656674242,4464.0
864691135465100189,864691135778638013,10152.0
864691135465100189,864691135988557315,380.0
864691135465100189,864691136006519498,3684.0
864691135465100189,864691136991202453,2632.0
864691135465100189,864691135184104194,17416.0
864691135465100189,864691135611140359,15392.0
864691135465100189,864691135617152361,528.0
864691135465100189,864691135717457946,3688.0
864691135465100189,864691135732210873,16080.0
864691135465100189,864691135773073147,3248.0
864691135465100189,864691135976063855,5008.0
864691135465100189,864691136058745048,1808.0
864691135465100189,864691136239460668,26684.0
864691135465100189,864691136239980604,9708.0
864691135465100189,864691136381301461,5108.0
864691135465100189,864691136438717086,7508.0
864691135465100189,864691136742067804,11848.0
864691135465100189,864691136813937267,4388.0
864691135817195343,864691135102151968,11580.0
864691135817195343,864691135384344043,5624.0
864691135817195343,864691135585266808,2252.0
864691135817195343,864691135727790911,6512.0
864691135817195343,864691135760635214,4208.0
864691135817195343,864691135878061395,208.0
864691135817195343,864691136314491965,16372.0
864691135817195343,864691135325263004,2496.0
864691135817195343,864691135405626862,912.0
864691135817195343,864691135493686111,34868.0
864691135817195343,864691135496440208,3216.0
864691135817195343,864691135717163802,18800.0
864691135817195343,864691135738969220,6344.0
864691135817195343,864691135773073147,1092.0
864691135817195343,864691135816693327,13320.0
864691136724880893,864691135233242713,3020.0
864691136389921911,864691135577644574,1816.0
864691136389921911,864691136211385020,400.0
864691136389921911,864691136991202453,3124.0
864691136389921911,864691135101431072,26596.0
864691136389921911,864691135135019168,2560.0
864691136389921911,864691135157198692,312.0
864691136389921911,864691135493686111,188.0
864691136389921911,864691136026254649,6048.0
864691136389921911,864691136604001745,10304.0
864691136389607287,864691135697613077,13132.0
864691136389607287,864691135937286404,9596.0
864691136389607287,864691135273918993,4516.0
864691136389607287,864691135417045946,23720.0
864691136389607287,864691135684657079,5016.0
864691136389607287,864691136275031565,224.0
864691136389607287,864691136298045979,11676.0
864691136389607287,864691136724880893,5608.0
864691135477469352,864691135214986368,7196.0
864691135477469352,864691135405337326,9452.0
864691135477469352,864691135778419901,3776.0
864691135477469352,864691136336179123,7340.0
864691135477469352,864691135719900721,1188.0
864691135477469352,864691135778467517,35884.0
864691135477469352,864691135782544435,22752.0
864691135477469352,864691135857993774,2040.0
864691135477469352,864691136041575422,572.0
864691135164772653,864691134966324767,2124.0
864691135164772653,864691135431089968,6872.0
864691135164772653,864691135546339880,3532.0
864691135164772653,864691135567047191,188.0
864691135164772653,864691135577816862,2892.0
864691135164772653,864691135868210454,1012.0
864691135164772653,864691135977045871,7808.0
864691135164772653,864691136011686318,28988.0
864691135164772653,864691136091634487,13676.0
864691135164772653,864691136228250961,8520.0
864691135164772653,864691136330101226,3100.0
864691135164772653,864691136372759688,6996.0
864691135164772653,864691136392785279,1212.0
864691135164772653,864691137021264750,3692.0
864691135164772653,864691135295165196,3008.0
864691135164772653,864691135343818161,1276.0
864691135164772653,864691135430275120,2776.0
864691135164772653,864691135566168599,13704.0
864691135164772653,864691135725920939,1052.0
864691135164772653,864691135741780116,4844.0
864691135164772653,864691136041575422,27632.0
864691135164772653,864691136125457446,1380.0
864691135164772653,864691136134678667,3308.0
864691135164772653,864691136389921911,44340.0
864691135164772653,864691136452609023,744.0
864691135164772653,864691136453419007,2960.0
864691135164772653,864691136596901026,4004.0
864691136524297617,864691135209432185,260.0
864691136298125851,864691135584504429,25012.0
864691136298125851,864691135695146943,26060.0
864691136298125851,864691135774294603,5912.0
864691136298125851,864691135774368763,1592.0
864691136298125851,864691135955962888,2808.0
864691136298125851,864691136238090767,5236.0
864691136298125851,864691136991202453,1372.0
864691136298125851,864691135164772653,1124.0
864691136298125851,864691135655894978,5724.0
864691136298125851,864691135694246079,14444.0
864691136298125851,864691136314404669,15192.0
864691136298125851,864691136438717086,14396.0
864691136298125851,864691136453419007,6244.0
864691136298125851,864691136665051614,2468.0
864691135742756203,864691135164887853,3084.0
864691135742756203,864691135750307881,5664.0
864691135742756203,864691135750958889,2984.0
864691135742756203,864691135868210454,4896.0
864691135742756203,864691136034011579,4872.0
864691135742756203,864691136091634487,3820.0
864691135742756203,864691136125411622,364.0
864691135742756203,864691135101431072,664.0
864691135742756203,864691135490326074,4988.0
864691135742756203,864691135496440208,4584.0
864691135742756203,864691135584008045,8628.0
864691135742756203,864691135773073147,1848.0
864691135742756203,864691135774389755,4040.0
864691135742756203,864691136238679567,3816.0
864691135742756203,864691136364308962,4936.0
864691135369002233,864691135493149927,908.0
864691135369002233,864691135731679929,4660.0
864691135369002233,864691135878061395,176.0
864691135369002233,864691135357351375,2664.0
864691136665051614,864691135518283475,23136.0
864691136665051614,864691135685087474,5444.0
864691136665051614,864691135756075981,34896.0
864691136665051614,864691135779049056,3132.0
864691136665051614,864691136137293195,24164.0
864691136665051614,864691136195798504,1380.0
864691136665051614,864691136330101226,1796.0
864691136665051614,864691136437631902,125220.0
864691136665051614,864691136452602367,2692.0
864691136665051614,864691136814442867,12200.0
864691136665051614,864691137021264750,21760.0
864691136665051614,864691135919956656,25476.0
864691136665051614,864691136022520056,14564.0
864691136665051614,864691136125433894,2544.0
864691136665051614,864691136314404669,2988.0
864691136665051614,864691136331249642,3796.0
864691136665051614,864691136619096795,2536.0
864691135503836253,864691135134052512,5536.0
864691135503836253,864691135294442678,27204.0
864691135503836253,864691135583277677,16616.0
864691135503836253,864691135640297787,3324.0
864691135503836253,864691135656578242,1376.0
864691135503836253,864691135662059248,748.0
864691135503836253,864691135700814114,724.0
864691135503836253,864691135741930603,9192.0
864691135503836253,864691135750307881,14888.0
864691135503836253,864691135954393891,1844.0
864691135503836253,864691136040834558,8412.0
864691135503836253,864691136043283030,38868.0
864691135503836253,864691136110366904,28800.0
864691135503836253,864691136137794941,1968.0
864691135503836253,864691136196265704,3468.0
864691135503836253,864691136488999186,8664.0
864691135503836253,864691136523216017,5152.0
864691135503836253,864691136725343485,2100.0
864691135503836253,864691136912172017,4508.0
864691135503836253,864691136927761226,4436.0
864691135503836253,864691136990522517,8516.0
864691135503836253,864691136991202453,1232.0
864691135503836253,864691135184104194,12408.0
864691135503836253,864691135325487004,496.0
864691135503836253,864691135430275120,1708.0
864691135503836253,864691135473383730,4164.0
864691135503836253,864691135584008045,22940.0
864691135503836253,864691135698211994,26132.0
864691135503836253,864691135725748139,8660.0
864691135503836253,864691135743102827,3444.0
864691135503836253,864691135757040082,3568.0
864691135503836253,864691135976063855,444.0
864691135503836253,864691135990004992,6304.0
864691135503836253,864691136034084795,25640.0
864691135503836253,864691136058745048,5140.0
864691135503836253,864691136125433894,10684.0
864691135503836253,864691136125956134,6072.0
864691135503836253,864691136299034139,2876.0
864691135503836253,864691136675427975,3536.0
864691135503836253,864691136975144988,9920.0
864691135119709149,864691134942472035,47992.0
864691135119709149,864691135067066948,2220.0
864691135119709149,864691135405337326,5268.0
864691135119709149,864691135727790911,2936.0
864691135119709149,864691135755197133,7412.0
864691135119709149,864691135760106830,12456.0
864691135119709149,864691135779049056,7052.0
864691135119709149,864691135782241616,5312.0
864691135119709149,864691135849088094,3644.0
864691135119709149,864691135867644805,2444.0
864691135119709149,864691135885911920,14824.0
864691135119709149,864691135941300993,10900.0
864691135119709149,864691135975633475,1324.0
864691135119709149,864691135988557315,14016.0
864691135119709149,864691136125411622,12112.0
864691135119709149,864691136330101226,192.0
864691135119709149,864691136336107187,5552.0
864691135119709149,864691136991202453,1352.0
864691135119709149,864691134884807418,1452.0
864691135119709149,864691135455400554,2064.0
864691135119709149,864691135470787666,13644.0
864691135119709149,864691135497743635,40632.0
864691135119709149,864691135499707667,4556.0
864691135119709149,864691135583172717,188.0
864691135119709149,864691135618505065,16656.0
864691135119709149,864691135688186080,2244.0
864691135119709149,864691135857993774,15400.0
864691135119709149,864691135866576604,6800.0
864691135119709149,864691135993150913,10612.0
864691135119709149,864691136330407914,18936.0
864691135119709149,864691136596815778,3748.0
864691135119709149,864691136675427975,4784.0
864691135119709149,864691136813937267,14416.0
864691135119709149,864691137054934902,14844.0
864691135698211994,864691134948788476,6644.0
864691135698211994,864691135164887853,10584.0
864691135698211994,864691135731679929,3388.0
864691135698211994,864691135751110185,4344.0
864691135698211994,864691135855890478,2428.0
864691135698211994,864691135877825107,3896.0
864691135698211994,864691135996158378,2636.0
864691135698211994,864691136330101226,44080.0
864691135698211994,864691135155894884,2492.0
864691135698211994,864691135272069285,2688.0
864691135698211994,864691135566168599,28584.0
864691135698211994,864691135750649129,12256.0
864691135698211994,864691136092725684,1924.0
864691135698211994,864691136135963787,11680.0
864691135698211994,864691136137237899,2344.0
864691135698211994,864691136905560754,1684.0
864691135397982753,864691135578146565,3376.0
864691135397982753,864691135464143934,2772.0
864691135397982753,864691136298045979,2816.0
864691135989817088,864691135477670312,14256.0
864691135989817088,864691135719761713,2600.0
864691135989817088,864691135727961663,16412.0
864691135989817088,864691135809608652,8660.0
864691135989817088,864691136025184569,1984.0
864691135989817088,864691136578820884,19404.0
864691135989817088,864691135586414716,3952.0
864691135989817088,864691135782544435,396.0
864691135989817088,864691135851792071,22200.0
864691135989817088,864691135940685057,5628.0
864691135989817088,864691136227484753,3576.0
864691135989817088,864691136579408916,5832.0
864691135989817088,864691136724880893,31256.0
864691136021865976,864691134948788476,3388.0
864691136021865976,864691135324725404,10912.0
864691136021865976,864691135493149927,18944.0
864691136021865976,864691135562842337,16652.0
864691136021865976,864691135577816862,5180.0
864691136021865976,864691135757083346,2660.0
864691136021865976,864691135801463650,28504.0
864691136021865976,864691135885911920,34560.0
864691136021865976,864691136196517452,2364.0
864691136021865976,864691136619693275,17632.0
864691136021865976,864691136664127454,1884.0
864691136021865976,864691136664950750,31260.0
864691136021865976,864691136954050527,892.0
864691136021865976,864691134950156796,43424.0
864691136021865976,864691135324623260,2976.0
864691136021865976,864691135480892614,13760.0
864691136021865976,864691135510846217,10864.0
864691136021865976,864691135688186080,596.0
864691136021865976,864691135773073147,10424.0
864691136021865976,864691135810492189,6532.0
864691136021865976,864691135865648254,2220.0
864691136021865976,864691136010639022,12336.0
864691136021865976,864691136298125851,36504.0
864691136021865976,864691136905560754,12400.0
864691136953873631,864691136578820884,848.0
864691136953873631,864691135258642863,1268.0
864691136953873631,864691136022520056,17688.0
864691135257669039,864691135210134905,7244.0
864691135257669039,864691135294190518,1800.0
864691135257669039,864691135396794101,872.0
864691135257669039,864691135398805281,16504.0
864691135257669039,864691135441799752,1128.0
864691135257669039,864691135577644574,5760.0
864691135257669039,864691135727790911,2352.0
864691135257669039,864691135755197133,376.0
864691135257669039,864691135853198023,720.0
864691135257669039,864691135947258916,16740.0
864691135257669039,864691136040834558,2800.0
864691135257669039,864691136084684396,3376.0
864691135257669039,864691136091634487,760.0
864691135257669039,864691136437631902,6940.0
864691135257669039,864691136524172689,4468.0
864691135257669039,864691135405626862,3724.0
864691135257669039,864691135688186080,22920.0
864691135257669039,864691135739587697,20820.0
864691135257669039,864691135774389755,3408.0
864691135257669039,864691135886130288,916.0
864691135257669039,864691135970226021,1228.0
864691135257669039,864691136364308962,1436.0
864691135257669039,864691136419797655,2696.0
864691135257669039,864691136453419007,2072.0
864691135257669039,864691136914414321,5884.0
864691135501703746,864691135779049056,25456.0
864691135501703746,864691136578820884,6112.0
864691135501703746,864691135496440208,9280.0
864691136275031565,864691135741659499,2412.0
864691136275031565,864691135952122147,2804.0
864691136275031565,864691136380264149,11560.0
864691135060727707,864691134949221372,23112.0
864691135060727707,864691135396794101,14908.0
864691135060727707,864691135540440178,26716.0
864691135060727707,864691135594721579,3908.0
864691135060727707,864691135685087474,4528.0
864691135060727707,864691136275894285,3600.0
864691135060727707,864691135101431072,3476.0
864691135060727707,864691135258642863,5024.0
864691135060727707,864691136453419007,26996.0
864691134989865338,864691135416233914,1708.0
864691134989865338,864691136194355176,6244.0
864691134989865338,864691135324623260,312.0
864691134989865338,864691135463695429,2080.0
864691134989865338,864691135851792071,3164.0
864691135430004016,864691135271081125,1624.0
864691135430004016,864691135346571423,2588.0
864691135430004016,864691135539491442,3616.0
864691135430004016,864691136010028974,3980.0
864691135738047620,864691135518989962,22544.0
864691135738047620,864691136011684526,2144.0
864691135738047620,864691134942169955,2560.0
864691135738047620,864691135060727707,11896.0
864691135738047620,864691135209432185,6080.0
864691135738047620,864691135274195217,11300.0
864691135738047620,864691135455400554,10796.0
864691135738047620,864691135493686111,7020.0
864691135738047620,864691136041575422,8712.0
864691134887026938,864691135102433056,6536.0
864691134887026938,864691135448215698,2148.0
864691134887026938,864691135583277677,11644.0
864691134887026938,864691135611019015,1620.0
864691134887026938,864691135716679194,17816.0
864691134887026938,864691135750958889,14448.0
864691134887026938,864691135774294603,12304.0
864691134887026938,864691136196517452,20492.0
864691134887026938,864691136330101226,3840.0
864691134887026938,864691136391042167,1480.0
864691134887026938,864691136453384959,19964.0
864691134887026938,864691136488999186,14432.0
864691134887026938,864691134919972106,6216.0
864691134887026938,864691135295165196,4016.0
864691134887026938,864691135351096279,512.0
864691134887026938,864691135360809560,2860.0
864691134887026938,864691135476495936,11020.0
864691134887026938,864691135546902056,26052.0
864691134887026938,864691135547082280,5612.0
864691134887026938,864691135569592300,14628.0
864691134887026938,864691135719900721,916.0
864691134887026938,864691135739587697,2936.0
864691134887026938,864691135816565839,20372.0
864691134887026938,864691135842486243,3056.0
864691134887026938,864691135886130288,3324.0
864691134887026938,864691136311059034,5120.0
864691137056393846,864691135060651419,9088.0
864691137056393846,864691135060882843,16172.0
864691137056393846,864691135750307881,51164.0
864691137056393846,864691135977045871,756.0
864691137056393846,864691136991202453,7660.0
864691137056393846,864691134887026938,2124.0
864691137056393846,864691135124146727,20540.0
864691137056393846,864691135184104194,984.0
864691137056393846,864691135396115189,4012.0
864691137056393846,864691135503182685,400.0
864691137056393846,864691135842486243,7072.0
864691137056393846,864691136380757461,4660.0
864691137056393846,864691136914414321,6084.0
864691135274195217,864691135567047191,11832.0
864691135274195217,864691135584504429,912.0
864691135274195217,864691135594721579,1868.0
864691135274195217,864691135741458324,57584.0
864691135274195217,864691135939477508,10548.0
864691135274195217,864691135060727707,19256.0
864691135274195217,864691135155894884,2532.0
864691135274195217,864691135280481697,2180.0
864691135274195217,864691135448303762,844.0
864691135274195217,864691135470787666,33644.0
864691135274195217,864691135493686111,26028.0
864691135274195217,864691135546902056,3440.0
864691135274195217,864691135562798817,3200.0
864691135274195217,864691135779705021,2244.0
864691135274195217,864691136041575422,440.0
864691135274195217,864691136975144988,5640.0
864691135757040082,864691135136360217,816.0
864691135757040082,864691135324725404,972.0
864691135757040082,864691135591854347,25124.0
864691135757040082,864691135810982860,5704.0
864691135757040082,864691136025184569,2248.0
864691135757040082,864691136117770660,2872.0
864691135757040082,864691136421279639,736.0
864691135757040082,864691136453384959,33100.0
864691135757040082,864691136905758130,11252.0
864691135757040082,864691135417045946,12680.0
864691135757040082,864691135503182685,5880.0
864691135757040082,864691135617440105,10540.0
864691135757040082,864691135656579010,1488.0
864691135757040082,864691135719900721,24048.0
864691135757040082,864691135976063855,4248.0
864691135757040082,864691135993150913,2592.0
864691135757040082,864691136674744199,5564.0
864691135757040082,864691136991390869,240.0
864691135860969064,864691135578360837,1476.0
864691135860969064,864691135619317391,13212.0
864691135860969064,864691135640398651,5820.0
864691135860969064,864691135858298670,3684.0
864691135860969064,864691135977666883,7272.0
864691135860969064,864691136086088556,9156.0
864691135860969064,864691136905758130,14176.0
864691135860969064,864691134886499066,10032.0
864691135860969064,864691134989865338,1304.0
864691135860969064,864691135115049881,23328.0
864691135860969064,864691135592830731,6184.0
864691135860969064,864691135763795510,12272.0
864691135860969064,864691135774389755,12252.0
864691136043380566,864691135540272498,21840.0
864691136043380566,864691135779049056,1956.0
864691136043380566,864691135782241616,8760.0
864691136043380566,864691135947258916,2364.0
864691136043380566,864691136330101226,5748.0
864691136043380566,864691136913993713,9924.0
864691136043380566,864691136990522517,2376.0
864691136043380566,864691134991010426,2924.0
864691136043380566,864691135343818161,8712.0
864691136043380566,864691135764583990,5400.0
864691136043380566,864691136664680926,524.0
864691136043380566,864691136967703758,20388.0
864691135689417440,864691134942472035,1176.0
864691135689417440,864691134966714655,6200.0
864691135689417440,864691135469753426,6724.0
864691135689417440,864691135546339880,1060.0
864691135689417440,864691135594721579,8992.0
864691135689417440,864691135739689073,4016.0
864691135689417440,864691135741524587,8644.0
864691135689417440,864691135779049056,12124.0
864691135689417440,864691135782506832,3200.0
864691135689417440,864691135941300993,488.0
864691135689417440,864691135954393891,2756.0
864691135689417440,864691136013367715,10776.0
864691135689417440,864691136421279639,28884.0
864691135689417440,864691136904488114,452.0
864691135689417440,864691134919972106,27412.0
864691135689417440,864691135113733529,16004.0
864691135689417440,864691135258642863,26296.0
864691135689417440,864691135546902056,2512.0
864691135689417440,864691135577749022,15116.0
864691135689417440,864691135586240120,3308.0
864691135689417440,864691135646481135,736.0
864691135689417440,864691135688186080,3728.0
864691135689417440,864691135970226021,2296.0
864691135689417440,864691135976425327,2052.0
864691135689417440,864691136058745048,1768.0
864691135689417440,864691136125956134,7128.0
864691135689417440,864691136288644291,16576.0
864691135689417440,864691136742067804,5368.0
864691135741910164,864691135059845275,448.0
864691135741910164,864691135339088102,3516.0
864691135741910164,864691135480311494,2136.0
864691135741910164,864691135497743635,16128.0
864691135741910164,864691135510846217,1116.0
864691135741910164,864691136022520056,7408.0
864691135816693327,864691135294190518,976.0
864691135816693327,864691135586724220,1612.0
864691135816693327,864691135717275162,408.0
864691135816693327,864691136453384959,36588.0
864691135816693327,864691135417045946,3612.0
864691135816693327,864691135732210873,21744.0
864691135816693327,864691135739587697,1884.0
864691135816693327,864691135942924148,2324.0
864691136742067804,864691135102151968,11880.0
864691136742067804,864691135465932357,52080.0
864691136742067804,864691135518283475,21068.0
864691136742067804,864691135656578242,6800.0
864691136742067804,864691135774294603,4584.0
864691136742067804,864691135774368763,8920.0
864691136742067804,864691135782702387,20304.0
864691136742067804,864691136091634487,22756.0
864691136742067804,864691136111251896,6192.0
864691136742067804,864691136137794941,36236.0
864691136742067804,864691136314491965,2240.0
864691136742067804,864691136437631902,11724.0
864691136742067804,864691136991202453,2040.0
864691136742067804,864691135272003237,1008.0
864691136742067804,864691135272069285,3360.0
864691136742067804,864691135464795710,21372.0
864691136742067804,864691135546902056,4108.0
864691136742067804,864691135566168599,36192.0
864691136742067804,864691135802453858,45840.0
864691136742067804,864691135842486243,3164.0
864691136742067804,864691135919956656,21212.0
864691136742067804,864691135939049988,15980.0
864691136742067804,864691135942924148,6056.0
864691136742067804,864691136021865976,5452.0
864691136742067804,864691136092725684,80500.0
864691136742067804,864691136523118481,4332.0
864691135135019168,864691134942472035,5236.0
864691135135019168,864691134949081852,4664.0
864691135135019168,864691135164887853,6560.0
864691135135019168,864691135210134905,3128.0
864691135135019168,864691135362104647,6460.0
864691135135019168,864691135430346544,3180.0
864691135135019168,864691135441799752,764.0
864691135135019168,864691135855890478,29256.0
864691135135019168,864691135877951571,17860.0
864691135135019168,864691135941300993,25608.0
864691135135019168,864691136091634487,26920.0
864691135135019168,864691136381243349,14144.0
864691135135019168,864691136437631902,3112.0
864691135135019168,864691136453384959,17064.0
864691135135019168,864691136489055762,2440.0
864691135135019168,864691136524172689,1616.0
864691135135019168,864691136991202453,10404.0
864691135135019168,864691134949263100,784.0
864691135135019168,864691134991010426,11512.0
864691135135019168,864691135277186789,2480.0
864691135135019168,864691135280481697,22160.0
864691135135019168,864691135280682401,12960.0
864691135135019168,864691135295165196,2404.0
864691135135019168,864691135375351369,17760.0
864691135135019168,864691135470787666,4084.0
864691135135019168,864691135476495936,2552.0
864691135135019168,864691135732210873,2944.0
864691135135019168,864691135774179147,28400.0
864691135135019168,864691135774389755,5688.0
864691135135019168,864691136298125851,2260.0
864691135135019168,864691136438717086,5136.0
864691135135019168,864691136596901026,616.0
864691135135019168,864691136603811281,26192.0
864691135135019168,864691136975144988,3732.0
864691136381301461,864691134942472035,12852.0
864691136381301461,864691134948788476,10336.0
864691136381301461,864691135060651419,1360.0
864691136381301461,864691135067066948,2852.0
864691136381301461,864691135102151968,15820.0
864691136381301461,864691135102433056,8568.0
864691136381301461,864691135294520844,9328.0
864691136381301461,864691135360482392,9764.0
864691136381301461,864691135396940021,30320.0
864691136381301461,864691135478400936,2444.0
864691136381301461,864691135578360837,15272.0
864691136381301461,864691135582973549,3028.0
864691136381301461,864691135731679929,18212.0
864691136381301461,864691135750307881,2040.0
864691136381301461,864691135765013302,16812.0
864691136381301461,864691135774294603,13464.0
864691136381301461,864691135954393891,1888.0
864691136381301461,864691136137794941,10216.0
864691136381301461,864691136488999186,11968.0
864691136381301461,864691136619693275,10704.0
864691136381301461,864691136814508659,3668.0
864691136381301461,864691136954050527,2600.0
864691136381301461,864691135124603687,19508.0
864691136381301461,864691135258642863,2548.0
864691136381301461,864691135342958789,5944.0
864691136381301461,864691135368949241,2064.0
864691136381301461,864691135455400554,18992.0
864691136381301461,864691135493686111,5076.0
864691136381301461,864691135504327861,20968.0
864691136381301461,864691135576881950,7116.0
864691136381301461,864691135584008045,9976.0
864691136381301461,864691135587519868,25320.0
864691136381301461,864691135656579010,14756.0
864691136381301461,864691135816565839,3680.0
864691136381301461,864691136101464181,3296.0
864691136381301461,864691136391623039,14364.0
864691136381301461,864691136742067804,7304.0
864691136381301461,864691136991390869,3496.0
864691135386963541,864691134942472035,33152.0
864691135386963541,864691135209369465,1772.0
864691135386963541,864691135294442678,9620.0
864691135386963541,864691135397846049,2388.0
864691135386963541,864691135493149927,5232.0
864691135386963541,864691135504168285,2236.0
864691135386963541,864691135727961663,8360.0
864691135386963541,864691136026198585,352.0
864691135386963541,864691136086088556,17268.0
864691135386963541,864691136108378073,2164.0
864691135386963541,864691136110366904,9156.0
864691135386963541,864691136274546622,4944.0
864691135386963541,864691136927761226,5632.0
864691135386963541,864691134965778719,23524.0
864691135386963541,864691135184104194,18356.0
864691135386963541,864691135195825450,30456.0
864691135386963541,864691135470787666,29796.0
864691135386963541,864691135717457946,4752.0
864691135386963541,864691135764015926,3088.0
864691135386963541,864691135787537348,4236.0
864691135386963541,864691135861093992,3760.0
864691135386963541,864691136196338764,760.0
864691135386963541,864691136372047496,2684.0
864691135386963541,864691136953677535,5528.0
864691135719900721,864691134919869706,36740.0
864691135719900721,864691134948788476,2272.0
864691135719900721,864691134966714655,4880.0
864691135719900721,864691135214931072,17888.0
864691135719900721,864691135398868257,12388.0
864691135719900721,864691135466158917,19504.0
864691135719900721,864691135469753426,10320.0
864691135719900721,864691135474504498,27552.0
864691135719900721,864691135518283475,42260.0
864691135719900721,864691135562842337,14544.0
864691135719900721,864691135694415551,2428.0
864691135719900721,864691135717271834,1468.0
864691135719900721,864691135751110185,2116.0
864691135719900721,864691135757083346,428.0
864691135719900721,864691135810473245,20704.0
864691135719900721,864691135941300993,1096.0
864691135719900721,864691135955909640,4436.0
864691135719900721,864691136033227451,1988.0
864691135719900721,864691136043283030,4352.0
864691135719900721,864691136177799686,14632.0
864691135719900721,864691136274655166,2212.0
864691135719900721,864691136421279639,460.0
864691135719900721,864691136445557123,1980.0
864691135719900721,864691136453384959,2320.0
864691135719900721,864691136488446226,8868.0
864691135719900721,864691136954050527,5316.0
864691135719900721,864691134991010426,3188.0
864691135719900721,864691135015652246,2544.0
864691135719900721,864691135102274592,17208.0
864691135719900721,864691135164772653,6128.0
864691135719900721,864691135280682401,15780.0
864691135719900721,864691135477469352,2832.0
864691135719900721,864691135480892614,5344.0
864691135719900721,864691135504327861,3440.0
864691135719900721,864691135546902056,2656.0
864691135719900721,864691135562004193,11820.0
864691135719900721,864691135567059223,17576.0
864691135719900721,864691135576881950,2072.0
864691135719900721,864691135617440105,8016.0
864691135719900721,864691135689417440,25144.0
864691135719900721,864691135694246079,2316.0
864691135719900721,864691135765006134,14908.0
864691135719900721,864691135810492189,608.0
864691135719900721,864691136010639022,13752.0
864691135719900721,864691136177629702,3508.0
864691135719900721,864691136239902780,256.0
864691135719900721,864691136953873631,10924.0
864691136314404669,864691135441799752,5660.0
864691136314404669,864691135466158917,21280.0
864691136314404669,864691135518989962,12336.0
864691136314404669,864691135724393131,28288.0
864691136314404669,864691135839950227,364.0
864691136314404669,864691135867644805,10104.0
864691136314404669,864691136437631902,4088.0
864691136314404669,864691136445215875,7348.0
864691136314404669,864691136991202453,324.0
864691136314404669,864691135325071004,19796.0
864691136314404669,864691135448303762,4468.0
864691136314404669,864691135503182685,22816.0
864691136314404669,864691135504327861,3228.0
864691136314404669,864691135688186080,6256.0
864691136314404669,864691135717163802,27400.0
864691136314404669,864691136022520056,12752.0
864691136314404669,864691136298125851,1148.0
864691136314404669,864691136419797655,26116.0
864691135970226021,864691135441799752,5768.0
864691135970226021,864691135562842337,2836.0
864691135970226021,864691135584504429,9336.0
864691135970226021,864691135586724220,20676.0
864691135970226021,864691135938816260,10172.0
864691135970226021,864691136013367715,36992.0
864691135970226021,864691136137794941,8520.0
864691135970226021,864691136238090767,10184.0
864691135970226021,864691136239108156,10756.0
864691135970226021,864691136524172689,3240.0
864691135970226021,864691136674749575,3792.0
864691135970226021,864691136905758130,4128.0
864691135970226021,864691135325263004,2812.0
864691135970226021,864691135499707667,2840.0
864691135970226021,864691135617152361,2696.0
864691135970226021,864691135741780116,19272.0
864691135970226021,864691135774389755,2160.0
864691135970226021,864691135939049988,7504.0
864691135584008045,864691135102151968,10068.0
864691135584008045,864691135294190518,168.0
864691135584008045,864691135340055782,1892.0
864691135584008045,864691135455507818,360.0
864691135584008045,864691135567047191,788.0
864691135584008045,864691135583277677,948.0
864691135584008045,864691135585266808,14204.0
864691135584008045,864691135750958889,3528.0
864691135584008045,864691135849088094,6916.0
864691135584008045,864691135886208112,3540.0
864691135584008045,864691135977666883,1568.0
864691135584008045,864691136033227451,19980.0
864691135584008045,864691136033332155,16480.0
864691135584008045,864691136091634487,30512.0
864691135584008045,864691136120663064,14856.0
864691135584008045,864691136137794941,33772.0
864691135584008045,864691136336107187,1420.0
864691135584008045,864691136421279639,1144.0
864691135584008045,864691136437631902,34808.0
864691135584008045,864691136618795227,3444.0
864691135584008045,864691136968542926,19420.0
864691135584008045,864691136991202453,39048.0
864691135584008045,864691135015652246,7212.0
864691135584008045,864691135258642863,1192.0
864691135584008045,864691135272069285,3152.0
864691135584008045,864691135274195217,940.0
864691135584008045,864691135304641703,7392.0
864691135584008045,864691135496440208,38348.0
864691135584008045,864691135503182685,1948.0
864691135584008045,864691135618505065,9660.0
864691135584008045,864691135656579010,5324.0
864691135584008045,864691135743102827,7352.0
864691135584008045,864691135993150913,23424.0
864691135584008045,864691135994235841,3408.0
864691135584008045,864691136043380566,520.0
864691135584008045,864691136453419007,28384.0
864691135014355094,864691135270320293,20756.0
864691135014355094,864691135468854156,14344.0
864691135014355094,864691135697613077,8672.0
864691135014355094,864691135807579933,29164.0
864691135014355094,864691135273918993,22236.0
864691135014355094,864691135885140848,7604.0
864691135014355094,864691135946676260,9552.0
864691135014355094,864691135989817088,6724.0
864691135014355094,864691136137834877,4540.0
864691135014355094,864691136596815778,50792.0
864691135384285931,864691135060020123,5780.0
864691135384285931,864691135417443514,5016.0
864691135384285931,864691135750307881,32552.0
864691135384285931,864691135760106830,1188.0
864691135384285931,864691135811335116,3728.0
864691135384285931,864691136298111003,23380.0
864691135384285931,864691136991390869,504.0
864691135324623260,864691135015605910,10608.0
864691135324623260,864691135136360217,7720.0
864691135324623260,864691135280944545,1248.0
864691135324623260,864691135398817569,4916.0
864691135324623260,864691135465955397,1536.0
864691135324623260,864691135518173395,2860.0
864691135324623260,864691135572346349,1280.0
864691135324623260,864691135578146565,1964.0
864691135324623260,864691135858298670,26720.0
864691135324623260,864691135868210454,936.0
864691135324623260,864691135280481697,25788.0
864691135324623260,864691135476495936,5652.0
864691135324623260,864691135497743635,12072.0
864691135324623260,864691135817419343,10256.0
864691135324623260,864691135866576604,4636.0
864691135324623260,864691135868466710,2500.0
864691135324623260,864691136380757461,3192.0
864691135324623260,864691136596815778,10908.0
864691136125457446,864691134948788476,2292.0
864691136125457446,864691135102433056,6200.0
864691136125457446,864691135325413788,9476.0
864691136125457446,864691135396940021,7168.0
864691136125457446,864691135480311494,2288.0
864691136125457446,864691135519105162,5120.0
864691136125457446,864691135741998484,17636.0
864691136125457446,864691135756075981,5008.0
864691136125457446,864691135955962888,16976.0
864691136125457446,864691136275894285,472.0
864691136125457446,864691136664950750,1048.0
864691136125457446,864691136968542926,22436.0
864691136125457446,864691136991202453,22308.0
864691136125457446,864691134887026938,17616.0
864691136125457446,864691135102274592,9544.0
864691136125457446,864691135304641703,3260.0
864691136125457446,864691135336055529,25220.0
864691136125457446,864691135357351375,2724.0
864691136125457446,864691135430275120,10376.0
864691136125457446,864691135480892614,1228.0
864691136125457446,864691135493620831,1428.0
864691136125457446,864691135493686111,31416.0
864691136125457446,864691135584629613,18484.0
864691136125457446,864691135587519868,2048.0
864691136125457446,864691135662408944,10500.0
864691136125457446,864691135810492189,8340.0
864691136125457446,864691136438469534,15044.0
864691136125457446,864691136905458866,15788.0
864691136125457446,864691136953873631,5384.0
864691135975824495,864691135640398651,3520.0
864691135975824495,864691135868957462,4380.0
864691135975824495,864691135878061395,2136.0
864691135975824495,864691136195798504,7536.0
864691135975824495,864691136309871706,160.0
864691135975824495,864691135209280633,488.0
864691135975824495,864691136120658712,2172.0
864691135595040043,864691136420195223,4896.0
864691135595040043,864691135405733870,2980.0
864691135595040043,864691135430486576,524.0
864691135497743635,864691135270320293,6012.0
864691135497743635,864691135359010904,1968.0
864691135497743635,864691135382556378,22400.0
864691135497743635,864691135428676144,504.0
864691135497743635,864691135700648226,1004.0
864691135497743635,864691135975539779,336.0
864691135497743635,864691135975633475,612.0
864691135497743635,864691136108938168,13688.0
864691135497743635,864691136136766845,6896.0
864691135497743635,864691136334080435,816.0
864691135497743635,864691135367033849,31936.0
864691135497743635,864691135501703746,13528.0
864691135497743635,864691135701624699,7768.0
864691135497743635,864691135852138183,20836.0
864691135497743635,864691135864188286,3304.0
864691135497743635,864691135885140848,7240.0
864691135497743635,864691135946676260,5184.0
864691135497743635,864691136196127208,2792.0
864691135497743635,864691136419797655,8932.0
864691135497743635,864691136812081779,24452.0
864691136579408916,864691135374981320,8612.0
864691136579408916,864691135448215698,484.0
864691136579408916,864691135717275162,3052.0
864691136579408916,864691135779020221,1848.0
864691136579408916,864691136110366904,10124.0
864691136579408916,864691136420195223,6120.0
864691136579408916,864691136424439855,272.0
864691136579408916,864691136924515300,31304.0
864691136579408916,864691134886499066,19428.0
864691136579408916,864691134989865338,1728.0
864691136579408916,864691135195825450,4128.0
864691136579408916,864691135271696549,5536.0
864691136579408916,864691135405733870,3216.0
864691136579408916,864691135430004016,3488.0
864691136579408916,864691135499707667,5596.0
864691136579408916,864691135566168599,3232.0
864691136579408916,864691136953413599,2472.0
864691136976001308,864691135214986368,2296.0
864691136976001308,864691135398817569,1720.0
864691136976001308,864691135562975969,4788.0
864691136976001308,864691135578360837,5736.0
864691136976001308,864691135656578242,660.0
864691136976001308,864691135731679929,820.0
864691136976001308,864691135732578745,3460.0
864691136976001308,864691135774294603,8828.0
864691136976001308,864691135868919318,1864.0
864691136976001308,864691136389688695,5300.0
864691136976001308,864691136453384959,3392.0
864691136976001308,864691136041575422,2968.0
864691136976001308,864691136043380566,4092.0
864691136976001308,864691136137237899,2512.0
864691136976001308,864691136144674612,11120.0
864691136976001308,864691136177629702,2748.0
864691136976001308,864691136331249642,7064.0
864691136976001308,864691136905458866,4116.0
864691136976001308,864691136991359893,12636.0
864691135842486243,864691135469753426,1132.0
864691135842486243,864691135540272498,6220.0
864691135842486243,864691135868210454,3184.0
864691135842486243,864691136033227451,1944.0
864691135842486243,864691136091634487,22600.0
864691135842486243,864691136445215875,19720.0
864691135842486243,864691136453384959,1608.0
864691135842486243,864691134991010426,11148.0
864691135842486243,864691135357351375,22820.0
864691135842486243,864691135448303762,2488.0
864691135842486243,864691135816693327,5088.0
864691135842486243,864691135857993774,2928.0
864691135842486243,864691136137237899,16044.0
864691135842486243,864691136523288465,1432.0
864691135842486243,864691136742067804,12548.0
864691135842486243,864691136914414321,7804.0
864691135343818161,864691135774053371,8924.0
864691135343818161,864691135892214409,1484.0
864691135343818161,864691135272003237,17828.0
864691135343818161,864691136298125851,440.0
864691135694246079,864691135294190518,2656.0
864691135694246079,864691135396794101,8676.0
864691135694246079,864691135756075981,1200.0
864691135694246079,864691135778419901,3376.0
864691135694246079,864691136991202453,356.0
864691135694246079,864691135102274592,5572.0
864691135694246079,864691135135019168,1308.0
864691135694246079,864691135258642863,5276.0
864691135694246079,864691135325263004,45800.0
864691135694246079,864691135492568551,4860.0
864691135694246079,864691135732210873,31552.0
864691135694246079,864691136390788215,820.0
864691135694246079,864691136905560754,7432.0
864691135694246079,864691136991390869,6072.0
864691137198382657,864691135778132576,320.0
864691135656579010,864691134948788476,3808.0
864691135656579010,864691135212492992,12748.0
864691135656579010,864691135277309669,8868.0
864691135656579010,864691135396794101,2688.0
864691135656579010,864691135398805281,49368.0
864691135656579010,864691135441799752,13856.0
864691135656579010,864691135476528704,20992.0
864691135656579010,864691135502885954,37632.0
864691135656579010,864691135562410721,1388.0
864691135656579010,864691135656578242,4088.0
864691135656579010,864691135739008132,4332.0
864691135656579010,864691135763941174,3820.0
864691135656579010,864691135774368763,2728.0
864691135656579010,864691136013367715,13092.0
864691135656579010,864691136373008520,1812.0
864691135656579010,864691135101431072,33072.0
864691135656579010,864691135155894884,7720.0
864691135656579010,864691135272003237,3276.0
864691135656579010,864691135304641703,5108.0
864691135656579010,864691135448303762,3580.0
864691135656579010,864691135464795710,13576.0
864691135656579010,864691135493620831,1704.0
864691135656579010,864691135584629613,444.0
864691135656579010,864691135586240120,1328.0
864691135656579010,864691135774179147,2156.0
864691135656579010,864691136041575422,5284.0
864691135656579010,864691136288598467,7764.0
864691135656579010,864691136452447743,5112.0
864691135656579010,864691136742067804,652.0
864691135656579010,864691136914414321,7900.0
864691136125433894,864691135720638769,14868.0
864691136125433894,864691135727961663,876.0
864691136125433894,864691135750642473,17976.0
864691136125433894,864691135773208651,11840.0
864691136125433894,864691135849088094,2672.0
864691136125433894,864691135892214409,1704.0
864691136125433894,864691136107283417,3948.0
864691136125433894,864691136144827444,12916.0
864691136125433894,864691136421279639,5832.0
864691136125433894,864691135504315317,9980.0
864691136125433894,864691135539491442,13668.0
864691136125433894,864691135577221406,11364.0
864691136125433894,864691135763795510,4020.0
864691136125433894,864691135927494158,6668.0
864691136125433894,864691135975824495,5640.0
864691135811335116,864691135510191369,1472.0
864691135811335116,864691135750307881,1104.0
864691135811335116,864691135977666883,936.0
864691135811335116,864691137021264750,568.0
864691135811335116,864691135566168599,600.0
864691135811335116,864691135618505065,1764.0
864691136619096795,864691135362104647,37976.0
864691136619096795,864691135510191369,804.0
864691136619096795,864691135573276197,452.0
864691136619096795,864691135952121379,4208.0
864691136619096795,864691135975633475,6352.0
864691136619096795,864691136330101226,7904.0
864691136619096795,864691136927187786,340.0
864691136619096795,864691134949263100,12068.0
864691136619096795,864691135280481697,352.0
864691136619096795,864691135480892614,7216.0
864691136619096795,864691135492568551,2360.0
864691136619096795,864691135885140848,2012.0
864691136619096795,864691136023980601,1444.0
864691136619096795,864691136452609023,49384.0
864691136619096795,864691136905560754,2436.0
864691135405626862,864691135739689073,2304.0
864691135405626862,864691135855890478,18228.0
864691135405626862,864691135947258916,1880.0
864691135405626862,864691135970180709,9720.0
864691135405626862,864691136111559352,1656.0
864691135405626862,864691136968542926,2080.0
864691135405626862,864691135325263004,5948.0
864691135405626862,864691136022520056,23480.0
864691135405626862,864691137198691137,216.0
864691135764015926,864691134966114591,16272.0
864691135764015926,864691135059845275,7652.0
864691135764015926,864691135587532924,7884.0
864691135764015926,864691135591854347,880.0
864691135764015926,864691136904488114,6604.0
864691135764015926,864691135271696549,1348.0
864691135764015926,864691135493686111,9568.0
864691135764015926,864691135497743635,14652.0
864691135764015926,864691135576881950,12240.0
864691135890141321,864691135066958404,7188.0
864691135890141321,864691135977654851,1708.0
864691135890141321,864691136111559352,808.0
864691135890141321,864691134949248508,10296.0
864691135890141321,864691135504327861,15096.0
864691135890141321,864691135719900721,5556.0
864691135890141321,864691135738969220,26072.0
864691135890141321,864691136125956134,5828.0
864691135890141321,864691136314404669,13544.0
864691135577221406,864691135360346200,5000.0
864691135577221406,864691135562842337,26720.0
864691135577221406,864691135801463650,14632.0
864691135577221406,864691136905758130,2804.0
864691135577221406,864691135469422674,2872.0
864691135577221406,864691135688186080,2120.0
864691135577221406,864691135694246079,216.0
864691135577221406,864691135698211994,2876.0
864691135577221406,864691135732210873,5988.0
864691135577221406,864691136058745048,11488.0
864691135577221406,864691136092725684,5088.0
864691136991359893,864691135294190518,3784.0
864691136991359893,864691135362104647,11800.0
864691136991359893,864691135388368001,12868.0
864691136991359893,864691135448215698,2032.0
864691136991359893,864691135466236229,9696.0
864691136991359893,864691135640297787,2184.0
864691136991359893,864691135751110185,3432.0
864691136991359893,864691136991202453,3084.0
864691136991359893,864691135510846217,1700.0
864691136991359893,864691135688186080,1364.0
864691136991359893,864691135842486243,900.0
864691136991359893,864691135939049988,396.0
864691136991359893,864691136010639022,1196.0
864691135102381856,864691135066958404,1092.0
864691135102381856,864691135136360217,10348.0
864691135102381856,864691135362104647,18824.0
864691135102381856,864691135388368001,2160.0
864691135102381856,864691135465955397,4360.0
864691135102381856,864691135732578745,13652.0
864691135102381856,864691135741524587,14208.0
864691135102381856,864691135955962888,42696.0
864691135102381856,864691135977666883,8596.0
864691135102381856,864691136437631902,10704.0
864691135102381856,864691136905758130,10708.0
864691135102381856,864691136991202453,4264.0
864691135102381856,864691135258642863,2236.0
864691135102381856,864691135492568551,856.0
864691135102381856,864691135562798817,4128.0
864691135102381856,864691135591041291,2928.0
864691135102381856,864691135617152361,16448.0
864691135102381856,864691135688186080,11356.0
864691135102381856,864691135939049988,1340.0
864691135102381856,864691136022520056,3564.0
864691135102381856,864691136034181307,5228.0
864691135102381856,864691136177629702,860.0
864691135102381856,864691136619096795,1564.0
864691135102381856,864691136665051614,14328.0
864691135464795710,864691135398805281,212.0
864691135464795710,864691135518173395,6140.0
864691135464795710,864691135577651230,2140.0
864691135464795710,864691135782702387,1024.0
864691135464795710,864691136991202453,5500.0
864691135464795710,864691135233242713,25904.0
864691135464795710,864691135591041291,2520.0
864691135464795710,864691136311059034,7028.0
864691135802453858,864691135562975969,904.0
864691135802453858,864691135977666883,6224.0
864691135802453858,864691136011684526,18656.0
864691135802453858,864691134949248508,11280.0
864691135802453858,864691135102274592,8384.0
864691135802453858,864691135258642863,4768.0
864691135802453858,864691135272003237,13012.0
864691135802453858,864691135861093992,4624.0
864691135802453858,864691136419797655,4652.0
864691135388828033,864691137021162094,1168.0
864691137198691137,864691135164887853,9944.0
864691137198691137,864691135294442678,5448.0
864691137198691137,864691135441799752,27520.0
864691137198691137,864691135562975969,7460.0
864691137198691137,864691135685087474,7384.0
864691137198691137,864691135774294603,15732.0
864691137198691137,864691135774368763,9416.0
864691137198691137,864691135778638013,9524.0
864691137198691137,864691136111251896,34464.0
864691137198691137,864691136137293195,34068.0
864691137198691137,864691136330101226,22776.0
864691137198691137,864691136389688695,4324.0
864691137198691137,864691134919972106,2128.0
864691137198691137,864691135155894884,200.0
864691137198691137,864691135258642863,1720.0
864691137198691137,864691135470787666,12192.0
864691137198691137,864691135490326074,2216.0
864691137198691137,864691135493620831,6152.0
864691137198691137,864691135577749022,2296.0
864691137198691137,864691135688186080,2500.0
864691137198691137,864691135774389755,12236.0
864691137198691137,864691135928366606,3288.0
864691137198691137,864691135993150913,2468.0
864691137198691137,864691136042982742,3452.0
864691137198691137,864691136043380566,7136.0
864691137198691137,864691136331249642,20320.0
864691135591041291,864691135066958404,17940.0
864691135591041291,864691135571192966,536.0
864691135591041291,864691135868210454,3940.0
864691135591041291,864691136195798504,5288.0
864691135591041291,864691136674749575,24500.0
864691135591041291,864691135503182685,14556.0
864691135591041291,864691135566155351,608.0
864691135591041291,864691135566168599,328.0
864691135591041291,864691135688186080,25900.0
864691135591041291,864691135698211994,32868.0
864691135591041291,864691135742756203,10240.0
864691135591041291,864691135919956656,42988.0
864691135591041291,864691136042982742,14888.0
864691135591041291,864691136195400150,18016.0
864691135591041291,864691136275031565,572.0
864691135591041291,864691136330407914,16144.0
864691135470787666,864691135212492992,192.0
864691135470787666,864691135430346544,4200.0
864691135470787666,864691135468948364,10052.0
864691135470787666,864691135499231763,2284.0
864691135470787666,864691136330101226,14096.0
864691135470787666,864691136424439855,3548.0
864691135470787666,864691135277186789,10088.0
864691135470787666,864691135280481697,16824.0
864691135470787666,864691135583172717,984.0
864691135470787666,864691135732210873,7616.0
864691135470787666,864691135927494158,5332.0
864691135470787666,864691136914414321,2848.0
864691136010028974,864691135719761713,42060.0
864691136010028974,864691135947258916,25488.0
864691136010028974,864691136903681458,30988.0
864691136010028974,864691135360017752,3200.0
864691136010028974,864691135504315317,3532.0
864691135124146727,864691135362104647,3060.0
864691135849426270,864691135756319186,3844.0
864691135849426270,864691136437631902,4824.0
864691135849426270,864691136904488114,5444.0
864691135849426270,864691135157198692,3504.0
864691135732210873,864691134948788476,2328.0
864691135732210873,864691135577644574,6572.0
864691135732210873,864691135779049056,42256.0
864691135732210873,864691135867644805,5236.0
864691135732210873,864691135688186080,6484.0
864691135732210873,864691135774389755,7104.0
864691135732210873,864691135866576604,12064.0
864691135732210873,864691135993150913,34392.0
864691135732210873,864691136125956134,4612.0
864691135732210873,864691136390474359,632.0
864691135209432185,864691135868210454,1396.0
864691135209432185,864691135977666883,19784.0
864691135209432185,864691136195391208,12516.0
864691135209432185,864691136314491965,14328.0
864691135209432185,864691136330101226,2260.0
864691135209432185,864691136913993713,1264.0
864691135209432185,864691134949263100,1044.0
864691135209432185,864691135503182685,7228.0
864691135209432185,864691135617152361,31848.0
864691135209432185,864691136022520056,17216.0
864691136120658712,864691134886569210,3084.0
864691136120658712,864691134942472035,3552.0
864691136120658712,864691135257404079,42560.0
864691136120658712,864691135271081125,2160.0
864691136120658712,864691135387690069,23372.0
864691136120658712,864691135518453642,6304.0
864691136120658712,864691135585415544,12088.0
864691136120658712,864691135593133067,2336.0
864691136120658712,864691135640398651,3492.0
864691136120658712,864691135654715586,2572.0
864691136120658712,864691135750642473,280.0
864691136120658712,864691135756319186,5956.0
864691136120658712,864691135809608652,664.0
864691136120658712,864691135938816260,3640.0
864691136120658712,864691136330101226,13256.0
864691136120658712,864691134884807418,8708.0
864691136120658712,864691134886828794,7976.0
864691136120658712,864691135274195217,5176.0
864691136120658712,864691135578103301,7292.0
864691136120658712,864691135864188286,2364.0
864691136120658712,864691136724880893,4928.0
864691136120658712,864691137055367798,12428.0
864691136380264149,864691135517531786,2796.0
864691136380264149,864691135585415544,1220.0
864691136380264149,864691135654715586,696.0
864691136380264149,864691135697613077,24552.0
864691136380264149,864691135975633475,13732.0
864691136380264149,864691135082864887,284.0
864691136380264149,864691135501703746,8216.0
864691136380264149,864691135952122147,3624.0
864691135504327861,864691135362104647,17868.0
864691135504327861,864691135396794101,9204.0
864691135504327861,864691135756075981,10568.0
864691135504327861,864691135954393891,2988.0
864691135504327861,864691136013367715,5512.0
864691135504327861,864691136330101226,5044.0
864691135504327861,864691136437631902,39940.0
864691135504327861,864691136524172689,18304.0
864691135504327861,864691136991202453,9264.0
864691135504327861,864691135124146727,5164.0
864691135504327861,864691135566168599,4996.0
864691135504327861,864691135617152361,9052.0
864691135504327861,864691135739587697,4812.0
864691135504327861,864691135773073147,3272.0
864691135504327861,864691136380757461,21716.0
864691135504327861,864691136484364844,2352.0
864691135504327861,864691136905560754,29244.0
864691135502730562,864691135740860820,2696.0
864691135350420951,864691135688186080,532.0
864691135700409211,864691135919645872,636.0
864691135700409211,864691135975539779,6752.0
864691135700409211,864691136194355176,4908.0
864691135700409211,864691136904761266,9948.0
864691135700409211,864691135778132576,4804.0
864691136452609023,864691137199828801,5444.0
864691136452609023,864691135566168599,3300.0
864691136452609023,864691135577221406,3400.0
864691136452609023,864691135656579010,752.0
864691136452609023,864691136022520056,15704.0
864691136452609023,864691136125457446,3744.0
864691135739587697,864691135441799752,3060.0
864691135739587697,864691135716679194,2744.0
864691135739587697,864691135765013302,480.0
864691135739587697,864691135955962888,27952.0
864691135739587697,864691136011686318,20960.0
864691135739587697,864691136211385020,1892.0
864691135739587697,864691136391042167,23984.0
864691135739587697,864691136425073455,1416.0
864691135739587697,864691134949263100,10072.0
864691135739587697,864691135102274592,12028.0
864691135739587697,864691135476495936,2928.0
864691135739587697,864691135490326074,26076.0
864691135739587697,864691135688186080,29104.0
864691135739587697,864691135743102827,40056.0
864691135739587697,864691135774179147,17436.0
864691135739587697,864691135842486243,17540.0
864691135739587697,864691135861093992,1180.0
864691135739587697,864691136330407914,3512.0
864691135739587697,864691136419797655,2052.0
864691136195400150,864691135616363211,1452.0
864691136195400150,864691135725842603,8956.0
864691136195400150,864691135741930603,584.0
864691136195400150,864691135808925981,1440.0
864691136195400150,864691136336179123,5976.0
864691136195400150,864691135258642863,59336.0
864691136195400150,864691135430004016,10952.0
864691136195400150,864691135591041291,780.0
864691136195400150,864691135688186080,5356.0
864691136195400150,864691135774389755,7076.0
864691136195400150,864691136238679567,5244.0
864691136195400150,864691136452609023,2192.0
864691136042982742,864691135465932357,6224.0
864691136042982742,864691135782241616,9244.0
864691136042982742,864691135955962888,14652.0
864691136042982742,864691136618795227,6020.0
864691136042982742,864691135490326074,3212.0
864691136042982742,864691135493620831,5240.0
864691136042982742,864691135591041291,61636.0
864691136042982742,864691136419797655,24040.0
864691136331249642,864691135164887853,2328.0
864691136331249642,864691135294442678,5664.0
864691136331249642,864691135398805281,3248.0
864691136331249642,864691135464928318,7688.0
864691136331249642,864691135763941174,8828.0
864691136331249642,864691135977666883,33900.0
864691136331249642,864691136330101226,3476.0
864691136331249642,864691135277186789,10588.0
864691136331249642,864691135503182685,18040.0
864691136331249642,864691135584008045,500.0
864691136331249642,864691135584629613,4700.0
864691136331249642,864691136042982742,2592.0
864691136331249642,864691136603811281,2808.0
864691135970206821,864691135304679079,6548.0
864691135970206821,864691135510191369,2984.0
864691135970206821,864691135686414775,3304.0
864691135970206821,864691135755197133,17592.0
864691135970206821,864691136311106650,5876.0
864691135970206821,864691137054934902,356.0
864691135510846217,864691135417443514,1900.0
864691135510846217,864691135757040082,832.0
864691135510846217,864691135810492189,1608.0
864691135510846217,864691136058745048,3360.0
864691135510846217,864691136438666398,3272.0
864691135162908461,864691135385422677,1304.0
864691135162908461,864691135341198789,7212.0
864691135162908461,864691135741619051,240.0
864691135162908461,864691135955060232,6988.0
864691136092725684,864691135209194617,12016.0
864691136092725684,864691135294190518,3760.0
864691136092725684,864691135448698196,23956.0
864691136092725684,864691135695042751,12944.0
864691136092725684,864691135698922005,34252.0
864691136092725684,864691135857099310,6864.0
864691136092725684,864691135988557315,224.0
864691136092725684,864691135996158378,19896.0
864691136092725684,864691136137794941,5344.0
864691136092725684,864691136210344892,12540.0
864691136092725684,864691136330101226,26352.0
864691136092725684,864691136390183696,3812.0
864691136092725684,864691136437631902,1412.0
864691136092725684,864691136991202453,13804.0
864691136092725684,864691135470787666,34384.0
864691136092725684,864691135566168599,59624.0
864691136092725684,864691135866576604,17524.0
864691136092725684,864691136022520056,5264.0
864691136092725684,864691136239902780,1448.0
864691136119885080,864691135340055782,5712.0
864691136119885080,864691135342523057,11768.0
864691136119885080,864691135397846049,5552.0
864691136119885080,864691135741524587,15212.0
864691136119885080,864691135751110185,352.0
864691136119885080,864691136118686884,2556.0
864691136119885080,864691136363303138,5772.0
864691136119885080,864691136904488114,9500.0
864691136119885080,864691135335635177,4712.0
864691136119885080,864691135810466333,4760.0
864691136119885080,864691136101464181,2528.0
864691136391623039,864691136578982164,2208.0
864691135417045946,864691135212492992,5228.0
864691135417045946,864691135382556378,2176.0
864691135417045946,864691135495698832,7104.0
864691135417045946,864691135763495478,5292.0
864691135417045946,864691136578820884,41748.0
864691135417045946,864691135397982753,15132.0
864691135417045946,864691136010028974,2584.0
864691135417045946,864691136239068732,5336.0
864691135417045946,864691136298045979,1220.0
864691136453419007,864691135015154934,5296.0
864691136453419007,864691135102433056,33448.0
864691136453419007,864691135441799752,2228.0
864691136453419007,864691135725842603,3900.0
864691136453419007,864691135868210454,2692.0
864691136453419007,864691135939477508,12012.0
864691136453419007,864691136033227451,49252.0
864691136453419007,864691136137794941,4404.0
864691136453419007,864691136211385020,10420.0
864691136453419007,864691136228250961,2196.0
864691136453419007,864691136437631902,19628.0
864691136453419007,864691135135019168,6596.0
864691136453419007,864691135233242713,7556.0
864691136453419007,864691135258642863,4024.0
864691136453419007,864691135272069285,8468.0
864691136453419007,864691135470787666,2936.0
864691136453419007,864691135569592300,14772.0
864691136453419007,864691135719900721,4512.0
864691136453419007,864691135919956656,18852.0
864691136453419007,864691136043380566,580.0
864691136453419007,864691136336039091,656.0
864691136453419007,864691136976001308,232.0
864691136380757461,864691135405337326,28496.0
864691136380757461,864691135476528704,19532.0
864691136380757461,864691135502885954,7392.0
864691136380757461,864691135585266808,2116.0
864691136380757461,864691135739689073,8728.0
864691136380757461,864691135779020221,1764.0
864691136380757461,864691136389688695,27744.0
864691136380757461,864691134919972106,7600.0
864691136380757461,864691134950156796,5192.0
864691136380757461,864691135015652246,4852.0
864691136380757461,864691135155894884,22052.0
864691136380757461,864691135490326074,27328.0
864691136380757461,864691135774389755,8576.0
864691136380757461,864691135976425327,7136.0
864691136380757461,864691136092725684,32004.0
864691136380757461,864691136177629702,4152.0
864691136380757461,864691136311059034,2264.0
864691135852138183,864691136991202453,6308.0
864691135852138183,864691134886828794,5136.0
864691135952122147,864691135134695328,2228.0
864691135952122147,864691135428676144,1324.0
864691135952122147,864691135585046648,36132.0
864691135952122147,864691136275919117,12588.0
864691135952122147,864691135059143323,12944.0
864691135952122147,864691135885140848,2372.0
864691135952122147,864691136724880893,19908.0
864691135587519868,864691135210134905,2412.0
864691135587519868,864691135465932357,66220.0
864691135587519868,864691135540440178,12228.0
864691135587519868,864691135562975969,14276.0
864691135587519868,864691135577651230,11544.0
864691135587519868,864691135616048587,3396.0
864691135587519868,864691135939477508,42012.0
864691135587519868,864691135994226881,3544.0
864691135587519868,864691136314491965,3256.0
864691135587519868,864691136437631902,27008.0
864691135587519868,864691136524172689,1568.0
864691135587519868,864691136814627955,1736.0
864691135587519868,864691134887460346,3248.0
864691135587519868,864691135124146727,10372.0
864691135587519868,864691135470787666,5168.0
864691135587519868,864691135480892614,2496.0
864691135587519868,864691135504327861,1040.0
864691135587519868,864691135817419343,12596.0
864691135587519868,864691136288598467,5420.0
864691135587519868,864691136364308962,236.0
864691135587519868,864691136438717086,21176.0
864691135587519868,864691136603811281,784.0
864691135587519868,864691136619096795,1896.0
864691135587519868,864691136665051614,9652.0
864691135587519868,864691136742067804,2316.0
864691135587519868,864691136953873631,7096.0
864691135587519868,864691136976001308,984.0
864691135476495936,864691134966710559,4132.0
864691135476495936,864691135118894813,17104.0
864691135476495936,864691135209369465,884.0
864691135476495936,864691135294520844,1144.0
864691135476495936,864691135360346200,6188.0
864691135476495936,864691135396794101,22980.0
864691135476495936,864691135430346544,4992.0
864691135476495936,864691135465955397,2300.0
864691135476495936,864691135469753426,11764.0
864691135476495936,864691135504168285,5940.0
864691135476495936,864691135562474977,2880.0
864691135476495936,864691135577651230,25932.0
864691135476495936,864691135578360837,14660.0
864691135476495936,864691135583277677,2276.0
864691135476495936,864691135591726603,14452.0
864691135476495936,864691135593133067,16220.0
864691135476495936,864691135686283703,992.0
864691135476495936,864691135724393131,17776.0
864691135476495936,864691135725842603,924.0
864691135476495936,864691135727961663,25892.0
864691135476495936,864691135750958889,10904.0
864691135476495936,864691135751110185,3508.0
864691135476495936,864691135756075981,2384.0
864691135476495936,864691135778638013,2840.0
864691135476495936,864691135868386070,492.0
864691135476495936,864691135885911920,1988.0
864691135476495936,864691135892214409,3076.0
864691135476495936,864691135919645872,24552.0
864691135476495936,864691135947258916,42908.0
864691135476495936,864691136013367715,7896.0
864691135476495936,864691136091074615,5624.0
864691135476495936,864691136111559352,7016.0
864691135476495936,864691136118370724,3268.0
864691135476495936,864691136211175612,23248.0
864691135476495936,864691136211385020,3328.0
864691135476495936,864691136330101226,34616.0
864691135476495936,864691136391042167,10988.0
864691135476495936,864691136814508659,3028.0
864691135476495936,864691136913993713,3684.0
864691135476495936,864691136954050527,1456.0
864691135476495936,864691134949248508,1816.0
864691135476495936,864691134991010426,2244.0
864691135476495936,864691135258509487,716.0
864691135476495936,864691135277186789,564.0
864691135476495936,864691135342958789,9848.0
864691135476495936,864691135351096279,1192.0
864691135476495936,864691135469845388,3448.0
864691135476495936,864691135562004193,924.0
864691135476495936,864691135572385061,18308.0
864691135476495936,864691135577749022,3432.0
864691135476495936,864691135584629613,3188.0
864691135476495936,864691135698211994,3672.0
864691135476495936,864691135774179147,6852.0
864691135476495936,864691135787537348,3420.0
864691135476495936,864691135842486243,8464.0
864691135476495936,864691135942924148,3508.0
864691135476495936,864691135970206821,10196.0
864691135476495936,864691136026254649,1220.0
864691135476495936,864691136042982742,1968.0
864691135476495936,864691136058745048,10088.0
864691135476495936,864691136101516661,1616.0
864691135476495936,864691136523288465,4588.0
864691135476495936,864691136523335057,1428.0
864691135476495936,864691136604001745,10168.0
864691135476495936,864691136991359893,324.0
864691135749995049,864691135134695328,2832.0
864691135749995049,864691135772053835,5556.0
864691135749995049,864691136194355176,2328.0
864691135764583990,864691135214931072,8968.0
864691135764583990,864691135339600102,11028.0
864691135764583990,864691135362104647,43572.0
864691135764583990,864691135398805281,26212.0
864691135764583990,864691135416233914,1964.0
864691135764583990,864691135493149927,2016.0
864691135764583990,864691135654715586,13220.0
864691135764583990,864691135685087474,22792.0
864691135764583990,864691135694415551,21924.0
864691135764583990,864691135720638769,73660.0
864691135764583990,864691135750307881,8036.0
864691135764583990,864691135878061395,5452.0
864691135764583990,864691135955962888,4216.0
864691135764583990,864691135977666883,42244.0
864691135764583990,864691136091634487,3088.0
864691135764583990,864691136118370724,9508.0
864691135764583990,864691136314491965,29504.0
864691135764583990,864691136330101226,1372.0
864691135764583990,864691136523216017,10832.0
864691135764583990,864691136991202453,8812.0
864691135764583990,864691135258642863,27436.0
864691135764583990,864691135343818161,3276.0
864691135764583990,864691135405626862,20348.0
864691135764583990,864691135493620831,8268.0
864691135764583990,864691135503182685,79384.0
864691135764583990,864691135566168599,4212.0
864691135764583990,864691135684657079,19764.0
864691135764583990,864691135861093992,2348.0
864691135764583990,864691135928366606,4880.0
864691135764583990,864691136381301461,9920.0
864691135764583990,864691136389607287,464.0
864691135764583990,864691136665051614,10012.0
864691135764583990,864691136813937267,85144.0
864691135764583990,864691136914414321,10520.0
864691136298045979,864691135385422677,1852.0
864691136298045979,864691135416233914,332.0
864691136298045979,864691135518989962,2352.0
864691136298045979,864691136117770660,36480.0
864691136298045979,864691135367033849,4492.0
864691136298045979,864691136275031565,1036.0
864691136298045979,864691136311106650,3684.0
864691135861093992,864691135060651419,1752.0
864691135861093992,864691135757083346,772.0
864691135861093992,864691135774053371,4188.0
864691135861093992,864691135939477508,1472.0
864691135861093992,864691136013367715,3924.0
864691135861093992,864691136330101226,10372.0
864691135861093992,864691136437631902,20064.0
864691135861093992,864691136814627955,192.0
864691135861093992,864691134950156796,6772.0
864691135861093992,864691135325263004,2220.0
864691135861093992,864691135343818161,4696.0
864691135861093992,864691135405626862,1580.0
864691135861093992,864691135448303762,13456.0
864691135861093992,864691135490326074,28240.0
864691135861093992,864691135617152361,25924.0
864691135861093992,864691135655390658,1340.0
864691135861093992,864691135994235841,408.0
864691135861093992,864691136043380566,268.0
864691136227484753,864691135782241616,4620.0
864691136227484753,864691135233242713,1008.0
864691135490326074,864691135782156368,4632.0
864691135490326074,864691135839950227,3124.0
864691135490326074,864691136195798504,3160.0
864691135490326074,864691137021264750,648.0
864691135490326074,864691135257669039,764.0
864691135490326074,864691136043380566,2856.0
864691135490326074,864691136195400150,30560.0
864691135490326074,864691136298125851,1116.0
864691135490326074,864691136419797655,8044.0
864691135490326074,864691136438469534,27228.0
864691135490326074,864691136453419007,1188.0
864691135496440208,864691135102151968,34664.0
864691135496440208,864691135136360217,1848.0
864691135496440208,864691135210134905,2540.0
864691135496440208,864691135294190518,27428.0
864691135496440208,864691135362104647,27892.0
864691135496440208,864691135388368001,8360.0
864691135496440208,864691135469753426,35060.0
864691135496440208,864691135518283475,83868.0
864691135496440208,864691135582973549,6752.0
864691135496440208,864691135619756943,3440.0
864691135496440208,864691135731679929,15876.0
864691135496440208,864691135774053371,4664.0
864691135496440208,864691135885911920,1704.0
864691135496440208,864691135977666883,4360.0
864691135496440208,864691136195798504,1800.0
864691135496440208,864691136274655166,2524.0
864691135496440208,864691136330101226,9100.0
864691135496440208,864691136373008520,11012.0
864691135496440208,864691136452602367,2200.0
864691135496440208,864691135470787666,1284.0
864691135496440208,864691135576881950,17900.0
864691135496440208,864691135725748139,3048.0
864691135496440208,864691135970226021,9228.0
864691135496440208,864691136022520056,196.0
864691135496440208,864691136034084795,15560.0
864691135496440208,864691136389921911,3832.0
864691135496440208,864691136453419007,15704.0
864691135584629613,864691134948788476,4828.0
864691135584629613,864691135294442678,34152.0
864691135584629613,864691135339600102,4224.0
864691135584629613,864691135362104647,27528.0
864691135584629613,864691135577644574,2260.0
864691135584629613,864691135774294603,440.0
864691135584629613,864691135977666883,5820.0
864691135584629613,864691136011684526,7892.0
864691135584629613,864691136195798504,19748.0
864691135584629613,864691136437631902,11552.0
864691135584629613,864691135060727707,6876.0
864691135584629613,864691135272003237,22944.0
864691135584629613,864691135587371132,11096.0
864691135584629613,864691135688186080,32928.0
864691135584629613,864691135725920939,15848.0
864691135584629613,864691135741780116,3492.0
864691135584629613,864691135774389755,8600.0
864691135584629613,864691135919956656,16764.0
864691135584629613,864691136042982742,440.0
864691135584629613,864691136905560754,7924.0
864691136041575422,864691134948788476,268.0
864691136041575422,864691135695146943,2248.0
864691136041575422,864691135937286404,228.0
864691136041575422,864691136136778621,3104.0
864691136041575422,864691136195391208,5696.0
864691136041575422,864691136228250961,34508.0
864691136041575422,864691136619882637,4772.0
864691136041575422,864691135455400554,10616.0
864691136041575422,864691135646481135,30856.0
864691136041575422,864691135688186080,61056.0
864691136041575422,864691135731705273,1684.0
864691136041575422,864691135927647956,2816.0
864691136041575422,864691136011768494,2132.0
864691136041575422,864691136022520056,6092.0
864691136041575422,864691136330407914,34452.0
864691136041575422,864691136484364844,652.0
864691136041575422,864691136674495623,5120.0
864691136438469534,864691135562975969,1832.0
864691136438469534,864691135685087474,12812.0
864691136438469534,864691135741458324,9388.0
864691136438469534,864691136011686318,4532.0
864691136438469534,864691136091634487,1520.0
864691136438469534,864691136437631902,53252.0
864691136438469534,864691136618795227,5208.0
864691136438469534,864691135369002233,1784.0
864691136438469534,864691135405626862,1668.0
864691136438469534,864691135732210873,2692.0
864691136438469534,864691135817419343,2604.0
864691136438469534,864691136364308962,2632.0
864691136135963787,864691136025184569,3040.0
864691136135963787,864691136117770660,280.0
864691136135963787,864691136363473634,22624.0
864691136135963787,864691135113733529,18788.0
864691136135963787,864691135271463077,908.0
864691136135963787,864691137198382657,7012.0
864691135273918993,864691135782156368,15820.0
864691135273918993,864691135809608652,8568.0
864691135325487004,864691135067066948,2712.0
864691135325487004,864691135396940021,6348.0
864691135325487004,864691135466158917,39336.0
864691135325487004,864691135562842337,8028.0
864691135325487004,864691135587532924,4908.0
864691135325487004,864691135774053371,824.0
864691135325487004,864691135808925981,3840.0
864691135325487004,864691136392785279,12684.0
864691135325487004,864691136488414994,2160.0
864691135325487004,864691136991202453,4992.0
864691135325487004,864691137199828801,3184.0
864691135325487004,864691134942169955,1560.0
864691135325487004,864691135368949241,3344.0
864691135325487004,864691135504327861,28656.0
864691135325487004,864691135577749022,3496.0
864691135325487004,864691135688186080,3976.0
864691135325487004,864691135743102827,5432.0
864691135325487004,864691135976425327,2032.0
864691135325487004,864691136010639022,2616.0
864691135325487004,864691136195834070,3196.0
864691135325487004,864691136438469534,26408.0
864691136034084795,864691135504081986,15024.0
864691136034084795,864691135562842337,20004.0
864691136034084795,864691135750307881,2988.0
864691136034084795,864691135839950227,11776.0
864691136034084795,864691135878061395,1128.0
864691136034084795,864691136927187786,2640.0
864691136034084795,864691135688186080,3804.0
864691136034084795,864691135689417440,3116.0
864691136034084795,864691135698211994,2544.0
864691136813937267,864691135362104647,12008.0
864691136813937267,864691135685087474,8336.0
864691136813937267,864691135774368763,57460.0
864691136813937267,864691135779049056,18940.0
864691136813937267,864691135947258916,7528.0
864691136813937267,864691136228250961,4688.0
864691136813937267,864691136330101226,1364.0
864691136813937267,864691136437631902,17532.0
864691136813937267,864691136452602367,11984.0
864691136813937267,864691136991202453,8828.0
864691136813937267,864691135257669039,1048.0
864691136813937267,864691135271038885,2344.0
864691136813937267,864691135304641703,2660.0
864691136813937267,864691135490326074,5684.0
864691136813937267,864691135577749022,22388.0
864691136813937267,864691135584629613,5724.0
864691136813937267,864691135764583990,7952.0
864691136813937267,864691135861093992,8788.0
864691136813937267,864691136022520056,2136.0
864691136813937267,864691136298125851,2100.0
864691136813937267,864691136331249642,11596.0
864691136813937267,864691136380757461,4300.0
864691136812081779,864691135491204327,920.0
864691136812081779,864691135572530981,1700.0
864691136812081779,864691135593659947,1668.0
864691136812081779,864691135659358850,2104.0
864691136812081779,864691135700648226,4732.0
864691136812081779,864691136136766845,2292.0
864691136812081779,864691135014355094,3088.0
864691136812081779,864691135082864887,8184.0
864691136812081779,864691135233242713,4236.0
864691136812081779,864691135273918993,3016.0
864691136812081779,864691136298045979,8928.0
864691136604001745,864691135277309669,360.0
864691136604001745,864691135417478842,2516.0
864691136604001745,864691135469753426,2256.0
864691136604001745,864691135518283475,3088.0
864691136604001745,864691135750307881,1964.0
864691136604001745,864691135839932307,4736.0
864691136604001745,864691136437631902,3228.0
864691136604001745,864691137021264750,22308.0
864691136604001745,864691135101431072,41720.0
864691136604001745,864691135470787666,2136.0
864691136604001745,864691135493686111,1544.0
864691136604001745,864691135496440208,3060.0
864691136604001745,864691136177629702,8432.0
864691136604001745,864691136314404669,1016.0
864691136604001745,864691136619096795,2608.0
864691135448303762,864691134942472035,4280.0
864691135448303762,864691135164887853,164.0
864691135448303762,864691135362104647,3964.0
864691135448303762,864691135465932357,56664.0
864691135448303762,864691135750307881,11916.0
864691135448303762,864691135868919318,13548.0
864691135448303762,864691136228250961,5736.0
864691135448303762,864691136274655166,4472.0
864691135448303762,864691136524172689,3792.0
864691135448303762,864691135135019168,5080.0
864691135448303762,864691135257669039,1568.0
864691135448303762,864691135280481697,5784.0
864691135448303762,864691135717163802,1628.0
864691135448303762,864691135919956656,12764.0
864691135448303762,864691136119885080,9140.0
864691135448303762,864691136144674612,6628.0
864691135448303762,864691136331249642,4784.0
864691135448303762,864691136742067804,6036.0
864691135448303762,864691137198691137,1620.0
864691135662408944,864691134919869706,1488.0
864691135662408944,864691135294442678,3372.0
864691135662408944,864691135398817569,592.0
864691135662408944,864691135502885954,1900.0
864691135662408944,864691135540440178,3336.0
864691135662408944,864691135778419901,2516.0
864691135662408944,864691135839932307,20536.0
864691135662408944,864691136137293195,4120.0
864691135662408944,864691134965778719,8640.0
864691135662408944,864691135060727707,9564.0
864691135662408944,864691135155894884,19284.0
864691135662408944,864691135493620831,4144.0
864691135662408944,864691135566168599,8024.0
864691135662408944,864691135584629613,17504.0
864691135662408944,864691136177629702,22812.0
864691135662408944,864691136314404669,6836.0
864691135662408944,864691136523033233,8176.0
864691135662408944,864691136603811281,2840.0
864691135662408944,864691137055367798,22832.0
864691135743102827,864691135430346544,868.0
864691135743102827,864691135455507818,9936.0
864691135743102827,864691135466158917,3084.0
864691135743102827,864691135518283475,29796.0
864691135743102827,864691135518989962,19740.0
864691135743102827,864691135562975969,3052.0
864691135743102827,864691135577651230,2184.0
864691135743102827,864691135656674242,9112.0
864691135743102827,864691135685087474,2252.0
864691135743102827,864691135731679929,17804.0
864691135743102827,864691135750958889,68660.0
864691135743102827,864691135774294603,28664.0
864691135743102827,864691135855890478,2204.0
864691135743102827,864691135939008565,1764.0
864691135743102827,864691136040834558,2972.0
864691135743102827,864691136111251896,25124.0
864691135743102827,864691136195391208,4072.0
864691135743102827,864691136210344892,1588.0
864691135743102827,864691136228250961,1216.0
864691135743102827,864691136314491965,2308.0
864691135743102827,864691136373008520,2684.0
864691135743102827,864691136421279639,3112.0
864691135743102827,864691136578820884,1072.0
864691135743102827,864691136664950750,3836.0
864691135743102827,864691136991202453,712.0
864691135743102827,864691137021264750,15932.0
864691135743102827,864691134942169955,1408.0
864691135743102827,864691135233242713,9556.0
864691135743102827,864691135257669039,1052.0
864691135743102827,864691135258642863,18348.0
864691135743102827,864691135662408944,2140.0
864691135743102827,864691135689417440,5440.0
864691135743102827,864691135757040082,35116.0
864691135743102827,864691135764015926,7384.0
864691135743102827,864691135782544435,20428.0
864691135743102827,864691135861093992,14284.0
864691135743102827,864691136022520056,6152.0
864691135743102827,864691136125433894,7700.0
864691135743102827,864691136195400150,5616.0
864691135743102827,864691136330407914,12748.0
864691135743102827,864691136914414321,468.0
864691135455400554,864691135493149927,11632.0
864691135455400554,864691135619756943,6348.0
864691135455400554,864691136023889209,1820.0
864691135455400554,864691136524172689,12580.0
864691135455400554,864691136618795227,3664.0
864691135455400554,864691136968542926,3624.0
864691135455400554,864691135304641703,8604.0
864691135455400554,864691135357351375,10620.0
864691135455400554,864691135698211994,4976.0
864691135455400554,864691135738969220,48380.0
864691135455400554,864691135816565839,18588.0
864691135455400554,864691136010639022,5396.0
864691135738969220,864691135164887853,16080.0
864691135738969220,864691135214986368,6120.0
864691135738969220,864691135466236229,18048.0
864691135738969220,864691135567047191,8232.0
864691135738969220,864691135577644574,3360.0
864691135738969220,864691135586724220,18592.0
864691135738969220,864691135694415551,4060.0
864691135738969220,864691135695146943,1564.0
864691135738969220,864691135739689073,11168.0
864691135738969220,864691135750307881,32428.0
864691135738969220,864691136674749575,6332.0
864691135738969220,864691136968542926,4104.0
864691135738969220,864691135258642863,4464.0
864691135738969220,864691135272069285,33364.0
864691135738969220,864691135304641703,38724.0
864691135738969220,864691135493620831,23064.0
864691135738969220,864691135584629613,14636.0
864691135738969220,864691135688186080,13236.0
864691135738969220,864691135774389755,10592.0
864691135738969220,864691135802453858,23500.0
864691135738969220,864691135970226021,13664.0
864691135738969220,864691136022520056,17252.0
864691135738969220,864691136137237899,4656.0
864691135738969220,864691136364308962,1848.0
864691135738969220,864691136419797655,61244.0
864691135738969220,864691136813937267,1964.0
864691135738969220,864691136905560754,23696.0
864691136674495623,864691135060651419,5284.0
864691136674495623,864691135136360217,280.0
864691136674495623,864691135294442678,2388.0
864691136674495623,864691135362104647,38940.0
864691136674495623,864691135465932357,2000.0
864691136674495623,864691135562474977,7136.0
864691136674495623,864691135585266808,5064.0
864691136674495623,864691135892214409,2244.0
864691136674495623,864691136238090767,10780.0
864691136674495623,864691136372039560,2080.0
864691136674495623,864691136968542926,9496.0
864691136674495623,864691135015652246,444.0
864691136674495623,864691135257669039,2728.0
864691136674495623,864691135384843738,1620.0
864691136674495623,864691135490326074,3388.0
864691136674495623,864691135493620831,6492.0
864691136674495623,864691135504327861,4268.0
864691136674495623,864691135617152361,16472.0
864691136674495623,864691136665051614,34716.0
864691136674495623,864691136674744199,4556.0
864691136674495623,864691136905560754,19504.0
864691136239460668,864691136228250961,364.0
864691136239460668,864691135405626862,436.0
864691136239460668,864691135464795710,228.0
864691135408560329,864691135382556378,9528.0
864691135082864887,864691135157025636,5904.0
864691135082864887,864691135404763374,32288.0
864691135082864887,864691135519106442,1068.0
864691135082864887,864691136194355176,8136.0
864691135082864887,864691136445215875,424.0
864691135082864887,864691136903681458,3668.0
864691135082864887,864691135102274592,8388.0
864691135082864887,864691135778132576,936.0
864691135082864887,864691135782544435,2288.0
864691135082864887,864691135864188286,23600.0
864691136137237899,864691134942472035,16540.0
864691136137237899,864691135362104647,9504.0
864691136137237899,864691135469753426,3404.0
864691136137237899,864691135584504429,8180.0
864691136137237899,864691135619756943,9276.0
864691136137237899,864691135750307881,6796.0
864691136137237899,864691135774053371,3212.0
864691136137237899,864691135886208112,2276.0
864691136137237899,864691135977666883,15724.0
864691136137237899,864691136330101226,10704.0
864691136137237899,864691136968542926,34872.0
864691136137237899,864691135257669039,21608.0
864691136137237899,864691135258642863,8564.0
864691136137237899,864691135304641703,1968.0
864691136137237899,864691135738969220,24180.0
864691136137237899,864691135919956656,20712.0
864691136137237899,864691136021865976,3712.0
864691136137237899,864691136177629702,31860.0
864691136137237899,864691136419797655,16072.0
864691136137237899,864691136742067804,264.0
864691136311106650,864691135134695328,5316.0
864691136311106650,864691135429763120,10228.0
864691136311106650,864691135468854156,16772.0
864691136311106650,864691135654715586,2080.0
864691136311106650,864691135763495478,3744.0
864691136311106650,864691135975539779,4520.0
864691136311106650,864691136108938168,6768.0
864691136311106650,864691136136778621,2152.0
864691136311106650,864691136194355176,3004.0
864691136311106650,864691136275919117,604.0
864691136311106650,864691136309871706,5672.0
864691136311106650,864691134886828794,4756.0
864691136311106650,864691135684657079,3936.0
864691136311106650,864691135749141801,10712.0
864691136311106650,864691135915343462,2456.0
864691136311106650,864691136089194039,11956.0
864691136311106650,864691136137834877,8304.0
864691136311106650,864691136176327430,2756.0
864691136311106650,864691136227484753,33704.0
864691136311106650,864691136273494206,2428.0
864691136311106650,864691136724880893,18932.0
864691135384843738,864691134949081852,412.0
864691135384843738,864691135360096071,17548.0
864691135384843738,864691135362104647,81832.0
864691135384843738,864691135385422677,548.0
864691135384843738,864691135868916246,1764.0
864691135384843738,864691136211175612,400.0
864691135384843738,864691136904488114,12112.0
864691135384843738,864691135157994084,3292.0
864691135384843738,864691135295165196,4432.0
864691135384843738,864691135757040082,9280.0
864691135384843738,864691136010028974,3140.0
864691135384843738,864691136239902780,16024.0
864691135384843738,864691136239980604,3872.0
864691135384843738,864691136452447743,9172.0
864691135101431072,864691135455123562,24952.0
864691135101431072,864691135782265424,336.0
864691135101431072,864691135937286404,3644.0
864691135101431072,864691135405626862,30624.0
864691135101431072,864691135502730562,1404.0
864691135101431072,864691135885140848,6056.0
864691135101431072,864691136298125851,3184.0
864691135576881950,864691135102151968,2596.0
864691135576881950,864691135277309669,1624.0
864691135576881950,864691135757083346,3460.0
864691135576881950,864691135774053371,3144.0
864691135576881950,864691135782506832,2992.0
864691135576881950,864691135801463650,4072.0
864691135576881950,864691135994226881,1508.0
864691135576881950,864691136011686318,3688.0
864691135576881950,864691136085781356,3472.0
864691135576881950,864691136228250961,176.0
864691135576881950,864691136373008520,19720.0
864691135576881950,864691136437631902,55420.0
864691135576881950,864691136524172689,7816.0
864691135576881950,864691135102274592,276.0
864691135576881950,864691135119709149,3980.0
864691135576881950,864691135135019168,3536.0
864691135576881950,864691135258642863,16228.0
864691135576881950,864691135304641703,6296.0
864691135576881950,864691135343818161,9088.0
864691135576881950,864691135384176619,212.0
864691135576881950,864691135388828033,4116.0
864691135576881950,864691135492568551,408.0
864691135576881950,864691135493686111,24096.0
864691135576881950,864691135591041291,19296.0
864691135576881950,864691136010639022,3276.0
864691135576881950,864691136022520056,93440.0
864691135576881950,864691136042982742,4320.0
864691135576881950,864691136298125851,8128.0
864691135576881950,864691136419797655,22700.0
864691135576881950,864691136420279191,4700.0
864691135576881950,864691136452609023,6512.0
864691135576881950,864691137055367798,26372.0
864691135816565839,864691135774294603,5540.0
864691135816565839,864691135955962888,35896.0
864691135816565839,864691136111251896,13616.0
864691135816565839,864691136137794941,11732.0
864691135816565839,864691135546902056,6156.0
864691135816565839,864691135774389755,4936.0
864691135816565839,864691136089194039,24884.0
864691135816565839,864691136119885080,12560.0
864691136273494206,864691135134695328,6212.0
864691136273494206,864691135878061395,528.0
864691136273494206,864691135928366606,2600.0
864691135940685057,864691135937286404,2224.0
864691135940685057,864691136334080435,3112.0
864691134991010426,864691134942472035,5176.0
864691134991010426,864691135060651419,4656.0
864691134991010426,864691135102151968,4532.0
864691134991010426,864691135567047191,2588.0
864691134991010426,864691135577651230,34108.0
864691134991010426,864691135619756943,29116.0
864691134991010426,864691135656578242,13588.0
864691134991010426,864691135750307881,8688.0
864691134991010426,864691135750958889,16576.0
864691134991010426,864691135774294603,2076.0
864691134991010426,864691135839932307,17988.0
864691134991010426,864691135892214409,5052.0
864691134991010426,864691136011686318,26468.0
864691134991010426,864691136091634487,18336.0
864691134991010426,864691136118686884,3068.0
864691134991010426,864691136195798504,8896.0
864691134991010426,864691136389688695,12716.0
864691134991010426,864691136437631902,32780.0
864691134991010426,864691136445215875,28072.0
864691134991010426,864691136619693275,3368.0
864691134991010426,864691136674749575,3676.0
864691134991010426,864691135209432185,26320.0
864691134991010426,864691135271038885,7112.0
864691134991010426,864691135272003237,4388.0
864691134991010426,864691135503182685,17708.0
864691134991010426,864691135584629613,18208.0
864691134991010426,864691135586240120,320.0
864691134991010426,864691135741780116,3716.0
864691134991010426,864691135773073147,5240.0
864691134991010426,864691135774389755,1180.0
864691134991010426,864691135842486243,12120.0
864691134991010426,864691136042982742,33600.0
864691134991010426,864691136177629702,12344.0
864691134991010426,864691136381301461,1044.0
864691134991010426,864691136390788215,16292.0
864691134991010426,864691136976001308,18792.0
864691135408808649,864691135756075981,2172.0
864691135408808649,864691136330101226,13340.0
864691135408808649,864691135774389755,1216.0
864691135408808649,864691136419797655,2960.0
864691135325263004,864691135396794101,15916.0
864691135325263004,864691135504168285,1388.0
864691135325263004,864691135741458324,796.0
864691135325263004,864691135853088967,1052.0
864691135325263004,864691135947258916,22664.0
864691135325263004,864691135994226881,1476.0
864691135325263004,864691136011686318,2808.0
864691135325263004,864691136211385020,9608.0
864691135325263004,864691136312150874,5848.0
864691135325263004,864691136314491965,9920.0
864691135325263004,864691136445215875,47432.0
864691135325263004,864691135102274592,4696.0
864691135325263004,864691135258509487,5012.0
864691135325263004,864691135258642863,10084.0
864691135325263004,864691135504327861,1360.0
864691135325263004,864691135655390658,17168.0
864691135325263004,864691136043380566,5236.0
864691135325263004,864691136976001308,2332.0
864691135325263004,864691137198691137,600.0
864691135578103301,864691135382556378,224.0
864691135578103301,864691136663528670,484.0
864691135731705273,864691135270320293,5980.0
864691135731705273,864691136596815778,712.0
864691135717163802,864691134949221372,204.0
864691135717163802,864691135362104647,72876.0
864691135717163802,864691135384344043,1160.0
864691135717163802,864691135465932357,10424.0
864691135717163802,864691135572346349,7500.0
864691135717163802,864691135577644574,16964.0
864691135717163802,864691135585266808,48540.0
864691135717163802,864691136033227451,3756.0
864691135717163802,864691136091634487,4484.0
864691135717163802,864691136137794941,780.0
864691135717163802,864691136195798504,13296.0
864691135717163802,864691136228250961,26700.0
864691135717163802,864691134950156796,936.0
864691135717163802,864691134991010426,2852.0
864691135717163802,864691135277186789,4936.0
864691135717163802,864691135566168599,3928.0
864691135717163802,864691135694246079,2400.0
864691135717163802,864691135743102827,1848.0
864691135717163802,864691135919956656,2856.0
864691135717163802,864691136125457446,6900.0
864691135717163802,864691136452447743,2576.0
864691135277186789,864691135727790911,24928.0
864691135277186789,864691135937286404,5516.0
864691135277186789,864691135503182685,35768.0
864691135277186789,864691135742756203,10796.0
864691135277186789,864691135774389755,632.0
864691135277186789,864691135970206821,24828.0
864691135272069285,864691136228250961,3044.0
864691135272069285,864691135271696549,6736.0
864691135272069285,864691136523033233,3744.0
864691134884807418,864691135382556378,17636.0
864691134884807418,864691135385422677,11556.0
864691134884807418,864691136143696692,8368.0
864691134884807418,864691136904761266,1236.0
864691134884807418,864691135117980637,16156.0
864691134884807418,864691135408560329,3896.0
864691134884807418,864691135578103301,2600.0
864691134884807418,864691135731705273,7260.0
864691134884807418,864691136239068732,7900.0
864691134884807418,864691136275031565,12840.0
864691135994235841,864691135277309669,4232.0
864691135994235841,864691135346685855,2956.0
864691135994235841,864691135585266808,5876.0
864691135994235841,864691135695146943,8560.0
864691135994235841,864691135741458324,8808.0
864691135994235841,864691135750307881,36716.0
864691135994235841,864691136437631902,5072.0
864691135994235841,864691136674749575,6828.0
864691135994235841,864691135257669039,2612.0
864691135994235841,864691135304641703,7076.0
864691135994235841,864691135490326074,9648.0
864691135994235841,864691135928366606,5384.0
864691135994235841,864691136043380566,13928.0
864691135994235841,864691136976001308,3488.0
864691136177629702,864691134949221372,22324.0
864691136177629702,864691135398805281,3092.0
864691136177629702,864691135441799752,2960.0
864691136177629702,864691135562975969,2512.0
864691136177629702,864691135685087474,1936.0
864691136177629702,864691135774368763,6184.0
864691136177629702,864691135779049056,860.0
864691136177629702,864691135782241616,3324.0
864691136177629702,864691135782506832,7388.0
864691136177629702,864691135878061395,3560.0
864691136177629702,864691135941300993,9628.0
864691136177629702,864691136040834558,1020.0
864691136177629702,864691136195798504,3232.0
864691136177629702,864691136313406781,2860.0
864691136177629702,864691135258642863,7380.0
864691136177629702,864691135277186789,54884.0
864691136177629702,864691135490326074,1492.0
864691136177629702,864691135861093992,3172.0
864691136177629702,864691135919956656,2816.0
864691136177629702,864691135970226021,680.0
864691136177629702,864691135993150913,2672.0
864691136177629702,864691136043380566,3852.0
864691136177629702,864691136314404669,2044.0
864691136177629702,864691136453419007,872.0
864691136177629702,864691136604001745,900.0
864691136177629702,864691136905560754,36032.0
864691135463695429,864691135118894813,3172.0
864691135617152361,864691135339600102,4776.0
864691135617152361,864691135360482392,2072.0
864691135617152361,864691135362104647,9240.0
864691135617152361,864691135430346544,492.0
864691135617152361,864691135448698196,332.0
864691135617152361,864691135469753426,2644.0
864691135617152361,864691135518283475,3464.0
864691135617152361,864691135572346349,5252.0
864691135617152361,864691135685087474,20916.0
864691135617152361,864691135739689073,2904.0
864691135617152361,864691135801463650,4208.0
864691135617152361,864691135868916246,6292.0
864691135617152361,864691135955962888,8952.0
864691135617152361,864691135977654851,2808.0
864691135617152361,864691136034011579,6828.0
864691135617152361,864691136137293195,5084.0
864691135617152361,864691136314473021,7488.0
864691135617152361,864691136484732972,980.0
864691135617152361,864691136664950750,11780.0
864691135617152361,864691137021162094,24680.0
864691135617152361,864691137021264750,10440.0
864691135617152361,864691135258642863,14724.0
864691135617152361,864691135408808649,19552.0
864691135617152361,864691135480892614,1076.0
864691135617152361,864691135499707667,4912.0
864691135617152361,864691135725748139,13400.0
864691135617152361,864691135810492189,4416.0
864691135617152361,864691136022520056,34720.0
864691135617152361,864691136311059034,2364.0
864691135617152361,864691136380757461,468.0
864691135617152361,864691136484364844,620.0
864691135617152361,864691136665051614,2412.0
864691135617152361,864691136975144988,23760.0
864691135566155351,864691135852138183,11856.0
864691135566155351,864691136389607287,872.0
864691135271696549,864691134949221372,26404.0
864691135271696549,864691135562410721,676.0
864691135271696549,864691135741998484,656.0
864691135271696549,864691135808684573,3196.0
864691135271696549,864691135868060950,5288.0
864691135271696549,864691136034011579,2184.0
864691135271696549,864691136137293195,6232.0
864691135271696549,864691136330101226,8700.0
864691135271696549,864691134919972106,1380.0
864691135271696549,864691135277186789,3836.0
864691135271696549,864691135584008045,3048.0
864691135271696549,864691135738969220,14308.0
864691135271696549,864691136381301461,3256.0
864691135271696549,864691136596901026,4240.0
864691135271696549,864691137056393846,6260.0
864691136914414321,864691134966324767,7968.0
864691136914414321,864691135476528704,3604.0
864691136914414321,864691135491204327,1304.0
864691136914414321,864691135504168285,1324.0
864691136914414321,864691135518283475,5568.0
864691136914414321,864691135518453642,13620.0
864691136914414321,864691135585046648,11636.0
864691136914414321,864691135654715586,21060.0
864691136914414321,864691135868957462,4360.0
864691136914414321,864691135941300993,4940.0
864691136914414321,864691135994226881,908.0
864691136914414321,864691136086630764,1168.0
864691136914414321,864691136111251896,13008.0
864691136914414321,864691136195391208,9692.0
864691136914414321,864691136211175612,31532.0
864691136914414321,864691136228250961,37540.0
864691136914414321,864691136228491601,12752.0
864691136914414321,864691136421279639,12852.0
864691136914414321,864691134884807418,3204.0
864691136914414321,864691135015652246,36764.0
864691136914414321,864691135304641703,184.0
864691136914414321,864691135324623260,13100.0
864691136914414321,864691135325487004,26140.0
864691136914414321,864691135725748139,5500.0
864691136914414321,864691135741910164,904.0
864691136914414321,864691135764015926,6396.0
864691136914414321,864691135773073147,16592.0
864691136914414321,864691135810773452,3012.0
864691136914414321,864691135928366606,4760.0
864691136914414321,864691135970226021,364.0
864691136914414321,864691136022520056,308136.0
864691136914414321,864691136125433894,11076.0
864691136914414321,864691136125457446,1188.0
864691136914414321,864691136452609023,7296.0
864691136914414321,864691136453419007,1496.0
864691136914414321,864691136813937267,19328.0
864691135773073147,864691134941412707,4164.0
864691135773073147,864691135294442678,11700.0
864691135773073147,864691135294520844,6464.0
864691135773073147,864691135577651230,5468.0
864691135773073147,864691135731679929,13032.0
864691135773073147,864691135750307881,65712.0
864691135773073147,864691135938816260,6700.0
864691135773073147,864691136011686318,5752.0
864691135773073147,864691136275894285,12856.0
864691135773073147,864691136330101226,28960.0
864691135773073147,864691136391042167,10204.0
864691135773073147,864691136437631902,2496.0
864691135773073147,864691136453384959,2040.0
864691135773073147,864691134949248508,35172.0
864691135773073147,864691135135019168,12540.0
864691135773073147,864691135493686111,4268.0
864691135773073147,864691135584008045,15292.0
864691135773073147,864691135842486243,17416.0
864691135773073147,864691136137237899,16884.0
864691135773073147,864691136177629702,5236.0
864691135773073147,864691136238679567,5344.0
864691135773073147,864691136619096795,10376.0
864691135773073147,864691136914414321,14508.0
864691135773073147,864691137056393846,17596.0
864691135304641703,864691135277309669,3840.0
864691135304641703,864691135567047191,3492.0
864691135304641703,864691135619756943,10852.0
864691135304641703,864691135763941174,8408.0
864691135304641703,864691135868919318,3332.0
864691135304641703,864691136137794941,9168.0
864691135304641703,864691136968542926,1900.0
864691135304641703,864691136991202453,18292.0
864691135304641703,864691137021264750,46296.0
864691135304641703,864691135015652246,19644.0
864691135304641703,864691135164772653,2752.0
864691135304641703,864691135546902056,5088.0
864691135304641703,864691135688186080,13164.0
864691135304641703,864691135738969220,11476.0
864691135304641703,864691135774179147,3992.0
864691135304641703,864691135774389755,1628.0
864691135304641703,864691135842486243,12644.0
864691135304641703,864691136092725684,824.0
864691135304641703,864691136331249642,1304.0
864691135304641703,864691136914414321,7476.0
864691135304641703,864691137198691137,2768.0
864691134950156796,864691134949081852,1148.0
864691134950156796,864691135210134905,2224.0
864691134950156796,864691135465343045,2132.0
864691134950156796,864691135562975969,488.0
864691134950156796,864691135577651230,15496.0
864691134950156796,864691135594721579,52464.0
864691134950156796,864691135742102635,27976.0
864691134950156796,864691135839932307,1312.0
864691134950156796,864691136043283030,5744.0
864691134950156796,864691136991202453,1108.0
864691134950156796,864691134989865338,6120.0
864691134950156796,864691135060727707,17132.0
864691134950156796,864691135155894884,27684.0
864691134950156796,864691135277186789,2436.0
864691134950156796,864691135448303762,4192.0
864691134950156796,864691135469422674,3108.0
864691134950156796,864691135476495936,184.0
864691134950156796,864691135566168599,3832.0
864691134950156796,864691135689417440,4480.0
864691134950156796,864691135738969220,4396.0
864691134950156796,864691135739587697,12220.0
864691134950156796,864691135743102827,37412.0
864691134950156796,864691135810492189,3340.0
864691134950156796,864691135810905036,2996.0
864691134950156796,864691135861093992,5636.0
864691134950156796,864691136022520056,10932.0
864691134950156796,864691136026254649,15732.0
864691134950156796,864691136034084795,15480.0
864691134950156796,864691136331249642,3452.0
864691134950156796,864691136364308962,1416.0
864691136023980601,864691135270320293,3192.0
864691136023980601,864691135659358850,3132.0
864691136023980601,864691135233242713,1768.0
864691136023980601,864691135566155351,4288.0
864691135774179147,864691135060651419,22144.0
864691135774179147,864691135362104647,19396.0
864691135774179147,864691135469753426,4544.0
864691135774179147,864691135518283475,1952.0
864691135774179147,864691135540272498,2932.0
864691135774179147,864691135774368763,3676.0
864691135774179147,864691135839950227,2148.0
864691135774179147,864691135853198023,22464.0
864691135774179147,864691136314491965,188.0
864691135774179147,864691136330101226,10184.0
864691135774179147,864691136389688695,9804.0
864691135774179147,864691136421279639,18992.0
864691135774179147,864691136674749575,848.0
864691135774179147,864691136814442867,2168.0
864691135774179147,864691134950156796,14640.0
864691135774179147,864691135015652246,2160.0
864691135774179147,864691135258642863,16580.0
864691135774179147,864691135274195217,3972.0
864691135774179147,864691135325263004,1132.0
864691135774179147,864691135496440208,1968.0
864691135774179147,864691136022520056,12212.0
864691135774179147,864691136330407914,7932.0
864691135774179147,864691136438469534,11372.0
864691135774179147,864691136452447743,3680.0
864691135774179147,864691136603811281,5000.0
864691135774179147,864691136976001308,2356.0
864691135577749022,864691134942472035,1372.0
864691135577749022,864691134966324767,36228.0
864691135577749022,864691135060651419,18200.0
864691135577749022,864691135294190518,5232.0
864691135577749022,864691135441799752,9080.0
864691135577749022,864691135469753426,2936.0
864691135577749022,864691135540272498,18080.0
864691135577749022,864691135577644574,52832.0
864691135577749022,864691135941300993,9360.0
864691135577749022,864691135994226881,10800.0
864691135577749022,864691136033227451,19660.0
864691135577749022,864691136086630764,28340.0
864691135577749022,864691136389688695,20160.0
864691135577749022,864691136437631902,15156.0
864691135577749022,864691136524172689,30224.0
864691135577749022,864691136674749575,6704.0
864691135577749022,864691135135019168,5316.0
864691135577749022,864691135277186789,14416.0
864691135577749022,864691135325263004,9024.0
864691135577749022,864691135493686111,452.0
864691135577749022,864691135496440208,9196.0
864691135577749022,864691135504327861,15860.0
864691135577749022,864691135566168599,4320.0
864691135577749022,864691135732210873,4820.0
864691135577749022,864691135741780116,30968.0
864691135577749022,864691135928366606,11508.0
864691135577749022,864691136022520056,10004.0
864691135577749022,864691136058745048,920.0
864691135577749022,864691136177629702,1364.0
864691135577749022,864691136331249642,27304.0
864691135577749022,864691136364308962,24548.0
864691135577749022,864691136419797655,21052.0
864691135577749022,864691136619096795,22992.0
864691136603811281,864691134948788476,6624.0
864691136603811281,864691135136360217,13840.0
864691136603811281,864691135277309669,2272.0
864691136603811281,864691135396940021,2700.0
864691136603811281,864691135448698196,3548.0
864691136603811281,864691135466158917,2356.0
864691136603811281,864691135540440178,924.0
864691136603811281,864691135562410721,14388.0
864691136603811281,864691135577651230,4356.0
864691136603811281,864691135619756943,5564.0
864691136603811281,864691135685087474,2852.0
864691136603811281,864691135741458324,7384.0
864691136603811281,864691135750307881,24884.0
864691136603811281,864691135774294603,2908.0
864691136603811281,864691135786943684,11844.0
864691136603811281,864691135801463650,3084.0
864691136603811281,864691136111251896,11296.0
864691136603811281,864691136137293195,24720.0
864691136603811281,864691136228250961,52648.0
864691136603811281,864691136372039560,1204.0
864691136603811281,864691136437631902,50596.0
864691136603811281,864691136674749575,3216.0
864691136603811281,864691136968542926,10280.0
864691136603811281,864691136991202453,1176.0
864691136603811281,864691134989865338,856.0
864691136603811281,864691135102381856,15076.0
864691136603811281,864691135164772653,2008.0
864691136603811281,864691135257669039,2836.0
864691136603811281,864691135272069285,352.0
864691136603811281,864691135274195217,2248.0
864691136603811281,864691135384285931,4768.0
864691136603811281,864691135448303762,13340.0
864691136603811281,864691135464795710,10804.0
864691136603811281,864691135591041291,704.0
864691136603811281,864691135646481135,8212.0
864691136603811281,864691135694246079,46952.0
864691136603811281,864691135816693327,1352.0
864691136603811281,864691135886130288,3864.0
864691136603811281,864691135928366606,1544.0
864691136603811281,864691135994235841,10760.0
864691136603811281,864691136022520056,173200.0
864691136603811281,864691136042982742,27744.0
864691136603811281,864691136125956134,1280.0
864691136603811281,864691136364308962,3788.0
864691136603811281,864691136389921911,65956.0
864691136603811281,864691136453419007,1312.0
864691136603811281,864691136619096795,11540.0
864691136603811281,864691136742244188,8412.0
864691136603811281,864691137198691137,5384.0
864691135572385061,864691135134695328,680.0
864691135572385061,864691136602371025,712.0
864691135572385061,864691135417045946,10536.0
864691135572385061,864691135952122147,2572.0
864691134919972106,864691135210134905,6972.0
864691134919972106,864691135362104647,16336.0
864691134919972106,864691135431089968,2960.0
864691134919972106,864691135584504429,3176.0
864691134919972106,864691135685087474,1168.0
864691134919972106,864691135774368763,2280.0
864691134919972106,864691135885911920,2100.0
864691134919972106,864691135977666883,65948.0
864691134919972106,864691135493620831,2596.0
864691134919972106,864691135566168599,3048.0
864691134919972106,864691135694246079,260.0
864691134919972106,864691135764583990,756.0
864691134919972106,864691135842486243,6288.0
864691134919972106,864691136364308962,7528.0
864691134919972106,864691136991359893,6604.0
864691135749141801,864691135763495478,1812.0
864691135749141801,864691136117770660,4776.0
864691135749141801,864691135731705273,1172.0
864691135749141801,864691136228538961,16148.0
864691135015652246,864691135164887853,696.0
864691135015652246,864691135430346544,4208.0
864691135015652246,864691135465343045,8100.0
864691135015652246,864691135504168285,11564.0
864691135015652246,864691135577651230,14508.0
864691135015652246,864691135750307881,1708.0
864691135015652246,864691135774294603,796.0
864691135015652246,864691136228250961,1952.0
864691135015652246,864691136330101226,7100.0
864691135015652246,864691135280682401,6344.0
864691135015652246,864691135384843738,1740.0
864691135015652246,864691135493686111,2656.0
864691135015652246,864691135688186080,5100.0
864691135015652246,864691135739587697,4696.0
864691135015652246,864691136011768494,29148.0
864691135015652246,864691136364308962,18532.0
864691135015652246,864691136389921911,29856.0
864691135015652246,864691136603811281,2932.0
864691135015652246,864691136914414321,2376.0
864691135946676260,864691135977666883,28492.0
864691135946676260,864691136108938168,3216.0
864691135946676260,864691136195798504,4176.0
864691135117980637,864691135809608652,308.0
864691135117980637,864691135059143323,3932.0
864691135117980637,864691135749995049,12820.0
864691135117980637,864691136137834877,2276.0
864691135059143323,864691135385422677,21072.0
864691135059143323,864691136084313196,1848.0
864691135059143323,864691136812081779,12016.0
864691136009893294,864691135209194617,1388.0
864691136009893294,864691135610877191,14972.0
864691136009893294,864691135938629892,4136.0
864691136009893294,864691136025184569,9232.0
864691136009893294,864691136438426526,1748.0
864691136009893294,864691135952122147,3828.0
864691136330407914,864691135270320293,2792.0
864691136330407914,864691135750307881,944.0
864691136330407914,864691135850033758,6440.0
864691136330407914,864691135857099310,2744.0
864691136330407914,864691136452602367,5792.0
864691136330407914,864691137021264750,27924.0
864691136330407914,864691135209432185,14640.0
864691136330407914,864691135272069285,21600.0
864691136330407914,864691135360017752,4632.0
864691136330407914,864691135431654960,3328.0
864691136330407914,864691135688186080,8652.0
864691136330407914,864691136022520056,3360.0
864691136330407914,864691136023980601,816.0
864691135493686111,864691134949081852,748.0
864691135493686111,864691134966324767,11792.0
864691135493686111,864691135164887853,572.0
864691135493686111,864691135294442678,2620.0
864691135493686111,864691135384344043,11540.0
864691135493686111,864691135466158917,3528.0
864691135493686111,864691135640297787,440.0
864691135493686111,864691135947258916,400.0
864691135493686111,864691135955962888,17160.0
864691135493686111,864691135994226881,200.0
864691135493686111,864691136330101226,21680.0
864691135493686111,864691136373008520,1504.0
864691135493686111,864691136968542926,10596.0
864691135493686111,864691136991202453,29416.0
864691135493686111,864691137021264750,3908.0
864691135493686111,864691135209432185,21344.0
864691135493686111,864691135257669039,2092.0
864691135493686111,864691135258642863,38792.0
864691135493686111,864691135470787666,12456.0
864691135493686111,864691135499283987,8692.0
864691135493686111,864691135503182685,5392.0
864691135493686111,864691135504327861,484.0
864691135493686111,864691135739587697,2888.0
864691135493686111,864691135861093992,16048.0
864691135493686111,864691136137237899,24928.0
864691135493686111,864691136330407914,70564.0
864691135493686111,864691136452447743,1244.0
864691135493686111,864691137198691137,5172.0
864691136196127208,864691135382556378,836.0
864691136196127208,864691135697613077,15092.0
864691136196127208,864691135700648226,728.0
864691136196127208,864691135763495478,26132.0
864691136196127208,864691135115049881,2488.0
864691136196127208,864691135273918993,592.0
864691136196127208,864691135367033849,4232.0
864691136196127208,864691135502730562,1904.0
864691136196127208,864691135618505065,2332.0
864691136196127208,864691135848030814,1068.0
864691136196127208,864691135851792071,8880.0
864691136196127208,864691136119885080,3456.0
864691136137834877,864691135059845275,10608.0
864691136137834877,864691135429763120,9056.0
864691136137834877,864691135659358850,5308.0
864691136137834877,864691135782156368,50948.0
864691136137834877,864691135975633475,7548.0
864691136137834877,864691135989836288,2624.0
864691136137834877,864691136084684396,22368.0
864691136137834877,864691136117770660,2288.0
864691136137834877,864691136118618136,16548.0
864691136137834877,864691136309871706,32940.0
864691136137834877,864691136438426526,3776.0
864691136137834877,864691135059143323,5536.0
864691136137834877,864691135117980637,15260.0
864691136137834877,864691135473383730,21552.0
864691136137834877,864691135493079783,24756.0
864691136137834877,864691135497743635,2708.0
864691136137834877,864691136273494206,13040.0
864691136137834877,864691136311106650,620.0
864691136137834877,864691136812081779,8840.0
864691136905560754,864691135340055782,2580.0
864691136905560754,864691135362104647,31992.0
864691136905560754,864691135398805281,14840.0
864691136905560754,864691135430346544,2964.0
864691136905560754,864691135479833030,3088.0
864691136905560754,864691135546339880,492.0
864691136905560754,864691135585266808,1912.0
864691136905560754,864691135586724220,1996.0
864691136905560754,864691135751110185,22732.0
864691136905560754,864691135756075981,1592.0
864691136905560754,864691136026198585,2340.0
864691136905560754,864691136195798504,2132.0
864691136905560754,864691136437631902,50924.0
864691136905560754,864691136445557123,15936.0
864691136905560754,864691136618795227,2200.0
864691136905560754,864691136904488114,3748.0
864691136905560754,864691137021264750,1816.0
864691136905560754,864691134949248508,6200.0
864691136905560754,864691135280481697,3924.0
864691136905560754,864691135617152361,1288.0
864691136905560754,864691135994235841,1052.0
864691136905560754,864691136619096795,15120.0
864691134886828794,864691136596815778,356.0
864691136596815778,864691135940685057,380.0
864691135864188286,864691135519106442,10088.0
864691135864188286,864691135774389755,1620.0
864691136419797655,864691135868919318,3080.0
864691136419797655,864691135503182685,1688.0
864691136419797655,864691135778132576,24660.0
864691136419797655,864691136484364844,3436.0
864691135233242713,864691135385422677,33196.0
864691135233242713,864691135059143323,344.0
864691135233242713,864691135408560329,5336.0
864691135233242713,864691136991166101,17184.0
864691135778132576,864691135270320293,6148.0
864691135778132576,864691135466283333,544.0
864691135778132576,864691135583223405,3420.0
864691135778132576,864691135857099310,2444.0
864691135778132576,864691136420195223,580.0
864691135778132576,864691134887026938,604.0
864691135778132576,864691135059143323,164.0
864691135778132576,864691135117980637,3108.0
864691135778132576,864691135397982753,404.0
864691135778132576,864691136137834877,2504.0
864691135885140848,864691135397846049,8404.0
864691135885140848,864691135578103301,10640.0
864691135885140848,864691135952122147,2060.0
864691135102274592,864691135164887853,23460.0
864691135102274592,864691135294442678,38260.0
864691135102274592,864691135360096071,21528.0
864691135102274592,864691135441799752,1952.0
864691135102274592,864691135464928318,22144.0
864691135102274592,864691135466158917,14888.0
864691135102274592,864691135567047191,34560.0
864691135102274592,864691135577644574,19228.0
864691135102274592,864691135585266808,101504.0
864691135102274592,864691135586724220,21772.0
864691135102274592,864691135619756943,3352.0
864691135102274592,864691135741930603,6812.0
864691135102274592,864691135750307881,10076.0
864691135102274592,864691135756075981,32724.0
864691135102274592,864691135774053371,17592.0
864691135102274592,864691135782241616,10720.0
864691135102274592,864691135885911920,39964.0
864691135102274592,864691135886208112,6360.0
864691135102274592,864691136011686318,8264.0
864691135102274592,864691136040834558,11888.0
864691135102274592,864691136111251896,25396.0
864691135102274592,864691136111559352,28936.0
864691135102274592,864691136137794941,5216.0
864691135102274592,864691136195798504,704.0
864691135102274592,864691136452602367,1616.0
864691135102274592,864691136488446226,9792.0
864691135102274592,864691134919972106,14464.0
864691135102274592,864691135015652246,4496.0
864691135102274592,864691135135019168,9476.0
864691135102274592,864691135155894884,17572.0
864691135102274592,864691135164772653,3592.0
864691135102274592,864691135258642863,27708.0
864691135102274592,864691135304641703,1912.0
864691135102274592,864691135325263004,39056.0
864691135102274592,864691135584008045,5500.0
864691135102274592,864691135739587697,29492.0
864691135102274592,864691135773073147,12824.0
864691135102274592,864691135774389755,5904.0
864691135102274592,864691136042982742,32920.0
864691135102274592,864691136331249642,3112.0
864691135102274592,864691136453419007,6772.0
864691135102274592,864691136619096795,32136.0
864691135102274592,864691136905560754,65044.0
864691135566168599,864691135465343045,244.0
864691135566168599,864691135731679929,476.0
864691135566168599,864691135750307881,2392.0
864691135566168599,864691135774294603,1568.0
864691135566168599,864691136228250961,10172.0
864691135566168599,864691136373008520,516.0
864691135566168599,864691134887026938,232.0
864691135566168599,864691135810905036,2204.0
864691135618505065,864691135502902338,10068.0
864691136022520056,864691135656674242,6952.0
864691136022520056,864691137021264750,180.0
864691136022520056,864691135015652246,3300.0
864691136022520056,864691135164772653,1552.0
864691135503182685,864691134942472035,4796.0
864691135503182685,864691135134016928,13952.0
864691135503182685,864691135750307881,6604.0
864691135503182685,864691136391042167,16432.0
864691135503182685,864691135725748139,10228.0
864691135503182685,864691136390788215,10968.0
864691135503182685,864691136813937267,16348.0
864691135774389755,864691136085781356,5916.0
864691135774389755,864691136137794941,14836.0
864691135774389755,864691136381243349,2724.0
864691135774389755,864691134949248508,2460.0
864691135774389755,864691135479404742,1824.0
864691135774389755,864691135732210873,380.0
864691135774389755,864691136380757461,13956.0
864691135774389755,864691136905458866,12760.0
864691135688186080,864691135214986368,2928.0
864691135688186080,864691135339600102,216.0
864691135688186080,864691135697613077,13112.0
864691135688186080,864691136373008520,10768.0
864691135688186080,864691135257669039,8524.0
864691135688186080,864691135304641703,31160.0
864691135688186080,864691135396115189,3228.0
864691135688186080,864691135591041291,16944.0
864691135782544435,864691135585046648,5196.0
864691135782544435,864691135724393131,18528.0
864691135782544435,864691135367033849,2852.0
